RV32IMC P&R env ready: /home/hatch/workspace/rv32imc-cpu
=== asap7 full flow: rv32imc_top @ 0.667ns (target 1.50 GHz) ===
make: Entering directory '/home/hatch/workspace/rv32imc-cpu/tools/orfs/flow'
mkdir -p ./results/asap7/rv32imc_top/base/
echo 0.667 > ./results/asap7/rv32imc_top/base/clock_period.txt
/home/hatch/workspace/rv32imc-cpu/tools/orfs/flow/scripts/synth.sh /home/hatch/workspace/rv32imc-cpu/tools/orfs/flow/scripts/synth_canonicalize.tcl ./logs/asap7/rv32imc_top/base/1_1_yosys_canonicalize.log
Using ABC area script.
Extracting clock period from SDC file: ./results/asap7/rv32imc_top/base/clock_period.txt
Setting clock period to 0.667
1. Executing Liberty frontend: /home/hatch/workspace/rv32imc-cpu/tools/orfs/flow/platforms/asap7/lib/NLDM/asap7sc7p5t_AO_RVT_FF_nldm_211120.lib.gz
2. Executing Liberty frontend: /home/hatch/workspace/rv32imc-cpu/tools/orfs/flow/platforms/asap7/lib/NLDM/asap7sc7p5t_INVBUF_RVT_FF_nldm_220122.lib.gz
3. Executing Liberty frontend: /home/hatch/workspace/rv32imc-cpu/tools/orfs/flow/platforms/asap7/lib/NLDM/asap7sc7p5t_OA_RVT_FF_nldm_211120.lib.gz
4. Executing Liberty frontend: /home/hatch/workspace/rv32imc-cpu/tools/orfs/flow/platforms/asap7/lib/NLDM/asap7sc7p5t_SIMPLE_RVT_FF_nldm_211120.lib.gz
5. Executing Liberty frontend: /home/hatch/workspace/rv32imc-cpu/tools/orfs/flow/platforms/asap7/lib/NLDM/asap7sc7p5t_SEQ_RVT_FF_nldm_220123.lib
6. Executing Liberty frontend: /home/hatch/workspace/rv32imc-cpu/tools/orfs/flow/platforms/asap7/lib/NLDM/asap7sc7p5t_AO_RVT_FF_nldm_211120.lib.gz
7. Executing Liberty frontend: /home/hatch/workspace/rv32imc-cpu/tools/orfs/flow/platforms/asap7/lib/NLDM/asap7sc7p5t_INVBUF_RVT_FF_nldm_220122.lib.gz
8. Executing Liberty frontend: /home/hatch/workspace/rv32imc-cpu/tools/orfs/flow/platforms/asap7/lib/NLDM/asap7sc7p5t_OA_RVT_FF_nldm_211120.lib.gz
9. Executing Liberty frontend: /home/hatch/workspace/rv32imc-cpu/tools/orfs/flow/platforms/asap7/lib/NLDM/asap7sc7p5t_SIMPLE_RVT_FF_nldm_211120.lib.gz
10. Executing Liberty frontend: /home/hatch/workspace/rv32imc-cpu/tools/orfs/flow/platforms/asap7/lib/NLDM/asap7sc7p5t_SEQ_RVT_FF_nldm_220123.lib
11. Executing Verilog-2005 frontend: /home/hatch/workspace/rv32imc-cpu/rtl/alu.v
12. Executing Verilog-2005 frontend: /home/hatch/workspace/rv32imc-cpu/rtl/compressed_decoder.v
13. Executing Verilog-2005 frontend: /home/hatch/workspace/rv32imc-cpu/rtl/csr.v
14. Executing Verilog-2005 frontend: /home/hatch/workspace/rv32imc-cpu/rtl/mul_div.v
15. Executing Verilog-2005 frontend: /home/hatch/workspace/rv32imc-cpu/rtl/regfile.v
16. Executing Verilog-2005 frontend: /home/hatch/workspace/rv32imc-cpu/rtl/rv32imc_top.v
17. Executing Verilog-2005 frontend: /home/hatch/workspace/rv32imc-cpu/rtl/tb_extended.v
18. Executing Verilog-2005 frontend: /home/hatch/workspace/rv32imc-cpu/rtl/tb_smoke.v
19. Executing Verilog-2005 frontend: /home/hatch/workspace/rv32imc-cpu/tools/orfs/flow/platforms/asap7/yoSys/cells_clkgate_R.v
20. Executing HIERARCHY pass (managing design hierarchy).
21. Executing AST frontend in derive mode using pre-parsed AST for module `\rv32imc_top'.
21.1. Analyzing design hierarchy..
21.2. Executing AST frontend in derive mode using pre-parsed AST for module `\csr'.
21.3. Executing AST frontend in derive mode using pre-parsed AST for module `\divider'.
21.4. Executing AST frontend in derive mode using pre-parsed AST for module `\multiplier'.
21.5. Executing AST frontend in derive mode using pre-parsed AST for module `\alu'.
21.6. Executing AST frontend in derive mode using pre-parsed AST for module `\regfile'.
21.7. Executing AST frontend in derive mode using pre-parsed AST for module `\compressed_decoder'.
21.8. Analyzing design hierarchy..
21.9. Analyzing design hierarchy..
22. Executing OPT_CLEAN pass (remove unused cells and wires).
Warning: Ignoring module multiplier because it contains processes (run 'proc' command first).
Warning: Ignoring module divider because it contains processes (run 'proc' command first).
Warning: Ignoring module csr because it contains processes (run 'proc' command first).
Warning: Ignoring module rv32imc_top because it contains processes (run 'proc' command first).
Warning: Ignoring module compressed_decoder because it contains processes (run 'proc' command first).
Warning: Ignoring module regfile because it contains processes (run 'proc' command first).
Warning: Ignoring module alu because it contains processes (run 'proc' command first).
23. Executing RTLIL backend.
Warnings: 7 unique messages, 7 total
End of script. Logfile hash: d1290eb853, time: 1.30s, user: 0.77s, system: 0.04s, MEM: 27.48 MB peak
Yosys 0.69+75 (git sha1 f0b945f63-dirty, Release, Clang /usr/bin/clang++ 21.1.8)
Time spent: 90% 12x read_liberty (0 sec), 5% 1x hierarchy (0 sec), ...
Elapsed time: 0:01.33[h:]min:sec. CPU time: user 0.80 sys 0.05 (64%). Peak memory: 29896KB.
Log                       Ext     Elapsed/s Peak Memory/MB sha1sum result [0:20)
1_1_yosys_canonicalize    .rtlil          1             29 df53b69f4322b325e2c3
/home/hatch/workspace/rv32imc-cpu/tools/orfs/flow/scripts/synth.sh /home/hatch/workspace/rv32imc-cpu/tools/orfs/flow/scripts/synth.tcl ./logs/asap7/rv32imc_top/base/1_2_yosys.log
Using ABC area script.
Extracting clock period from SDC file: ./results/asap7/rv32imc_top/base/clock_period.txt
Setting clock period to 0.667
1. Executing RTLIL frontend.
2. Executing HIERARCHY pass (managing design hierarchy).
2.1. Analyzing design hierarchy..
2.2. Analyzing design hierarchy..
3. Executing SYNTH pass.
3.1. Executing HIERARCHY pass (managing design hierarchy).
3.1.1. Analyzing design hierarchy..
3.1.2. Analyzing design hierarchy..
3.2. Executing PROC pass (convert processes to netlists).
3.2.1. Executing PROC_CLEAN pass (remove empty switches from decision trees).
3.2.2. Executing PROC_RMDEAD pass (remove dead branches from decision trees).
3.2.3. Executing PROC_PRUNE pass (remove redundant assignments in processes).
3.2.4. Executing PROC_INIT pass (extract init attributes).
3.2.5. Executing PROC_ARST pass (detect async resets in processes).
3.2.6. Executing PROC_ROM pass (convert switches to ROMs).
3.2.7. Executing PROC_MUX pass (convert decision trees to multiplexers).
3.2.8. Executing PROC_DLATCH pass (convert process syncs to latches).
3.2.9. Executing PROC_DFF pass (convert process syncs to FFs).
3.2.10. Executing PROC_MEMWR pass (convert process memory writes to cells).
3.2.11. Executing PROC_CLEAN pass (remove empty switches from decision trees).
3.2.12. Executing OPT_EXPR pass (perform const folding).
3.3. Executing CHECK pass (checking for obvious problems).
3.4. Executing FLATTEN pass (flatten design).
3.5. Executing OPT_EXPR pass (perform const folding).
3.6. Executing CHECK pass (checking for obvious problems).
3.7. Executing OPT_CLEAN pass (remove unused cells and wires).
3.8. Executing OPT pass (performing simple optimizations).
3.8.1. Executing OPT_EXPR pass (perform const folding).
3.8.2. Executing OPT_MERGE pass (detect identical cells).
3.8.3. Executing OPT_MUXTREE pass (detect dead branches in mux trees).
3.8.4. Executing OPT_REDUCE pass (consolidate $*mux and $reduce_* inputs).
3.8.5. Executing OPT_MERGE pass (detect identical cells).
3.8.6. Executing OPT_DFF pass (perform DFF optimizations).
3.8.7. Executing OPT_CLEAN pass (remove unused cells and wires).
3.8.8. Executing OPT_EXPR pass (perform const folding).
3.8.9. Rerunning OPT passes. (Maybe there is more to do..)
3.8.10. Executing OPT_MUXTREE pass (detect dead branches in mux trees).
3.8.11. Executing OPT_REDUCE pass (consolidate $*mux and $reduce_* inputs).
3.8.12. Executing OPT_MERGE pass (detect identical cells).
3.8.13. Executing OPT_DFF pass (perform DFF optimizations).
3.8.14. Executing OPT_CLEAN pass (remove unused cells and wires).
3.8.15. Executing OPT_EXPR pass (perform const folding).
3.8.16. Rerunning OPT passes. (Maybe there is more to do..)
3.8.17. Executing OPT_MUXTREE pass (detect dead branches in mux trees).
3.8.18. Executing OPT_REDUCE pass (consolidate $*mux and $reduce_* inputs).
3.8.19. Executing OPT_MERGE pass (detect identical cells).
3.8.20. Executing OPT_DFF pass (perform DFF optimizations).
3.8.21. Executing OPT_CLEAN pass (remove unused cells and wires).
3.8.22. Executing OPT_EXPR pass (perform const folding).
3.8.23. Finished fast OPT passes. (There is nothing left to do.)
3.9. Executing FSM pass (extract and optimize FSM).
3.9.1. Executing FSM_DETECT pass (finding FSMs in design).
3.9.2. Executing FSM_EXTRACT pass (extracting FSM from design).
3.9.3. Executing FSM_OPT pass (simple optimizations of FSMs).
3.9.4. Executing OPT_CLEAN pass (remove unused cells and wires).
3.9.5. Executing FSM_OPT pass (simple optimizations of FSMs).
3.9.6. Executing FSM_RECODE pass (re-assigning FSM state encoding).
3.9.7. Executing FSM_INFO pass (dumping all available information on FSM cells).
3.9.8. Executing FSM_MAP pass (mapping FSMs to basic logic).
3.10. Executing OPT pass (performing simple optimizations).
3.10.1. Executing OPT_EXPR pass (perform const folding).
3.10.2. Executing OPT_MERGE pass (detect identical cells).
3.10.3. Executing OPT_MUXTREE pass (detect dead branches in mux trees).
3.10.4. Executing OPT_REDUCE pass (consolidate $*mux and $reduce_* inputs).
3.10.5. Executing OPT_MERGE pass (detect identical cells).
3.10.6. Executing OPT_DFF pass (perform DFF optimizations).
3.10.7. Executing OPT_CLEAN pass (remove unused cells and wires).
3.10.8. Executing OPT_EXPR pass (perform const folding).
3.10.9. Rerunning OPT passes. (Maybe there is more to do..)
3.10.10. Executing OPT_MUXTREE pass (detect dead branches in mux trees).
3.10.11. Executing OPT_REDUCE pass (consolidate $*mux and $reduce_* inputs).
3.10.12. Executing OPT_MERGE pass (detect identical cells).
3.10.13. Executing OPT_DFF pass (perform DFF optimizations).
3.10.14. Executing OPT_CLEAN pass (remove unused cells and wires).
3.10.15. Executing OPT_EXPR pass (perform const folding).
3.10.16. Rerunning OPT passes. (Maybe there is more to do..)
3.10.17. Executing OPT_MUXTREE pass (detect dead branches in mux trees).
3.10.18. Executing OPT_REDUCE pass (consolidate $*mux and $reduce_* inputs).
3.10.19. Executing OPT_MERGE pass (detect identical cells).
3.10.20. Executing OPT_DFF pass (perform DFF optimizations).
3.10.21. Executing OPT_CLEAN pass (remove unused cells and wires).
3.10.22. Executing OPT_EXPR pass (perform const folding).
3.10.23. Finished fast OPT passes. (There is nothing left to do.)
3.11. Executing WREDUCE pass (reducing word size of cells).
3.12. Executing PEEPOPT pass (run peephole optimizers).
3.13. Executing OPT_CLEAN pass (remove unused cells and wires).
3.14. Executing ALUMACC pass (create $alu and $macc cells).
3.15. Executing SHARE pass (SAT-based resource sharing).
3.16. Executing OPT pass (performing simple optimizations).
3.16.1. Executing OPT_EXPR pass (perform const folding).
3.16.2. Executing OPT_MERGE pass (detect identical cells).
3.16.3. Executing OPT_MUXTREE pass (detect dead branches in mux trees).
3.16.4. Executing OPT_REDUCE pass (consolidate $*mux and $reduce_* inputs).
3.16.5. Executing OPT_MERGE pass (detect identical cells).
3.16.6. Executing OPT_DFF pass (perform DFF optimizations).
3.16.7. Executing OPT_CLEAN pass (remove unused cells and wires).
3.16.8. Executing OPT_EXPR pass (perform const folding).
3.16.9. Rerunning OPT passes. (Maybe there is more to do..)
3.16.10. Executing OPT_MUXTREE pass (detect dead branches in mux trees).
3.16.11. Executing OPT_REDUCE pass (consolidate $*mux and $reduce_* inputs).
3.16.12. Executing OPT_MERGE pass (detect identical cells).
3.16.13. Executing OPT_DFF pass (perform DFF optimizations).
3.16.14. Executing OPT_CLEAN pass (remove unused cells and wires).
3.16.15. Executing OPT_EXPR pass (perform const folding).
3.16.16. Finished fast OPT passes. (There is nothing left to do.)
3.17. Executing MEMORY pass.
3.17.1. Executing OPT_MEM pass (optimize memories).
3.17.2. Executing OPT_MEM_PRIORITY pass (removing unnecessary memory write priority relations).
3.17.3. Executing OPT_MEM_FEEDBACK pass (finding memory read-to-write feedback paths).
3.17.4. Executing MEMORY_BMUX2ROM pass (converting muxes to ROMs).
3.17.5. Executing MEMORY_DFF pass (merging $dff cells to $memrd).
3.17.6. Executing OPT_CLEAN pass (remove unused cells and wires).
3.17.7. Executing MEMORY_SHARE pass (consolidating $memrd/$memwr cells).
3.17.8. Executing OPT_MEM_WIDEN pass (optimize memories where all ports are wide).
3.17.9. Executing OPT_CLEAN pass (remove unused cells and wires).
3.17.10. Executing MEMORY_COLLECT pass (generating $mem cells).
3.18. Executing OPT_CLEAN pass (remove unused cells and wires).
4. Executing SYNTH pass.
4.1. Executing OPT pass (performing simple optimizations).
4.1.1. Executing OPT_EXPR pass (perform const folding).
4.1.2. Executing OPT_MERGE pass (detect identical cells).
4.1.3. Executing OPT_DFF pass (perform DFF optimizations).
4.1.4. Executing OPT_CLEAN pass (remove unused cells and wires).
4.1.5. Rerunning OPT passes. (Removed registers in this run.)
4.1.6. Executing OPT_EXPR pass (perform const folding).
4.1.7. Executing OPT_MERGE pass (detect identical cells).
4.1.8. Executing OPT_DFF pass (perform DFF optimizations).
4.1.9. Executing OPT_CLEAN pass (remove unused cells and wires).
4.1.10. Finished fast OPT passes.
4.2. Executing MEMORY_MAP pass (converting memories to logic and flip-flops).
4.3. Executing OPT pass (performing simple optimizations).
4.3.1. Executing OPT_EXPR pass (perform const folding).
4.3.2. Executing OPT_MERGE pass (detect identical cells).
4.3.3. Executing OPT_MUXTREE pass (detect dead branches in mux trees).
4.3.4. Executing OPT_REDUCE pass (consolidate $*mux and $reduce_* inputs).
4.3.5. Executing OPT_MERGE pass (detect identical cells).
4.3.6. Executing OPT_SHARE pass.
4.3.7. Executing OPT_DFF pass (perform DFF optimizations).
4.3.8. Executing OPT_CLEAN pass (remove unused cells and wires).
4.3.9. Executing OPT_EXPR pass (perform const folding).
4.3.10. Rerunning OPT passes. (Maybe there is more to do..)
4.3.11. Executing OPT_MUXTREE pass (detect dead branches in mux trees).
4.3.12. Executing OPT_REDUCE pass (consolidate $*mux and $reduce_* inputs).
4.3.13. Executing OPT_MERGE pass (detect identical cells).
4.3.14. Executing OPT_SHARE pass.
4.3.15. Executing OPT_DFF pass (perform DFF optimizations).
4.3.16. Executing OPT_CLEAN pass (remove unused cells and wires).
4.3.17. Executing OPT_EXPR pass (perform const folding).
4.3.18. Rerunning OPT passes. (Maybe there is more to do..)
4.3.19. Executing OPT_MUXTREE pass (detect dead branches in mux trees).
4.3.20. Executing OPT_REDUCE pass (consolidate $*mux and $reduce_* inputs).
4.3.21. Executing OPT_MERGE pass (detect identical cells).
4.3.22. Executing OPT_SHARE pass.
4.3.23. Executing OPT_DFF pass (perform DFF optimizations).
4.3.24. Executing OPT_CLEAN pass (remove unused cells and wires).
4.3.25. Executing OPT_EXPR pass (perform const folding).
4.3.26. Rerunning OPT passes. (Maybe there is more to do..)
4.3.27. Executing OPT_MUXTREE pass (detect dead branches in mux trees).
4.3.28. Executing OPT_REDUCE pass (consolidate $*mux and $reduce_* inputs).
4.3.29. Executing OPT_MERGE pass (detect identical cells).
4.3.30. Executing OPT_SHARE pass.
4.3.31. Executing OPT_DFF pass (perform DFF optimizations).
4.3.32. Executing OPT_CLEAN pass (remove unused cells and wires).
4.3.33. Executing OPT_EXPR pass (perform const folding).
4.3.34. Finished fast OPT passes. (There is nothing left to do.)
4.4. Executing TECHMAP pass (map to technology primitives).
4.4.1. Executing Verilog-2005 frontend: /home/hatch/workspace/rv32imc-cpu/tools/oss-cad-suite/lib/../share/yosys/techmap.v
4.4.2. Executing Verilog-2005 frontend: /home/hatch/workspace/rv32imc-cpu/tools/orfs/flow/platforms/common/lcu_kogge_stone.v
4.4.3. Continuing TECHMAP pass.
4.4.61. Executing OPT_MUXTREE pass (detect dead branches in mux trees).
4.4.62. Executing OPT_EXPR pass (perform const folding).
4.5. Executing OPT pass (performing simple optimizations).
4.5.1. Executing OPT_EXPR pass (perform const folding).
4.5.2. Executing OPT_MERGE pass (detect identical cells).
4.5.3. Executing OPT_DFF pass (perform DFF optimizations).
4.5.4. Executing OPT_CLEAN pass (remove unused cells and wires).
4.5.5. Rerunning OPT passes. (Removed registers in this run.)
4.5.6. Executing OPT_EXPR pass (perform const folding).
4.5.7. Executing OPT_MERGE pass (detect identical cells).
4.5.8. Executing OPT_DFF pass (perform DFF optimizations).
4.5.9. Executing OPT_CLEAN pass (remove unused cells and wires).
4.5.10. Finished fast OPT passes.
4.6. Executing HIERARCHY pass (managing design hierarchy).
4.6.1. Analyzing design hierarchy..
4.6.2. Analyzing design hierarchy..
4.7. Printing statistics.
4.8. Executing CHECK pass (checking for obvious problems).
5. Executing OPT pass (performing simple optimizations).
5.1. Executing OPT_EXPR pass (perform const folding).
5.2. Executing OPT_MERGE pass (detect identical cells).
5.3. Executing OPT_MUXTREE pass (detect dead branches in mux trees).
5.4. Executing OPT_REDUCE pass (consolidate $*mux and $reduce_* inputs).
5.5. Executing OPT_MERGE pass (detect identical cells).
5.6. Executing OPT_DFF pass (perform DFF optimizations).
5.7. Executing OPT_CLEAN pass (remove unused cells and wires).
5.8. Executing OPT_EXPR pass (perform const folding).
5.9. Rerunning OPT passes. (Maybe there is more to do..)
5.10. Executing OPT_MUXTREE pass (detect dead branches in mux trees).
5.11. Executing OPT_REDUCE pass (consolidate $*mux and $reduce_* inputs).
5.12. Executing OPT_MERGE pass (detect identical cells).
5.13. Executing OPT_DFF pass (perform DFF optimizations).
5.14. Executing OPT_CLEAN pass (remove unused cells and wires).
5.15. Executing OPT_EXPR pass (perform const folding).
5.16. Finished fast OPT passes. (There is nothing left to do.)
6. Executing EXTRACT_FA pass (find and extract full/half adders).
7. Executing TECHMAP pass (map to technology primitives).
7.1. Executing Verilog-2005 frontend: /home/hatch/workspace/rv32imc-cpu/tools/orfs/flow/platforms/asap7/yoSys/cells_adders_R.v
7.2. Continuing TECHMAP pass.
8. Executing TECHMAP pass (map to technology primitives).
8.1. Executing Verilog-2005 frontend: /home/hatch/workspace/rv32imc-cpu/tools/oss-cad-suite/lib/../share/yosys/techmap.v
8.2. Continuing TECHMAP pass.
9. Executing OPT pass (performing simple optimizations).
9.1. Executing OPT_EXPR pass (perform const folding).
9.2. Executing OPT_MERGE pass (detect identical cells).
9.3. Executing OPT_DFF pass (perform DFF optimizations).
9.4. Executing OPT_CLEAN pass (remove unused cells and wires).
9.5. Finished fast OPT passes.
10. Executing DFFLEGALIZE pass (convert FFs and LATCHes to types supported by the target).
11. Executing TECHMAP pass (map to technology primitives).
11.1. Executing Verilog-2005 frontend: /home/hatch/workspace/rv32imc-cpu/tools/orfs/flow/platforms/asap7/yoSys/cells_latch_R.v
11.2. Continuing TECHMAP pass.
12. Executing DFFLIBMAP pass (mapping DFF/DLATCH cells to sequential cells from liberty file).
12.1. Executing DFFLEGALIZE pass (convert FFs and LATCHes to types supported by the target).
13. Executing OPT pass (performing simple optimizations).
13.1. Executing OPT_EXPR pass (perform const folding).
13.2. Executing OPT_MERGE pass (detect identical cells).
13.3. Executing OPT_MUXTREE pass (detect dead branches in mux trees).
13.4. Executing OPT_REDUCE pass (consolidate $*mux and $reduce_* inputs).
13.5. Executing OPT_MERGE pass (detect identical cells).
13.6. Executing OPT_DFF pass (perform DFF optimizations).
13.7. Executing OPT_CLEAN pass (remove unused cells and wires).
13.8. Executing OPT_EXPR pass (perform const folding).
13.9. Rerunning OPT passes. (Maybe there is more to do..)
13.10. Executing OPT_MUXTREE pass (detect dead branches in mux trees).
13.11. Executing OPT_REDUCE pass (consolidate $*mux and $reduce_* inputs).
13.12. Executing OPT_MERGE pass (detect identical cells).
13.13. Executing OPT_DFF pass (perform DFF optimizations).
13.14. Executing OPT_CLEAN pass (remove unused cells and wires).
13.15. Executing OPT_EXPR pass (perform const folding).
13.16. Finished fast OPT passes. (There is nothing left to do.)
14. Executing SETUNDEF pass (replace undef values with defined constants).
abc -script /home/hatch/workspace/rv32imc-cpu/tools/orfs/flow/scripts/abc_area.script -liberty /home/hatch/workspace/rv32imc-cpu/tools/orfs/flow/platforms/asap7/lib/NLDM/asap7sc7p5t_AO_RVT_FF_nldm_211120.lib.gz -liberty /home/hatch/workspace/rv32imc-cpu/tools/orfs/flow/platforms/asap7/lib/NLDM/asap7sc7p5t_INVBUF_RVT_FF_nldm_220122.lib.gz -liberty /home/hatch/workspace/rv32imc-cpu/tools/orfs/flow/platforms/asap7/lib/NLDM/asap7sc7p5t_OA_RVT_FF_nldm_211120.lib.gz -liberty /home/hatch/workspace/rv32imc-cpu/tools/orfs/flow/platforms/asap7/lib/NLDM/asap7sc7p5t_SIMPLE_RVT_FF_nldm_211120.lib.gz -liberty /home/hatch/workspace/rv32imc-cpu/tools/orfs/flow/platforms/asap7/lib/NLDM/asap7sc7p5t_SEQ_RVT_FF_nldm_220123.lib -dont_use *x1p*_ASAP7* -dont_use *xp*_ASAP7* -dont_use SDF* -dont_use ICG* -constr ./objects/asap7/rv32imc_top/base/abc.constr -D 0.667
15. Executing ABC pass (technology mapping using ABC).
15.1. Summary of detected clock domains:
15.2. Extracting gate netlist of module `\rv32imc_top' to `<abc-temp-dir>/input.blif'..
15.2.1. Executed ABC.
15.2.2. Re-integrating ABC results.
Took 26 seconds: abc -script /home/hatch/workspace/rv32imc-cpu/tools/orfs/flow/scripts/abc_area.script -liberty /home/hatch/workspace/rv32imc-cpu/tools/orfs/flow/platforms/asap7/lib/NLDM/asap7sc7p5t_AO_RVT_FF_nldm_211120.lib.gz -liberty /home/hatch/workspace/rv32imc-cpu/tools/orfs/flow/platforms/asap7/lib/NLDM/asap7sc7p5t_INVBUF_RVT_FF_nldm_220122.lib.gz -liberty /home/hatch/workspace/rv32imc-cpu/tools/orfs/flow/platforms/asap7/lib/NLDM/asap7sc7p5t_OA_RVT_FF_nldm_211120.lib.gz -liberty /home/hatch/workspace/rv32imc-cpu/tools/orfs/flow/platforms/asap7/lib/NLDM/asap7sc7p5t_SIMPLE_RVT_FF_nldm_211120.lib.gz -liberty /home/hatch/workspace/rv32imc-cpu/tools/orfs/flow/platforms/asap7/lib/NLDM/asap7sc7p5t_SEQ_RVT_FF_nldm_220123.lib -dont_use *x1p*_ASAP7* -dont_use *xp*_ASAP7* -dont_use SDF* -dont_use ICG* -constr ./objects/asap7/rv32imc_top/base/abc.constr -D 0.667
16. Executing SPLITNETS pass (splitting up multi-bit signals).
17. Executing OPT_CLEAN pass (remove unused cells and wires).
18. Executing HILOMAP pass (mapping to constant drivers).
19. Executing INSBUF pass (insert buffer cells for connected wires).
20. Executing CHECK pass (checking for obvious problems).
21. Printing statistics.
22. Executing CHECK pass (checking for obvious problems).
23. Executing Verilog backend.
23.1. Executing BMUXMAP pass.
23.2. Executing DEMUXMAP pass.
End of script. Logfile hash: 813d6af883, time: 51.22s, user: 17.70s, system: 0.42s, MEM: 210.52 MB peak
Yosys 0.69+75 (git sha1 f0b945f63-dirty, Release, Clang /usr/bin/clang++ 21.1.8)
Time spent: 50% 1x abc (17 sec), 17% 1x extract_fa (6 sec), ...
Elapsed time: 0:51.33[h:]min:sec. CPU time: user 34.67 sys 0.93 (69%). Peak memory: 288960KB.
Log                       Ext     Elapsed/s Peak Memory/MB sha1sum result [0:20)
1_2_yosys                 .v             51            282 7a434de8b2bb78b4fffe
1_2_yosys                 .sdc                             2a28be313900a404b39b
cp /home/hatch/workspace/rv32imc-cpu/pnr_asap7/design/rv32imc_top//constraint.sdc results/asap7/rv32imc_top/base/1_2_yosys.sdc
touch -r /home/hatch/workspace/rv32imc-cpu/pnr_asap7/design/rv32imc_top//constraint.sdc results/asap7/rv32imc_top/base/1_2_yosys.sdc
/home/hatch/workspace/rv32imc-cpu/tools/orfs/flow/scripts/flow.sh 1_synth synth_odb
Running synth_odb.tcl, stage 1_synth
source /home/hatch/workspace/rv32imc-cpu/tools/orfs/flow/platforms/asap7/liberty_suppressions.tcl
read_liberty /home/hatch/workspace/rv32imc-cpu/tools/orfs/flow/platforms/asap7/lib/NLDM/asap7sc7p5t_AO_RVT_FF_nldm_211120.lib.gz
read_liberty /home/hatch/workspace/rv32imc-cpu/tools/orfs/flow/platforms/asap7/lib/NLDM/asap7sc7p5t_INVBUF_RVT_FF_nldm_220122.lib.gz
read_liberty /home/hatch/workspace/rv32imc-cpu/tools/orfs/flow/platforms/asap7/lib/NLDM/asap7sc7p5t_OA_RVT_FF_nldm_211120.lib.gz
read_liberty /home/hatch/workspace/rv32imc-cpu/tools/orfs/flow/platforms/asap7/lib/NLDM/asap7sc7p5t_SIMPLE_RVT_FF_nldm_211120.lib.gz
read_liberty /home/hatch/workspace/rv32imc-cpu/tools/orfs/flow/platforms/asap7/lib/NLDM/asap7sc7p5t_SEQ_RVT_FF_nldm_220123.lib
[INFO ODB-0227] LEF file: /home/hatch/workspace/rv32imc-cpu/tools/orfs/flow/platforms/asap7/lef/asap7_tech_1x_201209.lef, created 30 layers, 9 vias
[INFO ODB-0227] LEF file: /home/hatch/workspace/rv32imc-cpu/tools/orfs/flow/platforms/asap7/lef/asap7sc7p5t_28_R_1x_220121a.lef, created 212 library cells
link_design rv32imc_top
read_sdc ./results/asap7/rv32imc_top/base/1_2_yosys.sdc
source /home/hatch/workspace/rv32imc-cpu/tools/orfs/flow/platforms/asap7/setRC.tcl
eliminate_dead_logic
Removed 0 unused instances and 0 unused nets.
Design area 3396 um^2 100% utilization.
write_db ./results/asap7/rv32imc_top/base/1_synth.odb
write_sdc -no_timestamp ./results/asap7/rv32imc_top/base/1_synth.sdc
Elapsed time: 0:04.48[h:]min:sec. CPU time: user 3.08 sys 0.18 (72%). Peak memory: 269260KB.
Log                       Ext     Elapsed/s Peak Memory/MB sha1sum result [0:20)
1_synth                   .odb            4            262 8073f72d4e02cb27666b
1_synth                   .sdc                             94e1f13c39f6e62f5a1e
/home/hatch/workspace/rv32imc-cpu/tools/orfs/flow/scripts/flow.sh 2_1_floorplan floorplan
Running floorplan.tcl, stage 2_1_floorplan
source /home/hatch/workspace/rv32imc-cpu/tools/orfs/flow/platforms/asap7/liberty_suppressions.tcl
read_liberty /home/hatch/workspace/rv32imc-cpu/tools/orfs/flow/platforms/asap7/lib/NLDM/asap7sc7p5t_AO_RVT_FF_nldm_211120.lib.gz
read_liberty /home/hatch/workspace/rv32imc-cpu/tools/orfs/flow/platforms/asap7/lib/NLDM/asap7sc7p5t_INVBUF_RVT_FF_nldm_220122.lib.gz
read_liberty /home/hatch/workspace/rv32imc-cpu/tools/orfs/flow/platforms/asap7/lib/NLDM/asap7sc7p5t_OA_RVT_FF_nldm_211120.lib.gz
read_liberty /home/hatch/workspace/rv32imc-cpu/tools/orfs/flow/platforms/asap7/lib/NLDM/asap7sc7p5t_SIMPLE_RVT_FF_nldm_211120.lib.gz
read_liberty /home/hatch/workspace/rv32imc-cpu/tools/orfs/flow/platforms/asap7/lib/NLDM/asap7sc7p5t_SEQ_RVT_FF_nldm_220123.lib
read_db ./results/asap7/rv32imc_top/base/1_synth.odb
read_sdc ./results/asap7/rv32imc_top/base/1_synth.sdc
source /home/hatch/workspace/rv32imc-cpu/tools/orfs/flow/platforms/asap7/setRC.tcl

==========================================================================
Floorplan check_setup
--------------------------------------------------------------------------
Warning: There is 1 input port missing set_input_delay.
number instances in verilog is 29834
initialize_floorplan -utilization 45 -aspect_ratio 1 -core_space 2 -site asap7sc7p5t
[INFO IFP-0107] Defining die area using utilization: 45.00% and aspect ratio: 1.
[WARNING IFP-0028] Core area lower left (2.000, 2.000) snapped to (2.052, 2.160).
[INFO IFP-0001] Added 321 rows of 1607 site asap7sc7p5t.
[INFO IFP-0100] Die BBox:  (  0.000  0.000 ) ( 90.870 90.870 ) um
[INFO IFP-0101] Core BBox: (  2.052  2.160 ) ( 88.830 88.830 ) um
[INFO IFP-0102] Core area:                         7521.049 um^2
[INFO IFP-0103] Total instances area:              3395.915 um^2
[INFO IFP-0104] Effective utilization:                0.452
[INFO IFP-0105] Number of instances:                  29834
source /home/hatch/workspace/rv32imc-cpu/tools/orfs/flow/platforms/asap7/openRoad/make_tracks.tcl
source /home/hatch/workspace/rv32imc-cpu/tools/orfs/flow/platforms/asap7/fastroute.tcl
set_dont_use "*x1p*_ASAP7* *xp*_ASAP7* SDF* ICG*"
repair_tie_fanout -separation 0 asap7sc7p5t_SIMPLE_RVT_FF_nldm_250407/TIELOx1_ASAP7_75t_R/L
[INFO RSZ-0042] Inserted 2 tie TIELOx1_ASAP7_75t_R instances.
repair_tie_fanout -separation 0 asap7sc7p5t_SIMPLE_RVT_FF_nldm_250407/TIEHIx1_ASAP7_75t_R/H
[INFO RSZ-0042] Inserted 748 tie TIEHIx1_ASAP7_75t_R instances.
repair_timing -setup_margin 0 -hold_margin 0 -repair_tns 100 -setup -skip_last_gasp -sequence unbuffer,sizeup,swap,vt_swap -verbose
[WARNING EST-0027] no estimated parasitics. Using wire load models.
[INFO RSZ-0100] Repair move sequence: UnbufferMove SizeUpMove SwapPinsMove 
[INFO RSZ-0094] Found 2405 endpoints with setup violations.
[INFO RSZ-0099] Repairing 2405 out of 2405 (100.00%) violating endpoints...
   Iter   | Removed | Resized | Inserted | Cloned |  Pin  |   Area   |    WNS   |   StTNS    |   EnTNS    |  Viol  |  Worst  
          | Buffers |  Gates  | Buffers  |  Gates | Swaps |          |          |            |            | Endpts | St/EnPt 
------------------------------------------------------------------------------------------------------------------------------
       0* |       0 |       0 |        0 |      0 |     0 |    +0.0% | -944.015 |  -584478.7 | -1029432.2 |   2405 | u_mul.result\[28\]$_DFFE_PN0P_/D
      10* |       0 |       7 |        0 |      0 |     2 |    +0.0% | -865.505 |  -583725.4 | -1028283.6 |   2405 | u_mul.result\[28\]$_DFFE_PN0P_/D
      20* |       0 |      13 |        0 |      0 |     6 |    +0.0% | -855.723 |  -583532.4 | -1028130.8 |   2405 | u_mul.result\[28\]$_DFFE_PN0P_/D
      30* |       0 |      20 |        0 |      0 |     9 |    +0.0% | -840.139 |  -583478.4 | -1027946.2 |   2405 | u_mul.result\[28\]$_DFFE_PN0P_/D
      40* |       0 |      25 |        0 |      0 |    14 |    +0.0% | -830.076 |  -583450.8 | -1027866.4 |   2405 | u_mul.result\[28\]$_DFFE_PN0P_/D
      50* |       0 |      25 |        0 |      0 |    24 |    +0.0% | -823.366 |  -583412.6 | -1027852.6 |   2405 | u_mul.result\[28\]$_DFFE_PN0P_/D
      54* |       0 |      25 |        0 |      0 |    21 |    +0.0% | -822.999 |  -583411.4 | -1027851.4 |   2405 | u_mul.result\[28\]$_DFFE_PN0P_/D
      60* |       0 |      26 |        0 |      0 |    25 |    +0.0% | -823.473 |  -583398.7 | -1027846.4 |   2405 | u_mul.result\[28\]$_DFFE_PN0P_/D
      68* |       0 |      25 |        0 |      0 |    21 |    +0.0% | -822.999 |  -583411.4 | -1027851.4 |   2405 | u_mul.result\[28\]$_DFFE_PN0P_/D
      70* |       0 |      25 |        0 |      0 |    22 |    +0.0% | -823.297 |  -583412.3 | -1027852.9 |   2405 | u_mul.result\[28\]$_DFFE_PN0P_/D
      71* |       0 |      25 |        0 |      0 |    21 |    +0.0% | -822.999 |  -583411.4 | -1027851.4 |   2405 | u_mul.result\[28\]$_DFFE_PN0P_/D
      80* |       0 |      26 |        0 |      0 |    28 |    +0.0% | -822.999 |  -583410.9 | -1027846.4 |   2405 | u_mul.result\[28\]$_DFFE_PN0P_/D
      82* |       0 |      27 |        0 |      0 |    28 |    +0.0% | -822.999 |  -583410.9 | -1027846.1 |   2405 | u_mul.result\[28\]$_DFFE_PN0P_/D
      90* |       0 |      29 |        0 |      0 |    33 |    +0.0% | -822.996 |  -583410.9 | -1027842.4 |   2405 | u_mul.result\[28\]$_DFFE_PN0P_/D
      94* |       0 |      31 |        0 |      0 |    34 |    +0.0% | -822.996 |  -583410.9 | -1027840.4 |   2405 | u_mul.result\[28\]$_DFFE_PN0P_/D
     100* |       0 |      31 |        0 |      0 |    39 |    +0.0% | -823.587 |  -583415.1 | -1027839.3 |   2405 | u_mul.result\[28\]$_DFFE_PN0P_/D
     101* |       0 |      31 |        0 |      0 |    34 |    +0.0% | -822.996 |  -583410.9 | -1027840.4 |   2405 | u_mul.result\[28\]$_DFFE_PN0P_/D
     110* |       0 |      35 |        0 |      0 |    38 |    +0.0% | -823.006 |  -583412.0 | -1027838.4 |   2405 | u_mul.result\[28\]$_DFFE_PN0P_/D
     110* |       0 |      33 |        0 |      0 |    35 |    +0.0% | -822.996 |  -583416.8 | -1027840.9 |   2405 | u_mul.result\[28\]$_DFFE_PN0P_/D
     120* |       0 |      35 |        0 |      0 |    42 |    +0.0% | -823.810 |  -583303.2 | -1027841.3 |   2405 | u_mul.result\[28\]$_DFFE_PN0P_/D
     130* |       0 |      35 |        0 |      0 |    52 |    +0.0% | -823.810 |  -583316.0 | -1027842.1 |   2405 | u_mul.result\[28\]$_DFFE_PN0P_/D
     131* |       0 |      33 |        0 |      0 |    35 |    +0.0% | -822.996 |  -583416.8 | -1027840.9 |   2405 | u_mul.result\[28\]$_DFFE_PN0P_/D
     140* |       0 |      37 |        0 |      0 |    39 |    +0.0% | -822.815 |  -583257.0 | -1023458.9 |   2405 | u_mul.result\[28\]$_DFFE_PN0P_/D
     143* |       0 |      38 |        0 |      0 |    40 |    +0.0% | -822.815 |  -583223.4 | -1022044.7 |   2405 | u_mul.result\[28\]$_DFFE_PN0P_/D
     150* |       0 |      44 |        0 |      0 |    40 |    +0.0% | -822.825 |  -583190.9 | -1022037.9 |   2405 | u_mul.result\[28\]$_DFFE_PN0P_/D
     160* |       0 |      50 |        0 |      0 |    44 |    +0.1% | -822.501 |  -583170.2 | -1021985.9 |   2405 | u_mul.result\[28\]$_DFFE_PN0P_/D
     161* |       0 |      51 |        0 |      0 |    44 |    +0.1% | -822.501 |  -583104.1 | -1019862.9 |   2405 | u_mul.result\[28\]$_DFFE_PN0P_/D
     169* |       0 |      54 |        0 |      0 |    47 |    +0.1% | -822.499 |  -582991.6 | -1016953.1 |   2405 | u_mul.result\[28\]$_DFFE_PN0P_/D
     170* |       0 |      54 |        0 |      0 |    47 |    +0.1% | -822.499 |  -582991.6 | -1016953.1 |   2405 | u_mul.result\[28\]$_DFFE_PN0P_/D
     174* |       0 |      56 |        0 |      0 |    49 |    +0.1% | -822.498 |  -582835.6 | -1016923.1 |   2405 | u_mul.result\[28\]$_DFFE_PN0P_/D
     178* |       0 |      56 |        0 |      0 |    49 |    +0.1% | -822.498 |  -582835.6 | -1016923.1 |   2405 | u_mul.result\[28\]$_DFFE_PN0P_/D
     180* |       0 |      57 |        0 |      0 |    49 |    +0.1% | -822.498 |  -582827.8 | -1016923.0 |   2405 | u_mul.result\[28\]$_DFFE_PN0P_/D
     190* |       0 |      64 |        0 |      0 |    52 |    +0.1% | -822.498 |  -582792.3 | -1016919.6 |   2405 | u_mul.result\[28\]$_DFFE_PN0P_/D
     200* |       0 |      71 |        0 |      0 |    55 |    +0.1% | -822.507 |  -582763.6 | -1016916.5 |   2405 | u_mul.result\[28\]$_DFFE_PN0P_/D
     210* |       0 |      80 |        0 |      0 |    56 |    +0.1% | -822.540 |  -582740.4 | -1016914.1 |   2405 | u_mul.result\[28\]$_DFFE_PN0P_/D
     220* |       0 |      86 |        0 |      0 |    60 |    +0.1% | -822.540 |  -582726.5 | -1016912.8 |   2405 | u_mul.result\[28\]$_DFFE_PN0P_/D
     230* |       0 |      94 |        0 |      0 |    62 |    +0.1% | -822.540 |  -582701.4 | -1016911.4 |   2405 | u_mul.result\[28\]$_DFFE_PN0P_/D
     240* |       0 |     103 |        0 |      0 |    63 |    +0.1% | -822.560 |  -582688.4 | -1016910.6 |   2405 | u_mul.result\[28\]$_DFFE_PN0P_/D
     240* |       0 |      64 |        0 |      0 |    52 |    +0.1% | -822.498 |  -582792.3 | -1016919.6 |   2405 | u_mul.result\[28\]$_DFFE_PN0P_/D
     242* |       0 |      64 |        0 |      0 |    52 |    +0.1% | -822.498 |  -582792.3 | -1016919.6 |   2405 | u_mul.result\[28\]$_DFFE_PN0P_/D
     245* |       0 |      64 |        0 |      0 |    52 |    +0.1% | -822.498 |  -582792.3 | -1016919.6 |   2405 | u_mul.result\[28\]$_DFFE_PN0P_/D
     250* |       0 |      68 |        0 |      0 |    52 |    +0.1% | -822.498 |  -582668.3 | -1014544.3 |   2405 | u_mul.result\[28\]$_DFFE_PN0P_/D
     260* |       0 |      73 |        0 |      0 |    57 |    +0.1% | -822.498 |  -582398.6 | -1011054.3 |   2405 | u_mul.result\[28\]$_DFFE_PN0P_/D
     270* |       0 |      80 |        0 |      0 |    60 |    +0.1% | -822.346 |  -582338.1 | -1010108.0 |   2405 | u_mul.result\[28\]$_DFFE_PN0P_/D
     280* |       0 |      87 |        0 |      0 |    63 |    +0.1% | -822.346 |  -582270.8 | -1007790.5 |   2405 | u_mul.result\[28\]$_DFFE_PN0P_/D
     290* |       0 |      94 |        0 |      0 |    66 |    +0.1% | -822.379 |  -582159.2 | -1006452.8 |   2405 | u_mul.result\[28\]$_DFFE_PN0P_/D
     300* |       0 |     101 |        0 |      0 |    69 |    +0.1% | -822.379 |  -582081.4 | -1005371.5 |   2405 | u_mul.result\[28\]$_DFFE_PN0P_/D
     310* |       0 |     109 |        0 |      0 |    71 |    +0.1% | -822.399 |  -581970.4 | -1004545.8 |   2405 | u_mul.result\[28\]$_DFFE_PN0P_/D
     320* |       0 |     118 |        0 |      0 |    72 |    +0.1% | -822.338 |  -581976.1 | -1004552.1 |   2405 | u_mul.result\[28\]$_DFFE_PN0P_/D
     330* |       0 |     125 |        0 |      0 |    75 |    +0.1% | -822.338 |  -581936.9 | -1002806.0 |   2405 | u_mul.result\[28\]$_DFFE_PN0P_/D
     340* |       0 |     134 |        0 |      0 |    76 |    +0.1% | -822.147 |  -581921.8 | -1001522.9 |   2405 | u_mul.result\[28\]$_DFFE_PN0P_/D
     350* |       0 |     142 |        0 |      0 |    78 |    +0.1% | -822.147 |  -581914.4 | -1001622.6 |   2405 | u_mul.result\[28\]$_DFFE_PN0P_/D
     360* |       0 |     146 |        0 |      0 |    84 |    +0.1% | -822.147 |  -581920.4 |  -998412.7 |   2405 | u_mul.result\[28\]$_DFFE_PN0P_/D
     370* |       0 |     152 |        0 |      0 |    88 |    +0.1% | -822.147 |  -581784.9 |  -997352.4 |   2405 | u_mul.result\[28\]$_DFFE_PN0P_/D
     380* |       0 |     157 |        0 |      0 |    93 |    +0.2% | -822.147 |  -581936.0 |  -997232.1 |   2405 | u_mul.result\[28\]$_DFFE_PN0P_/D
     390* |       0 |     157 |        0 |      0 |   103 |    +0.2% | -822.147 |  -582272.8 |  -998226.1 |   2405 | u_mul.result\[28\]$_DFFE_PN0P_/D
     394* |       0 |     154 |        0 |      0 |    88 |    +0.2% | -822.147 |  -581776.8 |  -997352.0 |   2405 | u_mul.result\[28\]$_DFFE_PN0P_/D
     397* |       0 |     154 |        0 |      0 |    90 |    +0.2% | -822.147 |  -581791.2 |  -997354.2 |   2405 | u_mul.result\[28\]$_DFFE_PN0P_/D
     400* |       0 |     156 |        0 |      0 |    90 |    +0.2% | -822.147 |  -580813.8 |  -997291.8 |   2405 | u_mul.result\[28\]$_DFFE_PN0P_/D
     410* |       0 |     161 |        0 |      0 |    95 |    +0.2% | -822.147 |  -581715.8 |  -998902.4 |   2405 | u_mul.result\[28\]$_DFFE_PN0P_/D
     411* |       0 |     160 |        0 |      0 |    91 |    +0.2% | -822.147 |  -581117.4 |  -997690.3 |   2405 | u_mul.result\[28\]$_DFFE_PN0P_/D
     417* |       0 |     162 |        0 |      0 |    94 |    +0.2% | -822.147 |  -581153.5 |  -997651.8 |   2405 | u_mul.result\[28\]$_DFFE_PN0P_/D
     419* |       0 |     163 |        0 |      0 |    94 |    +0.2% | -822.147 |  -581155.3 |  -997654.2 |   2405 | u_mul.result\[28\]$_DFFE_PN0P_/D
     420* |       0 |     163 |        0 |      0 |    94 |    +0.2% | -822.147 |  -581155.3 |  -997654.2 |   2405 | u_mul.result\[28\]$_DFFE_PN0P_/D
     421* |       0 |     164 |        0 |      0 |    94 |    +0.2% | -822.147 |  -581157.1 |  -997656.7 |   2405 | u_mul.result\[28\]$_DFFE_PN0P_/D
     423* |       0 |     165 |        0 |      0 |    94 |    +0.2% | -822.147 |  -581158.9 |  -997658.8 |   2405 | u_mul.result\[28\]$_DFFE_PN0P_/D
     425* |       0 |     166 |        0 |      0 |    94 |    +0.2% | -822.147 |  -581160.8 |  -997661.0 |   2405 | u_mul.result\[28\]$_DFFE_PN0P_/D
     427* |       0 |     167 |        0 |      0 |    94 |    +0.2% | -822.147 |  -581162.6 |  -997663.1 |   2405 | u_mul.result\[28\]$_DFFE_PN0P_/D
     429* |       0 |     168 |        0 |      0 |    94 |    +0.2% | -822.147 |  -581164.3 |  -997665.2 |   2405 | u_mul.result\[28\]$_DFFE_PN0P_/D
     430* |       0 |     168 |        0 |      0 |    94 |    +0.2% | -822.147 |  -581164.3 |  -997665.2 |   2405 | u_mul.result\[28\]$_DFFE_PN0P_/D
     431* |       0 |     169 |        0 |      0 |    94 |    +0.2% | -822.147 |  -581166.1 |  -997667.1 |   2405 | u_mul.result\[28\]$_DFFE_PN0P_/D
     433* |       0 |     170 |        0 |      0 |    94 |    +0.2% | -822.147 |  -581169.2 |  -997669.1 |   2405 | u_mul.result\[28\]$_DFFE_PN0P_/D
     440* |       0 |     175 |        0 |      0 |    95 |    +0.2% | -822.147 |  -580870.7 |  -997439.3 |   2405 | u_mul.result\[28\]$_DFFE_PN0P_/D
     446* |       0 |     181 |        0 |      0 |    95 |    +0.2% | -822.147 |  -580820.1 |  -997168.8 |   2405 | u_mul.result\[28\]$_DFFE_PN0P_/D
     447* |       0 |     181 |        0 |      0 |    95 |    +0.2% | -822.147 |  -580820.1 |  -997168.8 |   2405 | u_mul.result\[28\]$_DFFE_PN0P_/D
     450* |       0 |     183 |        0 |      0 |    95 |    +0.2% | -822.147 |  -581078.4 |  -997116.4 |   2405 | u_mul.result\[28\]$_DFFE_PN0P_/D
     454* |       0 |     184 |        0 |      0 |    98 |    +0.2% | -822.147 |  -581442.4 |  -997122.7 |   2405 | u_mul.result\[28\]$_DFFE_PN0P_/D
     460* |       0 |     189 |        0 |      0 |    98 |    +0.2% | -822.147 |  -581441.9 |  -997078.9 |   2405 | u_mul.result\[28\]$_DFFE_PN0P_/D
     463* |       0 |     191 |        0 |      0 |    99 |    +0.2% | -822.147 |  -581445.1 |  -997110.1 |   2405 | u_mul.result\[28\]$_DFFE_PN0P_/D
     469* |       0 |     194 |        0 |      0 |   101 |    +0.2% | -822.147 |  -581772.9 |  -997041.1 |   2405 | u_mul.result\[28\]$_DFFE_PN0P_/D
     470* |       0 |     194 |        0 |      0 |   101 |    +0.2% | -822.147 |  -581772.9 |  -997041.1 |   2405 | u_mul.result\[28\]$_DFFE_PN0P_/D
     472* |       0 |     194 |        0 |      0 |   103 |    +0.2% | -822.147 |  -581772.9 |  -997039.7 |   2405 | u_mul.result\[28\]$_DFFE_PN0P_/D
     475* |       0 |     194 |        0 |      0 |   105 |    +0.2% | -822.147 |  -581772.9 |  -997038.4 |   2405 | u_mul.result\[28\]$_DFFE_PN0P_/D
     478* |       0 |     194 |        0 |      0 |   107 |    +0.2% | -822.147 |  -581772.9 |  -997037.0 |   2405 | u_mul.result\[28\]$_DFFE_PN0P_/D
     480* |       0 |     194 |        0 |      0 |   108 |    +0.2% | -822.147 |  -581772.9 |  -997035.2 |   2405 | u_mul.result\[28\]$_DFFE_PN0P_/D
     481* |       0 |     194 |        0 |      0 |   109 |    +0.2% | -822.147 |  -581772.9 |  -997035.5 |   2405 | u_mul.result\[28\]$_DFFE_PN0P_/D
     484* |       0 |     194 |        0 |      0 |   111 |    +0.2% | -822.147 |  -581772.9 |  -997034.1 |   2405 | u_mul.result\[28\]$_DFFE_PN0P_/D
     487* |       0 |     194 |        0 |      0 |   113 |    +0.2% | -822.147 |  -581772.9 |  -997032.8 |   2405 | u_mul.result\[28\]$_DFFE_PN0P_/D
     490* |       0 |     196 |        0 |      0 |   113 |    +0.2% | -822.147 |  -582015.6 |  -996980.1 |   2405 | u_mul.result\[28\]$_DFFE_PN0P_/D
     493* |       0 |     197 |        0 |      0 |   115 |    +0.2% | -822.147 |  -582149.3 |  -996963.2 |   2405 | u_mul.result\[28\]$_DFFE_PN0P_/D
     496* |       0 |     198 |        0 |      0 |   116 |    +0.2% | -822.147 |  -582149.3 |  -996966.1 |   2405 | u_mul.result\[28\]$_DFFE_PN0P_/D
     499* |       0 |     198 |        0 |      0 |   118 |    +0.2% | -822.147 |  -582149.3 |  -996964.8 |   2405 | u_mul.result\[28\]$_DFFE_PN0P_/D
     500* |       0 |     198 |        0 |      0 |   118 |    +0.2% | -822.147 |  -582149.3 |  -996964.8 |   2405 | u_mul.result\[28\]$_DFFE_PN0P_/D
     502* |       0 |     198 |        0 |      0 |   120 |    +0.2% | -822.147 |  -582149.3 |  -996963.4 |   2405 | u_mul.result\[28\]$_DFFE_PN0P_/D
     505* |       0 |     198 |        0 |      0 |   122 |    +0.2% | -822.147 |  -582149.3 |  -996962.1 |   2405 | u_mul.result\[28\]$_DFFE_PN0P_/D
     508* |       0 |     198 |        0 |      0 |   124 |    +0.2% | -822.147 |  -582149.3 |  -996960.7 |   2405 | u_mul.result\[28\]$_DFFE_PN0P_/D
     510* |       0 |     198 |        0 |      0 |   125 |    +0.2% | -822.147 |  -582149.3 |  -996959.0 |   2405 | u_mul.result\[28\]$_DFFE_PN0P_/D
     511* |       0 |     198 |        0 |      0 |   126 |    +0.2% | -822.147 |  -582149.3 |  -996959.2 |   2405 | u_mul.result\[28\]$_DFFE_PN0P_/D
     514* |       0 |     198 |        0 |      0 |   128 |    +0.2% | -822.147 |  -582149.3 |  -996958.0 |   2405 | u_mul.result\[28\]$_DFFE_PN0P_/D
     517* |       0 |     198 |        0 |      0 |   130 |    +0.2% | -822.147 |  -582149.3 |  -996956.6 |   2405 | u_mul.result\[28\]$_DFFE_PN0P_/D
     520* |       0 |     198 |        0 |      0 |   132 |    +0.2% | -822.147 |  -582149.3 |  -996955.4 |   2405 | u_mul.result\[28\]$_DFFE_PN0P_/D
     520* |       0 |     198 |        0 |      0 |   132 |    +0.2% | -822.147 |  -582149.3 |  -996955.4 |   2405 | u_mul.result\[28\]$_DFFE_PN0P_/D
     523* |       0 |     198 |        0 |      0 |   134 |    +0.2% | -822.147 |  -582149.3 |  -996954.2 |   2405 | u_mul.result\[28\]$_DFFE_PN0P_/D
     529* |       0 |     201 |        0 |      0 |   136 |    +0.2% | -822.147 |  -580316.5 |  -996883.8 |   2405 | u_mul.result\[28\]$_DFFE_PN0P_/D
     530* |       0 |     201 |        0 |      0 |   136 |    +0.2% | -822.147 |  -580316.5 |  -996883.8 |   2405 | u_mul.result\[28\]$_DFFE_PN0P_/D
     532* |       0 |     201 |        0 |      0 |   138 |    +0.2% | -822.147 |  -580316.5 |  -996882.5 |   2405 | u_mul.result\[28\]$_DFFE_PN0P_/D
     535* |       0 |     201 |        0 |      0 |   140 |    +0.2% | -822.147 |  -580316.5 |  -996881.4 |   2405 | u_mul.result\[28\]$_DFFE_PN0P_/D
     538* |       0 |     201 |        0 |      0 |   142 |    +0.2% | -822.147 |  -580316.5 |  -996880.2 |   2405 | u_mul.result\[28\]$_DFFE_PN0P_/D
     540* |       0 |     201 |        0 |      0 |   143 |    +0.2% | -822.147 |  -580316.5 |  -996878.6 |   2405 | u_mul.result\[28\]$_DFFE_PN0P_/D
     541* |       0 |     201 |        0 |      0 |   144 |    +0.2% | -822.147 |  -580316.5 |  -996879.1 |   2405 | u_mul.result\[28\]$_DFFE_PN0P_/D
     544* |       0 |     201 |        0 |      0 |   146 |    +0.2% | -822.147 |  -580316.5 |  -996877.8 |   2405 | u_mul.result\[28\]$_DFFE_PN0P_/D
     547* |       0 |     201 |        0 |      0 |   148 |    +0.2% | -822.147 |  -580316.5 |  -996876.7 |   2405 | u_mul.result\[28\]$_DFFE_PN0P_/D
     550* |       0 |     201 |        0 |      0 |   150 |    +0.2% | -822.147 |  -580316.5 |  -996875.4 |   2405 | u_mul.result\[28\]$_DFFE_PN0P_/D
     550* |       0 |     201 |        0 |      0 |   150 |    +0.2% | -822.147 |  -580316.5 |  -996875.4 |   2405 | u_mul.result\[28\]$_DFFE_PN0P_/D
     553* |       0 |     201 |        0 |      0 |   152 |    +0.2% | -822.147 |  -580316.5 |  -996874.3 |   2405 | u_mul.result\[28\]$_DFFE_PN0P_/D
     556* |       0 |     201 |        0 |      0 |   154 |    +0.2% | -822.147 |  -580316.5 |  -996873.1 |   2405 | u_mul.result\[28\]$_DFFE_PN0P_/D
     559* |       0 |     201 |        0 |      0 |   156 |    +0.2% | -822.147 |  -580316.5 |  -996871.9 |   2405 | u_mul.result\[28\]$_DFFE_PN0P_/D
     560* |       0 |     201 |        0 |      0 |   156 |    +0.2% | -822.147 |  -580316.5 |  -996871.9 |   2405 | u_mul.result\[28\]$_DFFE_PN0P_/D
     562* |       0 |     201 |        0 |      0 |   158 |    +0.2% | -822.147 |  -580316.5 |  -996870.8 |   2405 | u_mul.result\[28\]$_DFFE_PN0P_/D
     565* |       0 |     201 |        0 |      0 |   160 |    +0.2% | -822.147 |  -580316.5 |  -996869.5 |   2405 | u_mul.result\[28\]$_DFFE_PN0P_/D
     568* |       0 |     201 |        0 |      0 |   162 |    +0.2% | -822.147 |  -580316.5 |  -996868.2 |   2405 | u_mul.result\[28\]$_DFFE_PN0P_/D
     570* |       0 |     201 |        0 |      0 |   163 |    +0.2% | -822.147 |  -580316.5 |  -996866.7 |   2405 | u_mul.result\[28\]$_DFFE_PN0P_/D
     571* |       0 |     201 |        0 |      0 |   164 |    +0.2% | -822.147 |  -580316.5 |  -996867.1 |   2405 | u_mul.result\[28\]$_DFFE_PN0P_/D
     574* |       0 |     201 |        0 |      0 |   166 |    +0.2% | -822.147 |  -580316.5 |  -996865.9 |   2405 | u_mul.result\[28\]$_DFFE_PN0P_/D
     577* |       0 |     201 |        0 |      0 |   168 |    +0.2% | -822.147 |  -580316.5 |  -996864.5 |   2405 | u_mul.result\[28\]$_DFFE_PN0P_/D
     580* |       0 |     201 |        0 |      0 |   170 |    +0.2% | -822.147 |  -580316.5 |  -996863.1 |   2405 | u_mul.result\[28\]$_DFFE_PN0P_/D
     580* |       0 |     201 |        0 |      0 |   170 |    +0.2% | -822.147 |  -580316.5 |  -996863.1 |   2405 | u_mul.result\[28\]$_DFFE_PN0P_/D
     583* |       0 |     201 |        0 |      0 |   172 |    +0.2% | -822.147 |  -580316.5 |  -996861.9 |   2405 | u_mul.result\[28\]$_DFFE_PN0P_/D
     586* |       0 |     201 |        0 |      0 |   174 |    +0.2% | -822.147 |  -580316.5 |  -996860.6 |   2405 | u_mul.result\[28\]$_DFFE_PN0P_/D
     589* |       0 |     201 |        0 |      0 |   176 |    +0.2% | -822.147 |  -580316.5 |  -996859.4 |   2405 | u_mul.result\[28\]$_DFFE_PN0P_/D
     590* |       0 |     201 |        0 |      0 |   176 |    +0.2% | -822.147 |  -580316.5 |  -996859.4 |   2405 | u_mul.result\[28\]$_DFFE_PN0P_/D
     592* |       0 |     201 |        0 |      0 |   178 |    +0.2% | -822.147 |  -580316.5 |  -996858.1 |   2405 | u_mul.result\[28\]$_DFFE_PN0P_/D
     595* |       0 |     202 |        0 |      0 |   179 |    +0.2% | -822.147 |  -580316.5 |  -996859.8 |   2405 | u_mul.result\[28\]$_DFFE_PN0P_/D
     598* |       0 |     203 |        0 |      0 |   180 |    +0.2% | -822.147 |  -580316.5 |  -996861.9 |   2405 | u_mul.result\[28\]$_DFFE_PN0P_/D
     600* |       0 |     204 |        0 |      0 |   180 |    +0.2% | -822.147 |  -580316.5 |  -996862.5 |   2405 | u_mul.result\[28\]$_DFFE_PN0P_/D
     601* |       0 |     204 |        0 |      0 |   180 |    +0.2% | -822.147 |  -580316.5 |  -996862.5 |   2405 | u_mul.result\[28\]$_DFFE_PN0P_/D
     604* |       0 |     205 |        0 |      0 |   180 |    +0.2% | -822.147 |  -580316.5 |  -996863.2 |   2405 | u_mul.result\[28\]$_DFFE_PN0P_/D
     610* |       0 |     209 |        0 |      0 |   181 |    +0.2% | -822.147 |  -580212.4 |  -996865.8 |   2405 | u_mul.result\[28\]$_DFFE_PN0P_/D
     610* |       0 |     209 |        0 |      0 |   180 |    +0.2% | -822.147 |  -580212.4 |  -996865.0 |   2405 | u_mul.result\[28\]$_DFFE_PN0P_/D
     613* |       0 |     210 |        0 |      0 |   180 |    +0.2% | -822.147 |  -580214.4 |  -996866.6 |   2405 | u_mul.result\[28\]$_DFFE_PN0P_/D
     616* |       0 |     211 |        0 |      0 |   180 |    +0.2% | -822.147 |  -580218.1 |  -996867.8 |   2405 | u_mul.result\[28\]$_DFFE_PN0P_/D
     619* |       0 |     212 |        0 |      0 |   180 |    +0.2% | -822.147 |  -580218.1 |  -996869.2 |   2405 | u_mul.result\[28\]$_DFFE_PN0P_/D
     620* |       0 |     212 |        0 |      0 |   180 |    +0.2% | -822.147 |  -580218.1 |  -996869.2 |   2405 | u_mul.result\[28\]$_DFFE_PN0P_/D
     622* |       0 |     213 |        0 |      0 |   180 |    +0.2% | -822.147 |  -580218.1 |  -996870.6 |   2405 | u_mul.result\[28\]$_DFFE_PN0P_/D
     625* |       0 |     214 |        0 |      0 |   180 |    +0.2% | -822.147 |  -580218.1 |  -996872.0 |   2405 | u_mul.result\[28\]$_DFFE_PN0P_/D
     628* |       0 |     215 |        0 |      0 |   180 |    +0.2% | -822.147 |  -580218.1 |  -996873.4 |   2405 | u_mul.result\[28\]$_DFFE_PN0P_/D
     630* |       0 |     216 |        0 |      0 |   180 |    +0.2% | -822.147 |  -580218.1 |  -996874.8 |   2405 | u_mul.result\[28\]$_DFFE_PN0P_/D
     631* |       0 |     216 |        0 |      0 |   180 |    +0.2% | -822.147 |  -580218.1 |  -996874.8 |   2405 | u_mul.result\[28\]$_DFFE_PN0P_/D
     634* |       0 |     217 |        0 |      0 |   180 |    +0.2% | -822.147 |  -580218.1 |  -996876.0 |   2405 | u_mul.result\[28\]$_DFFE_PN0P_/D
     637* |       0 |     218 |        0 |      0 |   180 |    +0.2% | -822.147 |  -580221.8 |  -996877.5 |   2405 | u_mul.result\[28\]$_DFFE_PN0P_/D
     640* |       0 |     219 |        0 |      0 |   181 |    +0.2% | -822.147 |  -580221.8 |  -996879.3 |   2405 | u_mul.result\[28\]$_DFFE_PN0P_/D
     640* |       0 |     219 |        0 |      0 |   180 |    +0.2% | -822.147 |  -580221.8 |  -996878.8 |   2405 | u_mul.result\[28\]$_DFFE_PN0P_/D
     643* |       0 |     220 |        0 |      0 |   180 |    +0.2% | -822.147 |  -580221.8 |  -996879.9 |   2405 | u_mul.result\[28\]$_DFFE_PN0P_/D
     650* |       0 |     225 |        0 |      0 |   181 |    +0.3% | -822.147 |  -581253.2 |  -996919.2 |   2405 | u_mul.result\[28\]$_DFFE_PN0P_/D
     653* |       0 |     228 |        0 |      0 |   181 |    +0.3% | -822.147 |  -581256.4 |  -996924.3 |   2405 | u_mul.result\[28\]$_DFFE_PN0P_/D
     660* |       0 |     234 |        0 |      0 |   181 |    +0.3% | -822.147 |  -581559.9 |  -996873.5 |   2405 | u_mul.result\[28\]$_DFFE_PN0P_/D
     660* |       0 |     234 |        0 |      0 |   181 |    +0.3% | -822.147 |  -581559.9 |  -996873.5 |   2405 | u_mul.result\[28\]$_DFFE_PN0P_/D
     662* |       0 |     235 |        0 |      0 |   181 |    +0.3% | -822.147 |  -581559.9 |  -996874.8 |   2405 | u_mul.result\[28\]$_DFFE_PN0P_/D
     664* |       0 |     236 |        0 |      0 |   181 |    +0.3% | -822.147 |  -581559.9 |  -996876.0 |   2405 | u_mul.result\[28\]$_DFFE_PN0P_/D
     666* |       0 |     237 |        0 |      0 |   181 |    +0.3% | -822.147 |  -581559.9 |  -996881.0 |   2405 | u_mul.result\[28\]$_DFFE_PN0P_/D
     670* |       0 |     240 |        0 |      0 |   181 |    +0.3% | -822.147 |  -581545.7 |  -996880.0 |   2405 | u_mul.result\[28\]$_DFFE_PN0P_/D
     670* |       0 |     240 |        0 |      0 |   181 |    +0.3% | -822.147 |  -581545.7 |  -996880.0 |   2405 | u_mul.result\[28\]$_DFFE_PN0P_/D
     672* |       0 |     241 |        0 |      0 |   181 |    +0.3% | -822.147 |  -581545.7 |  -996884.9 |   2405 | u_mul.result\[28\]$_DFFE_PN0P_/D
     675* |       0 |     242 |        0 |      0 |   181 |    +0.3% | -822.147 |  -581545.7 |  -996889.3 |   2405 | u_mul.result\[28\]$_DFFE_PN0P_/D
     678* |       0 |     243 |        0 |      0 |   181 |    +0.3% | -822.147 |  -581545.7 |  -996893.5 |   2405 | u_mul.result\[28\]$_DFFE_PN0P_/D
     680* |       0 |     244 |        0 |      0 |   181 |    +0.3% | -822.147 |  -581549.2 |  -996898.2 |   2405 | u_mul.result\[28\]$_DFFE_PN0P_/D
     680* |       0 |     244 |        0 |      0 |   181 |    +0.3% | -822.147 |  -581549.2 |  -996898.2 |   2405 | u_mul.result\[28\]$_DFFE_PN0P_/D
     682* |       0 |     245 |        0 |      0 |   181 |    +0.3% | -822.147 |  -581553.1 |  -996903.4 |   2405 | u_mul.result\[28\]$_DFFE_PN0P_/D
     685* |       0 |     246 |        0 |      0 |   181 |    +0.3% | -822.147 |  -581553.1 |  -996907.6 |   2405 | u_mul.result\[28\]$_DFFE_PN0P_/D
     688* |       0 |     248 |        0 |      0 |   181 |    +0.3% | -822.147 |  -582281.6 |  -997018.1 |   2405 | u_mul.result\[28\]$_DFFE_PN0P_/D
     690* |       0 |     249 |        0 |      0 |   181 |    +0.3% | -822.147 |  -582285.1 |  -997023.0 |   2405 | u_mul.result\[28\]$_DFFE_PN0P_/D
     691* |       0 |     249 |        0 |      0 |   181 |    +0.3% | -822.147 |  -582285.1 |  -997023.0 |   2405 | u_mul.result\[28\]$_DFFE_PN0P_/D
     693* |       0 |     250 |        0 |      0 |   181 |    +0.3% | -822.147 |  -582285.1 |  -997021.3 |   2405 | u_mul.result\[28\]$_DFFE_PN0P_/D
     696* |       0 |     251 |        0 |      0 |   181 |    +0.3% | -822.147 |  -582288.3 |  -997025.6 |   2405 | u_mul.result\[28\]$_DFFE_PN0P_/D
     699* |       0 |     252 |        0 |      0 |   181 |    +0.3% | -822.147 |  -582291.6 |  -997029.8 |   2405 | u_mul.result\[28\]$_DFFE_PN0P_/D
     700* |       0 |     252 |        0 |      0 |   181 |    +0.3% | -822.147 |  -582291.6 |  -997029.8 |   2405 | u_mul.result\[28\]$_DFFE_PN0P_/D
     702* |       0 |     253 |        0 |      0 |   181 |    +0.3% | -822.147 |  -582294.8 |  -997034.0 |   2405 | u_mul.result\[28\]$_DFFE_PN0P_/D
     705* |       0 |     255 |        0 |      0 |   181 |    +0.3% | -822.147 |  -583007.8 |  -997143.4 |   2405 | u_mul.result\[28\]$_DFFE_PN0P_/D
     707* |       0 |     256 |        0 |      0 |   181 |    +0.3% | -822.147 |  -583036.2 |  -997141.4 |   2405 | u_mul.result\[28\]$_DFFE_PN0P_/D
     710* |       0 |     258 |        0 |      0 |   181 |    +0.3% | -822.147 |  -582237.4 |  -997098.7 |   2405 | u_mul.result\[28\]$_DFFE_PN0P_/D
     712* |       0 |     260 |        0 |      0 |   181 |    +0.3% | -822.147 |  -582377.8 |  -997094.1 |   2405 | u_mul.result\[28\]$_DFFE_PN0P_/D
     714* |       0 |     261 |        0 |      0 |   181 |    +0.3% | -822.147 |  -582377.8 |  -997098.9 |   2405 | u_mul.result\[28\]$_DFFE_PN0P_/D
     716* |       0 |     262 |        0 |      0 |   181 |    +0.3% | -822.147 |  -582395.1 |  -997103.5 |   2405 | u_mul.result\[28\]$_DFFE_PN0P_/D
     718* |       0 |     263 |        0 |      0 |   181 |    +0.3% | -822.147 |  -582395.1 |  -997108.4 |   2405 | u_mul.result\[28\]$_DFFE_PN0P_/D
     720* |       0 |     264 |        0 |      0 |   181 |    +0.3% | -822.147 |  -582395.4 |  -997089.6 |   2405 | u_mul.result\[28\]$_DFFE_PN0P_/D
     727* |       0 |     269 |        0 |      0 |   182 |    +0.3% | -822.147 |  -582362.2 |  -997084.5 |   2405 | u_mul.result\[28\]$_DFFE_PN0P_/D
     730* |       0 |     271 |        0 |      0 |   182 |    +0.3% | -822.147 |  -582361.6 |  -997039.7 |   2405 | u_mul.result\[28\]$_DFFE_PN0P_/D
     740* |       0 |     279 |        0 |      0 |   184 |    +0.3% | -822.147 |  -582343.2 |  -996884.8 |   2405 | u_mul.result\[28\]$_DFFE_PN0P_/D
     740* |       0 |     279 |        0 |      0 |   184 |    +0.3% | -822.147 |  -582343.2 |  -996884.8 |   2405 | u_mul.result\[28\]$_DFFE_PN0P_/D
     743* |       0 |     280 |        0 |      0 |   185 |    +0.3% | -822.147 |  -582356.6 |  -996883.6 |   2405 | u_mul.result\[28\]$_DFFE_PN0P_/D
     747* |       0 |     281 |        0 |      0 |   186 |    +0.4% | -822.147 |  -582363.0 |  -996884.1 |   2405 | u_mul.result\[28\]$_DFFE_PN0P_/D
     750* |       0 |     282 |        0 |      0 |   187 |    +0.4% | -822.147 |  -582369.4 |  -996886.4 |   2405 | u_mul.result\[28\]$_DFFE_PN0P_/D
     751* |       0 |     282 |        0 |      0 |   187 |    +0.4% | -822.147 |  -582369.4 |  -996886.4 |   2405 | u_mul.result\[28\]$_DFFE_PN0P_/D
     755* |       0 |     282 |        0 |      0 |   187 |    +0.4% | -822.147 |  -582369.4 |  -996886.4 |   2405 | u_mul.result\[28\]$_DFFE_PN0P_/D
     760* |       0 |     286 |        0 |      0 |   187 |    +0.4% | -822.147 |  -582368.7 |  -996783.9 |   2405 | u_mul.result\[28\]$_DFFE_PN0P_/D
     764* |       0 |     289 |        0 |      0 |   188 |    +0.4% | -822.147 |  -582368.9 |  -996808.6 |   2405 | u_mul.result\[28\]$_DFFE_PN0P_/D
     767* |       0 |     290 |        0 |      0 |   189 |    +0.4% | -822.147 |  -582382.6 |  -996806.9 |   2405 | u_mul.result\[28\]$_DFFE_PN0P_/D
     770* |       0 |     291 |        0 |      0 |   190 |    +0.4% | -822.147 |  -582390.0 |  -996806.3 |   2405 | u_mul.result\[28\]$_DFFE_PN0P_/D
     771* |       0 |     291 |        0 |      0 |   190 |    +0.4% | -822.147 |  -582390.0 |  -996806.3 |   2405 | u_mul.result\[28\]$_DFFE_PN0P_/D
     780* |       0 |     298 |        0 |      0 |   191 |    +0.4% | -822.147 |  -582387.2 |  -996719.8 |   2405 | u_mul.result\[28\]$_DFFE_PN0P_/D
     780* |       0 |     298 |        0 |      0 |   191 |    +0.4% | -822.147 |  -582387.2 |  -996719.8 |   2405 | u_mul.result\[28\]$_DFFE_PN0P_/D
     783* |       0 |     299 |        0 |      0 |   192 |    +0.4% | -822.147 |  -582385.6 |  -996718.1 |   2405 | u_mul.result\[28\]$_DFFE_PN0P_/D
     787* |       0 |     300 |        0 |      0 |   193 |    +0.4% | -822.147 |  -582384.0 |  -996716.9 |   2405 | u_mul.result\[28\]$_DFFE_PN0P_/D
     790* |       0 |     301 |        0 |      0 |   194 |    +0.4% | -822.147 |  -582382.4 |  -996718.0 |   2405 | u_mul.result\[28\]$_DFFE_PN0P_/D
     791* |       0 |     301 |        0 |      0 |   194 |    +0.4% | -822.147 |  -582382.4 |  -996718.0 |   2405 | u_mul.result\[28\]$_DFFE_PN0P_/D
     795* |       0 |     302 |        0 |      0 |   195 |    +0.4% | -822.147 |  -582380.8 |  -996720.4 |   2405 | u_mul.result\[28\]$_DFFE_PN0P_/D
     799* |       0 |     302 |        0 |      0 |   195 |    +0.4% | -822.147 |  -582380.8 |  -996720.4 |   2405 | u_mul.result\[28\]$_DFFE_PN0P_/D
     800* |       0 |     302 |        0 |      0 |   195 |    +0.4% | -822.147 |  -582380.8 |  -996720.4 |   2405 | u_mul.result\[28\]$_DFFE_PN0P_/D
     807* |       0 |     307 |        0 |      0 |   196 |    +0.4% | -822.147 |  -582377.9 |  -996644.3 |   2405 | u_mul.result\[28\]$_DFFE_PN0P_/D
     810* |       0 |     308 |        0 |      0 |   197 |    +0.4% | -822.147 |  -582376.4 |  -996617.7 |   2405 | u_mul.result\[28\]$_DFFE_PN0P_/D
     812* |       0 |     310 |        0 |      0 |   197 |    +0.4% | -822.147 |  -582376.3 |  -996630.0 |   2405 | u_mul.result\[28\]$_DFFE_PN0P_/D
     815* |       0 |     311 |        0 |      0 |   198 |    +0.4% | -822.147 |  -582374.6 |  -996628.2 |   2405 | u_mul.result\[28\]$_DFFE_PN0P_/D
     818* |       0 |     312 |        0 |      0 |   199 |    +0.4% | -822.147 |  -582372.9 |  -996626.8 |   2405 | u_mul.result\[28\]$_DFFE_PN0P_/D
     820* |       0 |     312 |        0 |      0 |   200 |    +0.4% | -822.147 |  -582373.2 |  -996626.7 |   2405 | u_mul.result\[28\]$_DFFE_PN0P_/D
     822* |       0 |     313 |        0 |      0 |   200 |    +0.4% | -822.147 |  -582376.2 |  -996625.9 |   2405 | u_mul.result\[28\]$_DFFE_PN0P_/D
     826* |       0 |     314 |        0 |      0 |   201 |    +0.4% | -822.147 |  -582374.7 |  -996625.6 |   2405 | u_mul.result\[28\]$_DFFE_PN0P_/D
     830* |       0 |     315 |        0 |      0 |   203 |    +0.4% | -822.147 |  -582373.1 |  -996627.6 |   2405 | u_mul.result\[28\]$_DFFE_PN0P_/D
     830* |       0 |     315 |        0 |      0 |   202 |    +0.4% | -822.147 |  -582373.1 |  -996627.1 |   2405 | u_mul.result\[28\]$_DFFE_PN0P_/D
     834* |       0 |     316 |        0 |      0 |   203 |    +0.4% | -822.147 |  -582371.4 |  -996630.1 |   2405 | u_mul.result\[28\]$_DFFE_PN0P_/D
     838* |       0 |     316 |        0 |      0 |   203 |    +0.4% | -822.147 |  -582371.4 |  -996630.1 |   2405 | u_mul.result\[28\]$_DFFE_PN0P_/D
     840* |       0 |     316 |        0 |      0 |   204 |    +0.4% | -822.147 |  -582369.8 |  -996632.0 |   2405 | u_mul.result\[28\]$_DFFE_PN0P_/D
     842* |       0 |     316 |        0 |      0 |   203 |    +0.4% | -822.147 |  -582371.4 |  -996630.1 |   2405 | u_mul.result\[28\]$_DFFE_PN0P_/D
     846* |       0 |     316 |        0 |      0 |   203 |    +0.4% | -822.147 |  -582371.4 |  -996630.1 |   2405 | u_mul.result\[28\]$_DFFE_PN0P_/D
     850* |       0 |     317 |        0 |      0 |   205 |    +0.5% | -822.147 |  -582369.8 |  -996635.7 |   2405 | u_mul.result\[28\]$_DFFE_PN0P_/D
     850* |       0 |     316 |        0 |      0 |   203 |    +0.4% | -822.147 |  -582371.4 |  -996630.1 |   2405 | u_mul.result\[28\]$_DFFE_PN0P_/D
     854* |       0 |     317 |        0 |      0 |   204 |    +0.5% | -822.147 |  -582369.8 |  -996632.2 |   2405 | u_mul.result\[28\]$_DFFE_PN0P_/D
     858* |       0 |     318 |        0 |      0 |   205 |    +0.5% | -822.147 |  -582369.9 |  -996636.0 |   2405 | u_mul.result\[28\]$_DFFE_PN0P_/D
     860* |       0 |     318 |        0 |      0 |   206 |    +0.5% | -822.147 |  -582368.2 |  -996637.9 |   2405 | u_mul.result\[28\]$_DFFE_PN0P_/D
     862* |       0 |     318 |        0 |      0 |   205 |    +0.5% | -822.147 |  -582369.9 |  -996636.0 |   2405 | u_mul.result\[28\]$_DFFE_PN0P_/D
     866* |       0 |     319 |        0 |      0 |   206 |    +0.5% | -822.147 |  -582368.6 |  -996637.4 |   2405 | u_mul.result\[28\]$_DFFE_PN0P_/D
     870* |       0 |     320 |        0 |      0 |   208 |    +0.5% | -822.147 |  -582369.0 |  -996643.2 |   2405 | u_mul.result\[28\]$_DFFE_PN0P_/D
     870* |       0 |     319 |        0 |      0 |   206 |    +0.5% | -822.147 |  -582368.6 |  -996637.4 |   2405 | u_mul.result\[28\]$_DFFE_PN0P_/D
     874* |       0 |     320 |        0 |      0 |   207 |    +0.5% | -822.147 |  -582367.4 |  -996640.3 |   2405 | u_mul.result\[28\]$_DFFE_PN0P_/D
     878* |       0 |     320 |        0 |      0 |   207 |    +0.5% | -822.147 |  -582367.4 |  -996640.3 |   2405 | u_mul.result\[28\]$_DFFE_PN0P_/D
     880* |       0 |     320 |        0 |      0 |   208 |    +0.5% | -822.147 |  -582365.8 |  -996642.2 |   2405 | u_mul.result\[28\]$_DFFE_PN0P_/D
     882* |       0 |     320 |        0 |      0 |   207 |    +0.5% | -822.147 |  -582367.4 |  -996640.3 |   2405 | u_mul.result\[28\]$_DFFE_PN0P_/D
     886* |       0 |     320 |        0 |      0 |   207 |    +0.5% | -822.147 |  -582367.4 |  -996640.3 |   2405 | u_mul.result\[28\]$_DFFE_PN0P_/D
     890* |       0 |     321 |        0 |      0 |   209 |    +0.5% | -822.147 |  -582366.1 |  -996645.8 |   2405 | u_mul.result\[28\]$_DFFE_PN0P_/D
     890* |       0 |     320 |        0 |      0 |   207 |    +0.5% | -822.147 |  -582367.4 |  -996640.3 |   2405 | u_mul.result\[28\]$_DFFE_PN0P_/D
     894* |       0 |     320 |        0 |      0 |   207 |    +0.5% | -822.147 |  -582367.4 |  -996640.3 |   2405 | u_mul.result\[28\]$_DFFE_PN0P_/D
     898* |       0 |     320 |        0 |      0 |   207 |    +0.5% | -822.147 |  -582367.4 |  -996640.3 |   2405 | u_mul.result\[28\]$_DFFE_PN0P_/D
     900* |       0 |     320 |        0 |      0 |   208 |    +0.5% | -822.147 |  -582365.8 |  -996642.4 |   2405 | u_mul.result\[28\]$_DFFE_PN0P_/D
     902* |       0 |     320 |        0 |      0 |   207 |    +0.5% | -822.147 |  -582367.4 |  -996640.3 |   2405 | u_mul.result\[28\]$_DFFE_PN0P_/D
     909* |       0 |     325 |        0 |      0 |   208 |    +0.5% | -822.147 |  -582375.8 |  -996613.8 |   2405 | u_mul.result\[28\]$_DFFE_PN0P_/D
     910* |       0 |     325 |        0 |      0 |   208 |    +0.5% | -822.147 |  -582375.8 |  -996613.8 |   2405 | u_mul.result\[28\]$_DFFE_PN0P_/D
     911* |       0 |     325 |        0 |      0 |   209 |    +0.5% | -822.147 |  -582375.2 |  -996613.1 |   2405 | u_mul.result\[28\]$_DFFE_PN0P_/D
     920* |       0 |     333 |        0 |      0 |   209 |    +0.5% | -822.147 |  -582442.6 |  -996357.0 |   2405 | u_mul.result\[28\]$_DFFE_PN0P_/D
     922* |       0 |     334 |        0 |      0 |   210 |    +0.5% | -822.147 |  -582442.1 |  -996381.0 |   2405 | u_mul.result\[28\]$_DFFE_PN0P_/D
     930* |       0 |     340 |        0 |      0 |   211 |    +0.5% | -822.147 |  -583321.6 |  -997160.3 |   2405 | u_mul.result\[28\]$_DFFE_PN0P_/D
     932* |       0 |     341 |        0 |      0 |   211 |    +0.5% | -822.147 |  -583320.3 |  -997153.9 |   2405 | u_mul.result\[28\]$_DFFE_PN0P_/D
     935* |       0 |     342 |        0 |      0 |   211 |    +0.5% | -822.147 |  -583320.3 |  -997156.1 |   2405 | u_mul.result\[28\]$_DFFE_PN0P_/D
     938* |       0 |     343 |        0 |      0 |   211 |    +0.5% | -822.147 |  -583320.3 |  -997158.3 |   2405 | u_mul.result\[28\]$_DFFE_PN0P_/D
     940* |       0 |     344 |        0 |      0 |   211 |    +0.5% | -822.147 |  -583320.3 |  -997160.4 |   2405 | u_mul.result\[28\]$_DFFE_PN0P_/D
     941* |       0 |     344 |        0 |      0 |   211 |    +0.5% | -822.147 |  -583320.3 |  -997160.4 |   2405 | u_mul.result\[28\]$_DFFE_PN0P_/D
     949* |       0 |     350 |        0 |      0 |   212 |    +0.5% | -822.147 |  -583320.6 |  -997234.4 |   2405 | u_mul.result\[28\]$_DFFE_PN0P_/D
     950* |       0 |     350 |        0 |      0 |   212 |    +0.5% | -822.147 |  -583320.6 |  -997234.4 |   2405 | u_mul.result\[28\]$_DFFE_PN0P_/D
     951* |       0 |     350 |        0 |      0 |   213 |    +0.5% | -822.147 |  -583320.0 |  -997233.7 |   2405 | u_mul.result\[28\]$_DFFE_PN0P_/D
     954* |       0 |     351 |        0 |      0 |   213 |    +0.5% | -822.147 |  -583320.0 |  -997235.7 |   2405 | u_mul.result\[28\]$_DFFE_PN0P_/D
     957* |       0 |     352 |        0 |      0 |   213 |    +0.5% | -822.147 |  -583320.0 |  -997237.6 |   2405 | u_mul.result\[28\]$_DFFE_PN0P_/D
     960* |       0 |     353 |        0 |      0 |   214 |    +0.5% | -822.147 |  -583320.0 |  -997239.6 |   2405 | u_mul.result\[28\]$_DFFE_PN0P_/D
     960* |       0 |     353 |        0 |      0 |   213 |    +0.5% | -822.147 |  -583320.0 |  -997239.7 |   2405 | u_mul.result\[28\]$_DFFE_PN0P_/D
     963* |       0 |     354 |        0 |      0 |   213 |    +0.5% | -822.147 |  -583320.0 |  -997241.6 |   2405 | u_mul.result\[28\]$_DFFE_PN0P_/D
     966* |       0 |     355 |        0 |      0 |   213 |    +0.5% | -822.147 |  -583320.0 |  -997243.4 |   2405 | u_mul.result\[28\]$_DFFE_PN0P_/D
     969* |       0 |     356 |        0 |      0 |   213 |    +0.5% | -822.147 |  -583320.0 |  -997245.2 |   2405 | u_mul.result\[28\]$_DFFE_PN0P_/D
     970* |       0 |     356 |        0 |      0 |   213 |    +0.5% | -822.147 |  -583320.0 |  -997245.2 |   2405 | u_mul.result\[28\]$_DFFE_PN0P_/D
     974* |       0 |     359 |        0 |      0 |   214 |    +0.5% | -822.147 |  -583301.9 |  -997312.7 |   2405 | u_mul.result\[28\]$_DFFE_PN0P_/D
     979* |       0 |     362 |        0 |      0 |   215 |    +0.5% | -822.147 |  -583282.1 |  -997246.9 |   2405 | u_mul.result\[28\]$_DFFE_PN0P_/D
     980* |       0 |     362 |        0 |      0 |   215 |    +0.5% | -822.147 |  -583282.1 |  -997246.9 |   2405 | u_mul.result\[28\]$_DFFE_PN0P_/D
     981* |       0 |     362 |        0 |      0 |   216 |    +0.5% | -822.147 |  -583282.1 |  -997246.4 |   2405 | u_mul.result\[28\]$_DFFE_PN0P_/D
     988* |       0 |     367 |        0 |      0 |   217 |    +0.5% | -822.147 |  -583286.8 |  -997160.9 |   2405 | u_mul.result\[28\]$_DFFE_PN0P_/D
     990* |       0 |     367 |        0 |      0 |   218 |    +0.5% | -822.147 |  -583286.8 |  -997161.7 |   2405 | u_mul.result\[28\]$_DFFE_PN0P_/D
     990* |       0 |     367 |        0 |      0 |   217 |    +0.5% | -822.147 |  -583286.8 |  -997160.9 |   2405 | u_mul.result\[28\]$_DFFE_PN0P_/D
     992* |       0 |     367 |        0 |      0 |   218 |    +0.5% | -822.147 |  -583286.8 |  -997160.7 |   2405 | u_mul.result\[28\]$_DFFE_PN0P_/D
     994* |       0 |     367 |        0 |      0 |   218 |    +0.5% | -822.147 |  -583286.8 |  -997160.7 |   2405 | u_mul.result\[28\]$_DFFE_PN0P_/D
     996* |       0 |     367 |        0 |      0 |   218 |    +0.5% | -822.147 |  -583286.8 |  -997160.7 |   2405 | u_mul.result\[28\]$_DFFE_PN0P_/D
     998* |       0 |     367 |        0 |      0 |   219 |    +0.5% | -822.147 |  -583286.8 |  -997160.4 |   2405 | u_mul.result\[28\]$_DFFE_PN0P_/D
    1000* |       0 |     367 |        0 |      0 |   220 |    +0.5% | -822.147 |  -583286.2 |  -997160.9 |   2405 | u_mul.result\[28\]$_DFFE_PN0P_/D
    1000* |       0 |     367 |        0 |      0 |   220 |    +0.5% | -822.147 |  -583286.2 |  -997160.9 |   2405 | u_mul.result\[28\]$_DFFE_PN0P_/D
    1002* |       0 |     367 |        0 |      0 |   220 |    +0.5% | -822.147 |  -583286.2 |  -997160.9 |   2405 | u_mul.result\[28\]$_DFFE_PN0P_/D
    1004* |       0 |     367 |        0 |      0 |   220 |    +0.5% | -822.147 |  -583286.2 |  -997160.9 |   2405 | u_mul.result\[28\]$_DFFE_PN0P_/D
    1009* |       0 |     370 |        0 |      0 |   221 |    +0.5% | -822.147 |  -583293.8 |  -997186.9 |   2405 | u_mul.result\[28\]$_DFFE_PN0P_/D
    1010* |       0 |     370 |        0 |      0 |   221 |    +0.5% | -822.147 |  -583293.8 |  -997186.9 |   2405 | u_mul.result\[28\]$_DFFE_PN0P_/D
    1011* |       0 |     370 |        0 |      0 |   222 |    +0.5% | -822.147 |  -583293.8 |  -997187.1 |   2405 | u_mul.result\[28\]$_DFFE_PN0P_/D
    1013* |       0 |     370 |        0 |      0 |   223 |    +0.5% | -822.147 |  -583293.8 |  -997187.2 |   2405 | u_mul.result\[28\]$_DFFE_PN0P_/D
    1015* |       0 |     370 |        0 |      0 |   224 |    +0.5% | -822.147 |  -583293.8 |  -997187.5 |   2405 | u_mul.result\[28\]$_DFFE_PN0P_/D
    1017* |       0 |     370 |        0 |      0 |   225 |    +0.5% | -822.147 |  -583293.8 |  -997187.6 |   2405 | u_mul.result\[28\]$_DFFE_PN0P_/D
    1020* |       0 |     372 |        0 |      0 |   225 |    +0.5% | -822.147 |  -583063.5 |  -997100.6 |   2405 | u_mul.result\[28\]$_DFFE_PN0P_/D
    1024* |       0 |     375 |        0 |      0 |   225 |    +0.5% | -822.147 |  -583003.2 |  -997119.2 |   2405 | u_mul.result\[28\]$_DFFE_PN0P_/D
    1030* |       0 |     380 |        0 |      0 |   225 |    +0.5% | -822.147 |  -582706.9 |  -997038.2 |   2405 | u_mul.result\[28\]$_DFFE_PN0P_/D
    1031* |       0 |     380 |        0 |      0 |   225 |    +0.5% | -822.147 |  -582706.9 |  -997038.2 |   2405 | u_mul.result\[28\]$_DFFE_PN0P_/D
    1033* |       0 |     380 |        0 |      0 |   226 |    +0.5% | -822.147 |  -582705.5 |  -997038.4 |   2405 | u_mul.result\[28\]$_DFFE_PN0P_/D
    1039* |       0 |     384 |        0 |      0 |   227 |    +0.5% | -822.147 |  -582425.7 |  -996951.6 |   2405 | u_mul.result\[28\]$_DFFE_PN0P_/D
    1040* |       0 |     384 |        0 |      0 |   227 |    +0.5% | -822.147 |  -582425.7 |  -996951.6 |   2405 | u_mul.result\[28\]$_DFFE_PN0P_/D
    1041* |       0 |     384 |        0 |      0 |   228 |    +0.5% | -822.147 |  -582417.7 |  -996951.5 |   2405 | u_mul.result\[28\]$_DFFE_PN0P_/D
    1043* |       0 |     384 |        0 |      0 |   228 |    +0.5% | -822.147 |  -582417.7 |  -996951.5 |   2405 | u_mul.result\[28\]$_DFFE_PN0P_/D
    1045* |       0 |     384 |        0 |      0 |   228 |    +0.5% | -822.147 |  -582417.7 |  -996951.5 |   2405 | u_mul.result\[28\]$_DFFE_PN0P_/D
    1048* |       0 |     385 |        0 |      0 |   229 |    +0.5% | -822.147 |  -582364.5 |  -996948.9 |   2405 | u_mul.result\[28\]$_DFFE_PN0P_/D
    1050* |       0 |     385 |        0 |      0 |   230 |    +0.5% | -822.147 |  -582365.8 |  -996950.0 |   2405 | u_mul.result\[28\]$_DFFE_PN0P_/D
    1050* |       0 |     385 |        0 |      0 |   229 |    +0.5% | -822.147 |  -582364.5 |  -996948.9 |   2405 | u_mul.result\[28\]$_DFFE_PN0P_/D
    1052* |       0 |     385 |        0 |      0 |   229 |    +0.5% | -822.147 |  -582364.5 |  -996948.9 |   2405 | u_mul.result\[28\]$_DFFE_PN0P_/D
    1054* |       0 |     385 |        0 |      0 |   230 |    +0.5% | -822.147 |  -582350.6 |  -996949.1 |   2405 | u_mul.result\[28\]$_DFFE_PN0P_/D
    1056* |       0 |     385 |        0 |      0 |   231 |    +0.5% | -822.147 |  -582339.2 |  -996949.1 |   2405 | u_mul.result\[28\]$_DFFE_PN0P_/D
    1058* |       0 |     385 |        0 |      0 |   232 |    +0.5% | -822.147 |  -582329.1 |  -996949.3 |   2405 | u_mul.result\[28\]$_DFFE_PN0P_/D
    1060* |       0 |     385 |        0 |      0 |   233 |    +0.5% | -822.147 |  -582320.8 |  -996949.6 |   2405 | u_mul.result\[28\]$_DFFE_PN0P_/D
    1060* |       0 |     385 |        0 |      0 |   233 |    +0.5% | -822.147 |  -582320.8 |  -996949.6 |   2405 | u_mul.result\[28\]$_DFFE_PN0P_/D
    1062* |       0 |     385 |        0 |      0 |   234 |    +0.5% | -822.147 |  -582313.6 |  -996949.7 |   2405 | u_mul.result\[28\]$_DFFE_PN0P_/D
    1064* |       0 |     385 |        0 |      0 |   235 |    +0.5% | -822.147 |  -582299.2 |  -996949.8 |   2405 | u_mul.result\[28\]$_DFFE_PN0P_/D
    1066* |       0 |     385 |        0 |      0 |   236 |    +0.5% | -822.147 |  -582286.6 |  -996950.0 |   2405 | u_mul.result\[28\]$_DFFE_PN0P_/D
    1068* |       0 |     385 |        0 |      0 |   237 |    +0.5% | -822.147 |  -582269.2 |  -996950.1 |   2405 | u_mul.result\[28\]$_DFFE_PN0P_/D
    1070* |       0 |     385 |        0 |      0 |   238 |    +0.5% | -822.147 |  -582255.8 |  -996950.4 |   2405 | u_mul.result\[28\]$_DFFE_PN0P_/D
    1070* |       0 |     385 |        0 |      0 |   238 |    +0.5% | -822.147 |  -582255.8 |  -996950.4 |   2405 | u_mul.result\[28\]$_DFFE_PN0P_/D
    1072* |       0 |     385 |        0 |      0 |   239 |    +0.5% | -822.147 |  -582249.6 |  -996950.4 |   2405 | u_mul.result\[28\]$_DFFE_PN0P_/D
    1074* |       0 |     385 |        0 |      0 |   240 |    +0.5% | -822.147 |  -582235.7 |  -996950.7 |   2405 | u_mul.result\[28\]$_DFFE_PN0P_/D
    1076* |       0 |     385 |        0 |      0 |   241 |    +0.5% | -822.147 |  -582229.2 |  -996950.8 |   2405 | u_mul.result\[28\]$_DFFE_PN0P_/D
    1078* |       0 |     385 |        0 |      0 |   242 |    +0.5% | -822.147 |  -582221.3 |  -996950.9 |   2405 | u_mul.result\[28\]$_DFFE_PN0P_/D
    1080* |       0 |     386 |        0 |      0 |   242 |    +0.5% | -822.147 |  -582103.2 |  -996885.0 |   2405 | u_mul.result\[28\]$_DFFE_PN0P_/D
    1085* |       0 |     390 |        0 |      0 |   243 |    +0.6% | -822.147 |  -582025.6 |  -996864.4 |   2405 | u_mul.result\[28\]$_DFFE_PN0P_/D
    1087* |       0 |     390 |        0 |      0 |   243 |    +0.6% | -822.147 |  -582025.6 |  -996864.4 |   2405 | u_mul.result\[28\]$_DFFE_PN0P_/D
    1089* |       0 |     390 |        0 |      0 |   244 |    +0.6% | -822.147 |  -582014.6 |  -996864.6 |   2405 | u_mul.result\[28\]$_DFFE_PN0P_/D
    1090* |       0 |     390 |        0 |      0 |   244 |    +0.6% | -822.147 |  -582014.6 |  -996864.6 |   2405 | u_mul.result\[28\]$_DFFE_PN0P_/D
    1095* |       0 |     394 |        0 |      0 |   244 |    +0.6% | -822.147 |  -581587.1 |  -996768.1 |   2405 | u_mul.result\[28\]$_DFFE_PN0P_/D
    1097* |       0 |     394 |        0 |      0 |   244 |    +0.6% | -822.147 |  -581587.1 |  -996768.1 |   2405 | u_mul.result\[28\]$_DFFE_PN0P_/D
    1099* |       0 |     394 |        0 |      0 |   245 |    +0.6% | -822.147 |  -581586.6 |  -996768.2 |   2405 | u_mul.result\[28\]$_DFFE_PN0P_/D
    1100* |       0 |     394 |        0 |      0 |   245 |    +0.6% | -822.147 |  -581586.6 |  -996768.2 |   2405 | u_mul.result\[28\]$_DFFE_PN0P_/D
    1101* |       0 |     394 |        0 |      0 |   246 |    +0.6% | -822.147 |  -581585.1 |  -996768.3 |   2405 | u_mul.result\[28\]$_DFFE_PN0P_/D
    1103* |       0 |     394 |        0 |      0 |   247 |    +0.6% | -822.147 |  -581582.1 |  -996768.4 |   2405 | u_mul.result\[28\]$_DFFE_PN0P_/D
    1106* |       0 |     395 |        0 |      0 |   247 |    +0.6% | -822.147 |  -581525.2 |  -996777.2 |   2405 | u_mul.result\[28\]$_DFFE_PN0P_/D
    1108* |       0 |     395 |        0 |      0 |   248 |    +0.6% | -822.147 |  -581518.1 |  -996777.6 |   2405 | u_mul.result\[28\]$_DFFE_PN0P_/D
    1110* |       0 |     395 |        0 |      0 |   249 |    +0.6% | -822.147 |  -581516.2 |  -996777.8 |   2405 | u_mul.result\[28\]$_DFFE_PN0P_/D
    1110* |       0 |     395 |        0 |      0 |   249 |    +0.6% | -822.147 |  -581516.2 |  -996777.8 |   2405 | u_mul.result\[28\]$_DFFE_PN0P_/D
    1112* |       0 |     395 |        0 |      0 |   249 |    +0.6% | -822.147 |  -581516.2 |  -996777.8 |   2405 | u_mul.result\[28\]$_DFFE_PN0P_/D
    1114* |       0 |     395 |        0 |      0 |   250 |    +0.6% | -822.147 |  -581515.1 |  -996778.1 |   2405 | u_mul.result\[28\]$_DFFE_PN0P_/D
    1116* |       0 |     395 |        0 |      0 |   251 |    +0.6% | -822.147 |  -581513.9 |  -996778.4 |   2405 | u_mul.result\[28\]$_DFFE_PN0P_/D
    1118* |       0 |     395 |        0 |      0 |   252 |    +0.6% | -822.147 |  -581507.1 |  -996778.6 |   2405 | u_mul.result\[28\]$_DFFE_PN0P_/D
    1120* |       0 |     395 |        0 |      0 |   253 |    +0.6% | -822.147 |  -581509.3 |  -996779.7 |   2405 | u_mul.result\[28\]$_DFFE_PN0P_/D
    1120* |       0 |     395 |        0 |      0 |   252 |    +0.6% | -822.147 |  -581507.1 |  -996778.6 |   2405 | u_mul.result\[28\]$_DFFE_PN0P_/D
    1122* |       0 |     395 |        0 |      0 |   253 |    +0.6% | -822.147 |  -581506.6 |  -996778.9 |   2405 | u_mul.result\[28\]$_DFFE_PN0P_/D
    1124* |       0 |     395 |        0 |      0 |   254 |    +0.6% | -822.147 |  -581506.1 |  -996779.1 |   2405 | u_mul.result\[28\]$_DFFE_PN0P_/D
    1126* |       0 |     395 |        0 |      0 |   255 |    +0.6% | -822.147 |  -581500.9 |  -996779.5 |   2405 | u_mul.result\[28\]$_DFFE_PN0P_/D
    1128* |       0 |     395 |        0 |      0 |   256 |    +0.6% | -822.147 |  -581500.4 |  -996779.7 |   2405 | u_mul.result\[28\]$_DFFE_PN0P_/D
    1130* |       0 |     395 |        0 |      0 |   257 |    +0.6% | -822.147 |  -581494.7 |  -996779.9 |   2405 | u_mul.result\[28\]$_DFFE_PN0P_/D
    1130* |       0 |     395 |        0 |      0 |   257 |    +0.6% | -822.147 |  -581494.7 |  -996779.9 |   2405 | u_mul.result\[28\]$_DFFE_PN0P_/D
    1132* |       0 |     395 |        0 |      0 |   257 |    +0.6% | -822.147 |  -581494.7 |  -996779.9 |   2405 | u_mul.result\[28\]$_DFFE_PN0P_/D
    1134* |       0 |     395 |        0 |      0 |   258 |    +0.6% | -822.147 |  -581488.3 |  -996780.2 |   2405 | u_mul.result\[28\]$_DFFE_PN0P_/D
    1136* |       0 |     395 |        0 |      0 |   258 |    +0.6% | -822.147 |  -581488.3 |  -996780.2 |   2405 | u_mul.result\[28\]$_DFFE_PN0P_/D
    1138* |       0 |     395 |        0 |      0 |   258 |    +0.6% | -822.147 |  -581488.3 |  -996780.2 |   2405 | u_mul.result\[28\]$_DFFE_PN0P_/D
    1140* |       0 |     395 |        0 |      0 |   259 |    +0.6% | -822.147 |  -581487.8 |  -996780.9 |   2405 | u_mul.result\[28\]$_DFFE_PN0P_/D
    1140* |       0 |     395 |        0 |      0 |   258 |    +0.6% | -822.147 |  -581488.3 |  -996780.2 |   2405 | u_mul.result\[28\]$_DFFE_PN0P_/D
    1142* |       0 |     395 |        0 |      0 |   258 |    +0.6% | -822.147 |  -581488.3 |  -996780.2 |   2405 | u_mul.result\[28\]$_DFFE_PN0P_/D
    1144* |       0 |     395 |        0 |      0 |   258 |    +0.6% | -822.147 |  -581488.3 |  -996780.2 |   2405 | u_mul.result\[28\]$_DFFE_PN0P_/D
    1146* |       0 |     395 |        0 |      0 |   258 |    +0.6% | -822.147 |  -581488.3 |  -996780.2 |   2405 | u_mul.result\[28\]$_DFFE_PN0P_/D
    1148* |       0 |     395 |        0 |      0 |   258 |    +0.6% | -822.147 |  -581488.3 |  -996780.2 |   2405 | u_mul.result\[28\]$_DFFE_PN0P_/D
    1150* |       0 |     395 |        0 |      0 |   259 |    +0.6% | -822.147 |  -581488.2 |  -996779.6 |   2405 | u_mul.result\[28\]$_DFFE_PN0P_/D
    1150* |       0 |     395 |        0 |      0 |   259 |    +0.6% | -822.147 |  -581488.2 |  -996779.6 |   2405 | u_mul.result\[28\]$_DFFE_PN0P_/D
    1152* |       0 |     395 |        0 |      0 |   260 |    +0.6% | -822.147 |  -581487.8 |  -996779.0 |   2405 | u_mul.result\[28\]$_DFFE_PN0P_/D
    1158* |       0 |     399 |        0 |      0 |   261 |    +0.6% | -822.147 |  -581418.6 |  -996489.0 |   2405 | u_mul.result\[28\]$_DFFE_PN0P_/D
    1160* |       0 |     399 |        0 |      0 |   262 |    +0.6% | -822.147 |  -581418.6 |  -996488.7 |   2405 | u_mul.result\[28\]$_DFFE_PN0P_/D
    1160* |       0 |     399 |        0 |      0 |   262 |    +0.6% | -822.147 |  -581418.6 |  -996488.7 |   2405 | u_mul.result\[28\]$_DFFE_PN0P_/D
    1162* |       0 |     399 |        0 |      0 |   263 |    +0.6% | -822.147 |  -581418.6 |  -996488.4 |   2405 | u_mul.result\[28\]$_DFFE_PN0P_/D
    1164* |       0 |     399 |        0 |      0 |   264 |    +0.6% | -822.147 |  -581417.9 |  -996488.2 |   2405 | u_mul.result\[28\]$_DFFE_PN0P_/D
    1166* |       0 |     399 |        0 |      0 |   265 |    +0.6% | -822.147 |  -581417.0 |  -996487.1 |   2405 | u_mul.result\[28\]$_DFFE_PN0P_/D
    1168* |       0 |     399 |        0 |      0 |   266 |    +0.6% | -822.147 |  -581416.4 |  -996486.9 |   2405 | u_mul.result\[28\]$_DFFE_PN0P_/D
    1170* |       0 |     400 |        0 |      0 |   266 |    +0.6% | -822.147 |  -581148.4 |  -996457.4 |   2405 | u_mul.result\[28\]$_DFFE_PN0P_/D
    1174* |       0 |     403 |        0 |      0 |   266 |    +0.6% | -822.147 |  -581479.4 |  -996482.8 |   2405 | u_mul.result\[28\]$_DFFE_PN0P_/D
    1177* |       0 |     404 |        0 |      0 |   266 |    +0.6% | -822.147 |  -581479.4 |  -996484.9 |   2405 | u_mul.result\[28\]$_DFFE_PN0P_/D
    1180* |       0 |     405 |        0 |      0 |   267 |    +0.6% | -822.147 |  -581479.4 |  -996486.8 |   2405 | u_mul.result\[28\]$_DFFE_PN0P_/D
    1180* |       0 |     405 |        0 |      0 |   266 |    +0.6% | -822.147 |  -581479.4 |  -996486.9 |   2405 | u_mul.result\[28\]$_DFFE_PN0P_/D
    1183* |       0 |     406 |        0 |      0 |   266 |    +0.6% | -822.147 |  -581479.4 |  -996488.8 |   2405 | u_mul.result\[28\]$_DFFE_PN0P_/D
    1186* |       0 |     407 |        0 |      0 |   266 |    +0.6% | -822.147 |  -581479.4 |  -996490.1 |   2405 | u_mul.result\[28\]$_DFFE_PN0P_/D
    1189* |       0 |     408 |        0 |      0 |   266 |    +0.6% | -822.147 |  -581484.4 |  -996491.3 |   2405 | u_mul.result\[28\]$_DFFE_PN0P_/D
    1190* |       0 |     408 |        0 |      0 |   266 |    +0.6% | -822.147 |  -581484.4 |  -996491.3 |   2405 | u_mul.result\[28\]$_DFFE_PN0P_/D
    1191* |       0 |     408 |        0 |      0 |   266 |    +0.6% | -822.147 |  -581484.4 |  -996491.3 |   2405 | u_mul.result\[28\]$_DFFE_PN0P_/D
    1198* |       0 |     413 |        0 |      0 |   266 |    +0.6% | -822.147 |  -581484.4 |  -996461.1 |   2405 | u_mul.result\[28\]$_DFFE_PN0P_/D
    1200* |       0 |     413 |        0 |      0 |   267 |    +0.6% | -822.147 |  -581484.4 |  -996462.1 |   2405 | u_mul.result\[28\]$_DFFE_PN0P_/D
    1200* |       0 |     413 |        0 |      0 |   266 |    +0.6% | -822.147 |  -581484.4 |  -996461.1 |   2405 | u_mul.result\[28\]$_DFFE_PN0P_/D
    1202* |       0 |     413 |        0 |      0 |   266 |    +0.6% | -822.147 |  -581484.4 |  -996461.1 |   2405 | u_mul.result\[28\]$_DFFE_PN0P_/D
    1204* |       0 |     413 |        0 |      0 |   266 |    +0.6% | -822.147 |  -581484.4 |  -996461.1 |   2405 | u_mul.result\[28\]$_DFFE_PN0P_/D
    1206* |       0 |     413 |        0 |      0 |   266 |    +0.6% | -822.147 |  -581484.4 |  -996461.1 |   2405 | u_mul.result\[28\]$_DFFE_PN0P_/D
    1208* |       0 |     413 |        0 |      0 |   266 |    +0.6% | -822.147 |  -581484.4 |  -996461.1 |   2405 | u_mul.result\[28\]$_DFFE_PN0P_/D
    1210* |       0 |     413 |        0 |      0 |   267 |    +0.6% | -822.147 |  -581484.4 |  -996462.1 |   2405 | u_mul.result\[28\]$_DFFE_PN0P_/D
    1210* |       0 |     413 |        0 |      0 |   266 |    +0.6% | -822.147 |  -581484.4 |  -996461.1 |   2405 | u_mul.result\[28\]$_DFFE_PN0P_/D
    1212* |       0 |     413 |        0 |      0 |   266 |    +0.6% | -822.147 |  -581484.4 |  -996461.1 |   2405 | u_mul.result\[28\]$_DFFE_PN0P_/D
    1217* |       0 |     416 |        0 |      0 |   266 |    +0.6% | -822.147 |  -581484.4 |  -996516.8 |   2405 | u_mul.result\[28\]$_DFFE_PN0P_/D
    1220* |       0 |     418 |        0 |      0 |   266 |    +0.6% | -822.147 |  -581484.4 |  -996431.2 |   2405 | u_mul.result\[28\]$_DFFE_PN0P_/D
    1221* |       0 |     418 |        0 |      0 |   266 |    +0.6% | -822.147 |  -581484.4 |  -996431.2 |   2405 | u_mul.result\[28\]$_DFFE_PN0P_/D
    1223* |       0 |     418 |        0 |      0 |   266 |    +0.6% | -822.147 |  -581484.4 |  -996431.2 |   2405 | u_mul.result\[28\]$_DFFE_PN0P_/D
    1225* |       0 |     418 |        0 |      0 |   266 |    +0.6% | -822.147 |  -581484.4 |  -996431.2 |   2405 | u_mul.result\[28\]$_DFFE_PN0P_/D
    1227* |       0 |     418 |        0 |      0 |   266 |    +0.6% | -822.147 |  -581484.4 |  -996431.2 |   2405 | u_mul.result\[28\]$_DFFE_PN0P_/D
    1230* |       0 |     419 |        0 |      0 |   267 |    +0.6% | -822.147 |  -581484.4 |  -996433.4 |   2405 | u_mul.result\[28\]$_DFFE_PN0P_/D
    1230* |       0 |     419 |        0 |      0 |   266 |    +0.6% | -822.147 |  -581484.4 |  -996432.4 |   2405 | u_mul.result\[28\]$_DFFE_PN0P_/D
    1232* |       0 |     419 |        0 |      0 |   266 |    +0.6% | -822.147 |  -581484.4 |  -996432.4 |   2405 | u_mul.result\[28\]$_DFFE_PN0P_/D
    1234* |       0 |     419 |        0 |      0 |   266 |    +0.6% | -822.147 |  -581484.4 |  -996432.4 |   2405 | u_mul.result\[28\]$_DFFE_PN0P_/D
    1236* |       0 |     419 |        0 |      0 |   266 |    +0.6% | -822.147 |  -581484.4 |  -996432.4 |   2405 | u_mul.result\[28\]$_DFFE_PN0P_/D
    1238* |       0 |     419 |        0 |      0 |   266 |    +0.6% | -822.147 |  -581484.4 |  -996432.4 |   2405 | u_mul.result\[28\]$_DFFE_PN0P_/D
    1240* |       0 |     419 |        0 |      0 |   267 |    +0.6% | -822.147 |  -581484.4 |  -996433.4 |   2405 | u_mul.result\[28\]$_DFFE_PN0P_/D
    1240* |       0 |     419 |        0 |      0 |   266 |    +0.6% | -822.147 |  -581484.4 |  -996432.4 |   2405 | u_mul.result\[28\]$_DFFE_PN0P_/D
    1245* |       0 |     422 |        0 |      0 |   266 |    +0.6% | -822.147 |  -581484.4 |  -996407.4 |   2405 | u_mul.result\[28\]$_DFFE_PN0P_/D
    1247* |       0 |     422 |        0 |      0 |   266 |    +0.6% | -822.147 |  -581484.4 |  -996407.4 |   2405 | u_mul.result\[28\]$_DFFE_PN0P_/D
    1249* |       0 |     422 |        0 |      0 |   266 |    +0.6% | -822.147 |  -581484.4 |  -996407.4 |   2405 | u_mul.result\[28\]$_DFFE_PN0P_/D
    1250* |       0 |     422 |        0 |      0 |   266 |    +0.6% | -822.147 |  -581484.4 |  -996407.4 |   2405 | u_mul.result\[28\]$_DFFE_PN0P_/D
    1251* |       0 |     422 |        0 |      0 |   266 |    +0.6% | -822.147 |  -581484.4 |  -996407.4 |   2405 | u_mul.result\[28\]$_DFFE_PN0P_/D
    1253* |       0 |     422 |        0 |      0 |   266 |    +0.6% | -822.147 |  -581484.4 |  -996407.4 |   2405 | u_mul.result\[28\]$_DFFE_PN0P_/D
    1255* |       0 |     422 |        0 |      0 |   266 |    +0.6% | -822.147 |  -581484.4 |  -996407.4 |   2405 | u_mul.result\[28\]$_DFFE_PN0P_/D
    1257* |       0 |     422 |        0 |      0 |   266 |    +0.6% | -822.147 |  -581484.4 |  -996407.4 |   2405 | u_mul.result\[28\]$_DFFE_PN0P_/D
    1259* |       0 |     422 |        0 |      0 |   266 |    +0.6% | -822.147 |  -581484.4 |  -996407.4 |   2405 | u_mul.result\[28\]$_DFFE_PN0P_/D
    1260* |       0 |     422 |        0 |      0 |   266 |    +0.6% | -822.147 |  -581484.4 |  -996407.4 |   2405 | u_mul.result\[28\]$_DFFE_PN0P_/D
    1261* |       0 |     422 |        0 |      0 |   266 |    +0.6% | -822.147 |  -581484.4 |  -996407.4 |   2405 | u_mul.result\[28\]$_DFFE_PN0P_/D
    1263* |       0 |     422 |        0 |      0 |   266 |    +0.6% | -822.147 |  -581484.4 |  -996407.4 |   2405 | u_mul.result\[28\]$_DFFE_PN0P_/D
    1265* |       0 |     422 |        0 |      0 |   266 |    +0.6% | -822.147 |  -581484.4 |  -996407.4 |   2405 | u_mul.result\[28\]$_DFFE_PN0P_/D
    1267* |       0 |     422 |        0 |      0 |   267 |    +0.6% | -822.147 |  -581484.4 |  -996407.6 |   2405 | u_mul.result\[28\]$_DFFE_PN0P_/D
    1269* |       0 |     422 |        0 |      0 |   268 |    +0.6% | -822.147 |  -581484.4 |  -996407.8 |   2405 | u_mul.result\[28\]$_DFFE_PN0P_/D
    1270* |       0 |     422 |        0 |      0 |   268 |    +0.6% | -822.147 |  -581484.4 |  -996407.8 |   2405 | u_mul.result\[28\]$_DFFE_PN0P_/D
    1271* |       0 |     422 |        0 |      0 |   269 |    +0.6% | -822.147 |  -581484.4 |  -996407.9 |   2405 | u_mul.result\[28\]$_DFFE_PN0P_/D
    1273* |       0 |     422 |        0 |      0 |   270 |    +0.6% | -822.147 |  -581484.4 |  -996408.2 |   2405 | u_mul.result\[28\]$_DFFE_PN0P_/D
    1278* |       0 |     425 |        0 |      0 |   271 |    +0.6% | -822.147 |  -581486.6 |  -996436.5 |   2405 | u_mul.result\[28\]$_DFFE_PN0P_/D
    1280* |       0 |     425 |        0 |      0 |   272 |    +0.6% | -822.147 |  -581486.6 |  -996436.4 |   2405 | u_mul.result\[28\]$_DFFE_PN0P_/D
    1280* |       0 |     425 |        0 |      0 |   272 |    +0.6% | -822.147 |  -581486.6 |  -996436.4 |   2405 | u_mul.result\[28\]$_DFFE_PN0P_/D
    1282* |       0 |     425 |        0 |      0 |   273 |    +0.6% | -822.147 |  -581486.6 |  -996436.1 |   2405 | u_mul.result\[28\]$_DFFE_PN0P_/D
    1284* |       0 |     425 |        0 |      0 |   274 |    +0.6% | -822.147 |  -581486.6 |  -996436.4 |   2405 | u_mul.result\[28\]$_DFFE_PN0P_/D
    1286* |       0 |     425 |        0 |      0 |   275 |    +0.6% | -822.147 |  -581486.6 |  -996436.2 |   2405 | u_mul.result\[28\]$_DFFE_PN0P_/D
    1290* |       0 |     427 |        0 |      0 |   276 |    +0.6% | -822.147 |  -581486.6 |  -996390.2 |   2405 | u_mul.result\[28\]$_DFFE_PN0P_/D
    1290* |       0 |     427 |        0 |      0 |   276 |    +0.6% | -822.147 |  -581486.6 |  -996390.2 |   2405 | u_mul.result\[28\]$_DFFE_PN0P_/D
    1292* |       0 |     427 |        0 |      0 |   277 |    +0.6% | -822.147 |  -581486.6 |  -996390.3 |   2405 | u_mul.result\[28\]$_DFFE_PN0P_/D
    1294* |       0 |     427 |        0 |      0 |   278 |    +0.6% | -822.147 |  -581486.6 |  -996390.4 |   2405 | u_mul.result\[28\]$_DFFE_PN0P_/D
    1296* |       0 |     427 |        0 |      0 |   279 |    +0.6% | -822.147 |  -581486.6 |  -996390.7 |   2405 | u_mul.result\[28\]$_DFFE_PN0P_/D
    1298* |       0 |     427 |        0 |      0 |   280 |    +0.6% | -822.147 |  -581486.6 |  -996390.9 |   2405 | u_mul.result\[28\]$_DFFE_PN0P_/D
    1300* |       0 |     427 |        0 |      0 |   281 |    +0.6% | -822.147 |  -581486.6 |  -996391.1 |   2405 | u_mul.result\[28\]$_DFFE_PN0P_/D
    1300* |       0 |     427 |        0 |      0 |   281 |    +0.6% | -822.147 |  -581486.6 |  -996391.1 |   2405 | u_mul.result\[28\]$_DFFE_PN0P_/D
    1305* |       0 |     430 |        0 |      0 |   282 |    +0.6% | -822.147 |  -581508.4 |  -996417.8 |   2405 | u_mul.result\[28\]$_DFFE_PN0P_/D
    1307* |       0 |     430 |        0 |      0 |   283 |    +0.6% | -822.147 |  -581508.4 |  -996417.5 |   2405 | u_mul.result\[28\]$_DFFE_PN0P_/D
    1309* |       0 |     430 |        0 |      0 |   284 |    +0.6% | -822.147 |  -581508.4 |  -996417.4 |   2405 | u_mul.result\[28\]$_DFFE_PN0P_/D
    1310* |       0 |     430 |        0 |      0 |   284 |    +0.6% | -822.147 |  -581508.4 |  -996417.4 |   2405 | u_mul.result\[28\]$_DFFE_PN0P_/D
    1311* |       0 |     430 |        0 |      0 |   285 |    +0.6% | -822.147 |  -581508.4 |  -996417.6 |   2405 | u_mul.result\[28\]$_DFFE_PN0P_/D
    1313* |       0 |     430 |        0 |      0 |   286 |    +0.6% | -822.147 |  -581508.4 |  -996417.5 |   2405 | u_mul.result\[28\]$_DFFE_PN0P_/D
    1315* |       0 |     430 |        0 |      0 |   287 |    +0.6% | -822.147 |  -581508.4 |  -996417.8 |   2405 | u_mul.result\[28\]$_DFFE_PN0P_/D
    1317* |       0 |     430 |        0 |      0 |   288 |    +0.6% | -822.147 |  -581508.4 |  -996418.1 |   2405 | u_mul.result\[28\]$_DFFE_PN0P_/D
    1319* |       0 |     430 |        0 |      0 |   289 |    +0.6% | -822.147 |  -581508.4 |  -996418.3 |   2405 | u_mul.result\[28\]$_DFFE_PN0P_/D
    1320* |       0 |     430 |        0 |      0 |   289 |    +0.6% | -822.147 |  -581508.4 |  -996418.3 |   2405 | u_mul.result\[28\]$_DFFE_PN0P_/D
    1321* |       0 |     430 |        0 |      0 |   290 |    +0.6% | -822.147 |  -581508.4 |  -996418.5 |   2405 | u_mul.result\[28\]$_DFFE_PN0P_/D
    1323* |       0 |     430 |        0 |      0 |   291 |    +0.6% | -822.147 |  -581508.4 |  -996418.6 |   2405 | u_mul.result\[28\]$_DFFE_PN0P_/D
    1326* |       0 |     431 |        0 |      0 |   291 |    +0.6% | -822.147 |  -581518.1 |  -996420.0 |   2405 | u_mul.result\[28\]$_DFFE_PN0P_/D
    1328* |       0 |     431 |        0 |      0 |   292 |    +0.6% | -822.147 |  -581517.6 |  -996420.1 |   2405 | u_mul.result\[28\]$_DFFE_PN0P_/D
    1330* |       0 |     432 |        0 |      0 |   292 |    +0.6% | -822.147 |  -581517.7 |  -996379.3 |   2405 | u_mul.result\[28\]$_DFFE_PN0P_/D
    1332* |       0 |     433 |        0 |      0 |   293 |    +0.6% | -822.147 |  -581517.8 |  -996375.4 |   2405 | u_mul.result\[28\]$_DFFE_PN0P_/D
    1339* |       0 |     438 |        0 |      0 |   294 |    +0.6% | -822.147 |  -581539.4 |  -996353.1 |   2405 | u_mul.result\[28\]$_DFFE_PN0P_/D
    1340* |       0 |     438 |        0 |      0 |   294 |    +0.6% | -822.147 |  -581539.4 |  -996353.1 |   2405 | u_mul.result\[28\]$_DFFE_PN0P_/D
    1341* |       0 |     438 |        0 |      0 |   295 |    +0.6% | -822.147 |  -581539.4 |  -996353.2 |   2405 | u_mul.result\[28\]$_DFFE_PN0P_/D
    1343* |       0 |     438 |        0 |      0 |   296 |    +0.6% | -822.147 |  -581539.4 |  -996353.5 |   2405 | u_mul.result\[28\]$_DFFE_PN0P_/D
    1345* |       0 |     438 |        0 |      0 |   297 |    +0.6% | -822.147 |  -581539.4 |  -996353.8 |   2405 | u_mul.result\[28\]$_DFFE_PN0P_/D
    1347* |       0 |     438 |        0 |      0 |   298 |    +0.6% | -822.147 |  -581539.4 |  -996353.9 |   2405 | u_mul.result\[28\]$_DFFE_PN0P_/D
    1349* |       0 |     438 |        0 |      0 |   299 |    +0.6% | -822.147 |  -581539.4 |  -996354.2 |   2405 | u_mul.result\[28\]$_DFFE_PN0P_/D
    1350* |       0 |     438 |        0 |      0 |   299 |    +0.6% | -822.147 |  -581539.4 |  -996354.2 |   2405 | u_mul.result\[28\]$_DFFE_PN0P_/D
    1354* |       0 |     441 |        0 |      0 |   300 |    +0.6% | -822.147 |  -581506.5 |  -996329.2 |   2405 | u_mul.result\[28\]$_DFFE_PN0P_/D
    1356* |       0 |     441 |        0 |      0 |   301 |    +0.6% | -822.147 |  -581506.5 |  -996329.5 |   2405 | u_mul.result\[28\]$_DFFE_PN0P_/D
    1358* |       0 |     441 |        0 |      0 |   302 |    +0.6% | -822.147 |  -581506.5 |  -996329.8 |   2405 | u_mul.result\[28\]$_DFFE_PN0P_/D
    1360* |       0 |     441 |        0 |      0 |   303 |    +0.6% | -822.147 |  -581506.5 |  -996329.9 |   2405 | u_mul.result\[28\]$_DFFE_PN0P_/D
    1360* |       0 |     441 |        0 |      0 |   303 |    +0.6% | -822.147 |  -581506.5 |  -996329.9 |   2405 | u_mul.result\[28\]$_DFFE_PN0P_/D
    1362* |       0 |     441 |        0 |      0 |   304 |    +0.6% | -822.147 |  -581506.5 |  -996330.1 |   2405 | u_mul.result\[28\]$_DFFE_PN0P_/D
    1364* |       0 |     441 |        0 |      0 |   305 |    +0.6% | -822.147 |  -581506.5 |  -996330.3 |   2405 | u_mul.result\[28\]$_DFFE_PN0P_/D
    1366* |       0 |     441 |        0 |      0 |   306 |    +0.6% | -822.147 |  -581506.5 |  -996330.6 |   2405 | u_mul.result\[28\]$_DFFE_PN0P_/D
    1368* |       0 |     441 |        0 |      0 |   307 |    +0.6% | -822.147 |  -581506.5 |  -996330.6 |   2405 | u_mul.result\[28\]$_DFFE_PN0P_/D
    1370* |       0 |     441 |        0 |      0 |   308 |    +0.6% | -822.147 |  -581506.5 |  -996330.9 |   2405 | u_mul.result\[28\]$_DFFE_PN0P_/D
    1370* |       0 |     441 |        0 |      0 |   308 |    +0.6% | -822.147 |  -581506.5 |  -996330.9 |   2405 | u_mul.result\[28\]$_DFFE_PN0P_/D
    1372* |       0 |     441 |        0 |      0 |   309 |    +0.6% | -822.147 |  -581506.5 |  -996331.1 |   2405 | u_mul.result\[28\]$_DFFE_PN0P_/D
    1374* |       0 |     441 |        0 |      0 |   310 |    +0.6% | -822.147 |  -581506.5 |  -996331.3 |   2405 | u_mul.result\[28\]$_DFFE_PN0P_/D
    1376* |       0 |     441 |        0 |      0 |   311 |    +0.6% | -822.147 |  -581506.5 |  -996331.4 |   2405 | u_mul.result\[28\]$_DFFE_PN0P_/D
    1378* |       0 |     441 |        0 |      0 |   312 |    +0.6% | -822.147 |  -581506.5 |  -996331.7 |   2405 | u_mul.result\[28\]$_DFFE_PN0P_/D
    1380* |       0 |     441 |        0 |      0 |   313 |    +0.6% | -822.147 |  -581506.5 |  -996331.9 |   2405 | u_mul.result\[28\]$_DFFE_PN0P_/D
    1380* |       0 |     441 |        0 |      0 |   313 |    +0.6% | -822.147 |  -581506.5 |  -996331.9 |   2405 | u_mul.result\[28\]$_DFFE_PN0P_/D
    1382* |       0 |     441 |        0 |      0 |   314 |    +0.6% | -822.147 |  -581506.5 |  -996332.1 |   2405 | u_mul.result\[28\]$_DFFE_PN0P_/D
    1384* |       0 |     441 |        0 |      0 |   315 |    +0.6% | -822.147 |  -581506.5 |  -996332.4 |   2405 | u_mul.result\[28\]$_DFFE_PN0P_/D
    1386* |       0 |     441 |        0 |      0 |   316 |    +0.6% | -822.147 |  -581506.5 |  -996332.4 |   2405 | u_mul.result\[28\]$_DFFE_PN0P_/D
    1388* |       0 |     441 |        0 |      0 |   317 |    +0.6% | -822.147 |  -581506.5 |  -996332.7 |   2405 | u_mul.result\[28\]$_DFFE_PN0P_/D
    1390* |       0 |     441 |        0 |      0 |   318 |    +0.6% | -822.147 |  -581506.5 |  -996332.9 |   2405 | u_mul.result\[28\]$_DFFE_PN0P_/D
    1390* |       0 |     441 |        0 |      0 |   318 |    +0.6% | -822.147 |  -581506.5 |  -996332.9 |   2405 | u_mul.result\[28\]$_DFFE_PN0P_/D
    1392* |       0 |     441 |        0 |      0 |   318 |    +0.6% | -822.147 |  -581506.5 |  -996332.9 |   2405 | u_mul.result\[28\]$_DFFE_PN0P_/D
    1394* |       0 |     441 |        0 |      0 |   319 |    +0.6% | -822.147 |  -581505.9 |  -996333.1 |   2405 | u_mul.result\[28\]$_DFFE_PN0P_/D
    1396* |       0 |     441 |        0 |      0 |   320 |    +0.6% | -822.147 |  -581505.5 |  -996333.2 |   2405 | u_mul.result\[28\]$_DFFE_PN0P_/D
    1397* |       0 |     441 |        0 |      0 |   320 |    +0.6% | -822.147 |  -581505.5 |  -996333.2 |   2405 | u_mul.result\[28\]$_DFFE_PN0P_/D
    1400* |       0 |     442 |        0 |      0 |   321 |    +0.6% | -822.147 |  -581505.5 |  -996337.2 |   2405 | u_mul.result\[28\]$_DFFE_PN0P_/D
    1400* |       0 |     442 |        0 |      0 |   320 |    +0.6% | -822.147 |  -581505.5 |  -996337.8 |   2405 | u_mul.result\[28\]$_DFFE_PN0P_/D
    1400* |       0 |     442 |        0 |      0 |   320 |    +0.6% | -822.147 |  -581505.5 |  -996337.8 |   2405 | u_mul.result\[28\]$_DFFE_PN0P_/D
    final |       0 |     442 |        0 |      0 |   320 |    +0.6% | -822.147 |  -581505.5 |  -996337.8 |   2405 | u_mul.result\[28\]$_DFFE_PN0P_/D
------------------------------------------------------------------------------------------------------------------------------
[INFO RSZ-0051] Resized 442 instances: 442 up, 0 up match, 0 down, 0 VT
[INFO RSZ-0043] Swapped pins on 320 instances.
[WARNING RSZ-0062] Unable to repair all setup violations.
Took 80 seconds: repair_timing -setup_margin 0 -hold_margin 0 -repair_tns 100 -setup -skip_last_gasp -sequence unbuffer,sizeup,swap,vt_swap -verbose
Default units for flow
 time 1ps
 capacitance 1fF
 resistance 1kohm
 voltage 1v
 current 1mA
 power 1pW
 distance 1um
   Layer   | Unit Resistance | Unit Capacitance 
           |       (kohm/um) |          (fF/um)
------------------------------------------------
        M1 |        7.04e-02 |         1.00e-10
        M2 |        2.97e-02 |         1.75e-01
        M3 |        3.13e-02 |         1.56e-01
        M4 |        1.80e-02 |         1.78e-01
        M5 |        1.90e-02 |         1.64e-01
        M6 |        1.19e-02 |         1.87e-01
        M7 |        1.25e-02 |         1.63e-01
        M8 |        8.45e-03 |         1.04e-01
        M9 |        8.90e-03 |         9.28e-02
       Pad |        0.00e+00 |         0.00e+00
------------------------------------------------

   Layer   | Via Resistance 
           |         (kohm) 
----------------------------
        V1 |       1.72e-02 
        V2 |       1.72e-02 
        V3 |       1.72e-02 
        V4 |       1.18e-02 
        V5 |       1.18e-02 
        V6 |       8.20e-03 
        V7 |       8.20e-03 
        V8 |       6.30e-03 
        V9 |       6.30e-03 
----------------------------
Report metrics stage 2, floorplan final...

==========================================================================
floorplan final report_design_area
--------------------------------------------------------------------------
Design area 3450 um^2 46% utilization.
write_db ./results/asap7/rv32imc_top/base/2_1_floorplan.odb
write_sdc -no_timestamp ./results/asap7/rv32imc_top/base/2_1_floorplan.sdc
Elapsed time: 1:34.33[h:]min:sec. CPU time: user 67.43 sys 1.45 (73%). Peak memory: 330684KB.
Log                       Ext     Elapsed/s Peak Memory/MB sha1sum result [0:20)
2_1_floorplan             .odb           94            322 adb7c85bddc77764d92b
2_1_floorplan             .sdc                             94e1f13c39f6e62f5a1e
/home/hatch/workspace/rv32imc-cpu/tools/orfs/flow/scripts/flow.sh 2_2_floorplan_macro macro_place
Running macro_place.tcl, stage 2_2_floorplan_macro
source /home/hatch/workspace/rv32imc-cpu/tools/orfs/flow/platforms/asap7/liberty_suppressions.tcl
read_liberty /home/hatch/workspace/rv32imc-cpu/tools/orfs/flow/platforms/asap7/lib/NLDM/asap7sc7p5t_AO_RVT_FF_nldm_211120.lib.gz
read_liberty /home/hatch/workspace/rv32imc-cpu/tools/orfs/flow/platforms/asap7/lib/NLDM/asap7sc7p5t_INVBUF_RVT_FF_nldm_220122.lib.gz
read_liberty /home/hatch/workspace/rv32imc-cpu/tools/orfs/flow/platforms/asap7/lib/NLDM/asap7sc7p5t_OA_RVT_FF_nldm_211120.lib.gz
read_liberty /home/hatch/workspace/rv32imc-cpu/tools/orfs/flow/platforms/asap7/lib/NLDM/asap7sc7p5t_SIMPLE_RVT_FF_nldm_211120.lib.gz
read_liberty /home/hatch/workspace/rv32imc-cpu/tools/orfs/flow/platforms/asap7/lib/NLDM/asap7sc7p5t_SEQ_RVT_FF_nldm_220123.lib
read_db ./results/asap7/rv32imc_top/base/2_1_floorplan.odb
read_sdc ./results/asap7/rv32imc_top/base/2_1_floorplan.sdc
source /home/hatch/workspace/rv32imc-cpu/tools/orfs/flow/platforms/asap7/setRC.tcl
No macros found: Skipping macro_placement
Design area 3450 um^2 46% utilization.
write_db ./results/asap7/rv32imc_top/base/2_2_floorplan_macro.odb
Elapsed time: 0:03.54[h:]min:sec. CPU time: user 2.43 sys 0.15 (72%). Peak memory: 241684KB.
Log                       Ext     Elapsed/s Peak Memory/MB sha1sum result [0:20)
2_2_floorplan_macro       .odb            3            236 adb7c85bddc77764d92b
/home/hatch/workspace/rv32imc-cpu/tools/orfs/flow/scripts/flow.sh 2_3_floorplan_tapcell tapcell
Running tapcell.tcl, stage 2_3_floorplan_tapcell
source /home/hatch/workspace/rv32imc-cpu/tools/orfs/flow/platforms/asap7/liberty_suppressions.tcl
read_liberty /home/hatch/workspace/rv32imc-cpu/tools/orfs/flow/platforms/asap7/lib/NLDM/asap7sc7p5t_AO_RVT_FF_nldm_211120.lib.gz
read_liberty /home/hatch/workspace/rv32imc-cpu/tools/orfs/flow/platforms/asap7/lib/NLDM/asap7sc7p5t_INVBUF_RVT_FF_nldm_220122.lib.gz
read_liberty /home/hatch/workspace/rv32imc-cpu/tools/orfs/flow/platforms/asap7/lib/NLDM/asap7sc7p5t_OA_RVT_FF_nldm_211120.lib.gz
read_liberty /home/hatch/workspace/rv32imc-cpu/tools/orfs/flow/platforms/asap7/lib/NLDM/asap7sc7p5t_SIMPLE_RVT_FF_nldm_211120.lib.gz
read_liberty /home/hatch/workspace/rv32imc-cpu/tools/orfs/flow/platforms/asap7/lib/NLDM/asap7sc7p5t_SEQ_RVT_FF_nldm_220123.lib
read_db ./results/asap7/rv32imc_top/base/2_2_floorplan_macro.odb
read_sdc ./results/asap7/rv32imc_top/base/2_1_floorplan.sdc
source /home/hatch/workspace/rv32imc-cpu/tools/orfs/flow/platforms/asap7/setRC.tcl
Tap and End Cap cell insertion
  TAP Cell          : TAPCELL_ASAP7_75t_R
  ENDCAP Cell       : TAPCELL_ASAP7_75t_R
  Halo Around Macro : 2 2
  TAP Cell Distance : 25
[INFO TAP-0004] Inserted 642 endcaps.
[INFO TAP-0005] Inserted 484 tapcells.
Design area 3483 um^2 46% utilization.
write_db ./results/asap7/rv32imc_top/base/2_3_floorplan_tapcell.odb
Elapsed time: 0:03.44[h:]min:sec. CPU time: user 2.38 sys 0.15 (73%). Peak memory: 224580KB.
Log                       Ext     Elapsed/s Peak Memory/MB sha1sum result [0:20)
2_3_floorplan_tapcell     .odb            3            219 dcea7e7ab8b5a94e10d8
/home/hatch/workspace/rv32imc-cpu/tools/orfs/flow/scripts/flow.sh 2_4_floorplan_pdn pdn
Running pdn.tcl, stage 2_4_floorplan_pdn
source /home/hatch/workspace/rv32imc-cpu/tools/orfs/flow/platforms/asap7/liberty_suppressions.tcl
read_liberty /home/hatch/workspace/rv32imc-cpu/tools/orfs/flow/platforms/asap7/lib/NLDM/asap7sc7p5t_AO_RVT_FF_nldm_211120.lib.gz
read_liberty /home/hatch/workspace/rv32imc-cpu/tools/orfs/flow/platforms/asap7/lib/NLDM/asap7sc7p5t_INVBUF_RVT_FF_nldm_220122.lib.gz
read_liberty /home/hatch/workspace/rv32imc-cpu/tools/orfs/flow/platforms/asap7/lib/NLDM/asap7sc7p5t_OA_RVT_FF_nldm_211120.lib.gz
read_liberty /home/hatch/workspace/rv32imc-cpu/tools/orfs/flow/platforms/asap7/lib/NLDM/asap7sc7p5t_SIMPLE_RVT_FF_nldm_211120.lib.gz
read_liberty /home/hatch/workspace/rv32imc-cpu/tools/orfs/flow/platforms/asap7/lib/NLDM/asap7sc7p5t_SEQ_RVT_FF_nldm_220123.lib
read_db ./results/asap7/rv32imc_top/base/2_3_floorplan_tapcell.odb
read_sdc ./results/asap7/rv32imc_top/base/2_1_floorplan.sdc
source /home/hatch/workspace/rv32imc-cpu/tools/orfs/flow/platforms/asap7/setRC.tcl
[INFO PDN-0001] Inserting grid: top
Design area 3483 um^2 46% utilization.
write_db ./results/asap7/rv32imc_top/base/2_4_floorplan_pdn.odb
Elapsed time: 0:04.35[h:]min:sec. CPU time: user 2.81 sys 0.21 (69%). Peak memory: 248436KB.
Log                       Ext     Elapsed/s Peak Memory/MB sha1sum result [0:20)
2_4_floorplan_pdn         .odb            4            242 71bcad5575c94b43db7f
cp ./results/asap7/rv32imc_top/base/2_4_floorplan_pdn.odb ./results/asap7/rv32imc_top/base/2_floorplan.odb
cp ./results/asap7/rv32imc_top/base/2_1_floorplan.sdc ./results/asap7/rv32imc_top/base/2_floorplan.sdc
/home/hatch/workspace/rv32imc-cpu/tools/orfs/flow/scripts/flow.sh 3_1_place_gp_skip_io global_place_skip_io
Running global_place_skip_io.tcl, stage 3_1_place_gp_skip_io
source /home/hatch/workspace/rv32imc-cpu/tools/orfs/flow/platforms/asap7/liberty_suppressions.tcl
read_liberty /home/hatch/workspace/rv32imc-cpu/tools/orfs/flow/platforms/asap7/lib/NLDM/asap7sc7p5t_AO_RVT_FF_nldm_211120.lib.gz
read_liberty /home/hatch/workspace/rv32imc-cpu/tools/orfs/flow/platforms/asap7/lib/NLDM/asap7sc7p5t_INVBUF_RVT_FF_nldm_220122.lib.gz
read_liberty /home/hatch/workspace/rv32imc-cpu/tools/orfs/flow/platforms/asap7/lib/NLDM/asap7sc7p5t_OA_RVT_FF_nldm_211120.lib.gz
read_liberty /home/hatch/workspace/rv32imc-cpu/tools/orfs/flow/platforms/asap7/lib/NLDM/asap7sc7p5t_SIMPLE_RVT_FF_nldm_211120.lib.gz
read_liberty /home/hatch/workspace/rv32imc-cpu/tools/orfs/flow/platforms/asap7/lib/NLDM/asap7sc7p5t_SEQ_RVT_FF_nldm_220123.lib
read_db ./results/asap7/rv32imc_top/base/2_floorplan.odb
read_sdc ./results/asap7/rv32imc_top/base/2_floorplan.sdc
source /home/hatch/workspace/rv32imc-cpu/tools/orfs/flow/platforms/asap7/setRC.tcl
global_placement -skip_io -density 0.6 -pad_left 0 -pad_right 0
[INFO GPL-0001] ---- Initialize GPL Main Data Structures
[INFO GPL-0002] DBU: 1000
[INFO GPL-0003] SiteSize: (  0.054  0.270 ) um
[INFO GPL-0004] CoreBBox: (  2.052  2.160 ) ( 88.830 88.830 ) um
[INFO GPL-0036] Movable instances area:       3449.876 um^2
[INFO GPL-0037] Total instances area:         3482.710 um^2
[INFO GPL-0035] Pin density area adjust:       263.109 um^2
[INFO GPL-0032] ---- Initialize Region: Top-level
[INFO GPL-0006] Number of instances:             31708
[INFO GPL-0007] Movable instances:               30582
[INFO GPL-0008] Fixed instances:                  1126
[INFO GPL-0009] Dummy instances:                     0
[INFO GPL-0010] Number of nets:                  33761
[INFO GPL-0011] Number of pins:                  98871
[INFO GPL-0012] Die BBox:  (  0.000  0.000 ) ( 90.870 90.870 ) um
[INFO GPL-0013] Core BBox: (  2.052  2.160 ) ( 88.830 88.830 ) um
[INFO GPL-0016] Core area:                    7521.049 um^2
[INFO GPL-0014] Region name: top-level.
[INFO GPL-0015] Region area:                  7521.049 um^2
[INFO GPL-0017] Fixed instances area:           32.834 um^2
[INFO GPL-0018] Movable instances area:       3712.985 um^2
[INFO GPL-0019] Utilization:                    49.584 %
[INFO GPL-0020] Standard cells area:          3712.985 um^2
[INFO GPL-0021] Large instances area:            0.000 um^2
[INFO GPL-0005] ---- Execute Conjugate Gradient Initial Placement.
[INFO GPL-0051] Source of initial instance position counters:
	Odb location = 0	Core center = 30582	Region center = 0
[INFO GPL-0033] ---- Initialize Nesterov Region: Top-level
[INFO GPL-0023] Placement target density:       0.6000
[INFO GPL-0024] Movable insts average area:      0.121 um^2
[INFO GPL-0025] Ideal bin area:                  0.202 um^2
[INFO GPL-0026] Ideal bin count:                 37168
[INFO GPL-0027] Total bin area:               7521.049 um^2
[INFO GPL-0028] Bin count (X, Y):         128 ,    128
[INFO GPL-0029] Bin size (W * H):       0.678 *  0.677 um
[INFO GPL-0030] Number of bins:                  16384
[INFO GPL-0084] ---- Execute Nesterov Global Placement.
[INFO GPL-0031] HPWL: Half-Perimeter Wirelength
Iteration | Overflow |     HPWL (um) |  HPWL(%) |   Penalty | Group
---------------------------------------------------------------
        0 |   0.9961 |  2.297453e+04 |   +0.00% |  8.15e-14 |      
       10 |   0.9971 |  5.514932e+03 |  -76.00% |  1.33e-13 |      
       20 |   0.9971 |  5.131162e+03 |   -6.96% |  2.16e-13 |      
       30 |   0.9971 |  5.040143e+03 |   -1.77% |  3.52e-13 |      
       40 |   0.9971 |  5.000820e+03 |   -0.78% |  5.74e-13 |      
       50 |   0.9970 |  4.986378e+03 |   -0.29% |  9.35e-13 |      
       60 |   0.9969 |  4.987165e+03 |   +0.02% |  1.52e-12 |      
       70 |   0.9968 |  5.006240e+03 |   +0.38% |  2.48e-12 |      
       80 |   0.9968 |  5.065411e+03 |   +1.18% |  4.04e-12 |      
       90 |   0.9967 |  5.238852e+03 |   +3.42% |  6.58e-12 |      
      100 |   0.9963 |  5.669463e+03 |   +8.22% |  1.07e-11 |      
      110 |   0.9955 |  6.448943e+03 |  +13.75% |  1.75e-11 |      
      120 |   0.9943 |  7.823084e+03 |  +21.31% |  2.84e-11 |      
      130 |   0.9918 |  9.755876e+03 |  +24.71% |  4.63e-11 |      
      140 |   0.9879 |  1.209778e+04 |  +24.01% |  7.54e-11 |      
      150 |   0.9824 |  1.510450e+04 |  +24.85% |  1.23e-10 |      
      160 |   0.9747 |  1.917765e+04 |  +26.97% |  2.00e-10 |      
      170 |   0.9634 |  2.384587e+04 |  +24.34% |  3.26e-10 |      
      180 |   0.9488 |  2.881000e+04 |  +20.82% |  5.30e-10 |      
      190 |   0.9306 |  3.440938e+04 |  +19.44% |  8.63e-10 |      
      200 |   0.9075 |  3.964225e+04 |  +15.21% |  1.40e-09 |      
      210 |   0.8807 |  4.582430e+04 |  +15.59% |  2.29e-09 |      
      220 |   0.8495 |  5.224299e+04 |  +14.01% |  3.72e-09 |      
      230 |   0.8159 |  5.869433e+04 |  +12.35% |  6.06e-09 |      
      240 |   0.7810 |  6.543663e+04 |  +11.49% |  9.86e-09 |      
      250 |   0.7440 |  7.199197e+04 |  +10.02% |  1.61e-08 |      
      260 |   0.7017 |  7.847760e+04 |   +9.01% |  2.61e-08 |      
      270 |   0.6573 |  8.435024e+04 |   +7.48% |  4.25e-08 |      
      280 |   0.6107 |  8.973080e+04 |   +6.38% |  6.92e-08 |      
      290 |   0.5612 |  9.435865e+04 |   +5.16% |  1.13e-07 |      
      300 |   0.5079 |  9.915466e+04 |   +5.08% |  1.84e-07 |      
      310 |   0.4525 |  1.032309e+05 |   +4.11% |  2.99e-07 |      
      320 |   0.3965 |  1.061333e+05 |   +2.81% |  4.87e-07 |      
      330 |   0.3500 |  1.078732e+05 |   +1.64% |  7.92e-07 |      
      340 |   0.3090 |  1.094182e+05 |   +1.43% |  1.19e-06 |      
      350 |   0.2775 |  1.102868e+05 |   +0.79% |  1.75e-06 |      
      360 |   0.2459 |  1.108349e+05 |   +0.50% |  2.58e-06 |      
      370 |   0.2176 |  1.115325e+05 |   +0.63% |  3.81e-06 |      
      380 |   0.1906 |  1.117566e+05 |   +0.20% |  5.61e-06 |      
      390 |   0.1658 |  1.120003e+05 |   +0.22% |  8.26e-06 |      
      400 |   0.1433 |  1.120848e+05 |   +0.08% |  1.22e-05 |      
      410 |   0.1252 |  1.121555e+05 |   +0.06% |  1.79e-05 |      
      420 |   0.1075 |  1.122359e+05 |   +0.07% |  2.64e-05 |      
      425 |   0.0990 |  1.122634e+05 |          |  3.33e-05 |      
---------------------------------------------------------------
[INFO GPL-1001] Global placement finished at iteration 425
[INFO GPL-1002] Placed Cell Area             3712.9853
[INFO GPL-1003] Available Free Area          7488.2151
[INFO GPL-1004] Minimum Feasible Density        0.5000 (cell_area / free_area)
[INFO GPL-1006]   Suggested Target Densities:
[INFO GPL-1007]     - For 90% usage of free space: 0.5509
[INFO GPL-1008]     - For 80% usage of free space: 0.6198
[INFO GPL-1009]     - For 50% usage of free space: 0.9917
[INFO GPL-1014] Final placement area: 3712.99 (+0.00%)
Took 28 seconds: global_placement -skip_io -density 0.6 -pad_left 0 -pad_right 0
Design area 3483 um^2 46% utilization.
write_db ./results/asap7/rv32imc_top/base/3_1_place_gp_skip_io.odb
Elapsed time: 0:32.51[h:]min:sec. CPU time: user 25.55 sys 0.27 (79%). Peak memory: 283880KB.
Log                       Ext     Elapsed/s Peak Memory/MB sha1sum result [0:20)
3_1_place_gp_skip_io      .odb           32            277 82a5539a20efbc1afffa
/home/hatch/workspace/rv32imc-cpu/tools/orfs/flow/scripts/flow.sh 3_2_place_iop io_placement
Running io_placement.tcl, stage 3_2_place_iop
source /home/hatch/workspace/rv32imc-cpu/tools/orfs/flow/platforms/asap7/liberty_suppressions.tcl
read_liberty /home/hatch/workspace/rv32imc-cpu/tools/orfs/flow/platforms/asap7/lib/NLDM/asap7sc7p5t_AO_RVT_FF_nldm_211120.lib.gz
read_liberty /home/hatch/workspace/rv32imc-cpu/tools/orfs/flow/platforms/asap7/lib/NLDM/asap7sc7p5t_INVBUF_RVT_FF_nldm_220122.lib.gz
read_liberty /home/hatch/workspace/rv32imc-cpu/tools/orfs/flow/platforms/asap7/lib/NLDM/asap7sc7p5t_OA_RVT_FF_nldm_211120.lib.gz
read_liberty /home/hatch/workspace/rv32imc-cpu/tools/orfs/flow/platforms/asap7/lib/NLDM/asap7sc7p5t_SIMPLE_RVT_FF_nldm_211120.lib.gz
read_liberty /home/hatch/workspace/rv32imc-cpu/tools/orfs/flow/platforms/asap7/lib/NLDM/asap7sc7p5t_SEQ_RVT_FF_nldm_220123.lib
read_db ./results/asap7/rv32imc_top/base/3_1_place_gp_skip_io.odb
read_sdc ./results/asap7/rv32imc_top/base/2_floorplan.sdc
source /home/hatch/workspace/rv32imc-cpu/tools/orfs/flow/platforms/asap7/setRC.tcl
place_pins -hor_layers M4 -ver_layers M5
Found 0 macro blocks.
Using 2 tracks default min distance between IO pins.
[INFO PPL-0001] Number of available slots 3724
[INFO PPL-0002] Number of I/O             232
[INFO PPL-0003] Number of I/O w/sink      232
[INFO PPL-0004] Number of I/O w/o sink    0
[INFO PPL-0005] Slots per section         200
[INFO PPL-0008] Successfully assigned pins to sections.
[INFO PPL-0012] I/O nets HPWL: 6431.45 um.
Design area 3483 um^2 46% utilization.
write_db ./results/asap7/rv32imc_top/base/3_2_place_iop.odb
Elapsed time: 0:03.86[h:]min:sec. CPU time: user 2.47 sys 0.15 (67%). Peak memory: 245496KB.
Log                       Ext     Elapsed/s Peak Memory/MB sha1sum result [0:20)
3_2_place_iop             .odb            3            239 2d4b8ad373d5529869a9
/home/hatch/workspace/rv32imc-cpu/tools/orfs/flow/scripts/flow.sh 3_3_place_gp global_place
Running global_place.tcl, stage 3_3_place_gp
source /home/hatch/workspace/rv32imc-cpu/tools/orfs/flow/platforms/asap7/liberty_suppressions.tcl
read_liberty /home/hatch/workspace/rv32imc-cpu/tools/orfs/flow/platforms/asap7/lib/NLDM/asap7sc7p5t_AO_RVT_FF_nldm_211120.lib.gz
read_liberty /home/hatch/workspace/rv32imc-cpu/tools/orfs/flow/platforms/asap7/lib/NLDM/asap7sc7p5t_INVBUF_RVT_FF_nldm_220122.lib.gz
read_liberty /home/hatch/workspace/rv32imc-cpu/tools/orfs/flow/platforms/asap7/lib/NLDM/asap7sc7p5t_OA_RVT_FF_nldm_211120.lib.gz
read_liberty /home/hatch/workspace/rv32imc-cpu/tools/orfs/flow/platforms/asap7/lib/NLDM/asap7sc7p5t_SIMPLE_RVT_FF_nldm_211120.lib.gz
read_liberty /home/hatch/workspace/rv32imc-cpu/tools/orfs/flow/platforms/asap7/lib/NLDM/asap7sc7p5t_SEQ_RVT_FF_nldm_220123.lib
read_db ./results/asap7/rv32imc_top/base/3_2_place_iop.odb
read_sdc ./results/asap7/rv32imc_top/base/2_floorplan.sdc
source /home/hatch/workspace/rv32imc-cpu/tools/orfs/flow/platforms/asap7/setRC.tcl
[INFO RSZ-0026] Removed 1737 buffers.
Perform port buffering...
[INFO RSZ-0027] Inserted 65 BUFx2_ASAP7_75t_R input buffers.
[INFO RSZ-0028] Inserted 164 BUFx2_ASAP7_75t_R output buffers.
global_placement -density 0.6 -pad_left 0 -pad_right 0 -routability_driven -timing_driven -force_center_initial_place -min_phi_coef 0.95 -max_phi_coef 1.05
[INFO GPL-0001] ---- Initialize GPL Main Data Structures
[INFO GPL-0002] DBU: 1000
[INFO GPL-0003] SiteSize: (  0.054  0.270 ) um
[INFO GPL-0004] CoreBBox: (  2.052  2.160 ) ( 88.830 88.830 ) um
[INFO GPL-0036] Movable instances area:       3325.173 um^2
[INFO GPL-0037] Total instances area:         3358.007 um^2
[INFO GPL-0035] Pin density area adjust:       255.698 um^2
[INFO GPL-0032] ---- Initialize Region: Top-level
[INFO GPL-0006] Number of instances:             30200
[INFO GPL-0007] Movable instances:               29074
[INFO GPL-0008] Fixed instances:                  1126
[INFO GPL-0009] Dummy instances:                     0
[INFO GPL-0010] Number of nets:                  32253
[INFO GPL-0011] Number of pins:                  96087
[INFO GPL-0012] Die BBox:  (  0.000  0.000 ) ( 90.870 90.870 ) um
[INFO GPL-0013] Core BBox: (  2.052  2.160 ) ( 88.830 88.830 ) um
[INFO GPL-0016] Core area:                    7521.049 um^2
[INFO GPL-0014] Region name: top-level.
[INFO GPL-0015] Region area:                  7521.049 um^2
[INFO GPL-0017] Fixed instances area:           32.834 um^2
[INFO GPL-0018] Movable instances area:       3580.871 um^2
[INFO GPL-0019] Utilization:                    47.820 %
[INFO GPL-0020] Standard cells area:          3580.871 um^2
[INFO GPL-0021] Large instances area:            0.000 um^2
[INFO GPL-0005] ---- Execute Conjugate Gradient Initial Placement.
[INFO GPL-0051] Source of initial instance position counters:
	Odb location = 0	Core center = 29074	Region center = 0
[InitialPlace]  Iter: 1 conjugate gradient residual: 0.00263810 HPWL: 119419053
[InitialPlace]  Iter: 2 conjugate gradient residual: 0.00012809 HPWL: 46910574
[InitialPlace]  Iter: 3 conjugate gradient residual: 0.00043622 HPWL: 46082893
[InitialPlace]  Iter: 4 conjugate gradient residual: 0.00021045 HPWL: 45965754
[InitialPlace]  Iter: 5 conjugate gradient residual: 0.00019577 HPWL: 45618597
[InitialPlace]  Iter: 6 conjugate gradient residual: 0.00015407 HPWL: 45397832
[InitialPlace]  Iter: 7 conjugate gradient residual: 0.00013951 HPWL: 45189551
[InitialPlace]  Iter: 8 conjugate gradient residual: 0.00005321 HPWL: 45148232
[InitialPlace]  Iter: 9 conjugate gradient residual: 0.00009851 HPWL: 45059786
[InitialPlace]  Iter: 10 conjugate gradient residual: 0.00002672 HPWL: 45097804
[InitialPlace]  Iter: 11 conjugate gradient residual: 0.00004010 HPWL: 45043188
[InitialPlace]  Iter: 12 conjugate gradient residual: 0.00004606 HPWL: 45103744
[InitialPlace]  Iter: 13 conjugate gradient residual: 0.00002512 HPWL: 45053589
[InitialPlace]  Iter: 14 conjugate gradient residual: 0.00002145 HPWL: 45114039
[InitialPlace]  Iter: 15 conjugate gradient residual: 0.00002082 HPWL: 45070382
[InitialPlace]  Iter: 16 conjugate gradient residual: 0.00001247 HPWL: 45124639
[InitialPlace]  Iter: 17 conjugate gradient residual: 0.00001640 HPWL: 45080964
[InitialPlace]  Iter: 18 conjugate gradient residual: 0.00000919 HPWL: 45137130
[INFO GPL-0033] ---- Initialize Nesterov Region: Top-level
[INFO GPL-0023] Placement target density:       0.6000
[INFO GPL-0024] Movable insts average area:      0.123 um^2
[INFO GPL-0025] Ideal bin area:                  0.205 um^2
[INFO GPL-0026] Ideal bin count:                 36639
[INFO GPL-0027] Total bin area:               7521.049 um^2
[INFO GPL-0028] Bin count (X, Y):         128 ,    128
[INFO GPL-0029] Bin size (W * H):       0.678 *  0.677 um
[INFO GPL-0030] Number of bins:                  16384
[INFO GPL-0084] ---- Execute Nesterov Global Placement.
[INFO GPL-0031] HPWL: Half-Perimeter Wirelength
Iteration | Overflow |     HPWL (um) |  HPWL(%) |   Penalty | Group
---------------------------------------------------------------
        0 |   0.9688 |  3.370601e+04 |   +0.00% |  1.45e-13 |      
       10 |   0.9586 |  2.346864e+04 |  -30.37% |  2.37e-13 |      
       20 |   0.9485 |  2.464683e+04 |   +5.02% |  3.85e-13 |      
       30 |   0.9424 |  2.518753e+04 |   +2.19% |  6.28e-13 |      
       40 |   0.9403 |  2.535403e+04 |   +0.66% |  1.02e-12 |      
       50 |   0.9399 |  2.548428e+04 |   +0.51% |  1.66e-12 |      
       60 |   0.9397 |  2.524525e+04 |   -0.94% |  2.71e-12 |      
       70 |   0.9399 |  2.489163e+04 |   -1.40% |  4.42e-12 |      
       80 |   0.9391 |  2.492135e+04 |   +0.12% |  7.20e-12 |      
       90 |   0.9380 |  2.522209e+04 |   +1.21% |  1.17e-11 |      
      100 |   0.9373 |  2.557525e+04 |   +1.40% |  1.91e-11 |      
      110 |   0.9354 |  2.598819e+04 |   +1.61% |  3.11e-11 |      
      120 |   0.9335 |  2.659681e+04 |   +2.34% |  5.07e-11 |      
      130 |   0.9304 |  2.764477e+04 |   +3.94% |  8.25e-11 |      
      140 |   0.9254 |  2.931690e+04 |   +6.05% |  1.34e-10 |      
      150 |   0.9181 |  3.157095e+04 |   +7.69% |  2.19e-10 |      
      160 |   0.9085 |  3.447572e+04 |   +9.20% |  3.56e-10 |      
      170 |   0.8955 |  3.816482e+04 |  +10.70% |  5.80e-10 |      
      180 |   0.8770 |  4.281584e+04 |  +12.19% |  9.44e-10 |      
      190 |   0.8527 |  4.801282e+04 |  +12.14% |  1.54e-09 |      
      200 |   0.8241 |  5.338401e+04 |  +11.19% |  2.50e-09 |      
      210 |   0.7919 |  5.779550e+04 |   +8.26% |  4.08e-09 |      
      220 |   0.7572 |  6.126515e+04 |   +6.00% |  6.64e-09 |      
      230 |   0.7204 |  6.443413e+04 |   +5.17% |  1.08e-08 |      
      240 |   0.6802 |  6.812460e+04 |   +5.73% |  1.76e-08 |      
      250 |   0.6410 |  7.232078e+04 |   +6.16% |  2.86e-08 |      
[INFO GPL-0100] Timing-driven iteration 1/2, virtual: false.
[INFO GPL-0101]    Iter: 253, overflow: 0.633, keep resizer changes at: 1, HPWL: 72900550
Iteration |   Area    | Resized | Buffers | Nets repaired | Remaining
---------------------------------------------------------------------
        0 |     +0.0% |       0 |       0 |             0 |     32253
    final |     +2.6% |      73 |     290 |           107 |         0
---------------------------------------------------------------------
[INFO RSZ-0034] Found 102 slew violations.
[INFO RSZ-0036] Found 44 capacitance violations.
[INFO RSZ-0039] Resized 73 instances.
[INFO RSZ-0038] Inserted 290 buffers in 107 nets.
   Iter   |    Area   | Removed | Inserted |   Pins
          |           | Buffers | Buffers  | Remaining
-------------------------------------------------------
        0 |     +0.0% |       0 |        0 |     31437
     3100 |     +1.4% |      26 |      582 |     28337
     6200 |     +2.2% |      32 |      888 |     25237
     9300 |     +2.8% |      35 |     1122 |     22137
    12400 |     +3.6% |      74 |     1550 |     19037
    15500 |     +4.0% |     151 |     1941 |     15937
    18600 |     +4.2% |     154 |     2042 |     12837
    21700 |     +5.0% |     213 |     2450 |      9737
    24800 |     +6.2% |     233 |     2973 |      6637
    27900 |     +9.5% |     242 |     4278 |      3537
    31000 |    +14.1% |     276 |     6071 |       437
    final |    +14.8% |     290 |     6365 |         0
-------------------------------------------------------
[INFO GPL-0106] Timing-driven: worst slack -8.7089613e-10
[INFO GPL-0107] Timing-driven: repair_design delta area: 595.073 um^2 (+16.62%)
[INFO GPL-0108] Timing-driven: repair_design, gpl delta gcells: 6365 (+21.89%)
[INFO GPL-0109] Timing-driven: repair_design, gcells created: 6655, deleted: 290
[INFO GPL-0110] Timing-driven: new target density: 0.67946804
[INFO GPL-0038] Routability snapshot saved at iter = 259
      258 |   0.5996 |  8.709274e+04 |          |           |      
Iteration | Overflow |     HPWL (um) |  HPWL(%) |   Penalty | Group
---------------------------------------------------------------
      260 |   0.5897 |  8.773290e+04 |  +21.31% |  4.66e-08 |      
      270 |   0.5503 |  8.821096e+04 |   +0.54% |  7.59e-08 |      
      280 |   0.5053 |  9.056310e+04 |   +2.67% |  1.24e-07 |      
      290 |   0.4595 |  9.349091e+04 |   +3.23% |  2.01e-07 |      
      300 |   0.4107 |  9.618135e+04 |   +2.88% |  3.28e-07 |      
      310 |   0.3661 |  9.894243e+04 |   +2.87% |  5.33e-07 |      
      320 |   0.3285 |  9.925621e+04 |   +0.32% |  8.35e-07 |      
      330 |   0.2985 |  9.926456e+04 |   +0.01% |  1.23e-06 |      
[INFO GPL-0040] Routability iteration: 1
[WARNING GRT-0281] Net clk has a large fanout of 2242 terminals.
[INFO GPL-0041] Total routing overflow: 0.0553
[INFO GPL-0042] Number of overflowed tiles: 1 (0.00%)
[INFO GPL-0043] Average top 0.5% routing congestion: 0.8302
[INFO GPL-0044] Average top 1.0% routing congestion: 0.7964
[INFO GPL-0045] Average top 2.0% routing congestion: 0.7585
[INFO GPL-0046] Average top 5.0% routing congestion: 0.7036
[INFO GPL-0047] Routability iteration weighted routing congestion: 0.8133
[INFO GPL-0050] Weighted routing congestion is lower than target routing congestion(1.0100), end routability optimization.
[INFO GPL-0090] Routability finished. Target routing congestion achieved succesfully.
Iteration | Overflow |     HPWL (um) |  HPWL(%) |   Penalty | Group
---------------------------------------------------------------
      340 |   0.2738 |  9.951075e+04 |   +0.25% |  1.81e-06 |      
      350 |   0.2429 |  9.959152e+04 |   +0.08% |  2.67e-06 |      
      360 |   0.2196 |  9.883795e+04 |   -0.76% |  3.93e-06 |      
      370 |   0.1949 |  9.860779e+04 |   -0.23% |  5.79e-06 |      
[INFO GPL-0100] Timing-driven iteration 2/2, virtual: false.
[INFO GPL-0101]    Iter: 371, overflow: 0.195, keep resizer changes at: 1, HPWL: 98607794
Iteration |   Area    | Resized | Buffers | Nets repaired | Remaining
---------------------------------------------------------------------
        0 |     +0.0% |       0 |       0 |             0 |     38618
    final |     +0.0% |       0 |       1 |             1 |         0
---------------------------------------------------------------------
[INFO RSZ-0034] Found 1 slew violations.
[INFO RSZ-0038] Inserted 1 buffers in 1 nets.
   Iter   |    Area   | Removed | Inserted |   Pins
          |           | Buffers | Buffers  | Remaining
-------------------------------------------------------
        0 |     +0.0% |       0 |        0 |     31437
     3100 |     +0.0% |     582 |      608 |     28337
     6200 |     +0.2% |     888 |      977 |     25237
     9300 |     +0.3% |    1122 |     1271 |     22137
    12400 |     +0.7% |    1550 |     1838 |     19037
    15500 |     +1.1% |    1941 |     2372 |     15937
    18600 |     +1.2% |    2042 |     2495 |     12837
    21700 |     +1.2% |    2450 |     2912 |      9737
    24800 |     +1.4% |    2974 |     3491 |      6637
    27900 |     +1.3% |    4279 |     4736 |      3537
    31000 |     +1.2% |    6072 |     6469 |       437
    final |     +1.3% |    6366 |     6784 |         0
-------------------------------------------------------
[INFO GPL-0106] Timing-driven: worst slack -8.698563e-10
[INFO GPL-0107] Timing-driven: repair_design delta area: 50.709 um^2 (+1.21%)
[INFO GPL-0108] Timing-driven: repair_design, gpl delta gcells: 419 (+1.18%)
[INFO GPL-0109] Timing-driven: repair_design, gcells created: 6785, deleted: 6366
[INFO GPL-0110] Timing-driven: new target density: 0.68623984
Iteration | Overflow |     HPWL (um) |  HPWL(%) |   Penalty | Group
---------------------------------------------------------------
      380 |   0.1740 |  1.036452e+05 |   +5.11% |  8.52e-06 |      
      390 |   0.1497 |  1.023922e+05 |   -1.21% |  1.26e-05 |      
      400 |   0.1291 |  1.016149e+05 |   -0.76% |  1.85e-05 |      
      410 |   0.1106 |  1.012433e+05 |   -0.37% |  2.73e-05 |      
      418 |   0.0985 |  1.010691e+05 |          |  3.86e-05 |      
---------------------------------------------------------------
[INFO GPL-1001] Global placement finished at iteration 418
[INFO GPL-1017] Routability mode iteration count: 71
[INFO GPL-1005] Routability final weighted congestion: 0.7433
[INFO GPL-1002] Placed Cell Area             4226.6540
[INFO GPL-1003] Available Free Area          7488.2151
[INFO GPL-1004] Minimum Feasible Density        0.4800 (cell_area / free_area)
[INFO GPL-1006]   Suggested Target Densities:
[INFO GPL-1007]     - For 90% usage of free space: 0.6272
[INFO GPL-1008]     - For 80% usage of free space: 0.7056
[INFO GPL-1011] Original area (um^2): 3580.87
[INFO GPL-1012] Total routability artificial inflation: 0.00 (+0.00%)
[INFO GPL-1013] Total timing-driven delta area: 645.78 (+18.03%)
[INFO GPL-1014] Final placement area: 4226.65 (+18.03%)
Took 107 seconds: global_placement -density 0.6 -pad_left 0 -pad_right 0 -routability_driven -timing_driven -force_center_initial_place -min_phi_coef 0.95 -max_phi_coef 1.05
estimate_parasitics -placement
Report metrics stage 3, global place...

==========================================================================
global place report_design_area
--------------------------------------------------------------------------
Design area 4005 um^2 53% utilization.
write_db ./results/asap7/rv32imc_top/base/3_3_place_gp.odb
Elapsed time: 2:07.89[h:]min:sec. CPU time: user 97.15 sys 3.20 (78%). Peak memory: 754700KB.
Log                       Ext     Elapsed/s Peak Memory/MB sha1sum result [0:20)
3_3_place_gp              .odb          127            737 8e37aeb3b70badf1e6de
/home/hatch/workspace/rv32imc-cpu/tools/orfs/flow/scripts/flow.sh 3_4_place_resized resize
Running resize.tcl, stage 3_4_place_resized
source /home/hatch/workspace/rv32imc-cpu/tools/orfs/flow/platforms/asap7/liberty_suppressions.tcl
read_liberty /home/hatch/workspace/rv32imc-cpu/tools/orfs/flow/platforms/asap7/lib/NLDM/asap7sc7p5t_AO_RVT_FF_nldm_211120.lib.gz
read_liberty /home/hatch/workspace/rv32imc-cpu/tools/orfs/flow/platforms/asap7/lib/NLDM/asap7sc7p5t_INVBUF_RVT_FF_nldm_220122.lib.gz
read_liberty /home/hatch/workspace/rv32imc-cpu/tools/orfs/flow/platforms/asap7/lib/NLDM/asap7sc7p5t_OA_RVT_FF_nldm_211120.lib.gz
read_liberty /home/hatch/workspace/rv32imc-cpu/tools/orfs/flow/platforms/asap7/lib/NLDM/asap7sc7p5t_SIMPLE_RVT_FF_nldm_211120.lib.gz
read_liberty /home/hatch/workspace/rv32imc-cpu/tools/orfs/flow/platforms/asap7/lib/NLDM/asap7sc7p5t_SEQ_RVT_FF_nldm_220123.lib
read_db ./results/asap7/rv32imc_top/base/3_3_place_gp.odb
read_sdc ./results/asap7/rv32imc_top/base/2_floorplan.sdc
source /home/hatch/workspace/rv32imc-cpu/tools/orfs/flow/platforms/asap7/setRC.tcl
estimate_parasitics -placement
Perform buffer insertion and gate resizing...
repair_design -verbose
Iteration |   Area    | Resized | Buffers | Nets repaired | Remaining
---------------------------------------------------------------------
        0 |     +0.0% |       0 |       0 |             0 |     39037
     1000 |     +0.0% |       0 |       0 |             0 |     38037
     2000 |     +0.0% |       0 |       0 |             0 |     37037
     3000 |     +0.0% |       0 |       0 |             0 |     36037
     4000 |     +0.0% |       0 |       0 |             0 |     35037
     5000 |     +0.0% |       0 |       0 |             0 |     34037
     6000 |     +0.0% |       0 |       0 |             0 |     33037
     7000 |     +0.0% |       0 |       0 |             0 |     32037
     8000 |     +0.0% |       0 |       0 |             0 |     31037
     9000 |     +0.0% |       0 |       0 |             0 |     30037
    10000 |     +0.0% |       0 |       0 |             0 |     29037
    11000 |     +0.0% |       0 |       0 |             0 |     28037
    12000 |     +0.0% |       0 |       0 |             0 |     27037
    13000 |     +0.0% |       0 |       0 |             0 |     26037
    14000 |     +0.0% |       0 |       0 |             0 |     25037
    15000 |     +0.0% |       0 |       0 |             0 |     24037
    16000 |     +0.0% |       0 |       0 |             0 |     23037
    17000 |     +0.0% |       0 |       0 |             0 |     22037
    18000 |     +0.0% |       0 |       0 |             0 |     21037
    19000 |     +0.0% |       0 |       0 |             0 |     20037
    20000 |     +0.0% |       0 |       0 |             0 |     19037
    21000 |     +0.0% |       0 |       0 |             0 |     18037
    22000 |     +0.0% |       0 |       0 |             0 |     17037
    23000 |     +0.0% |       0 |       0 |             0 |     16037
    24000 |     +0.0% |       0 |       0 |             0 |     15037
    25000 |     +0.0% |       0 |       0 |             0 |     14037
    26000 |     +0.0% |       0 |       0 |             0 |     13037
    27000 |     +0.0% |       0 |       0 |             0 |     12037
    28000 |     +0.0% |       0 |       0 |             0 |     11037
    29000 |     +0.0% |       0 |       0 |             0 |     10037
    30000 |     +0.0% |       0 |       0 |             0 |      9037
    31000 |     +0.0% |       0 |       0 |             0 |      8037
    32000 |     +0.0% |       0 |       0 |             0 |      7037
    33000 |     +0.0% |       0 |       0 |             0 |      6037
    34000 |     +0.0% |       0 |       0 |             0 |      5037
    35000 |     +0.0% |       0 |       0 |             0 |      4037
    36000 |     +0.0% |       0 |       0 |             0 |      3037
    37000 |     +0.0% |       0 |       0 |             0 |      2037
    38000 |     +0.0% |       0 |       0 |             0 |      1037
    39000 |     +0.0% |       0 |       0 |             0 |        37
    final |     +0.0% |       0 |       0 |             0 |         0
---------------------------------------------------------------------
Took 12 seconds: repair_design -verbose
Floating nets: 
Report metrics stage 3, resizer...

==========================================================================
resizer report_design_area
--------------------------------------------------------------------------
Design area 4005 um^2 53% utilization.
Instance count before 36984, after 36984
Pin count before 109423, after 109423
write_db ./results/asap7/rv32imc_top/base/3_4_place_resized.odb
Elapsed time: 0:38.89[h:]min:sec. CPU time: user 26.56 sys 0.99 (70%). Peak memory: 362540KB.
Log                       Ext     Elapsed/s Peak Memory/MB sha1sum result [0:20)
3_4_place_resized         .odb           38            354 8e37aeb3b70badf1e6de
/home/hatch/workspace/rv32imc-cpu/tools/orfs/flow/scripts/flow.sh 3_5_place_dp detail_place
Running detail_place.tcl, stage 3_5_place_dp
source /home/hatch/workspace/rv32imc-cpu/tools/orfs/flow/platforms/asap7/liberty_suppressions.tcl
read_liberty /home/hatch/workspace/rv32imc-cpu/tools/orfs/flow/platforms/asap7/lib/NLDM/asap7sc7p5t_AO_RVT_FF_nldm_211120.lib.gz
read_liberty /home/hatch/workspace/rv32imc-cpu/tools/orfs/flow/platforms/asap7/lib/NLDM/asap7sc7p5t_INVBUF_RVT_FF_nldm_220122.lib.gz
read_liberty /home/hatch/workspace/rv32imc-cpu/tools/orfs/flow/platforms/asap7/lib/NLDM/asap7sc7p5t_OA_RVT_FF_nldm_211120.lib.gz
read_liberty /home/hatch/workspace/rv32imc-cpu/tools/orfs/flow/platforms/asap7/lib/NLDM/asap7sc7p5t_SIMPLE_RVT_FF_nldm_211120.lib.gz
read_liberty /home/hatch/workspace/rv32imc-cpu/tools/orfs/flow/platforms/asap7/lib/NLDM/asap7sc7p5t_SEQ_RVT_FF_nldm_220123.lib
read_db ./results/asap7/rv32imc_top/base/3_4_place_resized.odb
read_sdc ./results/asap7/rv32imc_top/base/2_floorplan.sdc
source /home/hatch/workspace/rv32imc-cpu/tools/orfs/flow/platforms/asap7/setRC.tcl
detailed_placement
[INFO DPL-0006] Core area: 7521.05 um^2, Instances area: 4005.13 um^2, Utilization: 53.3%
[INFO DPL-0005] Diamond search max displacement: +/- 500 sites horizontally, +/- 100 rows vertically.
[INFO DPL-1101] Legalizing using diamond search.
Movements Summary
---------------------------------------
Total cells:                   35858
Diamond Move Success:          35858 (100.00%)
Diamond Move Failure:              0
Rip-up and replace Success:        0 (  0.00% of diamond failures)
Rip-up and replace Failure:        0
Total Placement Failures:          0
---------------------------------------
Placement Analysis
---------------------------------
total displacement       8315.5 u
average displacement        0.2 u
max displacement            1.0 u
original HPWL          101121.1 u
legalized HPWL         107568.8 u
delta HPWL                    6 %

improve_placement -max_displacement "5 1"
Detailed placement improvement.
[INFO DPL-0401] Setting random seed to 1.
[INFO DPL-0402] Setting maximum displacement 5 1 to 1350 270 units.
[INFO DPL-0320] Collected 1358 fixed cells.
[INFO DPL-0318] Collected 35858 single height cells.
[INFO DPL-0321] Collected 0 wide cells.
[INFO DPL-0322] Image (2052, 2160) - (88830, 88830)
[INFO DPL-0310] Assigned 35858 cells into segments.  Movement in X-direction is 0.000000, movement in Y-direction is 0.000000.
[INFO DPL-0313] Found 0 cells in wrong regions.
[INFO DPL-0315] Found 0 row alignment problems.
[INFO DPL-0314] Found 0 site alignment problems.
[INFO DPL-0311] Found 0 overlaps between adjacent cells.
[INFO DPL-0312] Found 0 edge spacing violations and 0 padding violations.
[INFO DPL-0303] Running algorithm for independent set matching.
[INFO DPL-0300] Set matching objective is wirelength.
[INFO DPL-0301] Pass   1 of matching; objective is 1.075459e+08.
[INFO DPL-0302] End of matching; objective is 1.072450e+08, improvement is 0.28 percent.
[INFO DPL-0303] Running algorithm for global swaps.
[INFO DPL-0306] Pass   1 of global swaps; hpwl is 1.063881e+08.
[INFO DPL-0307] End of global swaps; objective is 1.063881e+08, improvement is 0.80 percent.
[INFO DPL-0303] Running algorithm for vertical swaps.
[INFO DPL-0308] Pass   1 of vertical swaps; hpwl is 1.061227e+08.
[INFO DPL-0309] End of vertical swaps; objective is 1.061227e+08, improvement is 0.25 percent.
[INFO DPL-0303] Running algorithm for reordering.
[INFO DPL-0304] Pass   1 of reordering; objective is 1.058651e+08.
[INFO DPL-0305] End of reordering; objective is 1.058651e+08, improvement is 0.24 percent.
[INFO DPL-0303] Running algorithm for random improvement.
[INFO DPL-0324] Random improver is using random generator.
[INFO DPL-0325] Random improver is using hpwl objective.
[INFO DPL-0326] Random improver cost string is (a).
[INFO DPL-0332] End of pass, Generator random called 717160 times.
[INFO DPL-0335] Generator random, Cumulative attempts 717160, swaps 114680, moves 166675 since last reset.
[INFO DPL-0333] End of pass, Objective hpwl, Initial cost 1.056595e+08, Scratch cost 1.049310e+08, Incremental cost 1.049310e+08, Mismatch? N
[INFO DPL-0338] End of pass, Total cost is 1.049310e+08.
[INFO DPL-0327] Pass   1 of random improver; improvement in cost is 0.69 percent.
[INFO DPL-0328] End of random improver; improvement is 0.689475 percent.
[INFO DPL-0380] Cell flipping.
[INFO DPL-0382] Changed 0 cell orientations for row compatibility.
[INFO DPL-0383] Performed 11556 cell flips.
[INFO DPL-0384] End of flipping; objective is 1.031143e+08, improvement is 1.92 percent.
[INFO DPL-0313] Found 0 cells in wrong regions.
[INFO DPL-0315] Found 0 row alignment problems.
[INFO DPL-0314] Found 0 site alignment problems.
[INFO DPL-0311] Found 0 overlaps between adjacent cells.
[INFO DPL-0312] Found 0 edge spacing violations and 0 padding violations.
Detailed Improvement Results
------------------------------------------
Original HPWL           107568.8 u (   51111.9,    56456.9)
Final HPWL              102953.2 u (   48177.2,    54776.0)
Delta HPWL                  -4.3 % (      -5.7,       -3.0)

Took 13 seconds: improve_placement -max_displacement "5 1"
optimize_mirroring
[INFO DPL-0020] Mirrored 5718 instances
[INFO DPL-0021] HPWL before          102953.2 u
[INFO DPL-0022] HPWL after           102780.3 u
[INFO DPL-0023] HPWL delta               -0.2 %
[INFO FLW-0012] Placement violations .
estimate_parasitics -placement
Report metrics stage 3, detailed place...

==========================================================================
detailed place report_design_area
--------------------------------------------------------------------------
Design area 4005 um^2 53% utilization.
write_db ./results/asap7/rv32imc_top/base/3_5_place_dp.odb
write_sdc -no_timestamp ./results/asap7/rv32imc_top/base/3_place.sdc
Elapsed time: 0:43.90[h:]min:sec. CPU time: user 31.83 sys 1.02 (74%). Peak memory: 414716KB.
Log                       Ext     Elapsed/s Peak Memory/MB sha1sum result [0:20)
3_5_place_dp              .odb           43            404 09f6f85bb8c254e97471
cp ./results/asap7/rv32imc_top/base/3_5_place_dp.odb ./results/asap7/rv32imc_top/base/3_place.odb
/home/hatch/workspace/rv32imc-cpu/tools/orfs/flow/scripts/flow.sh 4_1_cts cts
Running cts.tcl, stage 4_1_cts
source /home/hatch/workspace/rv32imc-cpu/tools/orfs/flow/platforms/asap7/liberty_suppressions.tcl
read_liberty /home/hatch/workspace/rv32imc-cpu/tools/orfs/flow/platforms/asap7/lib/NLDM/asap7sc7p5t_AO_RVT_FF_nldm_211120.lib.gz
read_liberty /home/hatch/workspace/rv32imc-cpu/tools/orfs/flow/platforms/asap7/lib/NLDM/asap7sc7p5t_INVBUF_RVT_FF_nldm_220122.lib.gz
read_liberty /home/hatch/workspace/rv32imc-cpu/tools/orfs/flow/platforms/asap7/lib/NLDM/asap7sc7p5t_OA_RVT_FF_nldm_211120.lib.gz
read_liberty /home/hatch/workspace/rv32imc-cpu/tools/orfs/flow/platforms/asap7/lib/NLDM/asap7sc7p5t_SIMPLE_RVT_FF_nldm_211120.lib.gz
read_liberty /home/hatch/workspace/rv32imc-cpu/tools/orfs/flow/platforms/asap7/lib/NLDM/asap7sc7p5t_SEQ_RVT_FF_nldm_220123.lib
read_db ./results/asap7/rv32imc_top/base/3_place.odb
read_sdc ./results/asap7/rv32imc_top/base/3_place.sdc
source /home/hatch/workspace/rv32imc-cpu/tools/orfs/flow/platforms/asap7/setRC.tcl
clock_tree_synthesis -sink_clustering_enable -repair_clock_nets
[INFO CTS-0050] Root buffer is BUFx16f_ASAP7_75t_R.
[INFO CTS-0051] Sink buffer is BUFx24_ASAP7_75t_R.
[INFO CTS-0052] The following clock buffers will be used for CTS:
                    BUFx16f_ASAP7_75t_R
                    BUFx24_ASAP7_75t_R
[INFO CTS-0049] Characterization buffer is BUFx24_ASAP7_75t_R.
[INFO CTS-0007] Net "clk" found for clock "core_clk".
[INFO CTS-0010]  Clock net "clk" has 2241 sinks.
[INFO CTS-0008] TritonCTS found 1 clock nets.
[INFO CTS-0097] Characterization used 2 buffer(s) types.
[INFO CTS-0201] 0 blockages from hard placement blockages and placed macros will be used.
[INFO CTS-0027] Generating H-Tree topology for net clk.
[INFO CTS-0028]  Total number of sinks: 2241.
[INFO CTS-0090]  Sinks will be clustered based on buffer max cap.
[INFO CTS-0030]  Number of static layers: 0.
[INFO CTS-0020]  Wire segment unit: 1350  dbu (1 um).
[INFO CTS-0206] Best clustering solution was found from max clustering size of 24 and max clustering diameter of 25.
[INFO CTS-0019]  Total number of sinks after clustering: 119.
[INFO CTS-0024]  Normalized sink region: [(2.73563, 2.94211), (62.6636, 64.3982)].
[INFO CTS-0025]     Width:  59.9280.
[INFO CTS-0026]     Height: 61.4561.
 Level 1
    Direction: Vertical
    Sinks per sub-region: 60
    Sub-region size: 59.9280 X 30.7281
[INFO CTS-0034]     Segment length (rounded): 16.
 Level 2
    Direction: Horizontal
    Sinks per sub-region: 30
    Sub-region size: 29.9640 X 30.7281
[INFO CTS-0034]     Segment length (rounded): 14.
 Level 3
    Direction: Vertical
    Sinks per sub-region: 15
    Sub-region size: 29.9640 X 15.3640
[INFO CTS-0034]     Segment length (rounded): 8.
 Level 4
    Direction: Horizontal
    Sinks per sub-region: 8
    Sub-region size: 14.9820 X 15.3640
[INFO CTS-0034]     Segment length (rounded): 8.
[INFO CTS-0032]  Stop criterion found. Max number of sinks is 15.
[INFO CTS-0035]  Number of sinks covered: 119.
[INFO CTS-0018]     Created 140 clock buffers.
[INFO CTS-0012]     Minimum number of buffers in the clock path: 4.
[INFO CTS-0013]     Maximum number of buffers in the clock path: 4.
[INFO CTS-0015]     Created 140 clock nets.
[INFO CTS-0016]     Fanout distribution for the current clock = 3:1, 5:1, 6:1, 7:7, 8:1, 9:4, 10:4, 11:3, 13:1, 14:6, 15:2, 16:6, 17:4, 18:17, 19:22, 20:19, 21:17, 22:11, 23:6, 24:2..
[INFO CTS-0017]     Max level of the clock tree: 4.
[INFO CTS-0098] Clock net "clk"
[INFO CTS-0099]  Sinks 2353
[INFO CTS-0100]  Leaf buffers 119
[INFO CTS-0101]  Average sink wire length 148.16 um
[INFO CTS-0102]  Path depth 3 - 4
[INFO CTS-0207]  Dummy loads inserted 112
Took 11 seconds: clock_tree_synthesis -sink_clustering_enable -repair_clock_nets
estimate_parasitics -placement
detailed_placement
[INFO DPL-0006] Core area: 7521.05 um^2, Instances area: 4083.54 um^2, Utilization: 54.3%
[INFO DPL-0005] Diamond search max displacement: +/- 500 sites horizontally, +/- 100 rows vertically.
[INFO DPL-1101] Legalizing using diamond search.
Movements Summary
---------------------------------------
Total cells:                   36110
Diamond Move Success:          36110 (100.00%)
Diamond Move Failure:              0
Rip-up and replace Success:        0 (  0.00% of diamond failures)
Rip-up and replace Failure:        0
Total Placement Failures:          0
---------------------------------------
Placement Analysis
---------------------------------
total displacement        403.0 u
average displacement        0.0 u
max displacement            1.0 u
original HPWL          104950.7 u
legalized HPWL         107672.8 u
delta HPWL                    3 %

estimate_parasitics -placement
repair_timing -setup_margin 0 -hold_margin 0 -repair_tns 100 -verbose
[INFO RSZ-0100] Repair move sequence: UnbufferMove SizeUpMove SwapPinsMove BufferMove CloneMove SplitLoadMove 
[INFO RSZ-0094] Found 2405 endpoints with setup violations.
[INFO RSZ-0099] Repairing 2405 out of 2405 (100.00%) violating endpoints...
   Iter   | Removed | Resized | Inserted | Cloned |  Pin  |   Area   |    WNS   |   StTNS    |   EnTNS    |  Viol  |  Worst  
          | Buffers |  Gates  | Buffers  |  Gates | Swaps |          |          |            |            | Endpts | St/EnPt 
------------------------------------------------------------------------------------------------------------------------------
       0* |       0 |       0 |        0 |      0 |     0 |    +0.0% | -855.499 |  -644232.6 | -1061429.6 |   2405 | u_mul.result\[30\]$_DFFE_PN0P_/D
      10* |       0 |       1 |        0 |      0 |     8 |    +0.0% | -858.145 |  -644269.6 | -1061450.5 |   2405 | u_mul.result\[30\]$_DFFE_PN0P_/D
      20* |       0 |       4 |        7 |      0 |    12 |    +0.0% | -852.020 |  -644295.5 | -1061416.6 |   2405 | u_mul.result\[30\]$_DFFE_PN0P_/D
      30* |       0 |       5 |       13 |      0 |    16 |    +0.0% | -849.497 |  -644214.4 | -1061384.9 |   2405 | u_mul.result\[27\]$_DFFE_PN0P_/D
      40* |       0 |       7 |       17 |      0 |    20 |    +0.1% | -848.274 |  -644141.4 | -1061366.1 |   2405 | u_mul.result\[30\]$_DFFE_PN0P_/D
      50* |       0 |      10 |       22 |      0 |    23 |    +0.1% | -845.333 |  -644081.8 | -1061337.8 |   2405 | u_mul.result\[30\]$_DFFE_PN0P_/D
      60* |       0 |      11 |       27 |      0 |    28 |    +0.1% | -843.600 |  -644019.4 | -1061269.9 |   2405 | u_mul.result\[30\]$_DFFE_PN0P_/D
      70* |       0 |      11 |       28 |      0 |    37 |    +0.1% | -847.231 |  -644015.7 | -1061314.2 |   2405 | u_mul.result\[30\]$_DFFE_PN0P_/D
      80* |       0 |      12 |       33 |      0 |    42 |    +0.1% | -842.575 |  -643942.6 | -1061222.8 |   2405 | u_mul.result\[25\]$_DFFE_PN0P_/D
      90* |       0 |      14 |       35 |      0 |    48 |    +0.1% | -844.387 |  -643887.2 | -1061222.5 |   2405 | u_mul.result\[30\]$_DFFE_PN0P_/D
     100* |       0 |      17 |       39 |      0 |    52 |    +0.1% | -843.697 |  -643847.6 | -1061221.4 |   2405 | u_mul.result\[26\]$_DFFE_PN0P_/D
     110* |       0 |      20 |       46 |      0 |    55 |    +0.1% | -842.063 |  -643846.4 | -1061227.8 |   2405 | u_mul.result\[26\]$_DFFE_PN0P_/D
     120* |       0 |      24 |       48 |      0 |    59 |    +0.1% | -844.061 |  -643861.2 | -1061243.9 |   2405 | u_mul.result\[26\]$_DFFE_PN0P_/D
     129* |       0 |      13 |       34 |      0 |    44 |    +0.1% | -840.886 |  -643790.6 | -1061204.8 |   2405 | u_mul.result\[30\]$_DFFE_PN0P_/D
     130* |       0 |      13 |       34 |      0 |    44 |    +0.1% | -840.886 |  -643790.6 | -1061204.8 |   2405 | u_mul.result\[30\]$_DFFE_PN0P_/D
     140* |       0 |      18 |       42 |      0 |    44 |    +0.1% | -840.313 |  -643768.6 | -1061194.1 |   2405 | u_mul.result\[20\]$_DFFE_PN0P_/D
     147* |       0 |      19 |       47 |      0 |    44 |    +0.1% | -840.313 |  -643757.6 | -1061190.1 |   2405 | u_mul.result\[20\]$_DFFE_PN0P_/D
     150* |       0 |      20 |       47 |      0 |    45 |    +0.1% | -840.313 |  -643755.7 | -1061189.9 |   2405 | u_mul.result\[20\]$_DFFE_PN0P_/D
     160* |       0 |      22 |       49 |      0 |    51 |    +0.1% | -840.313 |  -643698.1 | -1061193.2 |   2405 | u_mul.result\[20\]$_DFFE_PN0P_/D
     170* |       0 |      23 |       50 |      0 |    59 |    +0.1% | -840.313 |  -643662.8 | -1061170.2 |   2405 | u_mul.result\[20\]$_DFFE_PN0P_/D
     180* |       0 |      25 |       54 |      0 |    64 |    +0.2% | -840.313 |  -643645.4 | -1061160.6 |   2405 | u_mul.result\[20\]$_DFFE_PN0P_/D
     190* |       0 |      25 |       60 |      0 |    69 |    +0.2% | -840.313 |  -643638.4 | -1061155.4 |   2405 | u_mul.result\[20\]$_DFFE_PN0P_/D
     200* |       0 |      28 |       61 |      0 |    75 |    +0.2% | -840.313 |  -643628.8 | -1061152.4 |   2405 | u_mul.result\[20\]$_DFFE_PN0P_/D
     210* |       0 |      32 |       64 |      0 |    78 |    +0.2% | -840.313 |  -643609.9 | -1061143.9 |   2405 | u_mul.result\[20\]$_DFFE_PN0P_/D
     220* |       0 |      34 |       66 |      1 |    83 |    +0.2% | -840.313 |  -643611.7 | -1061143.4 |   2405 | u_mul.result\[20\]$_DFFE_PN0P_/D
     230* |       0 |      38 |       70 |      1 |    85 |    +0.2% | -840.313 |  -643594.1 | -1061137.9 |   2405 | u_mul.result\[20\]$_DFFE_PN0P_/D
     240* |       0 |      41 |       71 |      1 |    91 |    +0.2% | -840.313 |  -643595.4 | -1061147.6 |   2405 | u_mul.result\[20\]$_DFFE_PN0P_/D
     250* |       0 |      45 |       71 |      1 |    97 |    +0.2% | -840.313 |  -643592.2 | -1061141.9 |   2405 | u_mul.result\[20\]$_DFFE_PN0P_/D
     260* |       0 |      48 |       76 |      1 |   102 |    +0.2% | -840.316 |  -643567.4 | -1061136.2 |   2405 | u_mul.result\[20\]$_DFFE_PN0P_/D
     270* |       0 |      50 |       77 |      1 |   109 |    +0.2% | -840.316 |  -643567.3 | -1061131.5 |   2405 | u_mul.result\[20\]$_DFFE_PN0P_/D
     280* |       0 |      54 |       78 |      1 |   114 |    +0.2% | -840.316 |  -643551.6 | -1061129.9 |   2405 | u_mul.result\[20\]$_DFFE_PN0P_/D
     290* |       0 |      57 |       79 |      1 |   120 |    +0.3% | -840.316 |  -643553.4 | -1061130.1 |   2405 | u_mul.result\[20\]$_DFFE_PN0P_/D
     296* |       0 |      46 |       72 |      1 |    99 |    +0.2% | -840.313 |  -643590.8 | -1061140.6 |   2405 | u_mul.result\[20\]$_DFFE_PN0P_/D
     300* |       0 |      46 |       72 |      1 |   102 |    +0.2% | -840.313 |  -643590.7 | -1061137.9 |   2405 | u_mul.result\[20\]$_DFFE_PN0P_/D
     310* |       0 |      46 |       73 |      1 |   111 |    +0.2% | -840.313 |  -643585.7 | -1061149.0 |   2405 | u_mul.result\[20\]$_DFFE_PN0P_/D
     320* |       0 |      50 |       75 |      1 |   115 |    +0.2% | -840.315 |  -643587.0 | -1061137.6 |   2405 | u_mul.result\[20\]$_DFFE_PN0P_/D
     330* |       1 |      51 |       77 |      1 |   122 |    +0.2% | -841.262 |  -643586.4 | -1061111.6 |   2405 | u_mul.result\[20\]$_DFFE_PN0P_/D
     340* |       1 |      54 |       79 |      1 |   127 |    +0.2% | -839.984 |  -643585.8 | -1061086.2 |   2405 | u_mul.result\[30\]$_DFFE_PN0P_/D
     350* |       1 |      57 |       81 |      1 |   132 |    +0.3% | -839.984 |  -643591.7 | -1061077.2 |   2405 | u_mul.result\[30\]$_DFFE_PN0P_/D
     360* |       1 |      58 |       81 |      1 |   141 |    +0.3% | -839.984 |  -643594.8 | -1061066.5 |   2405 | u_mul.result\[30\]$_DFFE_PN0P_/D
     370* |       1 |      60 |       82 |      1 |   148 |    +0.3% | -839.986 |  -643600.7 | -1061058.9 |   2405 | u_mul.result\[30\]$_DFFE_PN0P_/D
     380* |       1 |      65 |       83 |      1 |   152 |    +0.3% | -839.986 |  -643600.6 | -1061047.4 |   2405 | u_mul.result\[30\]$_DFFE_PN0P_/D
     390* |       1 |      68 |       84 |      1 |   158 |    +0.3% | -839.986 |  -643603.5 | -1061053.9 |   2405 | u_mul.result\[30\]$_DFFE_PN0P_/D
     400* |       1 |      70 |       84 |      1 |   166 |    +0.3% | -839.986 |  -643601.9 | -1061050.9 |   2405 | u_mul.result\[30\]$_DFFE_PN0P_/D
     410* |       2 |      72 |       88 |      1 |   170 |    +0.3% | -839.986 |  -643590.5 | -1061046.5 |   2405 | u_mul.result\[30\]$_DFFE_PN0P_/D
     417* |       1 |      59 |       82 |      1 |   146 |    +0.3% | -839.984 |  -643599.5 | -1061061.5 |   2405 | u_mul.result\[30\]$_DFFE_PN0P_/D
     420* |       1 |      61 |       82 |      1 |   146 |    +0.3% | -839.548 |  -643583.9 | -1061057.1 |   2405 | u_mul.result\[30\]$_DFFE_PN0P_/D
     430* |       1 |      65 |       86 |      1 |   149 |    +0.3% | -837.965 |  -643567.1 | -1061037.5 |   2405 | u_mul.result\[30\]$_DFFE_PN0P_/D
     440* |       1 |      68 |       87 |      1 |   155 |    +0.3% | -841.386 |  -643566.9 | -1061069.6 |   2405 | u_mul.result\[20\]$_DFFE_PN0P_/D
     450* |       2 |      73 |       94 |      1 |   157 |    +0.3% | -837.965 |  -643548.5 | -1061037.1 |   2405 | u_mul.result\[30\]$_DFFE_PN0P_/D
     460* |       3 |      80 |       94 |      1 |   159 |    +0.3% | -839.377 |  -643550.2 | -1061047.9 |   2405 | u_mul.result\[30\]$_DFFE_PN0P_/D
     470* |       3 |      83 |       95 |      1 |   165 |    +0.3% | -839.377 |  -643551.6 | -1061043.1 |   2405 | u_mul.result\[30\]$_DFFE_PN0P_/D
     475* |       2 |      73 |       94 |      1 |   158 |    +0.3% | -837.965 |  -643548.5 | -1061036.4 |   2405 | u_mul.result\[30\]$_DFFE_PN0P_/D
     480* |       2 |      74 |       96 |      1 |   160 |    +0.3% | -837.914 |  -643535.1 | -1061035.5 |   2405 | u_mul.result\[20\]$_DFFE_PN0P_/D
     480* |       2 |      74 |       96 |      1 |   159 |    +0.3% | -837.914 |  -643535.1 | -1061034.5 |   2405 | u_mul.result\[20\]$_DFFE_PN0P_/D
     490* |       2 |      75 |       99 |      1 |   164 |    +0.3% | -837.914 |  -643532.6 | -1061023.2 |   2405 | u_mul.result\[20\]$_DFFE_PN0P_/D
     500* |       2 |      77 |      101 |      1 |   171 |    +0.3% | -837.914 |  -643533.8 | -1061014.0 |   2405 | u_mul.result\[20\]$_DFFE_PN0P_/D
     510* |       2 |      81 |      105 |      1 |   174 |    +0.3% | -837.914 |  -643528.3 | -1061010.9 |   2405 | u_mul.result\[20\]$_DFFE_PN0P_/D
     520* |       2 |      82 |      105 |      1 |   183 |    +0.3% | -837.914 |  -643527.0 | -1061011.8 |   2405 | u_mul.result\[20\]$_DFFE_PN0P_/D
     530* |       2 |      86 |      105 |      1 |   189 |    +0.3% | -837.914 |  -643526.1 | -1061000.9 |   2405 | u_mul.result\[20\]$_DFFE_PN0P_/D
     540* |       3 |      89 |      106 |      1 |   194 |    +0.3% | -837.914 |  -643524.1 | -1061004.4 |   2405 | u_mul.result\[20\]$_DFFE_PN0P_/D
     550* |       4 |      90 |      106 |      1 |   202 |    +0.3% | -837.914 |  -643525.6 | -1061003.6 |   2405 | u_mul.result\[20\]$_DFFE_PN0P_/D
     560* |       4 |      93 |      106 |      1 |   209 |    +0.3% | -837.914 |  -643531.1 | -1061008.1 |   2405 | u_mul.result\[20\]$_DFFE_PN0P_/D
     570* |       4 |      96 |      107 |      1 |   215 |    +0.4% | -838.185 |  -643535.7 | -1060998.9 |   2405 | u_mul.result\[30\]$_DFFE_PN0P_/D
     580* |       4 |      98 |      111 |      1 |   220 |    +0.4% | -838.185 |  -643536.6 | -1060996.0 |   2405 | u_mul.result\[30\]$_DFFE_PN0P_/D
     590* |       4 |     101 |      113 |      1 |   225 |    +0.4% | -838.185 |  -643532.2 | -1060993.9 |   2405 | u_mul.result\[30\]$_DFFE_PN0P_/D
     600* |       4 |     105 |      113 |      1 |   231 |    +0.4% | -838.185 |  -643545.8 | -1060986.8 |   2405 | u_mul.result\[30\]$_DFFE_PN0P_/D
     610* |       4 |     109 |      113 |      1 |   237 |    +0.4% | -838.185 |  -643548.6 | -1060988.2 |   2405 | u_mul.result\[30\]$_DFFE_PN0P_/D
     617* |       4 |      94 |      107 |      1 |   214 |    +0.4% | -837.914 |  -643531.6 | -1061002.2 |   2405 | u_mul.result\[20\]$_DFFE_PN0P_/D
     620* |       4 |      95 |      107 |      1 |   215 |    +0.4% | -837.914 |  -643531.6 | -1061000.1 |   2405 | u_mul.result\[20\]$_DFFE_PN0P_/D
     630* |       5 |      98 |      107 |      1 |   221 |    +0.4% | -837.914 |  -643533.9 | -1060996.0 |   2405 | u_mul.result\[20\]$_DFFE_PN0P_/D
     640* |       5 |     102 |      109 |      1 |   225 |    +0.4% | -837.914 |  -643531.6 | -1060994.6 |   2405 | u_mul.result\[20\]$_DFFE_PN0P_/D
     650* |       5 |     103 |      112 |      1 |   231 |    +0.4% | -837.916 |  -643527.6 | -1060993.2 |   2405 | u_mul.result\[30\]$_DFFE_PN0P_/D
     660* |       5 |     105 |      118 |      1 |   234 |    +0.4% | -838.243 |  -643523.2 | -1060977.1 |   2405 | u_mul.result\[30\]$_DFFE_PN0P_/D
     670* |       5 |     110 |      121 |      1 |   236 |    +0.4% | -838.243 |  -643515.8 | -1060979.0 |   2405 | u_mul.result\[30\]$_DFFE_PN0P_/D
     671* |       5 |     103 |      112 |      1 |   229 |    +0.4% | -837.914 |  -643527.5 | -1060993.0 |   2405 | u_mul.result\[20\]$_DFFE_PN0P_/D
     673* |       5 |     103 |      112 |      1 |   230 |    +0.4% | -837.914 |  -643527.5 | -1060992.6 |   2405 | u_mul.result\[20\]$_DFFE_PN0P_/D
     679* |       5 |     103 |      112 |      1 |   230 |    +0.4% | -837.914 |  -643527.5 | -1060992.6 |   2405 | u_mul.result\[20\]$_DFFE_PN0P_/D
     680* |       5 |     103 |      112 |      1 |   230 |    +0.4% | -837.914 |  -643527.5 | -1060992.6 |   2405 | u_mul.result\[20\]$_DFFE_PN0P_/D
     690* |       5 |     104 |      113 |      1 |   238 |    +0.4% | -837.866 |  -643504.1 | -1061011.0 |   2405 | u_mul.result\[30\]$_DFFE_PN0P_/D
     700* |       5 |     109 |      114 |      1 |   242 |    +0.4% | -838.243 |  -643423.1 | -1060953.9 |   2405 | u_mul.result\[30\]$_DFFE_PN0P_/D
     710* |       5 |     110 |      120 |      1 |   246 |    +0.4% | -838.237 |  -643423.3 | -1060994.2 |   2405 | u_mul.result\[30\]$_DFFE_PN0P_/D
     720* |       5 |     112 |      121 |      1 |   253 |    +0.4% | -838.237 |  -643433.6 | -1060982.2 |   2405 | u_mul.result\[30\]$_DFFE_PN0P_/D
     730* |       5 |     116 |      121 |      1 |   259 |    +0.4% | -838.467 |  -643431.8 | -1060974.8 |   2405 | u_mul.result\[30\]$_DFFE_PN0P_/D
     740* |       5 |     118 |      126 |      1 |   264 |    +0.4% | -838.467 |  -643387.3 | -1060971.8 |   2405 | u_mul.result\[30\]$_DFFE_PN0P_/D
     748* |       5 |     107 |      114 |      1 |   242 |    +0.4% | -837.865 |  -643421.3 | -1060963.6 |   2405 | u_mul.result\[30\]$_DFFE_PN0P_/D
     750* |       5 |     108 |      114 |      1 |   242 |    +0.4% | -838.243 |  -643422.9 | -1060954.4 |   2405 | u_mul.result\[30\]$_DFFE_PN0P_/D
     760* |       5 |     113 |      118 |      1 |   243 |    +0.4% | -838.243 |  -643451.1 | -1061012.0 |   2405 | u_mul.result\[30\]$_DFFE_PN0P_/D
     770* |       5 |     117 |      125 |      1 |   244 |    +0.4% | -838.473 |  -643408.4 | -1061012.5 |   2405 | u_mul.result\[30\]$_DFFE_PN0P_/D
     780* |       5 |     120 |      126 |      1 |   250 |    +0.4% | -838.473 |  -643410.7 | -1061013.6 |   2405 | u_mul.result\[30\]$_DFFE_PN0P_/D
     790* |       5 |     122 |      127 |      1 |   257 |    +0.4% | -838.473 |  -643411.4 | -1061013.2 |   2405 | u_mul.result\[30\]$_DFFE_PN0P_/D
     799* |       5 |     107 |      114 |      1 |   242 |    +0.4% | -837.865 |  -643421.3 | -1060963.6 |   2405 | u_mul.result\[30\]$_DFFE_PN0P_/D
     800* |       5 |     107 |      114 |      1 |   242 |    +0.4% | -837.865 |  -643421.3 | -1060963.6 |   2405 | u_mul.result\[30\]$_DFFE_PN0P_/D
     810* |       5 |     111 |      116 |      1 |   246 |    +0.4% | -837.865 |  -643417.6 | -1060965.4 |   2405 | u_mul.result\[30\]$_DFFE_PN0P_/D
     820* |       5 |     115 |      120 |      1 |   249 |    +0.4% | -838.240 |  -643417.1 | -1060947.8 |   2405 | u_mul.result\[30\]$_DFFE_PN0P_/D
     830* |       5 |     118 |      125 |      1 |   251 |    +0.4% | -838.229 |  -643410.4 | -1060947.0 |   2405 | u_mul.result\[30\]$_DFFE_PN0P_/D
     840* |       5 |     121 |      129 |      1 |   255 |    +0.4% | -838.229 |  -643429.2 | -1060942.2 |   2405 | u_mul.result\[30\]$_DFFE_PN0P_/D
     850* |       5 |     124 |      131 |      1 |   260 |    +0.4% | -838.229 |  -643421.4 | -1060942.2 |   2405 | u_mul.result\[30\]$_DFFE_PN0P_/D
     860* |       5 |     129 |      134 |      1 |   262 |    +0.5% | -838.459 |  -643409.2 | -1060938.9 |   2405 | u_mul.result\[30\]$_DFFE_PN0P_/D
     863* |       5 |     113 |      118 |      1 |   248 |    +0.4% | -837.865 |  -643421.1 | -1060955.0 |   2405 | u_mul.result\[30\]$_DFFE_PN0P_/D
     870* |       5 |     116 |      120 |      1 |   249 |    +0.4% | -838.243 |  -643398.2 | -1060998.6 |   2405 | u_mul.result\[30\]$_DFFE_PN0P_/D
     880* |       5 |     119 |      126 |      1 |   251 |    +0.4% | -838.237 |  -643399.5 | -1060955.2 |   2405 | u_mul.result\[30\]$_DFFE_PN0P_/D
     890* |       5 |     124 |      134 |      1 |   251 |    +0.4% | -838.468 |  -643386.2 | -1060951.0 |   2405 | u_mul.result\[30\]$_DFFE_PN0P_/D
     900* |       6 |     130 |      136 |      1 |   252 |    +0.5% | -838.468 |  -643388.7 | -1060941.1 |   2405 | u_mul.result\[30\]$_DFFE_PN0P_/D
     910* |       6 |     132 |      139 |      1 |   257 |    +0.5% | -838.468 |  -643388.7 | -1060917.5 |   2405 | u_mul.result\[30\]$_DFFE_PN0P_/D
     915* |       5 |     113 |      119 |      1 |   248 |    +0.4% | -837.865 |  -643401.5 | -1060948.9 |   2405 | u_mul.result\[30\]$_DFFE_PN0P_/D
     920* |       5 |     113 |      124 |      1 |   249 |    +0.4% | -837.859 |  -643398.1 | -1060939.0 |   2405 | u_mul.result\[30\]$_DFFE_PN0P_/D
     930* |       5 |     117 |      126 |      1 |   254 |    +0.4% | -837.859 |  -643398.1 | -1060936.5 |   2405 | u_mul.result\[30\]$_DFFE_PN0P_/D
     940* |       6 |     123 |      128 |      1 |   255 |    +0.4% | -837.859 |  -643400.9 | -1060931.2 |   2405 | u_mul.result\[30\]$_DFFE_PN0P_/D
     950* |       6 |     128 |      132 |      2 |   256 |    +0.4% | -837.859 |  -643190.1 | -1059364.0 |   2405 | u_mul.result\[30\]$_DFFE_PN0P_/D
     960* |       6 |     134 |      135 |      2 |   258 |    +0.5% | -837.859 |  -643187.5 | -1059360.5 |   2405 | u_mul.result\[30\]$_DFFE_PN0P_/D
     970* |       6 |     138 |      138 |      2 |   262 |    +0.5% | -837.859 |  -642964.1 | -1056856.1 |   2405 | u_mul.result\[30\]$_DFFE_PN0P_/D
     980* |       6 |     139 |      141 |      2 |   269 |    +0.5% | -837.859 |  -642960.2 | -1056854.9 |   2405 | u_mul.result\[30\]$_DFFE_PN0P_/D
     990* |       6 |     141 |      143 |      2 |   275 |    +0.5% | -837.859 |  -642960.2 | -1056856.6 |   2405 | u_mul.result\[30\]$_DFFE_PN0P_/D
     994* |       6 |     141 |      142 |      2 |   274 |    +0.5% | -837.859 |  -642960.2 | -1056855.1 |   2405 | u_mul.result\[30\]$_DFFE_PN0P_/D
    1000* |       6 |     142 |      145 |      2 |   275 |    +0.5% | -837.859 |  -642954.4 | -1056877.6 |   2405 | u_mul.result\[30\]$_DFFE_PN0P_/D
    1005* |       6 |     144 |      147 |      2 |   276 |    +0.5% | -837.859 |  -642947.6 | -1056877.2 |   2405 | u_mul.result\[30\]$_DFFE_PN0P_/D
    1009* |       6 |     144 |      147 |      2 |   276 |    +0.5% | -837.859 |  -642947.6 | -1056877.2 |   2405 | u_mul.result\[30\]$_DFFE_PN0P_/D
    1010* |       6 |     144 |      147 |      2 |   276 |    +0.5% | -837.859 |  -642947.6 | -1056877.2 |   2405 | u_mul.result\[30\]$_DFFE_PN0P_/D
    1020* |       6 |     148 |      147 |      2 |   282 |    +0.5% | -837.859 |  -642950.4 | -1056859.1 |   2405 | u_mul.result\[30\]$_DFFE_PN0P_/D
    1030* |       7 |     153 |      151 |      2 |   282 |    +0.5% | -838.236 |  -642945.8 | -1056839.2 |   2405 | u_mul.result\[30\]$_DFFE_PN0P_/D
    1040* |       7 |     157 |      157 |      2 |   283 |    +0.5% | -838.236 |  -642939.9 | -1056838.4 |   2405 | u_mul.result\[30\]$_DFFE_PN0P_/D
    1050* |       7 |     162 |      160 |      2 |   285 |    +0.6% | -838.466 |  -642932.9 | -1056835.9 |   2405 | u_mul.result\[30\]$_DFFE_PN0P_/D
    1060* |       8 |     163 |      162 |      2 |   291 |    +0.6% | -838.466 |  -642934.0 | -1056835.6 |   2405 | u_mul.result\[30\]$_DFFE_PN0P_/D
    1063* |       6 |     147 |      147 |      2 |   276 |    +0.5% | -837.859 |  -642952.9 | -1056856.1 |   2405 | u_mul.result\[30\]$_DFFE_PN0P_/D
    1070* |       6 |     148 |      147 |      2 |   281 |    +0.5% | -837.859 |  -642952.9 | -1056859.2 |   2405 | u_mul.result\[30\]$_DFFE_PN0P_/D
    1080* |       6 |     149 |      148 |      2 |   289 |    +0.5% | -837.859 |  -642946.1 | -1056853.4 |   2405 | u_mul.result\[30\]$_DFFE_PN0P_/D
    1090* |       6 |     153 |      150 |      2 |   293 |    +0.5% | -837.859 |  -642906.0 | -1056856.6 |   2405 | u_mul.result\[30\]$_DFFE_PN0P_/D
    1100* |       6 |     159 |      152 |      2 |   295 |    +0.5% | -838.466 |  -642902.0 | -1056842.5 |   2405 | u_mul.result\[30\]$_DFFE_PN0P_/D
    1100* |       6 |     153 |      149 |      2 |   293 |    +0.5% | -837.859 |  -642906.0 | -1056845.8 |   2405 | u_mul.result\[30\]$_DFFE_PN0P_/D
    1110* |       6 |     156 |      152 |      2 |   296 |    +0.5% | -837.859 |  -642243.5 | -1049802.2 |   2405 | u_mul.result\[30\]$_DFFE_PN0P_/D
    1120* |       6 |     158 |      158 |      2 |   300 |    +0.5% | -837.859 |  -641445.6 | -1048372.8 |   2405 | u_mul.result\[30\]$_DFFE_PN0P_/D
    1130* |       6 |     162 |      158 |      2 |   306 |    +0.5% | -837.859 |  -639785.6 | -1047226.1 |   2405 | u_mul.result\[30\]$_DFFE_PN0P_/D
    1140* |       6 |     165 |      162 |      2 |   310 |    +0.6% | -837.859 |  -639680.4 | -1047294.1 |   2405 | u_mul.result\[30\]$_DFFE_PN0P_/D
    1150* |       6 |     166 |      165 |      2 |   316 |    +0.6% | -837.859 |  -638918.4 | -1046494.9 |   2405 | u_mul.result\[30\]$_DFFE_PN0P_/D
    1160* |       6 |     169 |      165 |      2 |   323 |    +0.6% | -837.859 |  -638824.2 | -1045255.2 |   2405 | u_mul.result\[30\]$_DFFE_PN0P_/D
    1170* |       6 |     170 |      173 |      2 |   327 |    +0.6% | -837.859 |  -638207.1 | -1044859.9 |   2405 | u_mul.result\[30\]$_DFFE_PN0P_/D
    1180* |       6 |     173 |      174 |      2 |   333 |    +0.6% | -837.859 |  -638166.3 | -1045080.1 |   2405 | u_mul.result\[30\]$_DFFE_PN0P_/D
    1190* |       6 |     178 |      176 |      2 |   336 |    +0.6% | -837.859 |  -638010.8 | -1044262.6 |   2405 | u_mul.result\[30\]$_DFFE_PN0P_/D
    1200* |       6 |     178 |      178 |      2 |   344 |    +0.6% | -837.859 |  -638001.0 | -1044542.4 |   2405 | u_mul.result\[30\]$_DFFE_PN0P_/D
    1210* |       6 |     180 |      180 |      3 |   349 |    +0.6% | -837.859 |  -638169.8 | -1044609.4 |   2405 | u_mul.result\[30\]$_DFFE_PN0P_/D
    1220* |       6 |     184 |      181 |      3 |   354 |    +0.6% | -837.859 |  -638122.8 | -1044074.9 |   2405 | u_mul.result\[30\]$_DFFE_PN0P_/D
    1223* |       6 |     182 |      181 |      3 |   352 |    +0.6% | -837.859 |  -638122.8 | -1043423.1 |   2405 | u_mul.result\[30\]$_DFFE_PN0P_/D
    1230* |       6 |     183 |      182 |      3 |   356 |    +0.6% | -838.236 |  -638123.2 | -1043412.8 |   2405 | u_mul.result\[30\]$_DFFE_PN0P_/D
    1240* |       6 |     186 |      183 |      3 |   362 |    +0.6% | -838.236 |  -638123.2 | -1043404.4 |   2405 | u_mul.result\[30\]$_DFFE_PN0P_/D
    1250* |       6 |     188 |      184 |      3 |   369 |    +0.6% | -838.236 |  -638124.1 | -1043403.0 |   2405 | u_mul.result\[30\]$_DFFE_PN0P_/D
    1260* |       6 |     193 |      186 |      3 |   372 |    +0.7% | -838.236 |  -638128.7 | -1043397.7 |   2405 | u_mul.result\[30\]$_DFFE_PN0P_/D
    1270* |       6 |     198 |      188 |      3 |   375 |    +0.7% | -838.236 |  -638128.0 | -1043401.1 |   2405 | u_mul.result\[30\]$_DFFE_PN0P_/D
    1275* |       6 |     182 |      182 |      3 |   352 |    +0.6% | -837.859 |  -638122.8 | -1043422.4 |   2405 | u_mul.result\[30\]$_DFFE_PN0P_/D
    1280* |       6 |     185 |      183 |      3 |   352 |    +0.6% | -837.859 |  -637930.2 | -1043418.2 |   2405 | u_mul.result\[30\]$_DFFE_PN0P_/D
    1290* |       6 |     190 |      184 |      4 |   355 |    +0.6% | -837.859 |  -637859.9 | -1043649.8 |   2405 | u_mul.result\[30\]$_DFFE_PN0P_/D
    1299* |       6 |     194 |      185 |      4 |   358 |    +0.7% | -837.859 |  -637861.9 | -1042901.1 |   2405 | u_mul.result\[30\]$_DFFE_PN0P_/D
    1300* |       6 |     194 |      185 |      4 |   358 |    +0.7% | -837.859 |  -637861.9 | -1042901.1 |   2405 | u_mul.result\[30\]$_DFFE_PN0P_/D
    1310* |       6 |     200 |      187 |      4 |   360 |    +0.7% | -838.236 |  -637862.2 | -1042879.1 |   2405 | u_mul.result\[30\]$_DFFE_PN0P_/D
    1320* |       7 |     203 |      193 |      4 |   361 |    +0.7% | -838.236 |  -637859.6 | -1042924.9 |   2405 | u_mul.result\[30\]$_DFFE_PN0P_/D
    1330* |       7 |     205 |      194 |      4 |   368 |    +0.7% | -838.236 |  -637859.6 | -1042937.2 |   2405 | u_mul.result\[30\]$_DFFE_PN0P_/D
    1340* |       7 |     210 |      197 |      4 |   370 |    +0.7% | -838.236 |  -637859.9 | -1042893.9 |   2405 | u_mul.result\[30\]$_DFFE_PN0P_/D
    1350* |       7 |     214 |      204 |      4 |   372 |    +0.7% | -838.236 |  -637850.1 | -1042893.2 |   2405 | u_mul.result\[30\]$_DFFE_PN0P_/D
    1351* |       6 |     194 |      185 |      4 |   359 |    +0.7% | -837.859 |  -637861.9 | -1042898.0 |   2405 | u_mul.result\[30\]$_DFFE_PN0P_/D
    1354* |       6 |     195 |      185 |      4 |   359 |    +0.7% | -837.859 |  -637861.9 | -1042897.1 |   2405 | u_mul.result\[30\]$_DFFE_PN0P_/D
    1359* |       6 |     197 |      185 |      4 |   361 |    +0.7% | -837.859 |  -637861.9 | -1042887.7 |   2405 | u_mul.result\[30\]$_DFFE_PN0P_/D
    1360* |       6 |     197 |      185 |      4 |   361 |    +0.7% | -837.859 |  -637861.9 | -1042887.7 |   2405 | u_mul.result\[30\]$_DFFE_PN0P_/D
    1367* |       6 |     198 |      185 |      4 |   362 |    +0.7% | -837.859 |  -637861.9 | -1042886.0 |   2405 | u_mul.result\[30\]$_DFFE_PN0P_/D
    1370* |       6 |     198 |      185 |      4 |   364 |    +0.7% | -837.859 |  -637861.9 | -1042886.0 |   2405 | u_mul.result\[30\]$_DFFE_PN0P_/D
    1371* |       6 |     198 |      185 |      4 |   363 |    +0.7% | -837.859 |  -637861.9 | -1042884.2 |   2405 | u_mul.result\[30\]$_DFFE_PN0P_/D
    1377* |       6 |     202 |      185 |      4 |   363 |    +0.7% | -837.859 |  -637861.9 | -1042863.9 |   2405 | u_mul.result\[30\]$_DFFE_PN0P_/D
    1380* |       6 |     204 |      185 |      4 |   363 |    +0.7% | -837.859 |  -637861.9 | -1042849.9 |   2405 | u_mul.result\[30\]$_DFFE_PN0P_/D
    1389* |       6 |     207 |      187 |      5 |   363 |    +0.7% | -837.859 |  -637861.9 | -1042857.6 |   2405 | u_mul.result\[30\]$_DFFE_PN0P_/D
    1390* |       6 |     207 |      187 |      5 |   363 |    +0.7% | -837.859 |  -637861.9 | -1042857.6 |   2405 | u_mul.result\[30\]$_DFFE_PN0P_/D
    1391* |       6 |     207 |      187 |      5 |   363 |    +0.7% | -837.859 |  -637861.9 | -1042857.6 |   2405 | u_mul.result\[30\]$_DFFE_PN0P_/D
    1395* |       6 |     209 |      187 |      5 |   363 |    +0.7% | -837.859 |  -637861.9 | -1042867.6 |   2405 | u_mul.result\[30\]$_DFFE_PN0P_/D
    1400* |       6 |     212 |      188 |      5 |   363 |    +0.7% | -837.859 |  -637615.8 | -1042862.4 |   2405 | u_mul.result\[30\]$_DFFE_PN0P_/D
    1400* |       6 |     212 |      188 |      5 |   363 |    +0.7% | -837.859 |  -637615.8 | -1042862.4 |   2405 | u_mul.result\[30\]$_DFFE_PN0P_/D
    1410* |       7 |     215 |      189 |      7 |   365 |    +0.7% | -837.859 |  -637611.8 | -1042768.2 |   2405 | u_mul.result\[30\]$_DFFE_PN0P_/D
    1410* |       6 |     215 |      189 |      7 |   363 |    +0.7% | -837.859 |  -637611.4 | -1042790.2 |   2405 | u_mul.result\[30\]$_DFFE_PN0P_/D
    1420* |       6 |     221 |      190 |      8 |   364 |    +0.7% | -837.859 |  -637422.2 | -1042679.9 |   2405 | u_mul.result\[30\]$_DFFE_PN0P_/D
    1426* |       6 |     217 |      189 |      8 |   364 |    +0.7% | -837.859 |  -638236.4 | -1042872.4 |   2405 | u_mul.result\[30\]$_DFFE_PN0P_/D
    1430* |       6 |     219 |      190 |      8 |   364 |    +0.7% | -837.859 |  -637422.2 | -1042686.9 |   2405 | u_mul.result\[30\]$_DFFE_PN0P_/D
    1435* |       6 |     217 |      189 |      8 |   364 |    +0.7% | -837.859 |  -638236.4 | -1042872.4 |   2405 | u_mul.result\[30\]$_DFFE_PN0P_/D
    1440* |       6 |     219 |      190 |      8 |   365 |    +0.7% | -838.236 |  -638236.8 | -1042861.4 |   2405 | u_mul.result\[30\]$_DFFE_PN0P_/D
    1450* |       6 |     226 |      193 |      8 |   365 |    +0.7% | -838.236 |  -638242.1 | -1042849.1 |   2405 | u_mul.result\[30\]$_DFFE_PN0P_/D
    1460* |       6 |     233 |      196 |      8 |   365 |    +0.7% | -838.466 |  -638241.8 | -1042849.6 |   2405 | u_mul.result\[30\]$_DFFE_PN0P_/D
    1470* |       6 |     241 |      196 |      8 |   367 |    +0.8% | -838.820 |  -638237.6 | -1042856.1 |   2405 | u_mul.result\[30\]$_DFFE_PN0P_/D
    1480* |       6 |     245 |      198 |      8 |   371 |    +0.8% | -838.820 |  -638240.1 | -1042852.8 |   2405 | u_mul.result\[30\]$_DFFE_PN0P_/D
    1487* |       6 |     217 |      189 |      8 |   365 |    +0.7% | -837.859 |  -638236.4 | -1042870.6 |   2405 | u_mul.result\[30\]$_DFFE_PN0P_/D
    1490* |       6 |     218 |      189 |      8 |   366 |    +0.7% | -837.859 |  -638236.4 | -1042869.6 |   2405 | u_mul.result\[30\]$_DFFE_PN0P_/D
    1491* |       6 |     218 |      189 |      8 |   365 |    +0.7% | -837.859 |  -638236.4 | -1042869.5 |   2405 | u_mul.result\[30\]$_DFFE_PN0P_/D
    1500* |       6 |     222 |      191 |      8 |   367 |    +0.7% | -838.233 |  -638234.2 | -1042857.3 |   2405 | u_mul.result\[30\]$_DFFE_PN0P_/D
    1500* |       6 |     219 |      189 |      8 |   366 |    +0.7% | -837.859 |  -638236.4 | -1042864.7 |   2405 | u_mul.result\[30\]$_DFFE_PN0P_/D
    1500* |       6 |     219 |      189 |      8 |   366 |    +0.7% | -837.859 |  -638236.4 | -1042864.7 |   2405 | u_mul.result\[30\]$_DFFE_PN0P_/D
    1500+ |       6 |     219 |      189 |      8 |   366 |    +0.7% | -837.859 |  -638236.4 | -1042864.7 |   2405 | u_mul.result\[30\]$_DFFE_PN0P_/D
    1501+ |       6 |     219 |      189 |      8 |   366 |    +0.7% | -837.859 |  -638236.4 | -1042864.7 |   2405 | u_mul.result\[30\]$_DFFE_PN0P_/D
    1502+ |       6 |     219 |      189 |      8 |   366 |    +0.7% | -837.859 |  -638236.4 | -1042864.7 |   2405 | u_mul.result\[30\]$_DFFE_PN0P_/D
    1503+ |       6 |     219 |      189 |      8 |   366 |    +0.7% | -837.859 |  -638236.4 | -1042864.7 |   2405 | u_mul.result\[30\]$_DFFE_PN0P_/D
    1504+ |       6 |     219 |      189 |      8 |   366 |    +0.7% | -837.859 |  -638236.4 | -1042864.7 |   2405 | u_mul.result\[30\]$_DFFE_PN0P_/D
    1510+ |       6 |     222 |      189 |      8 |   368 |    +0.7% | -837.859 |  -638247.6 | -1042848.2 |   2405 | u_mul.result\[30\]$_DFFE_PN0P_/D
    1511+ |       6 |     223 |      189 |      8 |   368 |    +0.7% | -837.859 |  -638247.4 | -1042848.0 |   2405 | u_mul.result\[30\]$_DFFE_PN0P_/D
    1513+ |       6 |     223 |      189 |      8 |   369 |    +0.7% | -837.859 |  -638247.4 | -1042848.3 |   2405 | u_mul.result\[30\]$_DFFE_PN0P_/D
    1520+ |       6 |     227 |      189 |      8 |   371 |    +0.7% | -837.859 |  -638242.6 | -1042842.4 |   2405 | u_mul.result\[30\]$_DFFE_PN0P_/D
    1520+ |       6 |     227 |      189 |      8 |   371 |    +0.7% | -837.859 |  -638242.6 | -1042842.4 |   2405 | u_mul.result\[30\]$_DFFE_PN0P_/D
    1521+ |       6 |     227 |      189 |      8 |   371 |    +0.7% | -837.859 |  -638242.6 | -1042842.4 |   2405 | u_mul.result\[30\]$_DFFE_PN0P_/D
    1522+ |       6 |     227 |      189 |      8 |   371 |    +0.7% | -837.859 |  -638242.6 | -1042842.4 |   2405 | u_mul.result\[30\]$_DFFE_PN0P_/D
    1523+ |       6 |     227 |      189 |      8 |   371 |    +0.7% | -837.859 |  -638242.6 | -1042842.4 |   2405 | u_mul.result\[30\]$_DFFE_PN0P_/D
    1524+ |       6 |     227 |      189 |      8 |   371 |    +0.7% | -837.859 |  -638242.6 | -1042842.4 |   2405 | u_mul.result\[30\]$_DFFE_PN0P_/D
    1525+ |       6 |     227 |      189 |      8 |   371 |    +0.7% | -837.859 |  -638242.6 | -1042842.4 |   2405 | u_mul.result\[30\]$_DFFE_PN0P_/D
    1526+ |       6 |     227 |      189 |      8 |   371 |    +0.7% | -837.859 |  -638242.6 | -1042842.4 |   2405 | u_mul.result\[30\]$_DFFE_PN0P_/D
    1527+ |       6 |     227 |      189 |      8 |   371 |    +0.7% | -837.859 |  -638242.6 | -1042842.4 |   2405 | u_mul.result\[30\]$_DFFE_PN0P_/D
    1528+ |       6 |     227 |      189 |      8 |   371 |    +0.7% | -837.859 |  -638242.6 | -1042842.4 |   2405 | u_mul.result\[30\]$_DFFE_PN0P_/D
    1530+ |       6 |     228 |      189 |      8 |   371 |    +0.7% | -837.859 |  -638240.3 | -1042841.6 |   2405 | u_mul.result\[30\]$_DFFE_PN0P_/D
    1531+ |       6 |     229 |      189 |      8 |   371 |    +0.7% | -837.859 |  -638240.3 | -1042840.1 |   2405 | u_mul.result\[30\]$_DFFE_PN0P_/D
    1532+ |       6 |     229 |      189 |      8 |   371 |    +0.7% | -837.859 |  -638240.3 | -1042840.1 |   2405 | u_mul.result\[30\]$_DFFE_PN0P_/D
    1533+ |       6 |     229 |      189 |      8 |   371 |    +0.7% | -837.859 |  -638240.3 | -1042840.1 |   2405 | u_mul.result\[30\]$_DFFE_PN0P_/D
    1534+ |       6 |     229 |      189 |      8 |   371 |    +0.7% | -837.859 |  -638240.3 | -1042840.1 |   2405 | u_mul.result\[30\]$_DFFE_PN0P_/D
    1537+ |       6 |     230 |      189 |      8 |   372 |    +0.7% | -837.859 |  -638240.3 | -1042835.4 |   2405 | u_mul.result\[30\]$_DFFE_PN0P_/D
    1540+ |       6 |     230 |      189 |      8 |   374 |    +0.7% | -837.859 |  -638240.3 | -1042835.6 |   2405 | u_mul.result\[30\]$_DFFE_PN0P_/D
    1540+ |       6 |     230 |      189 |      8 |   374 |    +0.7% | -837.859 |  -638240.3 | -1042835.6 |   2405 | u_mul.result\[30\]$_DFFE_PN0P_/D
    1543+ |       6 |     231 |      189 |      8 |   375 |    +0.7% | -837.859 |  -638237.4 | -1042832.1 |   2405 | u_mul.result\[30\]$_DFFE_PN0P_/D
    1544+ |       6 |     231 |      189 |      8 |   375 |    +0.7% | -837.859 |  -638237.4 | -1042832.1 |   2405 | u_mul.result\[30\]$_DFFE_PN0P_/D
    1550+ |       6 |     234 |      189 |      8 |   377 |    +0.7% | -837.859 |  -638237.4 | -1042830.9 |   2405 | u_mul.result\[30\]$_DFFE_PN0P_/D
    1554+ |       6 |     234 |      189 |      8 |   381 |    +0.7% | -837.859 |  -638237.4 | -1042831.4 |   2405 | u_mul.result\[30\]$_DFFE_PN0P_/D
    1559+ |       6 |     236 |      189 |      8 |   383 |    +0.7% | -837.859 |  -638237.4 | -1042831.1 |   2405 | u_mul.result\[30\]$_DFFE_PN0P_/D
    1560+ |       6 |     236 |      189 |      8 |   383 |    +0.7% | -837.859 |  -638237.4 | -1042831.1 |   2405 | u_mul.result\[30\]$_DFFE_PN0P_/D
    1560+ |       6 |     236 |      189 |      8 |   383 |    +0.7% | -837.859 |  -638237.4 | -1042831.1 |   2405 | u_mul.result\[30\]$_DFFE_PN0P_/D
    1561+ |       6 |     236 |      189 |      8 |   383 |    +0.7% | -837.859 |  -638237.4 | -1042831.1 |   2405 | u_mul.result\[30\]$_DFFE_PN0P_/D
    1563+ |       6 |     237 |      189 |      8 |   383 |    +0.7% | -837.859 |  -638237.4 | -1042828.2 |   2405 | u_mul.result\[30\]$_DFFE_PN0P_/D
    1570+ |       6 |     240 |      189 |      8 |   386 |    +0.7% | -837.859 |  -638237.4 | -1042818.2 |   2405 | u_mul.result\[30\]$_DFFE_PN0P_/D
    1571+ |       6 |     240 |      189 |      8 |   387 |    +0.7% | -837.859 |  -638237.4 | -1042818.0 |   2405 | u_mul.result\[30\]$_DFFE_PN0P_/D
    1573+ |       6 |     241 |      189 |      8 |   387 |    +0.7% | -837.859 |  -638237.4 | -1042814.2 |   2405 | u_mul.result\[30\]$_DFFE_PN0P_/D
    1575+ |       6 |     242 |      189 |      8 |   387 |    +0.7% | -837.859 |  -638148.9 | -1042803.2 |   2405 | u_mul.result\[30\]$_DFFE_PN0P_/D
    1576+ |       6 |     242 |      189 |      8 |   387 |    +0.7% | -837.859 |  -638148.9 | -1042803.2 |   2405 | u_mul.result\[30\]$_DFFE_PN0P_/D
    1577+ |       6 |     242 |      189 |      8 |   387 |    +0.7% | -837.859 |  -638148.9 | -1042803.2 |   2405 | u_mul.result\[30\]$_DFFE_PN0P_/D
    1578+ |       6 |     242 |      189 |      8 |   387 |    +0.7% | -837.859 |  -638148.9 | -1042803.2 |   2405 | u_mul.result\[30\]$_DFFE_PN0P_/D
    1579+ |       6 |     242 |      189 |      8 |   387 |    +0.7% | -837.859 |  -638148.9 | -1042803.2 |   2405 | u_mul.result\[30\]$_DFFE_PN0P_/D
    1580+ |       6 |     242 |      189 |      8 |   387 |    +0.7% | -837.859 |  -638148.9 | -1042803.2 |   2405 | u_mul.result\[30\]$_DFFE_PN0P_/D
    1580+ |       6 |     242 |      189 |      8 |   387 |    +0.7% | -837.859 |  -638148.9 | -1042803.2 |   2405 | u_mul.result\[30\]$_DFFE_PN0P_/D
    1581+ |       6 |     242 |      189 |      8 |   387 |    +0.7% | -837.859 |  -638148.9 | -1042803.2 |   2405 | u_mul.result\[30\]$_DFFE_PN0P_/D
    1582+ |       6 |     242 |      189 |      8 |   387 |    +0.7% | -837.859 |  -638148.9 | -1042803.2 |   2405 | u_mul.result\[30\]$_DFFE_PN0P_/D
    1583+ |       6 |     242 |      189 |      8 |   387 |    +0.7% | -837.859 |  -638148.9 | -1042803.2 |   2405 | u_mul.result\[30\]$_DFFE_PN0P_/D
    1584+ |       6 |     242 |      189 |      8 |   387 |    +0.7% | -837.859 |  -638148.9 | -1042803.2 |   2405 | u_mul.result\[30\]$_DFFE_PN0P_/D
    1585+ |       6 |     242 |      189 |      8 |   387 |    +0.7% | -837.859 |  -638148.9 | -1042803.2 |   2405 | u_mul.result\[30\]$_DFFE_PN0P_/D
    1587+ |       6 |     242 |      189 |      8 |   388 |    +0.7% | -837.859 |  -638148.9 | -1042803.6 |   2405 | u_mul.result\[30\]$_DFFE_PN0P_/D
    1588+ |       6 |     242 |      189 |      8 |   388 |    +0.7% | -837.859 |  -638148.9 | -1042803.6 |   2405 | u_mul.result\[30\]$_DFFE_PN0P_/D
    1590+ |       6 |     243 |      189 |      8 |   388 |    +0.7% | -837.859 |  -638149.9 | -1042789.0 |   2405 | u_mul.result\[30\]$_DFFE_PN0P_/D
    1590+ |       6 |     243 |      189 |      8 |   388 |    +0.7% | -837.859 |  -638149.9 | -1042789.0 |   2405 | u_mul.result\[30\]$_DFFE_PN0P_/D
    1591+ |       6 |     243 |      189 |      8 |   388 |    +0.7% | -837.859 |  -638149.9 | -1042789.0 |   2405 | u_mul.result\[30\]$_DFFE_PN0P_/D
    1592+ |       6 |     243 |      189 |      8 |   388 |    +0.7% | -837.859 |  -638149.9 | -1042789.0 |   2405 | u_mul.result\[30\]$_DFFE_PN0P_/D
    1593+ |       6 |     243 |      189 |      8 |   388 |    +0.7% | -837.859 |  -638149.9 | -1042789.0 |   2405 | u_mul.result\[30\]$_DFFE_PN0P_/D
    1594+ |       6 |     243 |      189 |      8 |   388 |    +0.7% | -837.859 |  -638149.9 | -1042789.0 |   2405 | u_mul.result\[30\]$_DFFE_PN0P_/D
    1597+ |       6 |     245 |      189 |      8 |   388 |    +0.7% | -837.859 |  -638149.9 | -1042750.6 |   2405 | u_mul.result\[30\]$_DFFE_PN0P_/D
    1598+ |       6 |     245 |      189 |      8 |   388 |    +0.7% | -837.859 |  -638149.9 | -1042750.6 |   2405 | u_mul.result\[30\]$_DFFE_PN0P_/D
    1600+ |       6 |     246 |      189 |      8 |   388 |    +0.7% | -837.859 |  -638150.7 | -1042743.4 |   2405 | u_mul.result\[30\]$_DFFE_PN0P_/D
    1601+ |       6 |     246 |      189 |      8 |   388 |    +0.7% | -837.859 |  -638150.7 | -1042743.4 |   2405 | u_mul.result\[30\]$_DFFE_PN0P_/D
    1603+ |       6 |     247 |      189 |      8 |   388 |    +0.7% | -837.859 |  -638150.7 | -1042740.6 |   2405 | u_mul.result\[30\]$_DFFE_PN0P_/D
    1604+ |       6 |     247 |      189 |      8 |   388 |    +0.7% | -837.859 |  -638150.7 | -1042740.6 |   2405 | u_mul.result\[30\]$_DFFE_PN0P_/D
    1606+ |       6 |     248 |      189 |      8 |   388 |    +0.7% | -837.859 |  -638145.1 | -1042731.1 |   2405 | u_mul.result\[30\]$_DFFE_PN0P_/D
    1608+ |       6 |     249 |      189 |      8 |   388 |    +0.7% | -837.859 |  -638145.1 | -1042728.1 |   2405 | u_mul.result\[30\]$_DFFE_PN0P_/D
    1609+ |       6 |     249 |      189 |      8 |   388 |    +0.7% | -837.859 |  -638145.1 | -1042728.1 |   2405 | u_mul.result\[30\]$_DFFE_PN0P_/D
    1610+ |       6 |     249 |      189 |      8 |   388 |    +0.7% | -837.859 |  -638145.1 | -1042728.1 |   2405 | u_mul.result\[30\]$_DFFE_PN0P_/D
    1610+ |       6 |     249 |      189 |      8 |   388 |    +0.7% | -837.859 |  -638145.1 | -1042728.1 |   2405 | u_mul.result\[30\]$_DFFE_PN0P_/D
    1611+ |       6 |     249 |      189 |      8 |   388 |    +0.7% | -837.859 |  -638145.1 | -1042728.1 |   2405 | u_mul.result\[30\]$_DFFE_PN0P_/D
    1617+ |       6 |     253 |      189 |      8 |   389 |    +0.8% | -837.859 |  -638145.1 | -1042647.4 |   2405 | u_mul.result\[30\]$_DFFE_PN0P_/D
    1618+ |       6 |     253 |      189 |      8 |   389 |    +0.8% | -837.859 |  -638145.1 | -1042647.4 |   2405 | u_mul.result\[30\]$_DFFE_PN0P_/D
    1620+ |       6 |     254 |      189 |      8 |   389 |    +0.8% | -837.859 |  -638145.1 | -1042644.8 |   2405 | u_mul.result\[30\]$_DFFE_PN0P_/D
    1620+ |       6 |     254 |      189 |      8 |   389 |    +0.8% | -837.859 |  -638145.1 | -1042644.8 |   2405 | u_mul.result\[30\]$_DFFE_PN0P_/D
    1621+ |       6 |     254 |      189 |      8 |   389 |    +0.8% | -837.859 |  -638145.1 | -1042644.8 |   2405 | u_mul.result\[30\]$_DFFE_PN0P_/D
    1622+ |       6 |     254 |      189 |      8 |   389 |    +0.8% | -837.859 |  -638145.1 | -1042644.8 |   2405 | u_mul.result\[30\]$_DFFE_PN0P_/D
    1623+ |       6 |     254 |      189 |      8 |   389 |    +0.8% | -837.859 |  -638145.1 | -1042644.8 |   2405 | u_mul.result\[30\]$_DFFE_PN0P_/D
    1625+ |       6 |     255 |      189 |      8 |   389 |    +0.8% | -837.859 |  -638145.1 | -1042642.4 |   2405 | u_mul.result\[30\]$_DFFE_PN0P_/D
    1627+ |       6 |     256 |      189 |      8 |   389 |    +0.8% | -837.859 |  -638145.1 | -1042639.9 |   2405 | u_mul.result\[30\]$_DFFE_PN0P_/D
    1630+ |       6 |     258 |      189 |      8 |   389 |    +0.8% | -837.859 |  -638089.0 | -1042365.1 |   2405 | u_mul.result\[30\]$_DFFE_PN0P_/D
    1633+ |       6 |     259 |      189 |      8 |   391 |    +0.8% | -837.859 |  -638089.2 | -1042057.6 |   2405 | u_mul.result\[30\]$_DFFE_PN0P_/D
    1636+ |       6 |     261 |      189 |      8 |   391 |    +0.8% | -837.859 |  -638089.2 | -1041909.8 |   2405 | u_mul.result\[30\]$_DFFE_PN0P_/D
    1637+ |       6 |     261 |      189 |      8 |   391 |    +0.8% | -837.859 |  -638089.2 | -1041909.8 |   2405 | u_mul.result\[30\]$_DFFE_PN0P_/D
    1638+ |       6 |     261 |      189 |      8 |   391 |    +0.8% | -837.859 |  -638089.2 | -1041909.8 |   2405 | u_mul.result\[30\]$_DFFE_PN0P_/D
    1639+ |       6 |     261 |      189 |      8 |   391 |    +0.8% | -837.859 |  -638089.2 | -1041909.8 |   2405 | u_mul.result\[30\]$_DFFE_PN0P_/D
    1640+ |       6 |     261 |      189 |      8 |   391 |    +0.8% | -837.859 |  -638089.2 | -1041909.8 |   2405 | u_mul.result\[30\]$_DFFE_PN0P_/D
    1640+ |       6 |     261 |      189 |      8 |   391 |    +0.8% | -837.859 |  -638089.2 | -1041909.8 |   2405 | u_mul.result\[30\]$_DFFE_PN0P_/D
    1641+ |       6 |     261 |      189 |      8 |   391 |    +0.8% | -837.859 |  -638089.2 | -1041909.8 |   2405 | u_mul.result\[30\]$_DFFE_PN0P_/D
    1642+ |       6 |     261 |      189 |      8 |   391 |    +0.8% | -837.859 |  -638089.2 | -1041909.8 |   2405 | u_mul.result\[30\]$_DFFE_PN0P_/D
    1643+ |       6 |     261 |      189 |      8 |   391 |    +0.8% | -837.859 |  -638089.2 | -1041909.8 |   2405 | u_mul.result\[30\]$_DFFE_PN0P_/D
    1644+ |       6 |     261 |      189 |      8 |   391 |    +0.8% | -837.859 |  -638089.2 | -1041909.8 |   2405 | u_mul.result\[30\]$_DFFE_PN0P_/D
    1646+ |       6 |     262 |      189 |      8 |   391 |    +0.8% | -837.859 |  -638066.6 | -1041869.1 |   2405 | u_mul.result\[30\]$_DFFE_PN0P_/D
    1647+ |       6 |     262 |      189 |      8 |   391 |    +0.8% | -837.859 |  -638066.6 | -1041869.1 |   2405 | u_mul.result\[30\]$_DFFE_PN0P_/D
    1648+ |       6 |     262 |      189 |      8 |   391 |    +0.8% | -837.859 |  -638066.6 | -1041869.1 |   2405 | u_mul.result\[30\]$_DFFE_PN0P_/D
    1649+ |       6 |     262 |      189 |      8 |   391 |    +0.8% | -837.859 |  -638066.6 | -1041869.1 |   2405 | u_mul.result\[30\]$_DFFE_PN0P_/D
    1650+ |       6 |     262 |      189 |      8 |   391 |    +0.8% | -837.859 |  -638066.6 | -1041869.1 |   2405 | u_mul.result\[30\]$_DFFE_PN0P_/D
    1650+ |       6 |     262 |      189 |      8 |   391 |    +0.8% | -837.859 |  -638066.6 | -1041869.1 |   2405 | u_mul.result\[30\]$_DFFE_PN0P_/D
    1654+ |       6 |     264 |      189 |      8 |   392 |    +0.8% | -837.859 |  -638065.9 | -1041850.5 |   2405 | u_mul.result\[30\]$_DFFE_PN0P_/D
    1656+ |       6 |     264 |      189 |      8 |   393 |    +0.8% | -837.859 |  -638080.4 | -1041823.6 |   2405 | u_mul.result\[30\]$_DFFE_PN0P_/D
    1657+ |       6 |     264 |      189 |      8 |   393 |    +0.8% | -837.859 |  -638080.4 | -1041823.6 |   2405 | u_mul.result\[30\]$_DFFE_PN0P_/D
    1658+ |       6 |     264 |      189 |      8 |   393 |    +0.8% | -837.859 |  -638080.4 | -1041823.6 |   2405 | u_mul.result\[30\]$_DFFE_PN0P_/D
    1659+ |       6 |     264 |      189 |      8 |   393 |    +0.8% | -837.859 |  -638080.4 | -1041823.6 |   2405 | u_mul.result\[30\]$_DFFE_PN0P_/D
    1660+ |       6 |     264 |      189 |      8 |   393 |    +0.8% | -837.859 |  -638080.4 | -1041823.6 |   2405 | u_mul.result\[30\]$_DFFE_PN0P_/D
    1660+ |       6 |     264 |      189 |      8 |   393 |    +0.8% | -837.859 |  -638080.4 | -1041823.6 |   2405 | u_mul.result\[30\]$_DFFE_PN0P_/D
    1661+ |       6 |     264 |      189 |      8 |   393 |    +0.8% | -837.859 |  -638080.4 | -1041823.6 |   2405 | u_mul.result\[30\]$_DFFE_PN0P_/D
    1663+ |       6 |     264 |      189 |      8 |   394 |    +0.8% | -837.859 |  -638080.4 | -1041822.1 |   2405 | u_mul.result\[30\]$_DFFE_PN0P_/D
    1664+ |       6 |     264 |      189 |      8 |   394 |    +0.8% | -837.859 |  -638080.4 | -1041822.1 |   2405 | u_mul.result\[30\]$_DFFE_PN0P_/D
    1665+ |       6 |     264 |      189 |      8 |   394 |    +0.8% | -837.859 |  -638080.4 | -1041822.1 |   2405 | u_mul.result\[30\]$_DFFE_PN0P_/D
    1666+ |       6 |     264 |      189 |      8 |   394 |    +0.8% | -837.859 |  -638080.4 | -1041822.1 |   2405 | u_mul.result\[30\]$_DFFE_PN0P_/D
    1667+ |       6 |     264 |      189 |      8 |   394 |    +0.8% | -837.859 |  -638080.4 | -1041822.1 |   2405 | u_mul.result\[30\]$_DFFE_PN0P_/D
    1668+ |       6 |     264 |      189 |      8 |   394 |    +0.8% | -837.859 |  -638080.4 | -1041822.1 |   2405 | u_mul.result\[30\]$_DFFE_PN0P_/D
    1669+ |       6 |     264 |      189 |      8 |   394 |    +0.8% | -837.859 |  -638080.4 | -1041822.1 |   2405 | u_mul.result\[30\]$_DFFE_PN0P_/D
    1670+ |       6 |     264 |      189 |      8 |   394 |    +0.8% | -837.859 |  -638080.4 | -1041822.1 |   2405 | u_mul.result\[30\]$_DFFE_PN0P_/D
    1672+ |       6 |     266 |      189 |      8 |   394 |    +0.8% | -837.859 |  -638074.9 | -1041800.5 |   2405 | u_mul.result\[30\]$_DFFE_PN0P_/D
    1673+ |       6 |     266 |      189 |      8 |   394 |    +0.8% | -837.859 |  -638074.9 | -1041800.5 |   2405 | u_mul.result\[30\]$_DFFE_PN0P_/D
    1674+ |       6 |     266 |      189 |      8 |   394 |    +0.8% | -837.859 |  -638074.9 | -1041800.5 |   2405 | u_mul.result\[30\]$_DFFE_PN0P_/D
    1678+ |       6 |     268 |      189 |      8 |   395 |    +0.8% | -837.859 |  -638077.4 | -1041577.8 |   2405 | u_mul.result\[30\]$_DFFE_PN0P_/D
    1679+ |       6 |     268 |      189 |      8 |   395 |    +0.8% | -837.859 |  -638077.4 | -1041577.8 |   2405 | u_mul.result\[30\]$_DFFE_PN0P_/D
    1680+ |       6 |     268 |      189 |      8 |   395 |    +0.8% | -837.859 |  -638077.4 | -1041577.8 |   2405 | u_mul.result\[30\]$_DFFE_PN0P_/D
    1680+ |       6 |     268 |      189 |      8 |   395 |    +0.8% | -837.859 |  -638077.4 | -1041577.8 |   2405 | u_mul.result\[30\]$_DFFE_PN0P_/D
    1686+ |       6 |     272 |      189 |      8 |   396 |    +0.8% | -837.859 |  -638250.6 | -1041473.4 |   2405 | u_mul.result\[30\]$_DFFE_PN0P_/D
    1687+ |       6 |     272 |      189 |      8 |   396 |    +0.8% | -837.859 |  -638250.6 | -1041473.4 |   2405 | u_mul.result\[30\]$_DFFE_PN0P_/D
    1688+ |       6 |     272 |      189 |      8 |   396 |    +0.8% | -837.859 |  -638250.6 | -1041473.4 |   2405 | u_mul.result\[30\]$_DFFE_PN0P_/D
    1689+ |       6 |     272 |      189 |      8 |   396 |    +0.8% | -837.859 |  -638250.6 | -1041473.4 |   2405 | u_mul.result\[30\]$_DFFE_PN0P_/D
    1690+ |       6 |     272 |      189 |      8 |   396 |    +0.8% | -837.859 |  -638250.6 | -1041473.4 |   2405 | u_mul.result\[30\]$_DFFE_PN0P_/D
    1690+ |       6 |     272 |      189 |      8 |   396 |    +0.8% | -837.859 |  -638250.6 | -1041473.4 |   2405 | u_mul.result\[30\]$_DFFE_PN0P_/D
    1691+ |       6 |     272 |      189 |      8 |   396 |    +0.8% | -837.859 |  -638250.6 | -1041473.4 |   2405 | u_mul.result\[30\]$_DFFE_PN0P_/D
    1692+ |       6 |     272 |      189 |      8 |   396 |    +0.8% | -837.859 |  -638250.6 | -1041473.4 |   2405 | u_mul.result\[30\]$_DFFE_PN0P_/D
    1693+ |       6 |     272 |      189 |      8 |   396 |    +0.8% | -837.859 |  -638250.6 | -1041473.4 |   2405 | u_mul.result\[30\]$_DFFE_PN0P_/D
    1694+ |       6 |     272 |      189 |      8 |   396 |    +0.8% | -837.859 |  -638250.6 | -1041473.4 |   2405 | u_mul.result\[30\]$_DFFE_PN0P_/D
    1695+ |       6 |     272 |      189 |      8 |   396 |    +0.8% | -837.859 |  -638250.6 | -1041473.4 |   2405 | u_mul.result\[30\]$_DFFE_PN0P_/D
    1696+ |       6 |     272 |      189 |      8 |   396 |    +0.8% | -837.859 |  -638250.6 | -1041473.4 |   2405 | u_mul.result\[30\]$_DFFE_PN0P_/D
    1698+ |       6 |     273 |      189 |      8 |   396 |    +0.8% | -837.859 |  -638250.6 | -1041474.4 |   2405 | u_mul.result\[30\]$_DFFE_PN0P_/D
    1700+ |       6 |     274 |      189 |      8 |   396 |    +0.8% | -837.859 |  -638250.6 | -1041473.3 |   2405 | u_mul.result\[30\]$_DFFE_PN0P_/D
    final |       6 |     274 |      189 |      8 |   396 |    +0.8% | -837.859 |  -638250.6 | -1041473.3 |   2405 | u_mul.result\[30\]$_DFFE_PN0P_/D
------------------------------------------------------------------------------------------------------------------------------
[INFO RSZ-0059] Removed 6 buffers.
[INFO RSZ-0040] Inserted 189 buffers.
[INFO RSZ-0051] Resized 274 instances: 274 up, 0 up match, 0 down, 0 VT
[INFO RSZ-0043] Swapped pins on 396 instances.
[INFO RSZ-0049] Cloned 8 instances.
[WARNING RSZ-0062] Unable to repair all setup violations.
[INFO RSZ-0046] Found 126 endpoints with hold violations.
Iteration | Resized | Buffers | Cloned Gates |   Area   |   WNS   |   TNS   | Endpoint
--------------------------------------------------------------------------------------
        0 |       0 |       0 |            0 |    +0.0% | -87.881 | -5677.395 | mem_rdata0[11]$_DFFE_PN0P_/D
       10 |       0 |       0 |            0 |    +0.0% | -87.881 | -5677.395 | mem_rdata0[11]$_DFFE_PN0P_/D
       20 |       0 |       0 |            0 |    +0.0% | -87.881 | -5677.395 | mem_rdata0[11]$_DFFE_PN0P_/D
       30 |       0 |       0 |            0 |    +0.0% | -87.881 | -5677.395 | mem_rdata0[11]$_DFFE_PN0P_/D
       40 |       0 |       0 |            0 |    +0.0% | -87.881 | -5677.395 | mem_rdata0[11]$_DFFE_PN0P_/D
       50 |       0 |       0 |            0 |    +0.0% | -87.881 | -5677.395 | mem_rdata0[11]$_DFFE_PN0P_/D
       60 |       0 |       0 |            0 |    +0.0% | -87.881 | -5677.395 | mem_rdata0[11]$_DFFE_PN0P_/D
       70 |       0 |       0 |            0 |    +0.0% | -87.881 | -5677.395 | mem_rdata0[11]$_DFFE_PN0P_/D
       80 |       0 |       0 |            0 |    +0.0% | -87.881 | -5677.395 | mem_rdata0[11]$_DFFE_PN0P_/D
       90 |       0 |       0 |            0 |    +0.0% | -87.881 | -5677.395 | mem_rdata0[11]$_DFFE_PN0P_/D
      100 |       0 |       0 |            0 |    +0.0% | -87.881 | -5677.395 | mem_rdata0[11]$_DFFE_PN0P_/D
      110 |       0 |       0 |            0 |    +0.0% | -87.881 | -5677.395 | mem_rdata0[11]$_DFFE_PN0P_/D
      120 |       0 |       0 |            0 |    +0.0% | -87.881 | -5677.395 | mem_rdata0[11]$_DFFE_PN0P_/D
    final |       0 |       0 |            0 |    +0.0% | -87.881 | -5677.395 | mem_rdata0[11]$_DFFE_PN0P_/D
--------------------------------------------------------------------------------------
[WARNING RSZ-0066] Unable to repair all hold violations.
Took 339 seconds: repair_timing -setup_margin 0 -hold_margin 0 -repair_tns 100 -verbose
detailed_placement
[INFO DPL-0006] Core area: 7521.05 um^2, Instances area: 4115.31 um^2, Utilization: 54.7%
[INFO DPL-0005] Diamond search max displacement: +/- 500 sites horizontally, +/- 100 rows vertically.
[INFO DPL-1101] Legalizing using diamond search.
Movements Summary
---------------------------------------
Total cells:                   36301
Diamond Move Success:          36301 (100.00%)
Diamond Move Failure:              0
Rip-up and replace Success:        0 (  0.00% of diamond failures)
Rip-up and replace Failure:        0
Total Placement Failures:          0
---------------------------------------
Placement Analysis
---------------------------------
total displacement        210.2 u
average displacement        0.0 u
max displacement            0.9 u
original HPWL          108180.6 u
legalized HPWL         108326.9 u
delta HPWL                    0 %

estimate_parasitics -placement
Report metrics stage 4, cts final...

==========================================================================
cts final report_design_area
--------------------------------------------------------------------------
Design area 4115 um^2 55% utilization.
write_db ./results/asap7/rv32imc_top/base/4_1_cts.odb
write_sdc -no_timestamp ./results/asap7/rv32imc_top/base/4_cts.sdc
Elapsed time: 6:39.33[h:]min:sec. CPU time: user 280.21 sys 9.35 (72%). Peak memory: 484924KB.
Log                       Ext     Elapsed/s Peak Memory/MB sha1sum result [0:20)
4_1_cts                   .odb          399            473 32276af8f54af6da0f0c
cp ./results/asap7/rv32imc_top/base/4_1_cts.odb ./results/asap7/rv32imc_top/base/4_cts.odb
/home/hatch/workspace/rv32imc-cpu/tools/orfs/flow/scripts/flow.sh 5_1_grt global_route
Running global_route.tcl, stage 5_1_grt
source /home/hatch/workspace/rv32imc-cpu/tools/orfs/flow/platforms/asap7/liberty_suppressions.tcl
read_liberty /home/hatch/workspace/rv32imc-cpu/tools/orfs/flow/platforms/asap7/lib/NLDM/asap7sc7p5t_AO_RVT_FF_nldm_211120.lib.gz
read_liberty /home/hatch/workspace/rv32imc-cpu/tools/orfs/flow/platforms/asap7/lib/NLDM/asap7sc7p5t_INVBUF_RVT_FF_nldm_220122.lib.gz
read_liberty /home/hatch/workspace/rv32imc-cpu/tools/orfs/flow/platforms/asap7/lib/NLDM/asap7sc7p5t_OA_RVT_FF_nldm_211120.lib.gz
read_liberty /home/hatch/workspace/rv32imc-cpu/tools/orfs/flow/platforms/asap7/lib/NLDM/asap7sc7p5t_SIMPLE_RVT_FF_nldm_211120.lib.gz
read_liberty /home/hatch/workspace/rv32imc-cpu/tools/orfs/flow/platforms/asap7/lib/NLDM/asap7sc7p5t_SEQ_RVT_FF_nldm_220123.lib
read_db ./results/asap7/rv32imc_top/base/4_cts.odb
read_sdc ./results/asap7/rv32imc_top/base/4_cts.sdc
source /home/hatch/workspace/rv32imc-cpu/tools/orfs/flow/platforms/asap7/setRC.tcl
pin_access
[INFO DRT-0149] Reading tech and libs.

Units:                1000
Number of layers:     21
Number of macros:     212
Number of vias:       14
Number of viarulegen: 11

[INFO DRT-0150] Reading design.
[WARNING DRT-0120] Large net net14368 has 107 pins which may impact routing performance. Consider optimization.

Design:                   rv32imc_top
Die area:                 ( 0 0 ) ( 90870 90870 )
Number of track patterns: 32
Number of DEF vias:       0
Number of components:     37427
Number of terminals:      234
Number of snets:          2
Number of nets:           39368

[INFO DRT-0167] List of default vias:
  Layer V2
    default via: VIA23
  Layer V3
    default via: VIA34
  Layer V4
    default via: VIA45
  Layer V5
    default via: VIA56
  Layer V6
    default via: VIA67
  Layer V7
    default via: VIA78
  Layer V8
    default via: VIA89
  Layer V9
    default via: VIA9Pad
[INFO DRT-0162] Library cell analysis.
[INFO DRT-0163] Instance analysis.
[INFO DRT-0164] Number of unique instances = 245.
[INFO DRT-0168] Init region query.
[INFO DRT-0024]   Complete Active.
[INFO DRT-0024]   Complete V0.
[INFO DRT-0024]   Complete M1.
[INFO DRT-0024]   Complete V1.
[INFO DRT-0024]   Complete M2.
[INFO DRT-0024]   Complete V2.
[INFO DRT-0024]   Complete M3.
[INFO DRT-0024]   Complete V3.
[INFO DRT-0024]   Complete M4.
[INFO DRT-0024]   Complete V4.
[INFO DRT-0024]   Complete M5.
[INFO DRT-0024]   Complete V5.
[INFO DRT-0024]   Complete M6.
[INFO DRT-0024]   Complete V6.
[INFO DRT-0024]   Complete M7.
[INFO DRT-0024]   Complete V7.
[INFO DRT-0024]   Complete M8.
[INFO DRT-0024]   Complete V8.
[INFO DRT-0024]   Complete M9.
[INFO DRT-0024]   Complete V9.
[INFO DRT-0024]   Complete Pad.
[INFO DRT-0033] Active shape region query size = 0.
[INFO DRT-0033] V0 shape region query size = 0.
[INFO DRT-0033] M1 shape region query size = 593460.
[INFO DRT-0033] V1 shape region query size = 830356.
[INFO DRT-0033] M2 shape region query size = 25588.
[INFO DRT-0033] V2 shape region query size = 15939.
[INFO DRT-0033] M3 shape region query size = 15939.
[INFO DRT-0033] V3 shape region query size = 10626.
[INFO DRT-0033] M4 shape region query size = 10740.
[INFO DRT-0033] V4 shape region query size = 10626.
[INFO DRT-0033] M5 shape region query size = 5992.
[INFO DRT-0033] V5 shape region query size = 1056.
[INFO DRT-0033] M6 shape region query size = 592.
[INFO DRT-0033] V6 shape region query size = 0.
[INFO DRT-0033] M7 shape region query size = 0.
[INFO DRT-0033] V7 shape region query size = 0.
[INFO DRT-0033] M8 shape region query size = 0.
[INFO DRT-0033] V8 shape region query size = 0.
[INFO DRT-0033] M9 shape region query size = 0.
[INFO DRT-0033] V9 shape region query size = 0.
[INFO DRT-0033] Pad shape region query size = 0.
[INFO DRT-0165] Start pin access.
[INFO DRT-0076]   Complete 1000 pins.
[INFO DRT-0078]   Complete 1340 pins.
[INFO DRT-0079]   Complete 100 unique inst patterns.
[INFO DRT-0079]   Complete 200 unique inst patterns.
[INFO DRT-0081]   Complete 245 unique inst patterns.
[INFO DRT-0082]   Complete 10000 groups.
[INFO DRT-0082]   Complete 20000 groups.
[INFO DRT-0084]   Complete 21322 groups.
#scanned instances     = 37427
#unique  instances     = 245
#stdCellGenAp          = 7187
#stdCellValidPlanarAp  = 78
#stdCellValidViaAp     = 5838
#stdCellPinNoAp        = 0
#stdCellPinCnt         = 109447
#instTermValidViaApCnt = 0
#macroGenAp            = 0
#macroValidPlanarAp    = 0
#macroValidViaAp       = 0
#macroNoAp             = 0
[INFO DRT-0166] Complete pin access.
[INFO DRT-0267] cpu time = 00:12:30, elapsed time = 00:13:08, memory = 348.40 (MB), peak = 364.27 (MB)
Took 791 seconds: pin_access
global_route -congestion_report_file ./reports/asap7/rv32imc_top/base/congestion.rpt -congestion_iterations 30 -congestion_report_iter_step 5 -verbose -resistance_aware
[INFO GRT-0020] Min routing layer: M2
[INFO GRT-0021] Max routing layer: M7
[INFO GRT-0022] Global adjustment: 0%
[INFO GRT-0023] Grid origin: (0, 0)
[INFO GRT-0088] Layer M1      Track-Pitch = 0.0360  line-2-Via Pitch: 0.0360
[INFO GRT-0088] Layer M2      Track-Pitch = 0.0390  line-2-Via Pitch: 0.0360
[INFO GRT-0088] Layer M3      Track-Pitch = 0.0360  line-2-Via Pitch: 0.0360
[INFO GRT-0088] Layer M4      Track-Pitch = 0.0480  line-2-Via Pitch: 0.0480
[INFO GRT-0088] Layer M5      Track-Pitch = 0.0480  line-2-Via Pitch: 0.0480
[INFO GRT-0088] Layer M6      Track-Pitch = 0.0640  line-2-Via Pitch: 0.0640
[INFO GRT-0088] Layer M7      Track-Pitch = 0.0640  line-2-Via Pitch: 0.0640
[INFO GRT-0003] Macros: 0
[INFO GRT-0004] Blockages: 8967
[INFO GRT-0019] Found 141 clock nets.
[INFO GRT-0001] Minimum degree: 2
[INFO GRT-0002] Maximum degree: 107

[INFO GRT-0053] Routing resources analysis:
          Routing      Original      Derated      Resource
Layer     Direction    Resources     Resources    Reduction (%)
---------------------------------------------------------------
M1         Vertical            0             0          0.00%
M2         Horizontal     295481        212807          27.98%
M3         Vertical       383388        284715          25.74%
M4         Horizontal     293501        217855          25.77%
M5         Vertical       283537        210137          25.89%
M6         Horizontal     198740        134280          32.43%
M7         Vertical       224360        151206          32.61%
---------------------------------------------------------------

[INFO GRT-0197] Via related to pin nodes: 255139
[INFO GRT-0198] Via related Steiner nodes: 4812
[INFO GRT-0199] Via filling finished.
[INFO GRT-0111] Final number of vias: 341249
[INFO GRT-0112] Final usage 3D: 1237596

[INFO GRT-0096] Final congestion report:
Layer         Resource        Demand        Usage (%)    Max H / Max V / Total Overflow
---------------------------------------------------------------------------------------
M1                   0             0            0.00%             0 /  0 /  0
M2              212807         55210           25.94%             0 /  0 /  0
M3              284715         62865           22.08%             0 /  0 /  0
M4              217855         15809            7.26%             0 /  0 /  0
M5              210137          8417            4.01%             0 /  0 /  0
M6              134280         32614           24.29%             0 /  0 /  0
M7              151206         38934           25.75%             0 /  0 /  0
---------------------------------------------------------------------------------------
Total          1211000        213849           17.66%             0 /  0 /  0

[INFO GRT-0018] Total wirelength: 169609 um
[INFO GRT-0014] Routed nets: 39330
[INFO GRT-0303] Global routing runtime = 00:00:50
Took 50 seconds: global_route -congestion_report_file ./reports/asap7/rv32imc_top/base/congestion.rpt -congestion_iterations 30 -congestion_report_iter_step 5 -verbose -resistance_aware
estimate_parasitics -global_routing
Perform buffer insertion and gate resizing...
repair_design -verbose
Iteration |   Area    | Resized | Buffers | Nets repaired | Remaining
---------------------------------------------------------------------
        0 |     +0.0% |       0 |       0 |             0 |     39480
     1000 |     +0.0% |       0 |       0 |             0 |     38480
     2000 |     +0.0% |       0 |       0 |             0 |     37480
     3000 |     +0.0% |       0 |       0 |             0 |     36480
     4000 |     +0.0% |       0 |       0 |             0 |     35480
     5000 |     +0.0% |       0 |       0 |             0 |     34480
     6000 |     +0.0% |       0 |       0 |             0 |     33480
     7000 |     +0.0% |       0 |       0 |             0 |     32480
     8000 |     +0.0% |       0 |       0 |             0 |     31480
[WARNING RSZ-0104] Net _31194_ only has one pin. Check if it is intended to be dangling.
[WARNING RSZ-0104] Net _31193_ only has one pin. Check if it is intended to be dangling.
[WARNING RSZ-0104] Net _31173_ only has one pin. Check if it is intended to be dangling.
     9000 |     +0.0% |       0 |       0 |             0 |     30480
[WARNING RSZ-0104] Net _31168_ only has one pin. Check if it is intended to be dangling.
[WARNING RSZ-0104] Net _31189_ only has one pin. Check if it is intended to be dangling.
[WARNING RSZ-0104] Net _31171_ only has one pin. Check if it is intended to be dangling.
[WARNING RSZ-0104] Net _31165_ only has one pin. Check if it is intended to be dangling.
    10000 |     +0.0% |       0 |       0 |             0 |     29480
[WARNING RSZ-0104] Net _31198_ only has one pin. Check if it is intended to be dangling.
[WARNING RSZ-0104] Net _31176_ only has one pin. Check if it is intended to be dangling.
[WARNING RSZ-0104] Net _31175_ only has one pin. Check if it is intended to be dangling.
[WARNING RSZ-0104] Net _31170_ only has one pin. Check if it is intended to be dangling.
[WARNING RSZ-0104] Net _31183_ only has one pin. Check if it is intended to be dangling.
[WARNING RSZ-0104] Net _31179_ only has one pin. Check if it is intended to be dangling.
[WARNING RSZ-0104] Net _31177_ only has one pin. Check if it is intended to be dangling.
[WARNING RSZ-0104] Net _31169_ only has one pin. Check if it is intended to be dangling.
[WARNING RSZ-0104] Net _31167_ only has one pin. Check if it is intended to be dangling.
    11000 |     +0.0% |       0 |       0 |             0 |     28480
[WARNING RSZ-0104] Net _31184_ only has one pin. Check if it is intended to be dangling.
[WARNING RSZ-0104] Net _31182_ only has one pin. Check if it is intended to be dangling.
[WARNING RSZ-0104] Net _31178_ only has one pin. Check if it is intended to be dangling.
[WARNING RSZ-0104] Net _31174_ only has one pin. Check if it is intended to be dangling.
[WARNING RSZ-0104] Net _31172_ only has one pin. Check if it is intended to be dangling.
[WARNING RSZ-0104] Net _31187_ only has one pin. Check if it is intended to be dangling.
[WARNING RSZ-0104] Net _31185_ only has one pin. Check if it is intended to be dangling.
[WARNING RSZ-0104] Net _31181_ only has one pin. Check if it is intended to be dangling.
    12000 |     +0.0% |       0 |       0 |             0 |     27480
[WARNING RSZ-0104] Net _31200_ only has one pin. Check if it is intended to be dangling.
[WARNING RSZ-0104] Net _31190_ only has one pin. Check if it is intended to be dangling.
[WARNING RSZ-0104] Net _31188_ only has one pin. Check if it is intended to be dangling.
[WARNING RSZ-0104] Net _31180_ only has one pin. Check if it is intended to be dangling.
[WARNING RSZ-0104] Net _31166_ only has one pin. Check if it is intended to be dangling.
    13000 |     +0.0% |       0 |       0 |             0 |     26480
    14000 |     +0.0% |       0 |       0 |             0 |     25480
[WARNING RSZ-0104] Net _31201_ only has one pin. Check if it is intended to be dangling.
[WARNING RSZ-0104] Net _31199_ only has one pin. Check if it is intended to be dangling.
[WARNING RSZ-0104] Net _31195_ only has one pin. Check if it is intended to be dangling.
[WARNING RSZ-0104] Net _31192_ only has one pin. Check if it is intended to be dangling.
[WARNING RSZ-0104] Net _31191_ only has one pin. Check if it is intended to be dangling.
[WARNING RSZ-0104] Net _31186_ only has one pin. Check if it is intended to be dangling.
    15000 |     +0.0% |       0 |       0 |             0 |     24480
    16000 |     +0.0% |       0 |       0 |             0 |     23480
    17000 |     +0.0% |       0 |       0 |             0 |     22480
    18000 |     +0.0% |       0 |       0 |             0 |     21480
    19000 |     +0.0% |       0 |       0 |             0 |     20480
    20000 |     +0.0% |       0 |       0 |             0 |     19480
    21000 |     +0.0% |       0 |       0 |             0 |     18480
    22000 |     +0.0% |       0 |       0 |             0 |     17480
    23000 |     +0.0% |       0 |       0 |             0 |     16480
    24000 |     +0.0% |       0 |       0 |             0 |     15480
    25000 |     +0.0% |       0 |       0 |             0 |     14480
    26000 |     +0.0% |       0 |       0 |             0 |     13480
    27000 |     +0.0% |       0 |       0 |             0 |     12480
    28000 |     +0.0% |       0 |       0 |             0 |     11480
    29000 |     +0.0% |       0 |       0 |             0 |     10480
    30000 |     +0.0% |       0 |       0 |             0 |      9480
    31000 |     +0.0% |       0 |       0 |             0 |      8480
[WARNING RSZ-0104] Net _31197_ only has one pin. Check if it is intended to be dangling.
[WARNING RSZ-0104] Net _31196_ only has one pin. Check if it is intended to be dangling.
[WARNING RSZ-0104] Net _31164_ only has one pin. Check if it is intended to be dangling.
    32000 |     +0.0% |       0 |       0 |             0 |      7480
    33000 |     +0.0% |       0 |       0 |             0 |      6480
    34000 |     +0.0% |       0 |       0 |             0 |      5480
    35000 |     +0.0% |       0 |       0 |             0 |      4480
    36000 |     +0.0% |       0 |       0 |             0 |      3480
    37000 |     +0.0% |       0 |       0 |             0 |      2480
    38000 |     +0.0% |       0 |       0 |             0 |      1480
    39000 |     +0.0% |       0 |       0 |             0 |       480
    final |     +0.0% |       0 |       0 |             0 |         0
---------------------------------------------------------------------
Took 11 seconds: repair_design -verbose
global_route -start_incremental
detailed_placement
[INFO DPL-0006] Core area: 7521.05 um^2, Instances area: 4115.31 um^2, Utilization: 54.7%
[INFO DPL-0005] Diamond search max displacement: +/- 500 sites horizontally, +/- 100 rows vertically.
[INFO DPL-1101] Legalizing using diamond search.
Movements Summary
---------------------------------------
Total cells:                   36301
Diamond Move Success:          36301 (100.00%)
Diamond Move Failure:              0
Rip-up and replace Success:        0 (  0.00% of diamond failures)
Rip-up and replace Failure:        0
Total Placement Failures:          0
---------------------------------------
Placement Analysis
---------------------------------
total displacement          0.0 u
average displacement        0.0 u
max displacement            0.0 u
original HPWL          108326.9 u
legalized HPWL         108326.9 u
delta HPWL                    0 %

global_route -end_incremental -resistance_aware -congestion_report_file ./reports/asap7/rv32imc_top/base/congestion_post_repair_design.rpt
Repair setup and hold violations...
estimate_parasitics -global_routing
repair_timing -setup_margin 0 -hold_margin 0 -repair_tns 100 -verbose
[INFO RSZ-0100] Repair move sequence: UnbufferMove SizeUpMove SwapPinsMove BufferMove CloneMove SplitLoadMove 
[INFO RSZ-0094] Found 2405 endpoints with setup violations.
[INFO RSZ-0099] Repairing 2405 out of 2405 (100.00%) violating endpoints...
   Iter   | Removed | Resized | Inserted | Cloned |  Pin  |   Area   |    WNS   |   StTNS    |   EnTNS    |  Viol  |  Worst  
          | Buffers |  Gates  | Buffers  |  Gates | Swaps |          |          |            |            | Endpts | St/EnPt 
------------------------------------------------------------------------------------------------------------------------------
       0* |       0 |       0 |        0 |      0 |     0 |    +0.0% | -875.805 |  -659524.7 | -1082627.5 |   2405 | u_mul.result\[26\]$_DFFE_PN0P_/D
      10* |       0 |       0 |        0 |      0 |     9 |    +0.0% | -874.132 |  -659490.7 | -1082612.4 |   2405 | u_mul.result\[26\]$_DFFE_PN0P_/D
      20* |       0 |       1 |        1 |      0 |    17 |    +0.0% | -876.053 |  -659451.9 | -1082636.8 |   2405 | u_mul.result\[26\]$_DFFE_PN0P_/D
      30* |       0 |       2 |        2 |      0 |    25 |    +0.0% | -873.817 |  -659428.3 | -1082648.0 |   2405 | u_mul.result\[26\]$_DFFE_PN0P_/D
      40* |       0 |       3 |        9 |      0 |    32 |    +0.0% | -870.209 |  -659360.2 | -1082606.0 |   2405 | u_mul.result\[26\]$_DFFE_PN0P_/D
      50* |       0 |       4 |       10 |      0 |    40 |    +0.0% | -869.768 |  -659387.8 | -1082591.4 |   2405 | u_mul.result\[26\]$_DFFE_PN0P_/D
      60* |       0 |       7 |       11 |      0 |    46 |    +0.0% | -873.026 |  -659403.2 | -1082605.9 |   2405 | u_mul.result\[26\]$_DFFE_PN0P_/D
      70* |       0 |       7 |       12 |      0 |    55 |    +0.0% | -868.367 |  -659355.4 | -1082570.2 |   2405 | u_mul.result\[25\]$_DFFE_PN0P_/D
      80* |       0 |      10 |       14 |      0 |    60 |    +0.0% | -867.958 |  -659317.6 | -1082549.6 |   2405 | u_mul.result\[25\]$_DFFE_PN0P_/D
      90* |       0 |      11 |       19 |      0 |    66 |    +0.1% | -873.798 |  -659347.2 | -1082578.2 |   2405 | u_mul.result\[26\]$_DFFE_PN0P_/D
     100* |       0 |      12 |       19 |      0 |    75 |    +0.1% | -867.041 |  -659294.0 | -1082544.2 |   2405 | u_mul.result\[26\]$_DFFE_PN0P_/D
     110* |       0 |      15 |       21 |      0 |    80 |    +0.1% | -865.817 |  -659275.4 | -1082528.0 |   2405 | u_mul.result\[26\]$_DFFE_PN0P_/D
     120* |       0 |      16 |       24 |      0 |    86 |    +0.1% | -865.364 |  -659244.8 | -1082507.4 |   2405 | u_mul.result\[26\]$_DFFE_PN0P_/D
     130* |       0 |      17 |       26 |      0 |    93 |    +0.1% | -864.656 |  -659235.6 | -1082491.0 |   2405 | u_mul.result\[26\]$_DFFE_PN0P_/D
     140* |       0 |      20 |       31 |      0 |    98 |    +0.1% | -864.663 |  -659249.0 | -1082491.0 |   2405 | u_mul.result\[26\]$_DFFE_PN0P_/D
     150* |       0 |      22 |       31 |      0 |   106 |    +0.1% | -864.364 |  -659232.5 | -1082484.0 |   2405 | u_mul.result\[26\]$_DFFE_PN0P_/D
     160* |       0 |      22 |       32 |      0 |   115 |    +0.1% | -864.587 |  -659214.9 | -1082489.1 |   2405 | u_mul.result\[26\]$_DFFE_PN0P_/D
     170* |       0 |      23 |       35 |      0 |   121 |    +0.1% | -866.884 |  -659227.8 | -1082522.6 |   2405 | u_mul.result\[25\]$_DFFE_PN0P_/D
     179* |       0 |      23 |       35 |      0 |   119 |    +0.1% | -863.734 |  -659210.6 | -1082499.6 |   2405 | u_mul.result\[25\]$_DFFE_PN0P_/D
     180* |       0 |      23 |       35 |      0 |   119 |    +0.1% | -863.734 |  -659210.6 | -1082499.6 |   2405 | u_mul.result\[25\]$_DFFE_PN0P_/D
     190* |       0 |      24 |       37 |      0 |   126 |    +0.1% | -865.840 |  -659227.9 | -1082506.1 |   2405 | u_mul.result\[26\]$_DFFE_PN0P_/D
     196* |       0 |      24 |       35 |      0 |   121 |    +0.1% | -863.734 |  -659213.8 | -1082496.0 |   2405 | u_mul.result\[25\]$_DFFE_PN0P_/D
     200* |       0 |      25 |       37 |      0 |   121 |    +0.1% | -863.667 |  -659210.9 | -1082492.5 |   2405 | u_mul.result\[26\]$_DFFE_PN0P_/D
     207* |       0 |      27 |       39 |      0 |   124 |    +0.1% | -863.667 |  -659210.7 | -1082486.8 |   2405 | u_mul.result\[26\]$_DFFE_PN0P_/D
     210* |       0 |      27 |       39 |      0 |   126 |    +0.1% | -863.667 |  -659210.7 | -1082491.0 |   2405 | u_mul.result\[26\]$_DFFE_PN0P_/D
     220* |       0 |      27 |       41 |      0 |   134 |    +0.1% | -863.906 |  -659215.1 | -1082493.4 |   2405 | u_mul.result\[18\]$_DFFE_PN0P_/D
     230* |       0 |      30 |       42 |      0 |   140 |    +0.1% | -866.457 |  -659215.9 | -1082502.6 |   2405 | u_mul.result\[26\]$_DFFE_PN0P_/D
     240* |       0 |      35 |       42 |      0 |   145 |    +0.1% | -863.586 |  -659203.4 | -1082473.2 |   2405 | u_mul.result\[26\]$_DFFE_PN0P_/D
     250* |       0 |      38 |       46 |      0 |   148 |    +0.2% | -863.184 |  -659190.6 | -1082465.5 |   2405 | u_mul.result\[26\]$_DFFE_PN0P_/D
     260* |       1 |      41 |       49 |      0 |   153 |    +0.2% | -862.804 |  -659161.7 | -1082456.6 |   2405 | u_mul.result\[25\]$_DFFE_PN0P_/D
     270* |       1 |      45 |       50 |      0 |   158 |    +0.2% | -862.804 |  -659152.5 | -1082447.4 |   2405 | u_mul.result\[25\]$_DFFE_PN0P_/D
     280* |       1 |      45 |       54 |      0 |   166 |    +0.2% | -863.148 |  -659152.6 | -1082460.0 |   2405 | u_mul.result\[27\]$_DFFE_PN0P_/D
     290* |       1 |      46 |       57 |      0 |   172 |    +0.2% | -862.804 |  -659153.2 | -1082447.2 |   2405 | u_mul.result\[25\]$_DFFE_PN0P_/D
     292* |       1 |      46 |       56 |      0 |   169 |    +0.2% | -862.804 |  -659150.1 | -1082447.0 |   2405 | u_mul.result\[25\]$_DFFE_PN0P_/D
     300* |       1 |      46 |       58 |      0 |   174 |    +0.2% | -865.037 |  -659195.9 | -1082449.0 |   2405 | u_mul.result\[29\]$_DFFE_PN0P_/D
     303* |       1 |      46 |       56 |      0 |   172 |    +0.2% | -862.725 |  -659151.9 | -1082447.5 |   2405 | u_mul.result\[25\]$_DFFE_PN0P_/D
     310* |       1 |      46 |       56 |      0 |   178 |    +0.2% | -862.818 |  -659152.0 | -1082455.8 |   2405 | u_mul.result\[25\]$_DFFE_PN0P_/D
     318* |       1 |      47 |       56 |      0 |   184 |    +0.2% | -862.725 |  -659150.3 | -1082445.8 |   2405 | u_mul.result\[25\]$_DFFE_PN0P_/D
     320* |       1 |      47 |       56 |      0 |   185 |    +0.2% | -862.803 |  -659149.9 | -1082446.1 |   2405 | u_mul.result\[25\]$_DFFE_PN0P_/D
     330* |       1 |      48 |       58 |      0 |   193 |    +0.2% | -862.693 |  -659132.5 | -1082440.6 |   2405 | u_mul.result\[25\]$_DFFE_PN0P_/D
     336* |       1 |      48 |       60 |      0 |   196 |    +0.2% | -862.693 |  -659128.4 | -1082439.2 |   2405 | u_mul.result\[25\]$_DFFE_PN0P_/D
     340* |       1 |      48 |       60 |      0 |   199 |    +0.2% | -864.427 |  -659145.3 | -1082449.5 |   2405 | u_mul.result\[27\]$_DFFE_PN0P_/D
     350* |       1 |      50 |       60 |      0 |   207 |    +0.2% | -862.693 |  -659126.1 | -1082426.2 |   2405 | u_mul.result\[25\]$_DFFE_PN0P_/D
     360* |       1 |      53 |       60 |      0 |   214 |    +0.2% | -864.072 |  -659134.1 | -1082434.4 |   2405 | u_mul.result\[20\]$_DFFE_PN0P_/D
     370* |       1 |      53 |       62 |      0 |   222 |    +0.2% | -864.072 |  -659135.8 | -1082429.5 |   2405 | u_mul.result\[20\]$_DFFE_PN0P_/D
     380* |       1 |      53 |       62 |      0 |   232 |    +0.2% | -864.072 |  -659140.1 | -1082431.6 |   2405 | u_mul.result\[20\]$_DFFE_PN0P_/D
     390* |       1 |      58 |       63 |      0 |   236 |    +0.2% | -864.072 |  -659135.1 | -1082421.0 |   2405 | u_mul.result\[20\]$_DFFE_PN0P_/D
     400* |       1 |      64 |       66 |      0 |   239 |    +0.2% | -864.072 |  -659133.1 | -1082410.6 |   2405 | u_mul.result\[20\]$_DFFE_PN0P_/D
     405* |       1 |      52 |       60 |      0 |   213 |    +0.2% | -862.693 |  -659123.9 | -1082421.6 |   2405 | u_mul.result\[25\]$_DFFE_PN0P_/D
     409* |       1 |      52 |       60 |      0 |   215 |    +0.2% | -862.693 |  -659123.2 | -1082420.1 |   2405 | u_mul.result\[25\]$_DFFE_PN0P_/D
     410* |       1 |      52 |       60 |      0 |   215 |    +0.2% | -862.693 |  -659123.2 | -1082420.1 |   2405 | u_mul.result\[25\]$_DFFE_PN0P_/D
     420* |       1 |      53 |       60 |      0 |   224 |    +0.2% | -862.693 |  -659113.9 | -1082401.8 |   2405 | u_mul.result\[25\]$_DFFE_PN0P_/D
     430* |       1 |      54 |       61 |      0 |   232 |    +0.2% | -862.693 |  -659114.5 | -1082405.6 |   2405 | u_mul.result\[25\]$_DFFE_PN0P_/D
     440* |       2 |      54 |       61 |      0 |   241 |    +0.2% | -862.693 |  -659115.9 | -1082402.0 |   2405 | u_mul.result\[25\]$_DFFE_PN0P_/D
     450* |       2 |      55 |       63 |      0 |   248 |    +0.2% | -862.693 |  -659114.4 | -1082404.5 |   2405 | u_mul.result\[25\]$_DFFE_PN0P_/D
     454* |       2 |      54 |       61 |      0 |   241 |    +0.2% | -862.693 |  -659115.9 | -1082402.0 |   2405 | u_mul.result\[25\]$_DFFE_PN0P_/D
     460* |       2 |      55 |       62 |      0 |   244 |    +0.2% | -862.693 |  -659115.9 | -1082395.0 |   2405 | u_mul.result\[25\]$_DFFE_PN0P_/D
     461* |       2 |      55 |       62 |      0 |   245 |    +0.2% | -862.693 |  -659115.9 | -1082392.2 |   2405 | u_mul.result\[25\]$_DFFE_PN0P_/D
     470* |       2 |      56 |       64 |      0 |   250 |    +0.2% | -862.693 |  -659115.6 | -1082387.4 |   2405 | u_mul.result\[25\]$_DFFE_PN0P_/D
     480* |       2 |      58 |       65 |      0 |   257 |    +0.2% | -862.693 |  -659111.4 | -1082375.1 |   2405 | u_mul.result\[25\]$_DFFE_PN0P_/D
     489* |       2 |      58 |       65 |      0 |   259 |    +0.2% | -862.693 |  -659111.4 | -1082371.6 |   2405 | u_mul.result\[25\]$_DFFE_PN0P_/D
     490* |       2 |      58 |       65 |      0 |   259 |    +0.2% | -862.693 |  -659111.4 | -1082371.6 |   2405 | u_mul.result\[25\]$_DFFE_PN0P_/D
     500* |       2 |      59 |       66 |      0 |   267 |    +0.2% | -862.784 |  -659108.7 | -1082377.6 |   2405 | u_mul.result\[25\]$_DFFE_PN0P_/D
     510* |       2 |      63 |       67 |      0 |   272 |    +0.2% | -862.785 |  -659107.6 | -1082375.8 |   2405 | u_mul.result\[25\]$_DFFE_PN0P_/D
     512* |       2 |      58 |       65 |      0 |   260 |    +0.2% | -862.693 |  -659111.4 | -1082371.2 |   2405 | u_mul.result\[25\]$_DFFE_PN0P_/D
     517* |       2 |      58 |       65 |      0 |   262 |    +0.2% | -862.693 |  -659109.8 | -1082368.2 |   2405 | u_mul.result\[25\]$_DFFE_PN0P_/D
     520* |       2 |      59 |       65 |      0 |   263 |    +0.2% | -862.693 |  -659109.8 | -1082367.6 |   2405 | u_mul.result\[25\]$_DFFE_PN0P_/D
     530* |       2 |      60 |       67 |      0 |   270 |    +0.2% | -862.693 |  -659113.0 | -1082369.4 |   2405 | u_mul.result\[25\]$_DFFE_PN0P_/D
     540* |       2 |      62 |       68 |      0 |   277 |    +0.2% | -862.693 |  -659106.7 | -1082365.5 |   2405 | u_mul.result\[25\]$_DFFE_PN0P_/D
     541* |       2 |      62 |       68 |      0 |   277 |    +0.2% | -862.693 |  -659106.7 | -1082365.5 |   2405 | u_mul.result\[25\]$_DFFE_PN0P_/D
     544* |       2 |      62 |       68 |      0 |   277 |    +0.2% | -862.693 |  -659106.7 | -1082365.5 |   2405 | u_mul.result\[25\]$_DFFE_PN0P_/D
     550* |       2 |      65 |       68 |      0 |   279 |    +0.2% | -862.693 |  -659115.6 | -1082373.0 |   2405 | u_mul.result\[25\]$_DFFE_PN0P_/D
     560* |       2 |      69 |       73 |      0 |   282 |    +0.2% | -862.693 |  -659116.3 | -1082369.1 |   2405 | u_mul.result\[25\]$_DFFE_PN0P_/D
     570* |       2 |      71 |       75 |      0 |   288 |    +0.2% | -862.693 |  -659117.8 | -1082353.5 |   2405 | u_mul.result\[25\]$_DFFE_PN0P_/D
     577* |       2 |      72 |       76 |      0 |   293 |    +0.3% | -862.693 |  -659119.8 | -1082350.6 |   2405 | u_mul.result\[25\]$_DFFE_PN0P_/D
     580* |       2 |      73 |       76 |      0 |   294 |    +0.3% | -862.693 |  -659124.3 | -1082353.5 |   2405 | u_mul.result\[25\]$_DFFE_PN0P_/D
     590* |       2 |      77 |       76 |      0 |   300 |    +0.3% | -862.693 |  -659118.8 | -1082352.9 |   2405 | u_mul.result\[25\]$_DFFE_PN0P_/D
     600* |       2 |      79 |       79 |      0 |   305 |    +0.3% | -862.693 |  -659115.3 | -1082354.2 |   2405 | u_mul.result\[25\]$_DFFE_PN0P_/D
     610* |       2 |      80 |       80 |      0 |   313 |    +0.3% | -862.693 |  -659122.7 | -1082362.2 |   2405 | u_mul.result\[25\]$_DFFE_PN0P_/D
     620* |       2 |      85 |       80 |      0 |   318 |    +0.3% | -862.693 |  -659112.8 | -1082347.9 |   2405 | u_mul.result\[25\]$_DFFE_PN0P_/D
     627* |       3 |      85 |       82 |      0 |   322 |    +0.3% | -862.693 |  -659112.8 | -1082330.8 |   2405 | u_mul.result\[25\]$_DFFE_PN0P_/D
     630* |       3 |      85 |       82 |      0 |   324 |    +0.3% | -862.693 |  -659112.8 | -1082332.8 |   2405 | u_mul.result\[25\]$_DFFE_PN0P_/D
     631* |       3 |      85 |       82 |      0 |   323 |    +0.3% | -862.693 |  -659112.8 | -1082330.6 |   2405 | u_mul.result\[25\]$_DFFE_PN0P_/D
     639* |       3 |      87 |       82 |      0 |   324 |    +0.3% | -862.693 |  -659112.0 | -1082329.6 |   2405 | u_mul.result\[25\]$_DFFE_PN0P_/D
     640* |       3 |      87 |       82 |      0 |   324 |    +0.3% | -862.693 |  -659112.0 | -1082329.6 |   2405 | u_mul.result\[25\]$_DFFE_PN0P_/D
     650* |       4 |      88 |       82 |      0 |   332 |    +0.3% | -862.693 |  -659112.1 | -1082315.5 |   2405 | u_mul.result\[25\]$_DFFE_PN0P_/D
     660* |       5 |      90 |       84 |      0 |   337 |    +0.3% | -862.693 |  -659112.7 | -1082309.2 |   2405 | u_mul.result\[25\]$_DFFE_PN0P_/D
     670* |       5 |      93 |       88 |      0 |   341 |    +0.3% | -862.693 |  -659115.4 | -1082314.8 |   2405 | u_mul.result\[25\]$_DFFE_PN0P_/D
     670* |       5 |      93 |       88 |      0 |   340 |    +0.3% | -862.693 |  -659115.4 | -1082314.0 |   2405 | u_mul.result\[25\]$_DFFE_PN0P_/D
     680* |       5 |      93 |       89 |      0 |   348 |    +0.3% | -862.693 |  -659115.4 | -1082314.0 |   2405 | u_mul.result\[25\]$_DFFE_PN0P_/D
     688* |       5 |      93 |       91 |      0 |   351 |    +0.3% | -862.693 |  -659115.2 | -1082307.8 |   2405 | u_mul.result\[25\]$_DFFE_PN0P_/D
     690* |       5 |      94 |       91 |      0 |   351 |    +0.3% | -862.693 |  -659115.2 | -1082302.9 |   2405 | u_mul.result\[25\]$_DFFE_PN0P_/D
     700* |       7 |      95 |       99 |      0 |   355 |    +0.3% | -862.693 |  -659112.4 | -1082315.0 |   2405 | u_mul.result\[25\]$_DFFE_PN0P_/D
     710* |       7 |      99 |      100 |      0 |   360 |    +0.3% | -862.693 |  -659112.8 | -1082315.1 |   2405 | u_mul.result\[25\]$_DFFE_PN0P_/D
     720* |       8 |     102 |      100 |      0 |   366 |    +0.3% | -862.763 |  -659113.2 | -1082308.4 |   2405 | u_mul.result\[25\]$_DFFE_PN0P_/D
     730* |       8 |     108 |      105 |      0 |   367 |    +0.3% | -862.964 |  -659113.6 | -1082300.6 |   2405 | u_mul.result\[25\]$_DFFE_PN0P_/D
     740* |       9 |     113 |      106 |      0 |   370 |    +0.3% | -865.868 |  -659112.6 | -1082406.5 |   2405 | u_mul.result\[26\]$_DFFE_PN0P_/D
     743* |       6 |      94 |       91 |      0 |   353 |    +0.3% | -862.693 |  -659115.2 | -1082302.0 |   2405 | u_mul.result\[25\]$_DFFE_PN0P_/D
     750* |       6 |      95 |       99 |      0 |   355 |    +0.3% | -862.693 |  -659112.4 | -1082319.6 |   2405 | u_mul.result\[25\]$_DFFE_PN0P_/D
     760* |       8 |     103 |       99 |      0 |   355 |    +0.3% | -862.965 |  -659114.2 | -1082307.0 |   2405 | u_mul.result\[25\]$_DFFE_PN0P_/D
     770* |       8 |     108 |      101 |      0 |   358 |    +0.3% | -862.964 |  -659111.6 | -1082298.1 |   2405 | u_mul.result\[25\]$_DFFE_PN0P_/D
     780* |       8 |     111 |      102 |      0 |   364 |    +0.3% | -862.964 |  -659112.8 | -1082299.1 |   2405 | u_mul.result\[25\]$_DFFE_PN0P_/D
     790* |       9 |     116 |      105 |      0 |   367 |    +0.4% | -863.269 |  -659115.4 | -1082278.2 |   2405 | u_mul.result\[25\]$_DFFE_PN0P_/D
     795* |       6 |      94 |       91 |      0 |   354 |    +0.3% | -862.693 |  -659115.2 | -1082299.8 |   2405 | u_mul.result\[25\]$_DFFE_PN0P_/D
     800* |       6 |      94 |       91 |      0 |   358 |    +0.3% | -862.693 |  -659116.6 | -1082298.8 |   2405 | u_mul.result\[25\]$_DFFE_PN0P_/D
     810* |       6 |     101 |       93 |      0 |   359 |    +0.3% | -862.693 |  -659112.4 | -1082302.2 |   2405 | u_mul.result\[25\]$_DFFE_PN0P_/D
     820* |       8 |     104 |       94 |      0 |   363 |    +0.3% | -862.693 |  -659118.2 | -1082298.4 |   2405 | u_mul.result\[25\]$_DFFE_PN0P_/D
     830* |       8 |     106 |       96 |      0 |   369 |    +0.3% | -862.693 |  -659120.3 | -1082298.9 |   2405 | u_mul.result\[25\]$_DFFE_PN0P_/D
     840* |       8 |     109 |       98 |      0 |   374 |    +0.3% | -862.693 |  -659116.7 | -1082307.8 |   2405 | u_mul.result\[25\]$_DFFE_PN0P_/D
     850* |       8 |     113 |      100 |      0 |   378 |    +0.3% | -862.694 |  -659121.2 | -1082296.5 |   2405 | u_mul.result\[25\]$_DFFE_PN0P_/D
     853* |       8 |     112 |      100 |      0 |   377 |    +0.3% | -862.693 |  -659121.2 | -1082295.4 |   2405 | u_mul.result\[25\]$_DFFE_PN0P_/D
     857* |       8 |     112 |      100 |      0 |   377 |    +0.3% | -862.693 |  -659121.2 | -1082295.4 |   2405 | u_mul.result\[25\]$_DFFE_PN0P_/D
     860* |       8 |     112 |      101 |      0 |   378 |    +0.3% | -862.693 |  -659101.8 | -1082296.2 |   2405 | u_mul.result\[25\]$_DFFE_PN0P_/D
     870* |       8 |     113 |      102 |      0 |   386 |    +0.3% | -862.693 |  -659107.1 | -1082294.9 |   2405 | u_mul.result\[25\]$_DFFE_PN0P_/D
     880* |       8 |     118 |      110 |      0 |   388 |    +0.4% | -862.693 |  -659107.2 | -1082292.4 |   2405 | u_mul.result\[25\]$_DFFE_PN0P_/D
     890* |       8 |     120 |      112 |      0 |   394 |    +0.4% | -862.744 |  -659100.2 | -1082301.8 |   2405 | u_mul.result\[25\]$_DFFE_PN0P_/D
     900* |       8 |     121 |      114 |      0 |   401 |    +0.4% | -862.744 |  -659100.2 | -1082301.9 |   2405 | u_mul.result\[25\]$_DFFE_PN0P_/D
     910* |      10 |     123 |      114 |      0 |   407 |    +0.4% | -862.744 |  -659100.2 | -1082292.6 |   2405 | u_mul.result\[25\]$_DFFE_PN0P_/D
     920* |      11 |     126 |      119 |      0 |   409 |    +0.4% | -862.744 |  -659099.8 | -1082292.2 |   2405 | u_mul.result\[25\]$_DFFE_PN0P_/D
     930* |      11 |     127 |      121 |      0 |   416 |    +0.4% | -862.744 |  -659099.8 | -1082297.6 |   2405 | u_mul.result\[25\]$_DFFE_PN0P_/D
     934* |       8 |     119 |      110 |      0 |   394 |    +0.4% | -862.693 |  -659099.8 | -1082292.2 |   2405 | u_mul.result\[25\]$_DFFE_PN0P_/D
     940* |       8 |     121 |      119 |      0 |   396 |    +0.4% | -862.694 |  -659091.6 | -1082289.9 |   2405 | u_mul.result\[25\]$_DFFE_PN0P_/D
     940* |       8 |     120 |      119 |      0 |   395 |    +0.4% | -862.693 |  -659091.6 | -1082290.1 |   2405 | u_mul.result\[25\]$_DFFE_PN0P_/D
     945* |       9 |     120 |      119 |      0 |   397 |    +0.4% | -862.693 |  -659091.6 | -1082280.4 |   2405 | u_mul.result\[25\]$_DFFE_PN0P_/D
     950* |      10 |     121 |      119 |      0 |   399 |    +0.4% | -862.693 |  -659093.2 | -1082272.0 |   2405 | u_mul.result\[25\]$_DFFE_PN0P_/D
     960* |      10 |     124 |      125 |      0 |   401 |    +0.4% | -862.744 |  -659061.1 | -1081399.8 |   2405 | u_mul.result\[25\]$_DFFE_PN0P_/D
     970* |      10 |     130 |      127 |      0 |   403 |    +0.4% | -862.744 |  -659057.8 | -1081411.6 |   2405 | u_mul.result\[25\]$_DFFE_PN0P_/D
     970* |      10 |     121 |      119 |      0 |   399 |    +0.4% | -862.693 |  -659093.2 | -1082271.9 |   2405 | u_mul.result\[25\]$_DFFE_PN0P_/D
     980* |      10 |     124 |      122 |      0 |   402 |    +0.4% | -862.693 |  -657867.6 | -1080669.9 |   2405 | u_mul.result\[25\]$_DFFE_PN0P_/D
     990* |      10 |     125 |      123 |      0 |   410 |    +0.4% | -862.693 |  -658065.4 | -1081312.4 |   2405 | u_mul.result\[25\]$_DFFE_PN0P_/D
    1000* |      10 |     127 |      124 |      0 |   417 |    +0.4% | -862.693 |  -658175.7 | -1083243.0 |   2405 | u_mul.result\[25\]$_DFFE_PN0P_/D
    1010* |      10 |     129 |      132 |      0 |   422 |    +0.4% | -862.693 |  -658067.7 | -1082643.4 |   2405 | u_mul.result\[25\]$_DFFE_PN0P_/D
    1020* |      10 |     131 |      136 |      0 |   426 |    +0.4% | -862.693 |  -658767.4 | -1082308.5 |   2405 | u_mul.result\[25\]$_DFFE_PN0P_/D
    1030* |      10 |     131 |      140 |      0 |   433 |    +0.4% | -862.693 |  -659259.2 | -1084490.9 |   2405 | u_mul.result\[25\]$_DFFE_PN0P_/D
    1035* |      10 |     131 |      140 |      0 |   427 |    +0.4% | -862.693 |  -658594.1 | -1081394.0 |   2405 | u_mul.result\[25\]$_DFFE_PN0P_/D
    1040* |      10 |     134 |      141 |      0 |   427 |    +0.5% | -862.693 |  -658594.1 | -1081383.2 |   2405 | u_mul.result\[25\]$_DFFE_PN0P_/D
    1042* |      10 |     135 |      141 |      0 |   428 |    +0.5% | -862.693 |  -658594.1 | -1081382.4 |   2405 | u_mul.result\[25\]$_DFFE_PN0P_/D
    1046* |      10 |     137 |      141 |      0 |   428 |    +0.5% | -862.693 |  -658594.1 | -1081382.9 |   2405 | u_mul.result\[25\]$_DFFE_PN0P_/D
    1050* |      10 |     139 |      141 |      0 |   429 |    +0.5% | -862.693 |  -658594.1 | -1081383.1 |   2405 | u_mul.result\[25\]$_DFFE_PN0P_/D
    1050* |      10 |     139 |      141 |      0 |   428 |    +0.5% | -862.693 |  -658594.1 | -1081383.1 |   2405 | u_mul.result\[25\]$_DFFE_PN0P_/D
    1057* |      10 |     141 |      141 |      0 |   431 |    +0.5% | -862.693 |  -658659.1 | -1081300.2 |   2405 | u_mul.result\[25\]$_DFFE_PN0P_/D
    1060* |      10 |     142 |      144 |      0 |   431 |    +0.5% | -862.693 |  -658654.1 | -1081262.0 |   2405 | u_mul.result\[25\]$_DFFE_PN0P_/D
    1069* |      10 |     144 |      145 |      0 |   431 |    +0.5% | -862.693 |  -658843.0 | -1081335.6 |   2405 | u_mul.result\[25\]$_DFFE_PN0P_/D
    1070* |      10 |     144 |      145 |      0 |   431 |    +0.5% | -862.693 |  -658843.0 | -1081335.6 |   2405 | u_mul.result\[25\]$_DFFE_PN0P_/D
    1080* |      10 |     151 |      146 |      2 |   431 |    +0.5% | -862.693 |  -658843.0 | -1081452.4 |   2405 | u_mul.result\[25\]$_DFFE_PN0P_/D
    1081* |      10 |     146 |      145 |      1 |   431 |    +0.5% | -862.693 |  -658843.0 | -1081486.1 |   2405 | u_mul.result\[25\]$_DFFE_PN0P_/D
    1085* |      10 |     146 |      145 |      1 |   431 |    +0.5% | -862.693 |  -658843.0 | -1081486.1 |   2405 | u_mul.result\[25\]$_DFFE_PN0P_/D
    1090* |      10 |     150 |      145 |      1 |   431 |    +0.5% | -862.693 |  -658843.1 | -1081345.4 |   2405 | u_mul.result\[25\]$_DFFE_PN0P_/D
    1095* |      10 |     150 |      146 |      2 |   431 |    +0.5% | -862.693 |  -658843.0 | -1081390.1 |   2405 | u_mul.result\[25\]$_DFFE_PN0P_/D
    1100* |      10 |     153 |      147 |      2 |   431 |    +0.5% | -862.693 |  -658843.0 | -1081361.5 |   2405 | u_mul.result\[25\]$_DFFE_PN0P_/D
    1105* |      10 |     156 |      147 |      3 |   431 |    +0.5% | -862.693 |  -658854.1 | -1081395.5 |   2405 | u_mul.result\[25\]$_DFFE_PN0P_/D
    1107* |      10 |     156 |      147 |      3 |   431 |    +0.5% | -862.693 |  -658854.1 | -1081395.5 |   2405 | u_mul.result\[25\]$_DFFE_PN0P_/D
    1110* |      10 |     157 |      147 |      4 |   431 |    +0.5% | -862.693 |  -659129.2 | -1081366.4 |   2405 | u_mul.result\[25\]$_DFFE_PN0P_/D
    1114* |      10 |     160 |      149 |      4 |   431 |    +0.5% | -862.693 |  -658694.8 | -1081373.1 |   2405 | u_mul.result\[25\]$_DFFE_PN0P_/D
    1120* |      10 |     164 |      149 |      5 |   431 |    +0.5% | -862.693 |  -659361.7 | -1081392.5 |   2405 | u_mul.result\[25\]$_DFFE_PN0P_/D
    1130* |      10 |     172 |      152 |      6 |   431 |    +0.5% | -862.693 |  -658673.1 | -1081474.6 |   2405 | u_mul.result\[25\]$_DFFE_PN0P_/D
    1133* |      10 |     164 |      149 |      5 |   431 |    +0.5% | -862.693 |  -659361.6 | -1081392.5 |   2405 | u_mul.result\[25\]$_DFFE_PN0P_/D
    1135* |      10 |     164 |      149 |      5 |   431 |    +0.5% | -862.693 |  -659361.6 | -1081392.5 |   2405 | u_mul.result\[25\]$_DFFE_PN0P_/D
    1138* |      10 |     166 |      149 |      5 |   431 |    +0.5% | -862.693 |  -659361.6 | -1081389.1 |   2405 | u_mul.result\[25\]$_DFFE_PN0P_/D
    1140* |      10 |     166 |      152 |      5 |   431 |    +0.5% | -862.693 |  -658651.0 | -1081463.5 |   2405 | u_mul.result\[25\]$_DFFE_PN0P_/D
    1147* |      10 |     166 |      149 |      5 |   431 |    +0.5% | -862.693 |  -659361.6 | -1081389.1 |   2405 | u_mul.result\[25\]$_DFFE_PN0P_/D
    1150* |      10 |     166 |      149 |      5 |   433 |    +0.5% | -862.693 |  -659361.6 | -1081394.1 |   2405 | u_mul.result\[25\]$_DFFE_PN0P_/D
    1160* |      10 |     168 |      153 |      5 |   438 |    +0.5% | -862.693 |  -659362.4 | -1081403.5 |   2405 | u_mul.result\[25\]$_DFFE_PN0P_/D
    1170* |      10 |     172 |      153 |      5 |   444 |    +0.5% | -862.693 |  -659361.9 | -1081403.2 |   2405 | u_mul.result\[25\]$_DFFE_PN0P_/D
    1180* |      11 |     175 |      154 |      5 |   449 |    +0.5% | -862.693 |  -659363.8 | -1081402.5 |   2405 | u_mul.result\[25\]$_DFFE_PN0P_/D
    1183* |      10 |     166 |      149 |      5 |   431 |    +0.5% | -862.693 |  -659361.6 | -1081389.1 |   2405 | u_mul.result\[25\]$_DFFE_PN0P_/D
    1190* |      10 |     170 |      152 |      6 |   431 |    +0.5% | -862.693 |  -658657.7 | -1081461.6 |   2405 | u_mul.result\[25\]$_DFFE_PN0P_/D
    1192* |      10 |     166 |      149 |      5 |   431 |    +0.5% | -862.693 |  -659361.6 | -1081389.1 |   2405 | u_mul.result\[25\]$_DFFE_PN0P_/D
    1195* |      10 |     168 |      149 |      5 |   431 |    +0.5% | -862.693 |  -659361.6 | -1081385.6 |   2405 | u_mul.result\[25\]$_DFFE_PN0P_/D
    1196* |      10 |     168 |      149 |      5 |   431 |    +0.5% | -862.693 |  -659361.6 | -1081385.6 |   2405 | u_mul.result\[25\]$_DFFE_PN0P_/D
    1200* |      10 |     170 |      150 |      5 |   431 |    +0.5% | -862.693 |  -658756.1 | -1081529.2 |   2405 | u_mul.result\[25\]$_DFFE_PN0P_/D
    1200* |      10 |     169 |      149 |      5 |   431 |    +0.5% | -862.693 |  -659361.6 | -1081371.8 |   2405 | u_mul.result\[25\]$_DFFE_PN0P_/D
    1209* |      10 |     169 |      149 |      5 |   431 |    +0.5% | -862.693 |  -659361.6 | -1081371.8 |   2405 | u_mul.result\[25\]$_DFFE_PN0P_/D
    1210* |      10 |     169 |      149 |      5 |   431 |    +0.5% | -862.693 |  -659361.6 | -1081371.8 |   2405 | u_mul.result\[25\]$_DFFE_PN0P_/D
    1220* |      10 |     173 |      160 |      6 |   432 |    +0.6% | -862.693 |  -659361.4 | -1081159.8 |   2405 | u_mul.result\[25\]$_DFFE_PN0P_/D
    1227* |      10 |     172 |      158 |      5 |   431 |    +0.5% | -862.693 |  -659361.6 | -1081163.2 |   2405 | u_mul.result\[25\]$_DFFE_PN0P_/D
    1230* |      10 |     173 |      159 |      5 |   431 |    +0.6% | -862.693 |  -658756.1 | -1081320.8 |   2405 | u_mul.result\[25\]$_DFFE_PN0P_/D
    1230* |      10 |     172 |      158 |      5 |   431 |    +0.5% | -862.693 |  -659361.6 | -1081163.2 |   2405 | u_mul.result\[25\]$_DFFE_PN0P_/D
    1235* |      10 |     172 |      158 |      5 |   431 |    +0.5% | -862.693 |  -659361.6 | -1081163.2 |   2405 | u_mul.result\[25\]$_DFFE_PN0P_/D
    1238* |      10 |     172 |      158 |      5 |   431 |    +0.5% | -862.693 |  -659361.6 | -1081163.2 |   2405 | u_mul.result\[25\]$_DFFE_PN0P_/D
    1240* |      10 |     172 |      159 |      5 |   431 |    +0.5% | -862.693 |  -658756.1 | -1081317.9 |   2405 | u_mul.result\[25\]$_DFFE_PN0P_/D
    1243* |      10 |     172 |      158 |      5 |   431 |    +0.5% | -862.693 |  -659361.6 | -1081163.2 |   2405 | u_mul.result\[25\]$_DFFE_PN0P_/D
    1250* |      10 |     176 |      161 |      6 |   431 |    +0.6% | -862.693 |  -658644.8 | -1081237.0 |   2405 | u_mul.result\[25\]$_DFFE_PN0P_/D
    1252* |      10 |     172 |      158 |      5 |   431 |    +0.5% | -862.693 |  -659361.6 | -1081163.2 |   2405 | u_mul.result\[25\]$_DFFE_PN0P_/D
    1260* |      10 |     177 |      161 |      6 |   431 |    +0.6% | -862.693 |  -658657.7 | -1081233.5 |   2405 | u_mul.result\[25\]$_DFFE_PN0P_/D
    1261* |      10 |     172 |      158 |      5 |   431 |    +0.5% | -862.693 |  -659361.6 | -1081163.2 |   2405 | u_mul.result\[25\]$_DFFE_PN0P_/D
    1263* |      10 |     172 |      158 |      5 |   431 |    +0.5% | -862.693 |  -659361.6 | -1081163.2 |   2405 | u_mul.result\[25\]$_DFFE_PN0P_/D
    1270* |      10 |     174 |      161 |      6 |   431 |    +0.6% | -862.693 |  -659361.4 | -1081222.6 |   2405 | u_mul.result\[25\]$_DFFE_PN0P_/D
    1278* |      10 |     172 |      158 |      5 |   431 |    +0.5% | -862.693 |  -659361.6 | -1081163.2 |   2405 | u_mul.result\[25\]$_DFFE_PN0P_/D
    1280* |      10 |     172 |      161 |      5 |   431 |    +0.6% | -862.693 |  -658651.0 | -1081237.4 |   2405 | u_mul.result\[25\]$_DFFE_PN0P_/D
    1290* |      10 |     181 |      161 |      6 |   431 |    +0.6% | -862.693 |  -658673.2 | -1081247.8 |   2405 | u_mul.result\[25\]$_DFFE_PN0P_/D
    1292* |      10 |     172 |      158 |      5 |   431 |    +0.5% | -862.693 |  -659361.6 | -1081163.2 |   2405 | u_mul.result\[25\]$_DFFE_PN0P_/D
    1300* |      10 |     176 |      159 |      7 |   431 |    +0.6% | -862.693 |  -659739.8 | -1080447.1 |   2405 | u_mul.result\[25\]$_DFFE_PN0P_/D
    1307* |      10 |     176 |      159 |      7 |   431 |    +0.6% | -862.693 |  -659738.7 | -1080445.9 |   2405 | u_mul.result\[25\]$_DFFE_PN0P_/D
    1310* |      10 |     177 |      161 |      7 |   431 |    +0.6% | -862.693 |  -659396.6 | -1082604.4 |   2405 | u_mul.result\[25\]$_DFFE_PN0P_/D
    1315* |      10 |     176 |      159 |      7 |   431 |    +0.6% | -862.693 |  -659738.7 | -1080445.9 |   2405 | u_mul.result\[25\]$_DFFE_PN0P_/D
    1320* |      10 |     178 |      164 |      7 |   431 |    +0.6% | -862.693 |  -658726.9 | -1082626.2 |   2405 | u_mul.result\[25\]$_DFFE_PN0P_/D
    1325* |      10 |     180 |      164 |      7 |   431 |    +0.6% | -862.693 |  -658757.2 | -1082634.4 |   2405 | u_mul.result\[25\]$_DFFE_PN0P_/D
    1329* |      10 |     180 |      164 |      7 |   431 |    +0.6% | -862.693 |  -658757.2 | -1082634.4 |   2405 | u_mul.result\[25\]$_DFFE_PN0P_/D
    1330* |      10 |     180 |      164 |      7 |   431 |    +0.6% | -862.693 |  -658757.2 | -1082634.4 |   2405 | u_mul.result\[25\]$_DFFE_PN0P_/D
    1336* |      10 |     181 |      164 |      7 |   431 |    +0.6% | -862.693 |  -658753.6 | -1082638.0 |   2405 | u_mul.result\[25\]$_DFFE_PN0P_/D
    1340* |      10 |     184 |      164 |      7 |   431 |    +0.6% | -862.693 |  -658871.2 | -1082605.9 |   2405 | u_mul.result\[25\]$_DFFE_PN0P_/D
    1347* |      10 |     184 |      165 |      8 |   431 |    +0.6% | -862.693 |  -658943.0 | -1082658.4 |   2405 | u_mul.result\[25\]$_DFFE_PN0P_/D
    1350* |      10 |     184 |      166 |      9 |   431 |    +0.6% | -862.693 |  -658942.9 | -1082695.2 |   2405 | u_mul.result\[25\]$_DFFE_PN0P_/D
    1353* |      10 |     184 |      165 |      8 |   431 |    +0.6% | -862.693 |  -658943.0 | -1082658.4 |   2405 | u_mul.result\[25\]$_DFFE_PN0P_/D
    1360* |      10 |     188 |      166 |      9 |   431 |    +0.6% | -862.693 |  -658827.9 | -1082689.8 |   2405 | u_mul.result\[25\]$_DFFE_PN0P_/D
    1361* |      10 |     189 |      166 |      9 |   431 |    +0.6% | -862.693 |  -658827.9 | -1082688.4 |   2405 | u_mul.result\[25\]$_DFFE_PN0P_/D
    1367* |      10 |     189 |      166 |      9 |   431 |    +0.6% | -862.693 |  -658827.9 | -1082688.4 |   2405 | u_mul.result\[25\]$_DFFE_PN0P_/D
    1368* |      10 |     189 |      166 |      9 |   431 |    +0.6% | -862.693 |  -658827.9 | -1082688.4 |   2405 | u_mul.result\[25\]$_DFFE_PN0P_/D
    1370* |      10 |     190 |      166 |      9 |   431 |    +0.6% | -862.693 |  -658866.9 | -1082688.2 |   2405 | u_mul.result\[25\]$_DFFE_PN0P_/D
    1373* |      10 |     191 |      166 |     10 |   432 |    +0.6% | -862.693 |  -658888.8 | -1082697.4 |   2405 | u_mul.result\[25\]$_DFFE_PN0P_/D
    1377* |      10 |     192 |      166 |     10 |   432 |    +0.6% | -862.693 |  -658888.8 | -1082697.2 |   2405 | u_mul.result\[25\]$_DFFE_PN0P_/D
    1380* |      10 |     194 |      166 |     10 |   432 |    +0.6% | -862.693 |  -658957.4 | -1082706.5 |   2405 | u_mul.result\[25\]$_DFFE_PN0P_/D
    1380* |      10 |     194 |      166 |     10 |   432 |    +0.6% | -862.693 |  -658957.4 | -1082706.5 |   2405 | u_mul.result\[25\]$_DFFE_PN0P_/D
    1383* |      10 |     195 |      166 |     10 |   432 |    +0.6% | -862.693 |  -658957.4 | -1082706.5 |   2405 | u_mul.result\[25\]$_DFFE_PN0P_/D
    1389* |      10 |     199 |      166 |     10 |   432 |    +0.6% | -862.693 |  -658957.4 | -1082681.1 |   2405 | u_mul.result\[25\]$_DFFE_PN0P_/D
    1390* |      10 |     199 |      166 |     10 |   432 |    +0.6% | -862.693 |  -658957.4 | -1082681.1 |   2405 | u_mul.result\[25\]$_DFFE_PN0P_/D
    1397* |      10 |     202 |      166 |     10 |   432 |    +0.6% | -862.693 |  -659390.5 | -1082674.5 |   2405 | u_mul.result\[25\]$_DFFE_PN0P_/D
    1400* |      10 |     203 |      167 |     10 |   432 |    +0.6% | -862.693 |  -658905.8 | -1082665.5 |   2405 | u_mul.result\[25\]$_DFFE_PN0P_/D
    1400* |      10 |     203 |      167 |     10 |   432 |    +0.6% | -862.693 |  -658905.8 | -1082665.5 |   2405 | u_mul.result\[25\]$_DFFE_PN0P_/D
    1402* |      10 |     204 |      167 |     10 |   432 |    +0.6% | -862.693 |  -658680.4 | -1082648.6 |   2405 | u_mul.result\[25\]$_DFFE_PN0P_/D
    1410* |      10 |     207 |      170 |     13 |   432 |    +0.6% | -862.693 |  -658680.5 | -1082564.0 |   2405 | u_mul.result\[25\]$_DFFE_PN0P_/D
    1417* |      10 |     207 |      170 |     13 |   432 |    +0.6% | -862.693 |  -658680.5 | -1082564.0 |   2405 | u_mul.result\[25\]$_DFFE_PN0P_/D
    1420* |      10 |     208 |      170 |     13 |   433 |    +0.6% | -862.693 |  -658680.5 | -1082563.1 |   2405 | u_mul.result\[25\]$_DFFE_PN0P_/D
    1420* |      10 |     208 |      170 |     13 |   432 |    +0.6% | -862.693 |  -658680.5 | -1082563.1 |   2405 | u_mul.result\[25\]$_DFFE_PN0P_/D
    1424* |      10 |     210 |      170 |     13 |   433 |    +0.6% | -862.693 |  -658680.5 | -1082559.4 |   2405 | u_mul.result\[25\]$_DFFE_PN0P_/D
    1425* |      10 |     210 |      170 |     13 |   433 |    +0.6% | -862.693 |  -658680.5 | -1082559.4 |   2405 | u_mul.result\[25\]$_DFFE_PN0P_/D
    1427* |      10 |     210 |      170 |     13 |   434 |    +0.6% | -862.693 |  -658680.5 | -1082559.2 |   2405 | u_mul.result\[25\]$_DFFE_PN0P_/D
    1430* |      10 |     210 |      171 |     14 |   434 |    +0.6% | -862.693 |  -658680.5 | -1082589.5 |   2405 | u_mul.result\[25\]$_DFFE_PN0P_/D
    1435* |      10 |     214 |      171 |     14 |   435 |    +0.6% | -862.693 |  -658862.1 | -1082681.2 |   2405 | u_mul.result\[25\]$_DFFE_PN0P_/D
    1440* |      10 |     217 |      172 |     14 |   435 |    +0.7% | -862.693 |  -659023.2 | -1082757.6 |   2405 | u_mul.result\[25\]$_DFFE_PN0P_/D
    1441* |      10 |     215 |      171 |     14 |   435 |    +0.6% | -862.693 |  -658862.1 | -1082675.4 |   2405 | u_mul.result\[25\]$_DFFE_PN0P_/D
    1448* |      10 |     219 |      171 |     15 |   435 |    +0.7% | -862.693 |  -658863.7 | -1082672.1 |   2405 | u_mul.result\[25\]$_DFFE_PN0P_/D
    1450* |      10 |     220 |      171 |     15 |   435 |    +0.7% | -862.693 |  -658863.7 | -1082671.9 |   2405 | u_mul.result\[25\]$_DFFE_PN0P_/D
    1451* |      10 |     220 |      171 |     15 |   435 |    +0.7% | -862.693 |  -658863.7 | -1082671.9 |   2405 | u_mul.result\[25\]$_DFFE_PN0P_/D
    1459* |      10 |     220 |      171 |     15 |   435 |    +0.7% | -862.693 |  -658863.7 | -1082671.9 |   2405 | u_mul.result\[25\]$_DFFE_PN0P_/D
    1460* |      10 |     220 |      171 |     15 |   435 |    +0.7% | -862.693 |  -658863.7 | -1082671.9 |   2405 | u_mul.result\[25\]$_DFFE_PN0P_/D
    1467* |      10 |     223 |      171 |     15 |   435 |    +0.7% | -862.693 |  -658827.9 | -1082666.9 |   2405 | u_mul.result\[25\]$_DFFE_PN0P_/D
    1470* |      10 |     224 |      171 |     16 |   435 |    +0.7% | -862.693 |  -658774.4 | -1082693.4 |   2405 | u_mul.result\[25\]$_DFFE_PN0P_/D
    1474* |      10 |     227 |      171 |     16 |   435 |    +0.7% | -862.693 |  -658753.8 | -1082632.9 |   2405 | u_mul.result\[25\]$_DFFE_PN0P_/D
    1479* |      10 |     230 |      171 |     16 |   435 |    +0.7% | -862.693 |  -658753.8 | -1082635.2 |   2405 | u_mul.result\[25\]$_DFFE_PN0P_/D
    1480* |      10 |     230 |      171 |     16 |   435 |    +0.7% | -862.693 |  -658753.8 | -1082635.2 |   2405 | u_mul.result\[25\]$_DFFE_PN0P_/D
    1490* |      10 |     237 |      172 |     18 |   435 |    +0.7% | -862.693 |  -658753.9 | -1082732.0 |   2405 | u_mul.result\[25\]$_DFFE_PN0P_/D
    1496* |      10 |     235 |      171 |     18 |   435 |    +0.7% | -862.693 |  -658754.1 | -1082741.6 |   2405 | u_mul.result\[25\]$_DFFE_PN0P_/D
    1500* |      10 |     235 |      173 |     19 |   436 |    +0.7% | -862.693 |  -659660.8 | -1082900.2 |   2405 | u_mul.result\[25\]$_DFFE_PN0P_/D
    1500* |      10 |     235 |      173 |     19 |   436 |    +0.7% | -862.693 |  -659660.8 | -1082900.2 |   2405 | u_mul.result\[25\]$_DFFE_PN0P_/D
    1500* |      10 |     235 |      173 |     19 |   436 |    +0.7% | -862.693 |  -659660.8 | -1082900.2 |   2405 | u_mul.result\[25\]$_DFFE_PN0P_/D
    1500+ |      10 |     235 |      173 |     19 |   436 |    +0.7% | -862.693 |  -659660.8 | -1082900.2 |   2405 | u_mul.result\[25\]$_DFFE_PN0P_/D
    1501+ |      10 |     235 |      173 |     19 |   436 |    +0.7% | -862.693 |  -659660.8 | -1082900.2 |   2405 | u_mul.result\[25\]$_DFFE_PN0P_/D
    1502+ |      10 |     235 |      173 |     19 |   436 |    +0.7% | -862.693 |  -659660.8 | -1082900.2 |   2405 | u_mul.result\[25\]$_DFFE_PN0P_/D
    1505+ |      10 |     235 |      173 |     19 |   438 |    +0.7% | -862.693 |  -659692.1 | -1082901.4 |   2405 | u_mul.result\[25\]$_DFFE_PN0P_/D
    1506+ |      10 |     235 |      173 |     19 |   438 |    +0.7% | -862.693 |  -659692.1 | -1082901.4 |   2405 | u_mul.result\[25\]$_DFFE_PN0P_/D
    1510+ |      10 |     237 |      173 |     19 |   439 |    +0.7% | -862.693 |  -659683.7 | -1082894.5 |   2405 | u_mul.result\[25\]$_DFFE_PN0P_/D
    1511+ |      10 |     237 |      173 |     19 |   440 |    +0.7% | -862.693 |  -659681.2 | -1082894.2 |   2405 | u_mul.result\[25\]$_DFFE_PN0P_/D
    1512+ |      10 |     237 |      173 |     19 |   440 |    +0.7% | -862.693 |  -659681.2 | -1082894.2 |   2405 | u_mul.result\[25\]$_DFFE_PN0P_/D
    1513+ |      10 |     237 |      173 |     19 |   440 |    +0.7% | -862.693 |  -659681.2 | -1082894.2 |   2405 | u_mul.result\[25\]$_DFFE_PN0P_/D
    1514+ |      10 |     237 |      173 |     19 |   440 |    +0.7% | -862.693 |  -659681.2 | -1082894.2 |   2405 | u_mul.result\[25\]$_DFFE_PN0P_/D
    1520+ |      10 |     238 |      173 |     19 |   444 |    +0.7% | -862.693 |  -659682.1 | -1082885.8 |   2405 | u_mul.result\[25\]$_DFFE_PN0P_/D
    1522+ |      10 |     238 |      173 |     19 |   446 |    +0.7% | -862.693 |  -659682.1 | -1082886.5 |   2405 | u_mul.result\[25\]$_DFFE_PN0P_/D
    1523+ |      10 |     238 |      173 |     19 |   446 |    +0.7% | -862.693 |  -659682.1 | -1082886.5 |   2405 | u_mul.result\[25\]$_DFFE_PN0P_/D
    1524+ |      10 |     238 |      173 |     19 |   446 |    +0.7% | -862.693 |  -659682.1 | -1082886.5 |   2405 | u_mul.result\[25\]$_DFFE_PN0P_/D
    1525+ |      10 |     238 |      173 |     19 |   446 |    +0.7% | -862.693 |  -659682.1 | -1082886.5 |   2405 | u_mul.result\[25\]$_DFFE_PN0P_/D
    1526+ |      10 |     238 |      173 |     19 |   446 |    +0.7% | -862.693 |  -659682.1 | -1082886.5 |   2405 | u_mul.result\[25\]$_DFFE_PN0P_/D
    1527+ |      10 |     238 |      173 |     19 |   446 |    +0.7% | -862.693 |  -659682.1 | -1082886.5 |   2405 | u_mul.result\[25\]$_DFFE_PN0P_/D
    1529+ |      10 |     239 |      173 |     19 |   446 |    +0.7% | -862.693 |  -659682.1 | -1082886.4 |   2405 | u_mul.result\[25\]$_DFFE_PN0P_/D
    1530+ |      10 |     239 |      173 |     19 |   446 |    +0.7% | -862.693 |  -659682.1 | -1082886.4 |   2405 | u_mul.result\[25\]$_DFFE_PN0P_/D
    1530+ |      10 |     239 |      173 |     19 |   446 |    +0.7% | -862.693 |  -659682.1 | -1082886.4 |   2405 | u_mul.result\[25\]$_DFFE_PN0P_/D
    1531+ |      10 |     239 |      173 |     19 |   446 |    +0.7% | -862.693 |  -659682.1 | -1082886.4 |   2405 | u_mul.result\[25\]$_DFFE_PN0P_/D
    1532+ |      10 |     239 |      173 |     19 |   446 |    +0.7% | -862.693 |  -659682.1 | -1082886.4 |   2405 | u_mul.result\[25\]$_DFFE_PN0P_/D
    1533+ |      10 |     239 |      173 |     19 |   446 |    +0.7% | -862.693 |  -659682.1 | -1082886.4 |   2405 | u_mul.result\[25\]$_DFFE_PN0P_/D
    1534+ |      10 |     239 |      173 |     19 |   446 |    +0.7% | -862.693 |  -659682.1 | -1082886.4 |   2405 | u_mul.result\[25\]$_DFFE_PN0P_/D
    1535+ |      10 |     239 |      173 |     19 |   446 |    +0.7% | -862.693 |  -659682.1 | -1082886.4 |   2405 | u_mul.result\[25\]$_DFFE_PN0P_/D
    1536+ |      10 |     239 |      173 |     19 |   446 |    +0.7% | -862.693 |  -659682.1 | -1082886.4 |   2405 | u_mul.result\[25\]$_DFFE_PN0P_/D
    1537+ |      10 |     239 |      173 |     19 |   446 |    +0.7% | -862.693 |  -659682.1 | -1082886.4 |   2405 | u_mul.result\[25\]$_DFFE_PN0P_/D
    1538+ |      10 |     239 |      173 |     19 |   446 |    +0.7% | -862.693 |  -659682.1 | -1082886.4 |   2405 | u_mul.result\[25\]$_DFFE_PN0P_/D
    1540+ |      10 |     240 |      173 |     19 |   446 |    +0.7% | -862.693 |  -659682.1 | -1082887.4 |   2405 | u_mul.result\[25\]$_DFFE_PN0P_/D
    1546+ |      10 |     242 |      173 |     19 |   450 |    +0.7% | -862.693 |  -659682.1 | -1082882.9 |   2405 | u_mul.result\[25\]$_DFFE_PN0P_/D
    1548+ |      10 |     242 |      173 |     19 |   451 |    +0.7% | -862.693 |  -659682.1 | -1082883.4 |   2405 | u_mul.result\[25\]$_DFFE_PN0P_/D
    1550+ |      10 |     243 |      173 |     19 |   451 |    +0.7% | -862.693 |  -659682.1 | -1082883.4 |   2405 | u_mul.result\[25\]$_DFFE_PN0P_/D
    1550+ |      10 |     243 |      173 |     19 |   451 |    +0.7% | -862.693 |  -659682.1 | -1082883.4 |   2405 | u_mul.result\[25\]$_DFFE_PN0P_/D
    1553+ |      10 |     245 |      173 |     19 |   451 |    +0.7% | -862.693 |  -659272.7 | -1082824.4 |   2405 | u_mul.result\[25\]$_DFFE_PN0P_/D
    1554+ |      10 |     245 |      173 |     19 |   451 |    +0.7% | -862.693 |  -659272.7 | -1082824.4 |   2405 | u_mul.result\[25\]$_DFFE_PN0P_/D
    1555+ |      10 |     245 |      173 |     19 |   451 |    +0.7% | -862.693 |  -659272.7 | -1082824.4 |   2405 | u_mul.result\[25\]$_DFFE_PN0P_/D
    1556+ |      10 |     245 |      173 |     19 |   451 |    +0.7% | -862.693 |  -659272.7 | -1082824.4 |   2405 | u_mul.result\[25\]$_DFFE_PN0P_/D
    1557+ |      10 |     245 |      173 |     19 |   451 |    +0.7% | -862.693 |  -659272.7 | -1082824.4 |   2405 | u_mul.result\[25\]$_DFFE_PN0P_/D
    1558+ |      10 |     245 |      173 |     19 |   451 |    +0.7% | -862.693 |  -659272.7 | -1082824.4 |   2405 | u_mul.result\[25\]$_DFFE_PN0P_/D
    1559+ |      10 |     245 |      173 |     19 |   451 |    +0.7% | -862.693 |  -659272.7 | -1082824.4 |   2405 | u_mul.result\[25\]$_DFFE_PN0P_/D
    1560+ |      10 |     245 |      173 |     19 |   451 |    +0.7% | -862.693 |  -659272.7 | -1082824.4 |   2405 | u_mul.result\[25\]$_DFFE_PN0P_/D
    1562+ |      10 |     247 |      173 |     19 |   451 |    +0.7% | -862.693 |  -659272.7 | -1082819.0 |   2405 | u_mul.result\[25\]$_DFFE_PN0P_/D
    1563+ |      10 |     247 |      173 |     19 |   451 |    +0.7% | -862.693 |  -659272.7 | -1082819.0 |   2405 | u_mul.result\[25\]$_DFFE_PN0P_/D
    1564+ |      10 |     247 |      173 |     19 |   451 |    +0.7% | -862.693 |  -659272.7 | -1082818.9 |   2405 | u_mul.result\[25\]$_DFFE_PN0P_/D
    1566+ |      10 |     248 |      173 |     19 |   451 |    +0.7% | -862.693 |  -659332.4 | -1082815.6 |   2405 | u_mul.result\[25\]$_DFFE_PN0P_/D
    1568+ |      10 |     249 |      173 |     19 |   451 |    +0.7% | -862.693 |  -659332.4 | -1082813.5 |   2405 | u_mul.result\[25\]$_DFFE_PN0P_/D
    1570+ |      10 |     250 |      173 |     19 |   451 |    +0.7% | -862.693 |  -659333.5 | -1082804.8 |   2405 | u_mul.result\[25\]$_DFFE_PN0P_/D
    1573+ |      10 |     253 |      173 |     19 |   451 |    +0.7% | -862.693 |  -659433.3 | -1082711.6 |   2405 | u_mul.result\[25\]$_DFFE_PN0P_/D
    1574+ |      10 |     253 |      173 |     19 |   451 |    +0.7% | -862.693 |  -659433.3 | -1082711.6 |   2405 | u_mul.result\[25\]$_DFFE_PN0P_/D
    1575+ |      10 |     253 |      173 |     19 |   451 |    +0.7% | -862.693 |  -659433.3 | -1082711.6 |   2405 | u_mul.result\[25\]$_DFFE_PN0P_/D
    1576+ |      10 |     253 |      173 |     19 |   451 |    +0.7% | -862.693 |  -659433.3 | -1082711.6 |   2405 | u_mul.result\[25\]$_DFFE_PN0P_/D
    1577+ |      10 |     253 |      173 |     19 |   451 |    +0.7% | -862.693 |  -659433.3 | -1082711.6 |   2405 | u_mul.result\[25\]$_DFFE_PN0P_/D
    1578+ |      10 |     253 |      173 |     19 |   451 |    +0.7% | -862.693 |  -659433.3 | -1082711.6 |   2405 | u_mul.result\[25\]$_DFFE_PN0P_/D
    1579+ |      10 |     253 |      173 |     19 |   451 |    +0.7% | -862.693 |  -659433.3 | -1082711.6 |   2405 | u_mul.result\[25\]$_DFFE_PN0P_/D
    1580+ |      10 |     253 |      173 |     19 |   451 |    +0.7% | -862.693 |  -659433.3 | -1082711.6 |   2405 | u_mul.result\[25\]$_DFFE_PN0P_/D
    1582+ |      10 |     255 |      173 |     19 |   451 |    +0.7% | -862.693 |  -659433.2 | -1082537.2 |   2405 | u_mul.result\[25\]$_DFFE_PN0P_/D
    1583+ |      10 |     255 |      173 |     19 |   451 |    +0.7% | -862.693 |  -659433.2 | -1082537.2 |   2405 | u_mul.result\[25\]$_DFFE_PN0P_/D
    1584+ |      10 |     255 |      173 |     19 |   451 |    +0.7% | -862.693 |  -659433.2 | -1082537.2 |   2405 | u_mul.result\[25\]$_DFFE_PN0P_/D
    1585+ |      10 |     255 |      173 |     19 |   451 |    +0.7% | -862.693 |  -659433.2 | -1082537.2 |   2405 | u_mul.result\[25\]$_DFFE_PN0P_/D
    1586+ |      10 |     255 |      173 |     19 |   451 |    +0.7% | -862.693 |  -659433.2 | -1082537.2 |   2405 | u_mul.result\[25\]$_DFFE_PN0P_/D
    1590+ |      10 |     257 |      173 |     19 |   452 |    +0.7% | -862.693 |  -659435.2 | -1082512.5 |   2405 | u_mul.result\[25\]$_DFFE_PN0P_/D
    1590+ |      10 |     257 |      173 |     19 |   452 |    +0.7% | -862.693 |  -659435.2 | -1082512.5 |   2405 | u_mul.result\[25\]$_DFFE_PN0P_/D
    1591+ |      10 |     257 |      173 |     19 |   452 |    +0.7% | -862.693 |  -659435.2 | -1082512.5 |   2405 | u_mul.result\[25\]$_DFFE_PN0P_/D
    1594+ |      10 |     259 |      173 |     19 |   452 |    +0.7% | -862.693 |  -659435.2 | -1082504.5 |   2405 | u_mul.result\[25\]$_DFFE_PN0P_/D
    1595+ |      10 |     259 |      173 |     19 |   452 |    +0.7% | -862.693 |  -659435.2 | -1082504.5 |   2405 | u_mul.result\[25\]$_DFFE_PN0P_/D
    1596+ |      10 |     259 |      173 |     19 |   452 |    +0.7% | -862.693 |  -659435.2 | -1082504.5 |   2405 | u_mul.result\[25\]$_DFFE_PN0P_/D
    1597+ |      10 |     259 |      173 |     19 |   452 |    +0.7% | -862.693 |  -659435.2 | -1082504.5 |   2405 | u_mul.result\[25\]$_DFFE_PN0P_/D
    1598+ |      10 |     259 |      173 |     19 |   452 |    +0.7% | -862.693 |  -659435.2 | -1082504.5 |   2405 | u_mul.result\[25\]$_DFFE_PN0P_/D
    1599+ |      10 |     259 |      173 |     19 |   452 |    +0.7% | -862.693 |  -659435.2 | -1082504.5 |   2405 | u_mul.result\[25\]$_DFFE_PN0P_/D
    1600+ |      10 |     259 |      173 |     19 |   452 |    +0.7% | -862.693 |  -659435.2 | -1082504.5 |   2405 | u_mul.result\[25\]$_DFFE_PN0P_/D
    1601+ |      10 |     259 |      173 |     19 |   452 |    +0.7% | -862.693 |  -659435.2 | -1082504.5 |   2405 | u_mul.result\[25\]$_DFFE_PN0P_/D
    1604+ |      10 |     260 |      173 |     19 |   453 |    +0.7% | -862.693 |  -659435.2 | -1082503.6 |   2405 | u_mul.result\[25\]$_DFFE_PN0P_/D
    1605+ |      10 |     260 |      173 |     19 |   453 |    +0.7% | -862.693 |  -659435.2 | -1082503.6 |   2405 | u_mul.result\[25\]$_DFFE_PN0P_/D
    1606+ |      10 |     260 |      173 |     19 |   453 |    +0.7% | -862.693 |  -659435.2 | -1082503.6 |   2405 | u_mul.result\[25\]$_DFFE_PN0P_/D
    1608+ |      10 |     260 |      173 |     19 |   454 |    +0.7% | -862.693 |  -659435.2 | -1082503.0 |   2405 | u_mul.result\[25\]$_DFFE_PN0P_/D
    1610+ |      10 |     260 |      173 |     19 |   455 |    +0.7% | -862.693 |  -659435.2 | -1082502.4 |   2405 | u_mul.result\[25\]$_DFFE_PN0P_/D
    1610+ |      10 |     260 |      173 |     19 |   455 |    +0.7% | -862.693 |  -659435.2 | -1082502.4 |   2405 | u_mul.result\[25\]$_DFFE_PN0P_/D
    1611+ |      10 |     260 |      173 |     19 |   455 |    +0.7% | -862.693 |  -659435.2 | -1082502.4 |   2405 | u_mul.result\[25\]$_DFFE_PN0P_/D
    1612+ |      10 |     260 |      173 |     19 |   455 |    +0.7% | -862.693 |  -659435.2 | -1082502.4 |   2405 | u_mul.result\[25\]$_DFFE_PN0P_/D
    1615+ |      10 |     261 |      173 |     19 |   456 |    +0.7% | -862.693 |  -659435.2 | -1082492.8 |   2405 | u_mul.result\[25\]$_DFFE_PN0P_/D
    1616+ |      10 |     261 |      173 |     19 |   456 |    +0.7% | -862.693 |  -659435.2 | -1082492.8 |   2405 | u_mul.result\[25\]$_DFFE_PN0P_/D
    1617+ |      10 |     261 |      173 |     19 |   456 |    +0.7% | -862.693 |  -659435.2 | -1082492.8 |   2405 | u_mul.result\[25\]$_DFFE_PN0P_/D
    1619+ |      10 |     262 |      173 |     19 |   456 |    +0.7% | -862.693 |  -659433.1 | -1082482.1 |   2405 | u_mul.result\[25\]$_DFFE_PN0P_/D
    1620+ |      10 |     262 |      173 |     19 |   456 |    +0.7% | -862.693 |  -659433.1 | -1082482.1 |   2405 | u_mul.result\[25\]$_DFFE_PN0P_/D
    1620+ |      10 |     262 |      173 |     19 |   456 |    +0.7% | -862.693 |  -659433.1 | -1082482.1 |   2405 | u_mul.result\[25\]$_DFFE_PN0P_/D
    1621+ |      10 |     262 |      173 |     19 |   456 |    +0.7% | -862.693 |  -659433.1 | -1082482.1 |   2405 | u_mul.result\[25\]$_DFFE_PN0P_/D
    1623+ |      10 |     262 |      173 |     19 |   457 |    +0.7% | -862.693 |  -659433.1 | -1082482.1 |   2405 | u_mul.result\[25\]$_DFFE_PN0P_/D
    1624+ |      10 |     262 |      173 |     19 |   457 |    +0.7% | -862.693 |  -659433.1 | -1082482.1 |   2405 | u_mul.result\[25\]$_DFFE_PN0P_/D
    1625+ |      10 |     262 |      173 |     19 |   457 |    +0.7% | -862.693 |  -659433.1 | -1082482.1 |   2405 | u_mul.result\[25\]$_DFFE_PN0P_/D
    1626+ |      10 |     262 |      173 |     19 |   457 |    +0.7% | -862.693 |  -659433.1 | -1082482.1 |   2405 | u_mul.result\[25\]$_DFFE_PN0P_/D
    1627+ |      10 |     262 |      173 |     19 |   457 |    +0.7% | -862.693 |  -659433.1 | -1082482.1 |   2405 | u_mul.result\[25\]$_DFFE_PN0P_/D
    1628+ |      10 |     262 |      173 |     19 |   457 |    +0.7% | -862.693 |  -659433.1 | -1082482.1 |   2405 | u_mul.result\[25\]$_DFFE_PN0P_/D
    1629+ |      10 |     262 |      173 |     19 |   457 |    +0.7% | -862.693 |  -659433.1 | -1082482.1 |   2405 | u_mul.result\[25\]$_DFFE_PN0P_/D
    1630+ |      10 |     262 |      173 |     19 |   457 |    +0.7% | -862.693 |  -659433.1 | -1082482.1 |   2405 | u_mul.result\[25\]$_DFFE_PN0P_/D
    1630+ |      10 |     262 |      173 |     19 |   457 |    +0.7% | -862.693 |  -659433.1 | -1082482.1 |   2405 | u_mul.result\[25\]$_DFFE_PN0P_/D
    1631+ |      10 |     262 |      173 |     19 |   457 |    +0.7% | -862.693 |  -659433.1 | -1082482.1 |   2405 | u_mul.result\[25\]$_DFFE_PN0P_/D
    1635+ |      10 |     265 |      173 |     19 |   457 |    +0.7% | -862.693 |  -659500.9 | -1082400.6 |   2405 | u_mul.result\[25\]$_DFFE_PN0P_/D
    1636+ |      10 |     265 |      173 |     19 |   457 |    +0.7% | -862.693 |  -659500.9 | -1082400.6 |   2405 | u_mul.result\[25\]$_DFFE_PN0P_/D
    1638+ |      10 |     265 |      173 |     19 |   458 |    +0.7% | -862.693 |  -659500.9 | -1082400.8 |   2405 | u_mul.result\[25\]$_DFFE_PN0P_/D
    1639+ |      10 |     265 |      173 |     19 |   458 |    +0.7% | -862.693 |  -659500.9 | -1082400.8 |   2405 | u_mul.result\[25\]$_DFFE_PN0P_/D
    1640+ |      10 |     265 |      173 |     19 |   458 |    +0.7% | -862.693 |  -659500.9 | -1082400.8 |   2405 | u_mul.result\[25\]$_DFFE_PN0P_/D
    1640+ |      10 |     265 |      173 |     19 |   458 |    +0.7% | -862.693 |  -659500.9 | -1082400.8 |   2405 | u_mul.result\[25\]$_DFFE_PN0P_/D
    1642+ |      10 |     266 |      173 |     19 |   458 |    +0.7% | -862.693 |  -659500.9 | -1082399.5 |   2405 | u_mul.result\[25\]$_DFFE_PN0P_/D
    1643+ |      10 |     266 |      173 |     19 |   458 |    +0.7% | -862.693 |  -659500.9 | -1082399.5 |   2405 | u_mul.result\[25\]$_DFFE_PN0P_/D
    1644+ |      10 |     266 |      173 |     19 |   458 |    +0.7% | -862.693 |  -659500.9 | -1082399.5 |   2405 | u_mul.result\[25\]$_DFFE_PN0P_/D
    1645+ |      10 |     266 |      173 |     19 |   458 |    +0.7% | -862.693 |  -659500.9 | -1082399.5 |   2405 | u_mul.result\[25\]$_DFFE_PN0P_/D
    1646+ |      10 |     266 |      173 |     19 |   458 |    +0.7% | -862.693 |  -659500.9 | -1082399.5 |   2405 | u_mul.result\[25\]$_DFFE_PN0P_/D
    1647+ |      10 |     266 |      173 |     19 |   458 |    +0.7% | -862.693 |  -659500.9 | -1082399.5 |   2405 | u_mul.result\[25\]$_DFFE_PN0P_/D
    1648+ |      10 |     266 |      173 |     19 |   458 |    +0.7% | -862.693 |  -659500.9 | -1082399.5 |   2405 | u_mul.result\[25\]$_DFFE_PN0P_/D
    1650+ |      10 |     267 |      173 |     19 |   458 |    +0.7% | -862.693 |  -659500.9 | -1082400.2 |   2405 | u_mul.result\[25\]$_DFFE_PN0P_/D
    1650+ |      10 |     267 |      173 |     19 |   458 |    +0.7% | -862.693 |  -659500.9 | -1082400.2 |   2405 | u_mul.result\[25\]$_DFFE_PN0P_/D
    1652+ |      10 |     268 |      173 |     19 |   458 |    +0.7% | -862.693 |  -659500.9 | -1082399.1 |   2405 | u_mul.result\[25\]$_DFFE_PN0P_/D
    1653+ |      10 |     268 |      173 |     19 |   458 |    +0.7% | -862.693 |  -659500.9 | -1082399.1 |   2405 | u_mul.result\[25\]$_DFFE_PN0P_/D
    1654+ |      10 |     268 |      173 |     19 |   458 |    +0.7% | -862.693 |  -659500.9 | -1082399.1 |   2405 | u_mul.result\[25\]$_DFFE_PN0P_/D
    1655+ |      10 |     268 |      173 |     19 |   458 |    +0.7% | -862.693 |  -659500.9 | -1082399.1 |   2405 | u_mul.result\[25\]$_DFFE_PN0P_/D
    1656+ |      10 |     268 |      173 |     19 |   458 |    +0.7% | -862.693 |  -659500.9 | -1082399.1 |   2405 | u_mul.result\[25\]$_DFFE_PN0P_/D
    1658+ |      10 |     268 |      173 |     19 |   459 |    +0.7% | -862.693 |  -659500.9 | -1082398.9 |   2405 | u_mul.result\[25\]$_DFFE_PN0P_/D
    1660+ |      10 |     269 |      173 |     19 |   459 |    +0.7% | -862.693 |  -659500.9 | -1082399.2 |   2405 | u_mul.result\[25\]$_DFFE_PN0P_/D
    1661+ |      10 |     269 |      173 |     19 |   460 |    +0.7% | -862.693 |  -659500.9 | -1082399.0 |   2405 | u_mul.result\[25\]$_DFFE_PN0P_/D
    1662+ |      10 |     269 |      173 |     19 |   460 |    +0.7% | -862.693 |  -659500.9 | -1082399.0 |   2405 | u_mul.result\[25\]$_DFFE_PN0P_/D
    1664+ |      10 |     269 |      173 |     19 |   461 |    +0.7% | -862.693 |  -659500.9 | -1082399.2 |   2405 | u_mul.result\[25\]$_DFFE_PN0P_/D
    1665+ |      10 |     269 |      173 |     19 |   461 |    +0.7% | -862.693 |  -659500.9 | -1082399.2 |   2405 | u_mul.result\[25\]$_DFFE_PN0P_/D
    1667+ |      10 |     269 |      173 |     19 |   462 |    +0.7% | -862.693 |  -659500.9 | -1082400.1 |   2405 | u_mul.result\[25\]$_DFFE_PN0P_/D
    1668+ |      10 |     269 |      173 |     19 |   462 |    +0.7% | -862.693 |  -659500.9 | -1082400.1 |   2405 | u_mul.result\[25\]$_DFFE_PN0P_/D
    1670+ |      10 |     270 |      173 |     19 |   462 |    +0.7% | -862.693 |  -659435.9 | -1082399.4 |   2405 | u_mul.result\[25\]$_DFFE_PN0P_/D
    1673+ |      10 |     273 |      173 |     19 |   462 |    +0.7% | -862.693 |  -659443.1 | -1082344.0 |   2405 | u_mul.result\[25\]$_DFFE_PN0P_/D
    1674+ |      10 |     273 |      173 |     19 |   462 |    +0.7% | -862.693 |  -659443.1 | -1082344.0 |   2405 | u_mul.result\[25\]$_DFFE_PN0P_/D
    1675+ |      10 |     273 |      173 |     19 |   462 |    +0.7% | -862.693 |  -659443.1 | -1082344.0 |   2405 | u_mul.result\[25\]$_DFFE_PN0P_/D
    1677+ |      10 |     273 |      173 |     19 |   463 |    +0.7% | -862.693 |  -659443.1 | -1082344.0 |   2405 | u_mul.result\[25\]$_DFFE_PN0P_/D
    1679+ |      10 |     273 |      173 |     19 |   464 |    +0.7% | -862.693 |  -659443.1 | -1082343.8 |   2405 | u_mul.result\[25\]$_DFFE_PN0P_/D
    1680+ |      10 |     273 |      173 |     19 |   464 |    +0.7% | -862.693 |  -659443.1 | -1082343.8 |   2405 | u_mul.result\[25\]$_DFFE_PN0P_/D
    1683+ |      10 |     276 |      173 |     19 |   464 |    +0.7% | -862.693 |  -659443.1 | -1082341.5 |   2405 | u_mul.result\[25\]$_DFFE_PN0P_/D
    1684+ |      10 |     276 |      173 |     19 |   464 |    +0.7% | -862.693 |  -659443.1 | -1082341.5 |   2405 | u_mul.result\[25\]$_DFFE_PN0P_/D
    1688+ |      10 |     279 |      173 |     19 |   464 |    +0.7% | -862.693 |  -659439.0 | -1082252.1 |   2405 | u_mul.result\[25\]$_DFFE_PN0P_/D
    1689+ |      10 |     279 |      173 |     19 |   464 |    +0.7% | -862.693 |  -659439.0 | -1082252.1 |   2405 | u_mul.result\[25\]$_DFFE_PN0P_/D
    1690+ |      10 |     279 |      173 |     19 |   464 |    +0.7% | -862.693 |  -659439.0 | -1082252.1 |   2405 | u_mul.result\[25\]$_DFFE_PN0P_/D
    1690+ |      10 |     279 |      173 |     19 |   464 |    +0.7% | -862.693 |  -659439.0 | -1082252.1 |   2405 | u_mul.result\[25\]$_DFFE_PN0P_/D
    1691+ |      10 |     279 |      173 |     19 |   464 |    +0.7% | -862.693 |  -659439.0 | -1082252.1 |   2405 | u_mul.result\[25\]$_DFFE_PN0P_/D
    1693+ |      10 |     280 |      173 |     19 |   464 |    +0.7% | -862.693 |  -659439.0 | -1082251.1 |   2405 | u_mul.result\[25\]$_DFFE_PN0P_/D
    1694+ |      10 |     280 |      173 |     19 |   464 |    +0.7% | -862.693 |  -659439.0 | -1082251.1 |   2405 | u_mul.result\[25\]$_DFFE_PN0P_/D
    1695+ |      10 |     280 |      173 |     19 |   464 |    +0.7% | -862.693 |  -659439.0 | -1082251.1 |   2405 | u_mul.result\[25\]$_DFFE_PN0P_/D
    1696+ |      10 |     280 |      173 |     19 |   464 |    +0.7% | -862.693 |  -659439.0 | -1082251.1 |   2405 | u_mul.result\[25\]$_DFFE_PN0P_/D
    1697+ |      10 |     280 |      173 |     19 |   464 |    +0.7% | -862.693 |  -659439.0 | -1082251.1 |   2405 | u_mul.result\[25\]$_DFFE_PN0P_/D
    1698+ |      10 |     280 |      173 |     19 |   464 |    +0.7% | -862.693 |  -659439.0 | -1082251.1 |   2405 | u_mul.result\[25\]$_DFFE_PN0P_/D
    1700+ |      10 |     280 |      173 |     19 |   465 |    +0.7% | -862.693 |  -659439.0 | -1082252.1 |   2405 | u_mul.result\[25\]$_DFFE_PN0P_/D
    final |      10 |     280 |      173 |     19 |   465 |    +0.7% | -862.693 |  -659439.0 | -1082252.1 |   2405 | u_mul.result\[25\]$_DFFE_PN0P_/D
------------------------------------------------------------------------------------------------------------------------------
[INFO RSZ-0059] Removed 10 buffers.
[INFO RSZ-0045] Inserted 173 buffers, 3 to split loads.
[INFO RSZ-0051] Resized 280 instances: 280 up, 0 up match, 0 down, 0 VT
[INFO RSZ-0043] Swapped pins on 465 instances.
[INFO RSZ-0049] Cloned 19 instances.
[WARNING RSZ-0062] Unable to repair all setup violations.
[INFO RSZ-0046] Found 111 endpoints with hold violations.
Iteration | Resized | Buffers | Cloned Gates |   Area   |   WNS   |   TNS   | Endpoint
--------------------------------------------------------------------------------------
        0 |       0 |       0 |            0 |    +0.0% | -88.381 | -5451.073 | mem_rdata0[11]$_DFFE_PN0P_/D
       10 |       0 |       0 |            0 |    +0.0% | -88.381 | -5451.073 | mem_rdata0[11]$_DFFE_PN0P_/D
       20 |       0 |       0 |            0 |    +0.0% | -88.381 | -5451.073 | mem_rdata0[11]$_DFFE_PN0P_/D
       30 |       0 |       0 |            0 |    +0.0% | -88.381 | -5451.073 | mem_rdata0[11]$_DFFE_PN0P_/D
       40 |       0 |       0 |            0 |    +0.0% | -88.381 | -5451.073 | mem_rdata0[11]$_DFFE_PN0P_/D
       50 |       0 |       0 |            0 |    +0.0% | -88.381 | -5451.073 | mem_rdata0[11]$_DFFE_PN0P_/D
       60 |       0 |       0 |            0 |    +0.0% | -88.381 | -5451.073 | mem_rdata0[11]$_DFFE_PN0P_/D
       70 |       0 |       0 |            0 |    +0.0% | -88.381 | -5451.073 | mem_rdata0[11]$_DFFE_PN0P_/D
       80 |       0 |       0 |            0 |    +0.0% | -88.381 | -5451.073 | mem_rdata0[11]$_DFFE_PN0P_/D
       90 |       0 |       0 |            0 |    +0.0% | -88.381 | -5451.073 | mem_rdata0[11]$_DFFE_PN0P_/D
      100 |       0 |       0 |            0 |    +0.0% | -88.381 | -5451.073 | mem_rdata0[11]$_DFFE_PN0P_/D
      110 |       0 |       0 |            0 |    +0.0% | -88.381 | -5451.073 | mem_rdata0[11]$_DFFE_PN0P_/D
    final |       0 |       0 |            0 |    +0.0% | -88.381 | -5451.073 | mem_rdata0[11]$_DFFE_PN0P_/D
--------------------------------------------------------------------------------------
[WARNING RSZ-0066] Unable to repair all hold violations.
Took 394 seconds: repair_timing -setup_margin 0 -hold_margin 0 -repair_tns 100 -verbose
global_route -start_incremental
detailed_placement
[INFO DPL-0006] Core area: 7521.05 um^2, Instances area: 4145.91 um^2, Utilization: 55.1%
[INFO DPL-0005] Diamond search max displacement: +/- 500 sites horizontally, +/- 100 rows vertically.
[INFO DPL-1101] Legalizing using diamond search.
Movements Summary
---------------------------------------
Total cells:                   36483
Diamond Move Success:          36483 (100.00%)
Diamond Move Failure:              0
Rip-up and replace Success:        0 (  0.00% of diamond failures)
Rip-up and replace Failure:        0
Total Placement Failures:          0
---------------------------------------
Placement Analysis
---------------------------------
total displacement        227.3 u
average displacement        0.0 u
max displacement            1.1 u
original HPWL          108708.9 u
legalized HPWL         108875.9 u
delta HPWL                    0 %

check_placement -verbose
global_route -end_incremental -resistance_aware -congestion_report_file ./reports/asap7/rv32imc_top/base/congestion_post_repair_timing.rpt
Took 40 seconds: global_route -end_incremental -resistance_aware -congestion_report_file ./reports/asap7/rv32imc_top/base/congestion_post_repair_timing.rpt
estimate_parasitics -global_routing
repair_timing -setup -sequence "vt_swap reroute" -skip_last_gasp -repair_tns 0 -verbose
[INFO RSZ-0100] Repair move sequence: RerouteMove 
[INFO RSZ-0094] Found 2405 endpoints with setup violations.
[INFO RSZ-0099] Repairing 1 out of 2405 (0.00%) violating endpoints...
   Iter   | Removed | Resized | Inserted | Cloned |  Pin  |   Area   |    WNS   |   StTNS    |   EnTNS    |  Viol  |  Worst  
          | Buffers |  Gates  | Buffers  |  Gates | Swaps |          |          |            |            | Endpts | St/EnPt 
------------------------------------------------------------------------------------------------------------------------------
       0* |       0 |       0 |        0 |      0 |     0 |    +0.0% | -865.334 |  -659537.4 | -1082702.2 |   2405 | u_mul.result\[26\]$_DFFE_PN0P_/D
       1* |       0 |       0 |        0 |      0 |     0 |    +0.0% | -865.334 |  -659537.4 | -1082702.2 |   2405 | u_mul.result\[26\]$_DFFE_PN0P_/D
       1* |       0 |       0 |        0 |      0 |     0 |    +0.0% | -865.334 |  -659537.4 | -1082702.2 |   2405 | u_mul.result\[26\]$_DFFE_PN0P_/D
    final |       0 |       0 |        0 |      0 |     0 |    +0.0% | -865.334 |  -659537.4 | -1082702.2 |   2405 | u_mul.result\[26\]$_DFFE_PN0P_/D
------------------------------------------------------------------------------------------------------------------------------
[WARNING RSZ-0062] Unable to repair all setup violations.
Took 10 seconds: repair_timing -setup -sequence "vt_swap reroute" -skip_last_gasp -repair_tns 0 -verbose
Repair antennas...
[WARNING GRT-0246] No diode with LEF class CORE ANTENNACELL found.
[INFO ANT-0002] Found 0 net violations.
[INFO ANT-0001] Found 0 pin violations.
Estimate parasitics...
estimate_parasitics -global_routing
Report metrics stage 5, global route...

==========================================================================
global route report_design_area
--------------------------------------------------------------------------
Design area 4146 um^2 55% utilization.
[INFO FLW-0007] clock core_clk period 0.667000
[INFO FLW-0008] Clock core_clk period 822.701
[INFO FLW-0009] Clock core_clk slack -865.334
write_sdc -no_timestamp ./results/asap7/rv32imc_top/base/updated_clks.sdc
[INFO FLW-0011] Path endpoint path count 3303
write_db ./results/asap7/rv32imc_top/base/5_1_grt.odb
write_sdc -no_timestamp ./results/asap7/rv32imc_top/base/5_1_grt.sdc
Elapsed time: 23:05.09[h:]min:sec. CPU time: user 1202.59 sys 11.12 (87%). Peak memory: 908096KB.
Log                       Ext     Elapsed/s Peak Memory/MB sha1sum result [0:20)
5_1_grt                   .odb         1385            886 792f0ef1f7aeecf15f56
5_1_grt                   .sdc                             c3e6aa3fac9efdffd659
/home/hatch/workspace/rv32imc-cpu/tools/orfs/flow/scripts/flow.sh 5_2_route detail_route
Running detail_route.tcl, stage 5_2_route
source /home/hatch/workspace/rv32imc-cpu/tools/orfs/flow/platforms/asap7/liberty_suppressions.tcl
read_liberty /home/hatch/workspace/rv32imc-cpu/tools/orfs/flow/platforms/asap7/lib/NLDM/asap7sc7p5t_AO_RVT_FF_nldm_211120.lib.gz
read_liberty /home/hatch/workspace/rv32imc-cpu/tools/orfs/flow/platforms/asap7/lib/NLDM/asap7sc7p5t_INVBUF_RVT_FF_nldm_220122.lib.gz
read_liberty /home/hatch/workspace/rv32imc-cpu/tools/orfs/flow/platforms/asap7/lib/NLDM/asap7sc7p5t_OA_RVT_FF_nldm_211120.lib.gz
read_liberty /home/hatch/workspace/rv32imc-cpu/tools/orfs/flow/platforms/asap7/lib/NLDM/asap7sc7p5t_SIMPLE_RVT_FF_nldm_211120.lib.gz
read_liberty /home/hatch/workspace/rv32imc-cpu/tools/orfs/flow/platforms/asap7/lib/NLDM/asap7sc7p5t_SEQ_RVT_FF_nldm_220123.lib
read_db ./results/asap7/rv32imc_top/base/5_1_grt.odb
read_sdc ./results/asap7/rv32imc_top/base/5_1_grt.sdc
source /home/hatch/workspace/rv32imc-cpu/tools/orfs/flow/platforms/asap7/setRC.tcl
detailed_route -output_drc ./reports/asap7/rv32imc_top/base/5_route_drc.rpt -output_maze ./results/asap7/rv32imc_top/base/maze.log -droute_end_iter 64 -verbose 1 -drc_report_iter_step 5
[INFO DRT-0149] Reading tech and libs.

Units:                1000
Number of layers:     21
Number of macros:     212
Number of vias:       14
Number of viarulegen: 11

[INFO DRT-0150] Reading design.
[WARNING DRT-0120] Large net net14368 has 107 pins which may impact routing performance. Consider optimization.

Design:                   rv32imc_top
Die area:                 ( 0 0 ) ( 90870 90870 )
Number of track patterns: 32
Number of DEF vias:       0
Number of components:     37609
Number of terminals:      234
Number of snets:          2
Number of nets:           39550

[INFO DRT-0167] List of default vias:
  Layer V2
    default via: VIA23
  Layer V3
    default via: VIA34
  Layer V4
    default via: VIA45
  Layer V5
    default via: VIA56
  Layer V6
    default via: VIA67
  Layer V7
    default via: VIA78
  Layer V8
    default via: VIA89
  Layer V9
    default via: VIA9Pad
[INFO DRT-0162] Library cell analysis.
[INFO DRT-0163] Instance analysis.
[INFO DRT-0164] Number of unique instances = 245.
[INFO DRT-0168] Init region query.
[INFO DRT-0024]   Complete Active.
[INFO DRT-0024]   Complete V0.
[INFO DRT-0024]   Complete M1.
[INFO DRT-0024]   Complete V1.
[INFO DRT-0024]   Complete M2.
[INFO DRT-0024]   Complete V2.
[INFO DRT-0024]   Complete M3.
[INFO DRT-0024]   Complete V3.
[INFO DRT-0024]   Complete M4.
[INFO DRT-0024]   Complete V4.
[INFO DRT-0024]   Complete M5.
[INFO DRT-0024]   Complete V5.
[INFO DRT-0024]   Complete M6.
[INFO DRT-0024]   Complete V6.
[INFO DRT-0024]   Complete M7.
[INFO DRT-0024]   Complete V7.
[INFO DRT-0024]   Complete M8.
[INFO DRT-0024]   Complete V8.
[INFO DRT-0024]   Complete M9.
[INFO DRT-0024]   Complete V9.
[INFO DRT-0024]   Complete Pad.
[INFO DRT-0033] Active shape region query size = 0.
[INFO DRT-0033] V0 shape region query size = 0.
[INFO DRT-0033] M1 shape region query size = 596112.
[INFO DRT-0033] V1 shape region query size = 830356.
[INFO DRT-0033] M2 shape region query size = 25588.
[INFO DRT-0033] V2 shape region query size = 15939.
[INFO DRT-0033] M3 shape region query size = 15939.
[INFO DRT-0033] V3 shape region query size = 10626.
[INFO DRT-0033] M4 shape region query size = 10740.
[INFO DRT-0033] V4 shape region query size = 10626.
[INFO DRT-0033] M5 shape region query size = 5992.
[INFO DRT-0033] V5 shape region query size = 1056.
[INFO DRT-0033] M6 shape region query size = 592.
[INFO DRT-0033] V6 shape region query size = 0.
[INFO DRT-0033] M7 shape region query size = 0.
[INFO DRT-0033] V7 shape region query size = 0.
[INFO DRT-0033] M8 shape region query size = 0.
[INFO DRT-0033] V8 shape region query size = 0.
[INFO DRT-0033] M9 shape region query size = 0.
[INFO DRT-0033] V9 shape region query size = 0.
[INFO DRT-0033] Pad shape region query size = 0.
[INFO DRT-0165] Start pin access.
[INFO DRT-0076]   Complete 1000 pins.
[INFO DRT-0078]   Complete 1341 pins.
[INFO DRT-0079]   Complete 100 unique inst patterns.
[INFO DRT-0079]   Complete 200 unique inst patterns.
[INFO DRT-0081]   Complete 245 unique inst patterns.
