make: Entering directory '/home/hatch/workspace/rv32imc-cpu/tools/orfs/flow'
mkdir -p ./results/asap7/rv32imc_top/p930/
echo 930 > ./results/asap7/rv32imc_top/p930/clock_period.txt
/home/hatch/workspace/rv32imc-cpu/tools/orfs/flow/scripts/synth.sh /home/hatch/workspace/rv32imc-cpu/tools/orfs/flow/scripts/synth_canonicalize.tcl ./logs/asap7/rv32imc_top/p930/1_1_yosys_canonicalize.log
Using ABC area script.
Extracting clock period from SDC file: ./results/asap7/rv32imc_top/p930/clock_period.txt
Setting clock period to 930
1. Executing Liberty frontend: /home/hatch/workspace/rv32imc-cpu/tools/orfs/flow/platforms/asap7/lib/NLDM/asap7sc7p5t_AO_RVT_FF_nldm_211120.lib.gz
2. Executing Liberty frontend: /home/hatch/workspace/rv32imc-cpu/tools/orfs/flow/platforms/asap7/lib/NLDM/asap7sc7p5t_INVBUF_RVT_FF_nldm_220122.lib.gz
3. Executing Liberty frontend: /home/hatch/workspace/rv32imc-cpu/tools/orfs/flow/platforms/asap7/lib/NLDM/asap7sc7p5t_OA_RVT_FF_nldm_211120.lib.gz
4. Executing Liberty frontend: /home/hatch/workspace/rv32imc-cpu/tools/orfs/flow/platforms/asap7/lib/NLDM/asap7sc7p5t_SIMPLE_RVT_FF_nldm_211120.lib.gz
5. Executing Liberty frontend: /home/hatch/workspace/rv32imc-cpu/tools/orfs/flow/platforms/asap7/lib/NLDM/asap7sc7p5t_SEQ_RVT_FF_nldm_220123.lib
6. Executing Liberty frontend: /home/hatch/workspace/rv32imc-cpu/tools/orfs/flow/platforms/asap7/lib/NLDM/asap7sc7p5t_AO_RVT_FF_nldm_211120.lib.gz
7. Executing Liberty frontend: /home/hatch/workspace/rv32imc-cpu/tools/orfs/flow/platforms/asap7/lib/NLDM/asap7sc7p5t_INVBUF_RVT_FF_nldm_220122.lib.gz
8. Executing Liberty frontend: /home/hatch/workspace/rv32imc-cpu/tools/orfs/flow/platforms/asap7/lib/NLDM/asap7sc7p5t_OA_RVT_FF_nldm_211120.lib.gz
9. Executing Liberty frontend: /home/hatch/workspace/rv32imc-cpu/tools/orfs/flow/platforms/asap7/lib/NLDM/asap7sc7p5t_SIMPLE_RVT_FF_nldm_211120.lib.gz
10. Executing Liberty frontend: /home/hatch/workspace/rv32imc-cpu/tools/orfs/flow/platforms/asap7/lib/NLDM/asap7sc7p5t_SEQ_RVT_FF_nldm_220123.lib
11. Executing Verilog-2005 frontend: /home/hatch/workspace/rv32imc-cpu/rtl/alu.v
12. Executing Verilog-2005 frontend: /home/hatch/workspace/rv32imc-cpu/rtl/compressed_decoder.v
13. Executing Verilog-2005 frontend: /home/hatch/workspace/rv32imc-cpu/rtl/csr.v
14. Executing Verilog-2005 frontend: /home/hatch/workspace/rv32imc-cpu/rtl/mul_div.v
15. Executing Verilog-2005 frontend: /home/hatch/workspace/rv32imc-cpu/rtl/regfile.v
16. Executing Verilog-2005 frontend: /home/hatch/workspace/rv32imc-cpu/rtl/rv32imc_top.v
17. Executing Verilog-2005 frontend: /home/hatch/workspace/rv32imc-cpu/rtl/tb_extended.v
18. Executing Verilog-2005 frontend: /home/hatch/workspace/rv32imc-cpu/rtl/tb_smoke.v
19. Executing Verilog-2005 frontend: /home/hatch/workspace/rv32imc-cpu/tools/orfs/flow/platforms/asap7/yoSys/cells_clkgate_R.v
20. Executing HIERARCHY pass (managing design hierarchy).
21. Executing AST frontend in derive mode using pre-parsed AST for module `\rv32imc_top'.
21.1. Analyzing design hierarchy..
21.2. Executing AST frontend in derive mode using pre-parsed AST for module `\csr'.
21.3. Executing AST frontend in derive mode using pre-parsed AST for module `\divider'.
21.4. Executing AST frontend in derive mode using pre-parsed AST for module `\multiplier'.
21.5. Executing AST frontend in derive mode using pre-parsed AST for module `\alu'.
21.6. Executing AST frontend in derive mode using pre-parsed AST for module `\regfile'.
21.7. Executing AST frontend in derive mode using pre-parsed AST for module `\compressed_decoder'.
21.8. Analyzing design hierarchy..
21.9. Analyzing design hierarchy..
22. Executing OPT_CLEAN pass (remove unused cells and wires).
Warning: Ignoring module multiplier because it contains processes (run 'proc' command first).
Warning: Ignoring module divider because it contains processes (run 'proc' command first).
Warning: Ignoring module csr because it contains processes (run 'proc' command first).
Warning: Ignoring module rv32imc_top because it contains processes (run 'proc' command first).
Warning: Ignoring module compressed_decoder because it contains processes (run 'proc' command first).
Warning: Ignoring module regfile because it contains processes (run 'proc' command first).
Warning: Ignoring module alu because it contains processes (run 'proc' command first).
23. Executing RTLIL backend.
Warnings: 7 unique messages, 7 total
End of script. Logfile hash: be3aa3433f, time: 0.82s, user: 0.78s, system: 0.02s, MEM: 27.31 MB peak
Yosys 0.69+75 (git sha1 f0b945f63-dirty, Release, Clang /usr/bin/clang++ 21.1.8)
Time spent: 90% 12x read_liberty (0 sec), 5% 1x hierarchy (0 sec), ...
Elapsed time: 0:00.84[h:]min:sec. CPU time: user 0.81 sys 0.03 (99%). Peak memory: 29832KB.
Log                       Ext     Elapsed/s Peak Memory/MB sha1sum result [0:20)
1_1_yosys_canonicalize    .rtlil          0             29 df53b69f4322b325e2c3
/home/hatch/workspace/rv32imc-cpu/tools/orfs/flow/scripts/synth.sh /home/hatch/workspace/rv32imc-cpu/tools/orfs/flow/scripts/synth.tcl ./logs/asap7/rv32imc_top/p930/1_2_yosys.log
Using ABC area script.
Extracting clock period from SDC file: ./results/asap7/rv32imc_top/p930/clock_period.txt
Setting clock period to 930
1. Executing RTLIL frontend.
2. Executing HIERARCHY pass (managing design hierarchy).
2.1. Analyzing design hierarchy..
2.2. Analyzing design hierarchy..
3. Executing SYNTH pass.
3.1. Executing HIERARCHY pass (managing design hierarchy).
3.1.1. Analyzing design hierarchy..
3.1.2. Analyzing design hierarchy..
3.2. Executing PROC pass (convert processes to netlists).
3.2.1. Executing PROC_CLEAN pass (remove empty switches from decision trees).
3.2.2. Executing PROC_RMDEAD pass (remove dead branches from decision trees).
3.2.3. Executing PROC_PRUNE pass (remove redundant assignments in processes).
3.2.4. Executing PROC_INIT pass (extract init attributes).
3.2.5. Executing PROC_ARST pass (detect async resets in processes).
3.2.6. Executing PROC_ROM pass (convert switches to ROMs).
3.2.7. Executing PROC_MUX pass (convert decision trees to multiplexers).
3.2.8. Executing PROC_DLATCH pass (convert process syncs to latches).
3.2.9. Executing PROC_DFF pass (convert process syncs to FFs).
3.2.10. Executing PROC_MEMWR pass (convert process memory writes to cells).
3.2.11. Executing PROC_CLEAN pass (remove empty switches from decision trees).
3.2.12. Executing OPT_EXPR pass (perform const folding).
3.3. Executing CHECK pass (checking for obvious problems).
3.4. Executing FLATTEN pass (flatten design).
3.5. Executing OPT_EXPR pass (perform const folding).
3.6. Executing CHECK pass (checking for obvious problems).
3.7. Executing OPT_CLEAN pass (remove unused cells and wires).
3.8. Executing OPT pass (performing simple optimizations).
3.8.1. Executing OPT_EXPR pass (perform const folding).
3.8.2. Executing OPT_MERGE pass (detect identical cells).
3.8.3. Executing OPT_MUXTREE pass (detect dead branches in mux trees).
3.8.4. Executing OPT_REDUCE pass (consolidate $*mux and $reduce_* inputs).
3.8.5. Executing OPT_MERGE pass (detect identical cells).
3.8.6. Executing OPT_DFF pass (perform DFF optimizations).
3.8.7. Executing OPT_CLEAN pass (remove unused cells and wires).
3.8.8. Executing OPT_EXPR pass (perform const folding).
3.8.9. Rerunning OPT passes. (Maybe there is more to do..)
3.8.10. Executing OPT_MUXTREE pass (detect dead branches in mux trees).
3.8.11. Executing OPT_REDUCE pass (consolidate $*mux and $reduce_* inputs).
3.8.12. Executing OPT_MERGE pass (detect identical cells).
3.8.13. Executing OPT_DFF pass (perform DFF optimizations).
3.8.14. Executing OPT_CLEAN pass (remove unused cells and wires).
3.8.15. Executing OPT_EXPR pass (perform const folding).
3.8.16. Rerunning OPT passes. (Maybe there is more to do..)
3.8.17. Executing OPT_MUXTREE pass (detect dead branches in mux trees).
3.8.18. Executing OPT_REDUCE pass (consolidate $*mux and $reduce_* inputs).
3.8.19. Executing OPT_MERGE pass (detect identical cells).
3.8.20. Executing OPT_DFF pass (perform DFF optimizations).
3.8.21. Executing OPT_CLEAN pass (remove unused cells and wires).
3.8.22. Executing OPT_EXPR pass (perform const folding).
3.8.23. Finished fast OPT passes. (There is nothing left to do.)
3.9. Executing FSM pass (extract and optimize FSM).
3.9.1. Executing FSM_DETECT pass (finding FSMs in design).
3.9.2. Executing FSM_EXTRACT pass (extracting FSM from design).
3.9.3. Executing FSM_OPT pass (simple optimizations of FSMs).
3.9.4. Executing OPT_CLEAN pass (remove unused cells and wires).
3.9.5. Executing FSM_OPT pass (simple optimizations of FSMs).
3.9.6. Executing FSM_RECODE pass (re-assigning FSM state encoding).
3.9.7. Executing FSM_INFO pass (dumping all available information on FSM cells).
3.9.8. Executing FSM_MAP pass (mapping FSMs to basic logic).
3.10. Executing OPT pass (performing simple optimizations).
3.10.1. Executing OPT_EXPR pass (perform const folding).
3.10.2. Executing OPT_MERGE pass (detect identical cells).
3.10.3. Executing OPT_MUXTREE pass (detect dead branches in mux trees).
3.10.4. Executing OPT_REDUCE pass (consolidate $*mux and $reduce_* inputs).
3.10.5. Executing OPT_MERGE pass (detect identical cells).
3.10.6. Executing OPT_DFF pass (perform DFF optimizations).
3.10.7. Executing OPT_CLEAN pass (remove unused cells and wires).
3.10.8. Executing OPT_EXPR pass (perform const folding).
3.10.9. Rerunning OPT passes. (Maybe there is more to do..)
3.10.10. Executing OPT_MUXTREE pass (detect dead branches in mux trees).
3.10.11. Executing OPT_REDUCE pass (consolidate $*mux and $reduce_* inputs).
3.10.12. Executing OPT_MERGE pass (detect identical cells).
3.10.13. Executing OPT_DFF pass (perform DFF optimizations).
3.10.14. Executing OPT_CLEAN pass (remove unused cells and wires).
3.10.15. Executing OPT_EXPR pass (perform const folding).
3.10.16. Rerunning OPT passes. (Maybe there is more to do..)
3.10.17. Executing OPT_MUXTREE pass (detect dead branches in mux trees).
3.10.18. Executing OPT_REDUCE pass (consolidate $*mux and $reduce_* inputs).
3.10.19. Executing OPT_MERGE pass (detect identical cells).
3.10.20. Executing OPT_DFF pass (perform DFF optimizations).
3.10.21. Executing OPT_CLEAN pass (remove unused cells and wires).
3.10.22. Executing OPT_EXPR pass (perform const folding).
3.10.23. Finished fast OPT passes. (There is nothing left to do.)
3.11. Executing WREDUCE pass (reducing word size of cells).
3.12. Executing PEEPOPT pass (run peephole optimizers).
3.13. Executing OPT_CLEAN pass (remove unused cells and wires).
3.14. Executing ALUMACC pass (create $alu and $macc cells).
3.15. Executing SHARE pass (SAT-based resource sharing).
3.16. Executing OPT pass (performing simple optimizations).
3.16.1. Executing OPT_EXPR pass (perform const folding).
3.16.2. Executing OPT_MERGE pass (detect identical cells).
3.16.3. Executing OPT_MUXTREE pass (detect dead branches in mux trees).
3.16.4. Executing OPT_REDUCE pass (consolidate $*mux and $reduce_* inputs).
3.16.5. Executing OPT_MERGE pass (detect identical cells).
3.16.6. Executing OPT_DFF pass (perform DFF optimizations).
3.16.7. Executing OPT_CLEAN pass (remove unused cells and wires).
3.16.8. Executing OPT_EXPR pass (perform const folding).
3.16.9. Rerunning OPT passes. (Maybe there is more to do..)
3.16.10. Executing OPT_MUXTREE pass (detect dead branches in mux trees).
3.16.11. Executing OPT_REDUCE pass (consolidate $*mux and $reduce_* inputs).
3.16.12. Executing OPT_MERGE pass (detect identical cells).
3.16.13. Executing OPT_DFF pass (perform DFF optimizations).
3.16.14. Executing OPT_CLEAN pass (remove unused cells and wires).
3.16.15. Executing OPT_EXPR pass (perform const folding).
3.16.16. Finished fast OPT passes. (There is nothing left to do.)
3.17. Executing MEMORY pass.
3.17.1. Executing OPT_MEM pass (optimize memories).
3.17.2. Executing OPT_MEM_PRIORITY pass (removing unnecessary memory write priority relations).
3.17.3. Executing OPT_MEM_FEEDBACK pass (finding memory read-to-write feedback paths).
3.17.4. Executing MEMORY_BMUX2ROM pass (converting muxes to ROMs).
3.17.5. Executing MEMORY_DFF pass (merging $dff cells to $memrd).
3.17.6. Executing OPT_CLEAN pass (remove unused cells and wires).
3.17.7. Executing MEMORY_SHARE pass (consolidating $memrd/$memwr cells).
3.17.8. Executing OPT_MEM_WIDEN pass (optimize memories where all ports are wide).
3.17.9. Executing OPT_CLEAN pass (remove unused cells and wires).
3.17.10. Executing MEMORY_COLLECT pass (generating $mem cells).
3.18. Executing OPT_CLEAN pass (remove unused cells and wires).
4. Executing SYNTH pass.
4.1. Executing OPT pass (performing simple optimizations).
4.1.1. Executing OPT_EXPR pass (perform const folding).
4.1.2. Executing OPT_MERGE pass (detect identical cells).
4.1.3. Executing OPT_DFF pass (perform DFF optimizations).
4.1.4. Executing OPT_CLEAN pass (remove unused cells and wires).
4.1.5. Rerunning OPT passes. (Removed registers in this run.)
4.1.6. Executing OPT_EXPR pass (perform const folding).
4.1.7. Executing OPT_MERGE pass (detect identical cells).
4.1.8. Executing OPT_DFF pass (perform DFF optimizations).
4.1.9. Executing OPT_CLEAN pass (remove unused cells and wires).
4.1.10. Finished fast OPT passes.
4.2. Executing MEMORY_MAP pass (converting memories to logic and flip-flops).
4.3. Executing OPT pass (performing simple optimizations).
4.3.1. Executing OPT_EXPR pass (perform const folding).
4.3.2. Executing OPT_MERGE pass (detect identical cells).
4.3.3. Executing OPT_MUXTREE pass (detect dead branches in mux trees).
4.3.4. Executing OPT_REDUCE pass (consolidate $*mux and $reduce_* inputs).
4.3.5. Executing OPT_MERGE pass (detect identical cells).
4.3.6. Executing OPT_SHARE pass.
4.3.7. Executing OPT_DFF pass (perform DFF optimizations).
4.3.8. Executing OPT_CLEAN pass (remove unused cells and wires).
4.3.9. Executing OPT_EXPR pass (perform const folding).
4.3.10. Rerunning OPT passes. (Maybe there is more to do..)
4.3.11. Executing OPT_MUXTREE pass (detect dead branches in mux trees).
4.3.12. Executing OPT_REDUCE pass (consolidate $*mux and $reduce_* inputs).
4.3.13. Executing OPT_MERGE pass (detect identical cells).
4.3.14. Executing OPT_SHARE pass.
4.3.15. Executing OPT_DFF pass (perform DFF optimizations).
4.3.16. Executing OPT_CLEAN pass (remove unused cells and wires).
4.3.17. Executing OPT_EXPR pass (perform const folding).
4.3.18. Rerunning OPT passes. (Maybe there is more to do..)
4.3.19. Executing OPT_MUXTREE pass (detect dead branches in mux trees).
4.3.20. Executing OPT_REDUCE pass (consolidate $*mux and $reduce_* inputs).
4.3.21. Executing OPT_MERGE pass (detect identical cells).
4.3.22. Executing OPT_SHARE pass.
4.3.23. Executing OPT_DFF pass (perform DFF optimizations).
4.3.24. Executing OPT_CLEAN pass (remove unused cells and wires).
4.3.25. Executing OPT_EXPR pass (perform const folding).
4.3.26. Rerunning OPT passes. (Maybe there is more to do..)
4.3.27. Executing OPT_MUXTREE pass (detect dead branches in mux trees).
4.3.28. Executing OPT_REDUCE pass (consolidate $*mux and $reduce_* inputs).
4.3.29. Executing OPT_MERGE pass (detect identical cells).
4.3.30. Executing OPT_SHARE pass.
4.3.31. Executing OPT_DFF pass (perform DFF optimizations).
4.3.32. Executing OPT_CLEAN pass (remove unused cells and wires).
4.3.33. Executing OPT_EXPR pass (perform const folding).
4.3.34. Finished fast OPT passes. (There is nothing left to do.)
4.4. Executing TECHMAP pass (map to technology primitives).
4.4.1. Executing Verilog-2005 frontend: /home/hatch/workspace/rv32imc-cpu/tools/oss-cad-suite/lib/../share/yosys/techmap.v
4.4.2. Executing Verilog-2005 frontend: /home/hatch/workspace/rv32imc-cpu/tools/orfs/flow/platforms/common/lcu_kogge_stone.v
4.4.3. Continuing TECHMAP pass.
4.4.61. Executing OPT_MUXTREE pass (detect dead branches in mux trees).
4.4.62. Executing OPT_EXPR pass (perform const folding).
4.5. Executing OPT pass (performing simple optimizations).
4.5.1. Executing OPT_EXPR pass (perform const folding).
4.5.2. Executing OPT_MERGE pass (detect identical cells).
4.5.3. Executing OPT_DFF pass (perform DFF optimizations).
4.5.4. Executing OPT_CLEAN pass (remove unused cells and wires).
4.5.5. Rerunning OPT passes. (Removed registers in this run.)
4.5.6. Executing OPT_EXPR pass (perform const folding).
4.5.7. Executing OPT_MERGE pass (detect identical cells).
4.5.8. Executing OPT_DFF pass (perform DFF optimizations).
4.5.9. Executing OPT_CLEAN pass (remove unused cells and wires).
4.5.10. Finished fast OPT passes.
4.6. Executing HIERARCHY pass (managing design hierarchy).
4.6.1. Analyzing design hierarchy..
4.6.2. Analyzing design hierarchy..
4.7. Printing statistics.
4.8. Executing CHECK pass (checking for obvious problems).
5. Executing OPT pass (performing simple optimizations).
5.1. Executing OPT_EXPR pass (perform const folding).
5.2. Executing OPT_MERGE pass (detect identical cells).
5.3. Executing OPT_MUXTREE pass (detect dead branches in mux trees).
5.4. Executing OPT_REDUCE pass (consolidate $*mux and $reduce_* inputs).
5.5. Executing OPT_MERGE pass (detect identical cells).
5.6. Executing OPT_DFF pass (perform DFF optimizations).
5.7. Executing OPT_CLEAN pass (remove unused cells and wires).
5.8. Executing OPT_EXPR pass (perform const folding).
5.9. Rerunning OPT passes. (Maybe there is more to do..)
5.10. Executing OPT_MUXTREE pass (detect dead branches in mux trees).
5.11. Executing OPT_REDUCE pass (consolidate $*mux and $reduce_* inputs).
5.12. Executing OPT_MERGE pass (detect identical cells).
5.13. Executing OPT_DFF pass (perform DFF optimizations).
5.14. Executing OPT_CLEAN pass (remove unused cells and wires).
5.15. Executing OPT_EXPR pass (perform const folding).
5.16. Finished fast OPT passes. (There is nothing left to do.)
6. Executing EXTRACT_FA pass (find and extract full/half adders).
7. Executing TECHMAP pass (map to technology primitives).
7.1. Executing Verilog-2005 frontend: /home/hatch/workspace/rv32imc-cpu/tools/orfs/flow/platforms/asap7/yoSys/cells_adders_R.v
7.2. Continuing TECHMAP pass.
8. Executing TECHMAP pass (map to technology primitives).
8.1. Executing Verilog-2005 frontend: /home/hatch/workspace/rv32imc-cpu/tools/oss-cad-suite/lib/../share/yosys/techmap.v
8.2. Continuing TECHMAP pass.
9. Executing OPT pass (performing simple optimizations).
9.1. Executing OPT_EXPR pass (perform const folding).
9.2. Executing OPT_MERGE pass (detect identical cells).
9.3. Executing OPT_DFF pass (perform DFF optimizations).
9.4. Executing OPT_CLEAN pass (remove unused cells and wires).
9.5. Finished fast OPT passes.
10. Executing DFFLEGALIZE pass (convert FFs and LATCHes to types supported by the target).
11. Executing TECHMAP pass (map to technology primitives).
11.1. Executing Verilog-2005 frontend: /home/hatch/workspace/rv32imc-cpu/tools/orfs/flow/platforms/asap7/yoSys/cells_latch_R.v
11.2. Continuing TECHMAP pass.
12. Executing DFFLIBMAP pass (mapping DFF/DLATCH cells to sequential cells from liberty file).
12.1. Executing DFFLEGALIZE pass (convert FFs and LATCHes to types supported by the target).
13. Executing OPT pass (performing simple optimizations).
13.1. Executing OPT_EXPR pass (perform const folding).
13.2. Executing OPT_MERGE pass (detect identical cells).
13.3. Executing OPT_MUXTREE pass (detect dead branches in mux trees).
13.4. Executing OPT_REDUCE pass (consolidate $*mux and $reduce_* inputs).
13.5. Executing OPT_MERGE pass (detect identical cells).
13.6. Executing OPT_DFF pass (perform DFF optimizations).
13.7. Executing OPT_CLEAN pass (remove unused cells and wires).
13.8. Executing OPT_EXPR pass (perform const folding).
13.9. Rerunning OPT passes. (Maybe there is more to do..)
13.10. Executing OPT_MUXTREE pass (detect dead branches in mux trees).
13.11. Executing OPT_REDUCE pass (consolidate $*mux and $reduce_* inputs).
13.12. Executing OPT_MERGE pass (detect identical cells).
13.13. Executing OPT_DFF pass (perform DFF optimizations).
13.14. Executing OPT_CLEAN pass (remove unused cells and wires).
13.15. Executing OPT_EXPR pass (perform const folding).
13.16. Finished fast OPT passes. (There is nothing left to do.)
14. Executing SETUNDEF pass (replace undef values with defined constants).
abc -script /home/hatch/workspace/rv32imc-cpu/tools/orfs/flow/scripts/abc_area.script -liberty /home/hatch/workspace/rv32imc-cpu/tools/orfs/flow/platforms/asap7/lib/NLDM/asap7sc7p5t_AO_RVT_FF_nldm_211120.lib.gz -liberty /home/hatch/workspace/rv32imc-cpu/tools/orfs/flow/platforms/asap7/lib/NLDM/asap7sc7p5t_INVBUF_RVT_FF_nldm_220122.lib.gz -liberty /home/hatch/workspace/rv32imc-cpu/tools/orfs/flow/platforms/asap7/lib/NLDM/asap7sc7p5t_OA_RVT_FF_nldm_211120.lib.gz -liberty /home/hatch/workspace/rv32imc-cpu/tools/orfs/flow/platforms/asap7/lib/NLDM/asap7sc7p5t_SIMPLE_RVT_FF_nldm_211120.lib.gz -liberty /home/hatch/workspace/rv32imc-cpu/tools/orfs/flow/platforms/asap7/lib/NLDM/asap7sc7p5t_SEQ_RVT_FF_nldm_220123.lib -dont_use *x1p*_ASAP7* -dont_use *xp*_ASAP7* -dont_use SDF* -dont_use ICG* -constr ./objects/asap7/rv32imc_top/p930/abc.constr -D 930
15. Executing ABC pass (technology mapping using ABC).
15.1. Summary of detected clock domains:
15.2. Extracting gate netlist of module `\rv32imc_top' to `<abc-temp-dir>/input.blif'..
15.2.1. Executed ABC.
15.2.2. Re-integrating ABC results.
Took 18 seconds: abc -script /home/hatch/workspace/rv32imc-cpu/tools/orfs/flow/scripts/abc_area.script -liberty /home/hatch/workspace/rv32imc-cpu/tools/orfs/flow/platforms/asap7/lib/NLDM/asap7sc7p5t_AO_RVT_FF_nldm_211120.lib.gz -liberty /home/hatch/workspace/rv32imc-cpu/tools/orfs/flow/platforms/asap7/lib/NLDM/asap7sc7p5t_INVBUF_RVT_FF_nldm_220122.lib.gz -liberty /home/hatch/workspace/rv32imc-cpu/tools/orfs/flow/platforms/asap7/lib/NLDM/asap7sc7p5t_OA_RVT_FF_nldm_211120.lib.gz -liberty /home/hatch/workspace/rv32imc-cpu/tools/orfs/flow/platforms/asap7/lib/NLDM/asap7sc7p5t_SIMPLE_RVT_FF_nldm_211120.lib.gz -liberty /home/hatch/workspace/rv32imc-cpu/tools/orfs/flow/platforms/asap7/lib/NLDM/asap7sc7p5t_SEQ_RVT_FF_nldm_220123.lib -dont_use *x1p*_ASAP7* -dont_use *xp*_ASAP7* -dont_use SDF* -dont_use ICG* -constr ./objects/asap7/rv32imc_top/p930/abc.constr -D 930
16. Executing SPLITNETS pass (splitting up multi-bit signals).
17. Executing OPT_CLEAN pass (remove unused cells and wires).
18. Executing HILOMAP pass (mapping to constant drivers).
19. Executing INSBUF pass (insert buffer cells for connected wires).
20. Executing CHECK pass (checking for obvious problems).
21. Printing statistics.
22. Executing CHECK pass (checking for obvious problems).
23. Executing Verilog backend.
23.1. Executing BMUXMAP pass.
23.2. Executing DEMUXMAP pass.
End of script. Logfile hash: c0d938e2b8, time: 34.01s, user: 17.33s, system: 0.37s, MEM: 210.18 MB peak
Yosys 0.69+75 (git sha1 f0b945f63-dirty, Release, Clang /usr/bin/clang++ 21.1.8)
Time spent: 50% 1x abc (17 sec), 17% 1x extract_fa (5 sec), ...
Elapsed time: 0:34.10[h:]min:sec. CPU time: user 34.31 sys 0.56 (102%). Peak memory: 288888KB.
Log                       Ext     Elapsed/s Peak Memory/MB sha1sum result [0:20)
1_2_yosys                 .v             34            282 7a434de8b2bb78b4fffe
cp /home/hatch/workspace/rv32imc-cpu/pnr_asap7/design/rv32imc_top//constraint.sdc results/asap7/rv32imc_top/p930/1_2_yosys.sdc
touch -r /home/hatch/workspace/rv32imc-cpu/pnr_asap7/design/rv32imc_top//constraint.sdc results/asap7/rv32imc_top/p930/1_2_yosys.sdc
OpenROAD 26Q2-1164-g08f67ee5ec 
Features included (+) or not (-): +GPU +GUI +Python
This program is licensed under the BSD-3 license. See the LICENSE file for details.
Components of this program may be licensed under more restrictive licenses which must be honored.
[INFO ORD-0030] Using 2 thread(s).
mkdir -p ./objects/asap7/rv32imc_top/p930
/home/hatch/workspace/rv32imc-cpu/tools/orfs/flow/scripts/flow.sh 1_synth synth_odb
Running synth_odb.tcl, stage 1_synth
source /home/hatch/workspace/rv32imc-cpu/tools/orfs/flow/platforms/asap7/liberty_suppressions.tcl
read_liberty /home/hatch/workspace/rv32imc-cpu/tools/orfs/flow/platforms/asap7/lib/NLDM/asap7sc7p5t_AO_RVT_FF_nldm_211120.lib.gz
read_liberty /home/hatch/workspace/rv32imc-cpu/tools/orfs/flow/platforms/asap7/lib/NLDM/asap7sc7p5t_INVBUF_RVT_FF_nldm_220122.lib.gz
read_liberty /home/hatch/workspace/rv32imc-cpu/tools/orfs/flow/platforms/asap7/lib/NLDM/asap7sc7p5t_OA_RVT_FF_nldm_211120.lib.gz
read_liberty /home/hatch/workspace/rv32imc-cpu/tools/orfs/flow/platforms/asap7/lib/NLDM/asap7sc7p5t_SIMPLE_RVT_FF_nldm_211120.lib.gz
read_liberty /home/hatch/workspace/rv32imc-cpu/tools/orfs/flow/platforms/asap7/lib/NLDM/asap7sc7p5t_SEQ_RVT_FF_nldm_220123.lib
[INFO ODB-0227] LEF file: /home/hatch/workspace/rv32imc-cpu/tools/orfs/flow/platforms/asap7/lef/asap7_tech_1x_201209.lef, created 30 layers, 9 vias
[INFO ODB-0227] LEF file: /home/hatch/workspace/rv32imc-cpu/tools/orfs/flow/platforms/asap7/lef/asap7sc7p5t_28_R_1x_220121a.lef, created 212 library cells
link_design rv32imc_top
read_sdc ./results/asap7/rv32imc_top/p930/1_2_yosys.sdc
source /home/hatch/workspace/rv32imc-cpu/tools/orfs/flow/platforms/asap7/setRC.tcl
eliminate_dead_logic
Removed 0 unused instances and 0 unused nets.
Design area 3396 um^2 100% utilization.
write_db ./results/asap7/rv32imc_top/p930/1_synth.odb
write_sdc -no_timestamp ./results/asap7/rv32imc_top/p930/1_synth.sdc
Elapsed time: 0:03.26[h:]min:sec. CPU time: user 3.07 sys 0.15 (98%). Peak memory: 269144KB.
Log                       Ext     Elapsed/s Peak Memory/MB sha1sum result [0:20)
1_synth                   .odb            3            262 8073f72d4e02cb27666b
1_synth                   .sdc                             684530bc3d94d0352e4e
/home/hatch/workspace/rv32imc-cpu/tools/orfs/flow/scripts/flow.sh 2_1_floorplan floorplan
Running floorplan.tcl, stage 2_1_floorplan
source /home/hatch/workspace/rv32imc-cpu/tools/orfs/flow/platforms/asap7/liberty_suppressions.tcl
read_liberty /home/hatch/workspace/rv32imc-cpu/tools/orfs/flow/platforms/asap7/lib/NLDM/asap7sc7p5t_AO_RVT_FF_nldm_211120.lib.gz
read_liberty /home/hatch/workspace/rv32imc-cpu/tools/orfs/flow/platforms/asap7/lib/NLDM/asap7sc7p5t_INVBUF_RVT_FF_nldm_220122.lib.gz
read_liberty /home/hatch/workspace/rv32imc-cpu/tools/orfs/flow/platforms/asap7/lib/NLDM/asap7sc7p5t_OA_RVT_FF_nldm_211120.lib.gz
read_liberty /home/hatch/workspace/rv32imc-cpu/tools/orfs/flow/platforms/asap7/lib/NLDM/asap7sc7p5t_SIMPLE_RVT_FF_nldm_211120.lib.gz
read_liberty /home/hatch/workspace/rv32imc-cpu/tools/orfs/flow/platforms/asap7/lib/NLDM/asap7sc7p5t_SEQ_RVT_FF_nldm_220123.lib
read_db ./results/asap7/rv32imc_top/p930/1_synth.odb
read_sdc ./results/asap7/rv32imc_top/p930/1_synth.sdc
source /home/hatch/workspace/rv32imc-cpu/tools/orfs/flow/platforms/asap7/setRC.tcl

==========================================================================
Floorplan check_setup
--------------------------------------------------------------------------
Warning: There is 1 input port missing set_input_delay.
number instances in verilog is 29834
initialize_floorplan -utilization 45 -aspect_ratio 1 -core_space 2 -site asap7sc7p5t
[INFO IFP-0107] Defining die area using utilization: 45.00% and aspect ratio: 1.
[WARNING IFP-0028] Core area lower left (2.000, 2.000) snapped to (2.052, 2.160).
[INFO IFP-0001] Added 321 rows of 1607 site asap7sc7p5t.
[INFO IFP-0100] Die BBox:  (  0.000  0.000 ) ( 90.870 90.870 ) um
[INFO IFP-0101] Core BBox: (  2.052  2.160 ) ( 88.830 88.830 ) um
[INFO IFP-0102] Core area:                         7521.049 um^2
[INFO IFP-0103] Total instances area:              3395.915 um^2
[INFO IFP-0104] Effective utilization:                0.452
[INFO IFP-0105] Number of instances:                  29834
source /home/hatch/workspace/rv32imc-cpu/tools/orfs/flow/platforms/asap7/openRoad/make_tracks.tcl
source /home/hatch/workspace/rv32imc-cpu/tools/orfs/flow/platforms/asap7/fastroute.tcl
set_dont_use "*x1p*_ASAP7* *xp*_ASAP7* SDF* ICG*"
repair_tie_fanout -separation 0 asap7sc7p5t_SIMPLE_RVT_FF_nldm_250407/TIELOx1_ASAP7_75t_R/L
[INFO RSZ-0042] Inserted 2 tie TIELOx1_ASAP7_75t_R instances.
repair_tie_fanout -separation 0 asap7sc7p5t_SIMPLE_RVT_FF_nldm_250407/TIEHIx1_ASAP7_75t_R/H
[INFO RSZ-0042] Inserted 748 tie TIEHIx1_ASAP7_75t_R instances.
repair_timing -setup_margin 0 -hold_margin 0 -repair_tns 100 -setup -skip_last_gasp -sequence unbuffer,sizeup,swap,vt_swap -verbose
[WARNING EST-0027] no estimated parasitics. Using wire load models.
[INFO RSZ-0100] Repair move sequence: UnbufferMove SizeUpMove SwapPinsMove 
[INFO RSZ-0094] Found 7 endpoints with setup violations.
[INFO RSZ-0099] Repairing 7 out of 7 (100.00%) violating endpoints...
   Iter   | Removed | Resized | Inserted | Cloned |  Pin  |   Area   |    WNS   |   StTNS    |   EnTNS    |  Viol  |  Worst  
          | Buffers |  Gates  | Buffers  |  Gates | Swaps |          |          |            |            | Endpts | St/EnPt 
------------------------------------------------------------------------------------------------------------------------------
       0* |       0 |       0 |        0 |      0 |     0 |    +0.0% |  -35.222 |      -35.2 |     -136.4 |      7 | u_mul.result\[28\]$_DFFE_PN0P_/D
       5* |       0 |       2 |        0 |      0 |     2 |    +0.0% |    3.325 |        0.0 |        0.0 |      7 | u_mul.result\[28\]$_DFFE_PN0P_/D
       6* |       0 |       2 |        0 |      0 |     2 |    +0.0% |    3.325 |        0.0 |        0.0 |      7 | u_mul.result\[28\]$_DFFE_PN0P_/D
       7* |       0 |       2 |        0 |      0 |     2 |    +0.0% |    3.325 |        0.0 |        0.0 |      7 | u_mul.result\[28\]$_DFFE_PN0P_/D
       8* |       0 |       2 |        0 |      0 |     2 |    +0.0% |    3.325 |        0.0 |        0.0 |      7 | u_mul.result\[28\]$_DFFE_PN0P_/D
       9* |       0 |       2 |        0 |      0 |     2 |    +0.0% |    3.325 |        0.0 |        0.0 |      7 | u_mul.result\[28\]$_DFFE_PN0P_/D
      10* |       0 |       2 |        0 |      0 |     2 |    +0.0% |    3.325 |        0.0 |        0.0 |      7 | u_mul.result\[28\]$_DFFE_PN0P_/D
      10* |       0 |       2 |        0 |      0 |     2 |    +0.0% |    3.325 |        0.0 |        0.0 |      7 | u_mul.result\[28\]$_DFFE_PN0P_/D
      11* |       0 |       2 |        0 |      0 |     2 |    +0.0% |    3.325 |        0.0 |        0.0 |      7 | u_mul.result\[28\]$_DFFE_PN0P_/D
      11* |       0 |       2 |        0 |      0 |     2 |    +0.0% |    3.325 |        0.0 |        0.0 |      7 | u_mul.result\[28\]$_DFFE_PN0P_/D
    final |       0 |       2 |        0 |      0 |     2 |    +0.0% |    3.325 |        0.0 |        0.0 |      0 | u_mul.result\[28\]$_DFFE_PN0P_/D
------------------------------------------------------------------------------------------------------------------------------
[INFO RSZ-0051] Resized 2 instances: 2 up, 0 up match, 0 down, 0 VT
[INFO RSZ-0043] Swapped pins on 2 instances.
Default units for flow
 time 1ps
 capacitance 1fF
 resistance 1kohm
 voltage 1v
 current 1mA
 power 1pW
 distance 1um
   Layer   | Unit Resistance | Unit Capacitance 
           |       (kohm/um) |          (fF/um)
------------------------------------------------
        M1 |        7.04e-02 |         1.00e-10
        M2 |        2.97e-02 |         1.75e-01
        M3 |        3.13e-02 |         1.56e-01
        M4 |        1.80e-02 |         1.78e-01
        M5 |        1.90e-02 |         1.64e-01
        M6 |        1.19e-02 |         1.87e-01
        M7 |        1.25e-02 |         1.63e-01
        M8 |        8.45e-03 |         1.04e-01
        M9 |        8.90e-03 |         9.28e-02
       Pad |        0.00e+00 |         0.00e+00
------------------------------------------------

   Layer   | Via Resistance 
           |         (kohm) 
----------------------------
        V1 |       1.72e-02 
        V2 |       1.72e-02 
        V3 |       1.72e-02 
        V4 |       1.18e-02 
        V5 |       1.18e-02 
        V6 |       8.20e-03 
        V7 |       8.20e-03 
        V8 |       6.30e-03 
        V9 |       6.30e-03 
----------------------------
Report metrics stage 2, floorplan final...

==========================================================================
floorplan final report_design_area
--------------------------------------------------------------------------
Design area 3429 um^2 46% utilization.
write_db ./results/asap7/rv32imc_top/p930/2_1_floorplan.odb
write_sdc -no_timestamp ./results/asap7/rv32imc_top/p930/2_1_floorplan.sdc
Elapsed time: 0:13.55[h:]min:sec. CPU time: user 12.81 sys 1.89 (108%). Peak memory: 330372KB.
Log                       Ext     Elapsed/s Peak Memory/MB sha1sum result [0:20)
2_1_floorplan             .odb           13            322 fe8290d066fe7c6c989f
2_1_floorplan             .sdc                             684530bc3d94d0352e4e
/home/hatch/workspace/rv32imc-cpu/tools/orfs/flow/scripts/flow.sh 2_2_floorplan_macro macro_place
Running macro_place.tcl, stage 2_2_floorplan_macro
source /home/hatch/workspace/rv32imc-cpu/tools/orfs/flow/platforms/asap7/liberty_suppressions.tcl
read_liberty /home/hatch/workspace/rv32imc-cpu/tools/orfs/flow/platforms/asap7/lib/NLDM/asap7sc7p5t_AO_RVT_FF_nldm_211120.lib.gz
read_liberty /home/hatch/workspace/rv32imc-cpu/tools/orfs/flow/platforms/asap7/lib/NLDM/asap7sc7p5t_INVBUF_RVT_FF_nldm_220122.lib.gz
read_liberty /home/hatch/workspace/rv32imc-cpu/tools/orfs/flow/platforms/asap7/lib/NLDM/asap7sc7p5t_OA_RVT_FF_nldm_211120.lib.gz
read_liberty /home/hatch/workspace/rv32imc-cpu/tools/orfs/flow/platforms/asap7/lib/NLDM/asap7sc7p5t_SIMPLE_RVT_FF_nldm_211120.lib.gz
read_liberty /home/hatch/workspace/rv32imc-cpu/tools/orfs/flow/platforms/asap7/lib/NLDM/asap7sc7p5t_SEQ_RVT_FF_nldm_220123.lib
read_db ./results/asap7/rv32imc_top/p930/2_1_floorplan.odb
read_sdc ./results/asap7/rv32imc_top/p930/2_1_floorplan.sdc
source /home/hatch/workspace/rv32imc-cpu/tools/orfs/flow/platforms/asap7/setRC.tcl
No macros found: Skipping macro_placement
Design area 3429 um^2 46% utilization.
write_db ./results/asap7/rv32imc_top/p930/2_2_floorplan_macro.odb
Elapsed time: 0:02.54[h:]min:sec. CPU time: user 2.37 sys 0.16 (99%). Peak memory: 241592KB.
Log                       Ext     Elapsed/s Peak Memory/MB sha1sum result [0:20)
2_2_floorplan_macro       .odb            2            235 fe8290d066fe7c6c989f
/home/hatch/workspace/rv32imc-cpu/tools/orfs/flow/scripts/flow.sh 2_3_floorplan_tapcell tapcell
Running tapcell.tcl, stage 2_3_floorplan_tapcell
source /home/hatch/workspace/rv32imc-cpu/tools/orfs/flow/platforms/asap7/liberty_suppressions.tcl
read_liberty /home/hatch/workspace/rv32imc-cpu/tools/orfs/flow/platforms/asap7/lib/NLDM/asap7sc7p5t_AO_RVT_FF_nldm_211120.lib.gz
read_liberty /home/hatch/workspace/rv32imc-cpu/tools/orfs/flow/platforms/asap7/lib/NLDM/asap7sc7p5t_INVBUF_RVT_FF_nldm_220122.lib.gz
read_liberty /home/hatch/workspace/rv32imc-cpu/tools/orfs/flow/platforms/asap7/lib/NLDM/asap7sc7p5t_OA_RVT_FF_nldm_211120.lib.gz
read_liberty /home/hatch/workspace/rv32imc-cpu/tools/orfs/flow/platforms/asap7/lib/NLDM/asap7sc7p5t_SIMPLE_RVT_FF_nldm_211120.lib.gz
read_liberty /home/hatch/workspace/rv32imc-cpu/tools/orfs/flow/platforms/asap7/lib/NLDM/asap7sc7p5t_SEQ_RVT_FF_nldm_220123.lib
read_db ./results/asap7/rv32imc_top/p930/2_2_floorplan_macro.odb
read_sdc ./results/asap7/rv32imc_top/p930/2_1_floorplan.sdc
source /home/hatch/workspace/rv32imc-cpu/tools/orfs/flow/platforms/asap7/setRC.tcl
Tap and End Cap cell insertion
  TAP Cell          : TAPCELL_ASAP7_75t_R
  ENDCAP Cell       : TAPCELL_ASAP7_75t_R
  Halo Around Macro : 2 2
  TAP Cell Distance : 25
[INFO TAP-0004] Inserted 642 endcaps.
[INFO TAP-0005] Inserted 484 tapcells.
Design area 3461 um^2 46% utilization.
write_db ./results/asap7/rv32imc_top/p930/2_3_floorplan_tapcell.odb
Elapsed time: 0:02.58[h:]min:sec. CPU time: user 2.38 sys 0.14 (97%). Peak memory: 224528KB.
Log                       Ext     Elapsed/s Peak Memory/MB sha1sum result [0:20)
2_3_floorplan_tapcell     .odb            2            219 8e3a2cb5d3e1b79e7928
/home/hatch/workspace/rv32imc-cpu/tools/orfs/flow/scripts/flow.sh 2_4_floorplan_pdn pdn
Running pdn.tcl, stage 2_4_floorplan_pdn
source /home/hatch/workspace/rv32imc-cpu/tools/orfs/flow/platforms/asap7/liberty_suppressions.tcl
read_liberty /home/hatch/workspace/rv32imc-cpu/tools/orfs/flow/platforms/asap7/lib/NLDM/asap7sc7p5t_AO_RVT_FF_nldm_211120.lib.gz
read_liberty /home/hatch/workspace/rv32imc-cpu/tools/orfs/flow/platforms/asap7/lib/NLDM/asap7sc7p5t_INVBUF_RVT_FF_nldm_220122.lib.gz
read_liberty /home/hatch/workspace/rv32imc-cpu/tools/orfs/flow/platforms/asap7/lib/NLDM/asap7sc7p5t_OA_RVT_FF_nldm_211120.lib.gz
read_liberty /home/hatch/workspace/rv32imc-cpu/tools/orfs/flow/platforms/asap7/lib/NLDM/asap7sc7p5t_SIMPLE_RVT_FF_nldm_211120.lib.gz
read_liberty /home/hatch/workspace/rv32imc-cpu/tools/orfs/flow/platforms/asap7/lib/NLDM/asap7sc7p5t_SEQ_RVT_FF_nldm_220123.lib
read_db ./results/asap7/rv32imc_top/p930/2_3_floorplan_tapcell.odb
read_sdc ./results/asap7/rv32imc_top/p930/2_1_floorplan.sdc
source /home/hatch/workspace/rv32imc-cpu/tools/orfs/flow/platforms/asap7/setRC.tcl
[INFO PDN-0001] Inserting grid: top
Design area 3461 um^2 46% utilization.
write_db ./results/asap7/rv32imc_top/p930/2_4_floorplan_pdn.odb
Elapsed time: 0:02.96[h:]min:sec. CPU time: user 2.75 sys 0.17 (98%). Peak memory: 248304KB.
Log                       Ext     Elapsed/s Peak Memory/MB sha1sum result [0:20)
2_4_floorplan_pdn         .odb            2            242 5f0b3b648e85a88820b5
cp ./results/asap7/rv32imc_top/p930/2_4_floorplan_pdn.odb ./results/asap7/rv32imc_top/p930/2_floorplan.odb
cp ./results/asap7/rv32imc_top/p930/2_1_floorplan.sdc ./results/asap7/rv32imc_top/p930/2_floorplan.sdc
/home/hatch/workspace/rv32imc-cpu/tools/orfs/flow/scripts/flow.sh 3_1_place_gp_skip_io global_place_skip_io
Running global_place_skip_io.tcl, stage 3_1_place_gp_skip_io
source /home/hatch/workspace/rv32imc-cpu/tools/orfs/flow/platforms/asap7/liberty_suppressions.tcl
read_liberty /home/hatch/workspace/rv32imc-cpu/tools/orfs/flow/platforms/asap7/lib/NLDM/asap7sc7p5t_AO_RVT_FF_nldm_211120.lib.gz
read_liberty /home/hatch/workspace/rv32imc-cpu/tools/orfs/flow/platforms/asap7/lib/NLDM/asap7sc7p5t_INVBUF_RVT_FF_nldm_220122.lib.gz
read_liberty /home/hatch/workspace/rv32imc-cpu/tools/orfs/flow/platforms/asap7/lib/NLDM/asap7sc7p5t_OA_RVT_FF_nldm_211120.lib.gz
read_liberty /home/hatch/workspace/rv32imc-cpu/tools/orfs/flow/platforms/asap7/lib/NLDM/asap7sc7p5t_SIMPLE_RVT_FF_nldm_211120.lib.gz
read_liberty /home/hatch/workspace/rv32imc-cpu/tools/orfs/flow/platforms/asap7/lib/NLDM/asap7sc7p5t_SEQ_RVT_FF_nldm_220123.lib
read_db ./results/asap7/rv32imc_top/p930/2_floorplan.odb
read_sdc ./results/asap7/rv32imc_top/p930/2_floorplan.sdc
source /home/hatch/workspace/rv32imc-cpu/tools/orfs/flow/platforms/asap7/setRC.tcl
global_placement -skip_io -density 0.6 -pad_left 0 -pad_right 0
[INFO GPL-0001] ---- Initialize GPL Main Data Structures
[INFO GPL-0002] DBU: 1000
[INFO GPL-0003] SiteSize: (  0.054  0.270 ) um
[INFO GPL-0004] CoreBBox: (  2.052  2.160 ) ( 88.830 88.830 ) um
[INFO GPL-0036] Movable instances area:       3428.662 um^2
[INFO GPL-0037] Total instances area:         3461.496 um^2
[INFO GPL-0035] Pin density area adjust:       259.244 um^2
[INFO GPL-0032] ---- Initialize Region: Top-level
[INFO GPL-0006] Number of instances:             31708
[INFO GPL-0007] Movable instances:               30582
[INFO GPL-0008] Fixed instances:                  1126
[INFO GPL-0009] Dummy instances:                     0
[INFO GPL-0010] Number of nets:                  33761
[INFO GPL-0011] Number of pins:                  98871
[INFO GPL-0012] Die BBox:  (  0.000  0.000 ) ( 90.870 90.870 ) um
[INFO GPL-0013] Core BBox: (  2.052  2.160 ) ( 88.830 88.830 ) um
[INFO GPL-0016] Core area:                    7521.049 um^2
[INFO GPL-0014] Region name: top-level.
[INFO GPL-0015] Region area:                  7521.049 um^2
[INFO GPL-0017] Fixed instances area:           32.834 um^2
[INFO GPL-0018] Movable instances area:       3687.906 um^2
[INFO GPL-0019] Utilization:                    49.249 %
[INFO GPL-0020] Standard cells area:          3687.906 um^2
[INFO GPL-0021] Large instances area:            0.000 um^2
[INFO GPL-0005] ---- Execute Conjugate Gradient Initial Placement.
[INFO GPL-0051] Source of initial instance position counters:
	Odb location = 0	Core center = 30582	Region center = 0
[INFO GPL-0033] ---- Initialize Nesterov Region: Top-level
[INFO GPL-0023] Placement target density:       0.6000
[INFO GPL-0024] Movable insts average area:      0.121 um^2
[INFO GPL-0025] Ideal bin area:                  0.201 um^2
[INFO GPL-0026] Ideal bin count:                 37421
[INFO GPL-0027] Total bin area:               7521.049 um^2
[INFO GPL-0028] Bin count (X, Y):         128 ,    128
[INFO GPL-0029] Bin size (W * H):       0.678 *  0.677 um
[INFO GPL-0030] Number of bins:                  16384
[INFO GPL-0084] ---- Execute Nesterov Global Placement.
[INFO GPL-0031] HPWL: Half-Perimeter Wirelength
Iteration | Overflow |     HPWL (um) |  HPWL(%) |   Penalty | Group
---------------------------------------------------------------
        0 |   0.9961 |  2.297628e+04 |   +0.00% |  8.26e-14 |      
       10 |   0.9971 |  5.512615e+03 |  -76.01% |  1.35e-13 |      
       20 |   0.9971 |  5.129007e+03 |   -6.96% |  2.19e-13 |      
       30 |   0.9971 |  5.038524e+03 |   -1.76% |  3.57e-13 |      
       40 |   0.9971 |  4.999366e+03 |   -0.78% |  5.82e-13 |      
       50 |   0.9970 |  4.985327e+03 |   -0.28% |  9.48e-13 |      
       60 |   0.9969 |  4.985728e+03 |   +0.01% |  1.54e-12 |      
       70 |   0.9968 |  5.005202e+03 |   +0.39% |  2.51e-12 |      
       80 |   0.9967 |  5.065425e+03 |   +1.20% |  4.10e-12 |      
       90 |   0.9967 |  5.242841e+03 |   +3.50% |  6.67e-12 |      
      100 |   0.9963 |  5.686929e+03 |   +8.47% |  1.09e-11 |      
      110 |   0.9955 |  6.499455e+03 |  +14.29% |  1.77e-11 |      
      120 |   0.9942 |  7.907609e+03 |  +21.67% |  2.88e-11 |      
      130 |   0.9917 |  9.858046e+03 |  +24.67% |  4.69e-11 |      
      140 |   0.9876 |  1.219361e+04 |  +23.69% |  7.64e-11 |      
      150 |   0.9826 |  1.516938e+04 |  +24.40% |  1.24e-10 |      
      160 |   0.9751 |  1.917597e+04 |  +26.41% |  2.03e-10 |      
      170 |   0.9637 |  2.386500e+04 |  +24.45% |  3.30e-10 |      
      180 |   0.9489 |  2.881811e+04 |  +20.75% |  5.37e-10 |      
      190 |   0.9305 |  3.442893e+04 |  +19.47% |  8.75e-10 |      
      200 |   0.9074 |  3.966548e+04 |  +15.21% |  1.42e-09 |      
      210 |   0.8800 |  4.579489e+04 |  +15.45% |  2.32e-09 |      
      220 |   0.8494 |  5.217785e+04 |  +13.94% |  3.77e-09 |      
      230 |   0.8157 |  5.859920e+04 |  +12.31% |  6.14e-09 |      
      240 |   0.7806 |  6.533552e+04 |  +11.50% |  9.99e-09 |      
      250 |   0.7428 |  7.175849e+04 |   +9.83% |  1.63e-08 |      
      260 |   0.7015 |  7.817536e+04 |   +8.94% |  2.65e-08 |      
      270 |   0.6570 |  8.410651e+04 |   +7.59% |  4.31e-08 |      
      280 |   0.6101 |  8.951843e+04 |   +6.43% |  7.02e-08 |      
      290 |   0.5610 |  9.419276e+04 |   +5.22% |  1.14e-07 |      
      300 |   0.5075 |  9.902700e+04 |   +5.13% |  1.86e-07 |      
      310 |   0.4522 |  1.028581e+05 |   +3.87% |  3.03e-07 |      
      320 |   0.3963 |  1.055686e+05 |   +2.64% |  4.93e-07 |      
      330 |   0.3476 |  1.073594e+05 |   +1.70% |  8.03e-07 |      
      340 |   0.3083 |  1.087854e+05 |   +1.33% |  1.19e-06 |      
      350 |   0.2788 |  1.096224e+05 |   +0.77% |  1.76e-06 |      
      360 |   0.2461 |  1.102277e+05 |   +0.55% |  2.59e-06 |      
      370 |   0.2166 |  1.109530e+05 |   +0.66% |  3.82e-06 |      
      380 |   0.1894 |  1.111622e+05 |   +0.19% |  5.63e-06 |      
      390 |   0.1664 |  1.114499e+05 |   +0.26% |  8.29e-06 |      
      400 |   0.1447 |  1.115709e+05 |   +0.11% |  1.22e-05 |      
      410 |   0.1247 |  1.116376e+05 |   +0.06% |  1.80e-05 |      
      420 |   0.1077 |  1.117325e+05 |   +0.09% |  2.65e-05 |      
      425 |   0.0992 |  1.117674e+05 |          |  3.34e-05 |      
---------------------------------------------------------------
[INFO GPL-1001] Global placement finished at iteration 425
[INFO GPL-1002] Placed Cell Area             3687.9060
[INFO GPL-1003] Available Free Area          7488.2151
[INFO GPL-1004] Minimum Feasible Density        0.5000 (cell_area / free_area)
[INFO GPL-1006]   Suggested Target Densities:
[INFO GPL-1007]     - For 90% usage of free space: 0.5472
[INFO GPL-1008]     - For 80% usage of free space: 0.6156
[INFO GPL-1009]     - For 50% usage of free space: 0.9850
[INFO GPL-1014] Final placement area: 3687.91 (+0.00%)
Took 12 seconds: global_placement -skip_io -density 0.6 -pad_left 0 -pad_right 0
Design area 3461 um^2 46% utilization.
write_db ./results/asap7/rv32imc_top/p930/3_1_place_gp_skip_io.odb
Elapsed time: 0:14.63[h:]min:sec. CPU time: user 19.94 sys 0.18 (137%). Peak memory: 284044KB.
Log                       Ext     Elapsed/s Peak Memory/MB sha1sum result [0:20)
3_1_place_gp_skip_io      .odb           14            277 7a315c3e56989a3086a7
/home/hatch/workspace/rv32imc-cpu/tools/orfs/flow/scripts/flow.sh 3_2_place_iop io_placement
Running io_placement.tcl, stage 3_2_place_iop
source /home/hatch/workspace/rv32imc-cpu/tools/orfs/flow/platforms/asap7/liberty_suppressions.tcl
read_liberty /home/hatch/workspace/rv32imc-cpu/tools/orfs/flow/platforms/asap7/lib/NLDM/asap7sc7p5t_AO_RVT_FF_nldm_211120.lib.gz
read_liberty /home/hatch/workspace/rv32imc-cpu/tools/orfs/flow/platforms/asap7/lib/NLDM/asap7sc7p5t_INVBUF_RVT_FF_nldm_220122.lib.gz
read_liberty /home/hatch/workspace/rv32imc-cpu/tools/orfs/flow/platforms/asap7/lib/NLDM/asap7sc7p5t_OA_RVT_FF_nldm_211120.lib.gz
read_liberty /home/hatch/workspace/rv32imc-cpu/tools/orfs/flow/platforms/asap7/lib/NLDM/asap7sc7p5t_SIMPLE_RVT_FF_nldm_211120.lib.gz
read_liberty /home/hatch/workspace/rv32imc-cpu/tools/orfs/flow/platforms/asap7/lib/NLDM/asap7sc7p5t_SEQ_RVT_FF_nldm_220123.lib
read_db ./results/asap7/rv32imc_top/p930/3_1_place_gp_skip_io.odb
read_sdc ./results/asap7/rv32imc_top/p930/2_floorplan.sdc
source /home/hatch/workspace/rv32imc-cpu/tools/orfs/flow/platforms/asap7/setRC.tcl
place_pins -hor_layers M4 -ver_layers M5
Found 0 macro blocks.
Using 2 tracks default min distance between IO pins.
[INFO PPL-0001] Number of available slots 3724
[INFO PPL-0002] Number of I/O             232
[INFO PPL-0003] Number of I/O w/sink      232
[INFO PPL-0004] Number of I/O w/o sink    0
[INFO PPL-0005] Slots per section         200
[INFO PPL-0008] Successfully assigned pins to sections.
[INFO PPL-0012] I/O nets HPWL: 6429.72 um.
Design area 3461 um^2 46% utilization.
write_db ./results/asap7/rv32imc_top/p930/3_2_place_iop.odb
Elapsed time: 0:02.63[h:]min:sec. CPU time: user 2.41 sys 0.15 (97%). Peak memory: 245212KB.
Log                       Ext     Elapsed/s Peak Memory/MB sha1sum result [0:20)
3_2_place_iop             .odb            2            239 9c188a95b7ff2a6a41df
/home/hatch/workspace/rv32imc-cpu/tools/orfs/flow/scripts/flow.sh 3_3_place_gp global_place
Running global_place.tcl, stage 3_3_place_gp
source /home/hatch/workspace/rv32imc-cpu/tools/orfs/flow/platforms/asap7/liberty_suppressions.tcl
read_liberty /home/hatch/workspace/rv32imc-cpu/tools/orfs/flow/platforms/asap7/lib/NLDM/asap7sc7p5t_AO_RVT_FF_nldm_211120.lib.gz
read_liberty /home/hatch/workspace/rv32imc-cpu/tools/orfs/flow/platforms/asap7/lib/NLDM/asap7sc7p5t_INVBUF_RVT_FF_nldm_220122.lib.gz
read_liberty /home/hatch/workspace/rv32imc-cpu/tools/orfs/flow/platforms/asap7/lib/NLDM/asap7sc7p5t_OA_RVT_FF_nldm_211120.lib.gz
read_liberty /home/hatch/workspace/rv32imc-cpu/tools/orfs/flow/platforms/asap7/lib/NLDM/asap7sc7p5t_SIMPLE_RVT_FF_nldm_211120.lib.gz
read_liberty /home/hatch/workspace/rv32imc-cpu/tools/orfs/flow/platforms/asap7/lib/NLDM/asap7sc7p5t_SEQ_RVT_FF_nldm_220123.lib
read_db ./results/asap7/rv32imc_top/p930/3_2_place_iop.odb
read_sdc ./results/asap7/rv32imc_top/p930/2_floorplan.sdc
source /home/hatch/workspace/rv32imc-cpu/tools/orfs/flow/platforms/asap7/setRC.tcl
[INFO RSZ-0026] Removed 1737 buffers.
Perform port buffering...
[INFO RSZ-0027] Inserted 65 BUFx2_ASAP7_75t_R input buffers.
[INFO RSZ-0028] Inserted 164 BUFx2_ASAP7_75t_R output buffers.
global_placement -density 0.6 -pad_left 0 -pad_right 0 -routability_driven -timing_driven -force_center_initial_place -min_phi_coef 0.95 -max_phi_coef 1.05
[INFO GPL-0001] ---- Initialize GPL Main Data Structures
[INFO GPL-0002] DBU: 1000
[INFO GPL-0003] SiteSize: (  0.054  0.270 ) um
[INFO GPL-0004] CoreBBox: (  2.052  2.160 ) ( 88.830 88.830 ) um
[INFO GPL-0036] Movable instances area:       3315.667 um^2
[INFO GPL-0037] Total instances area:         3348.501 um^2
[INFO GPL-0035] Pin density area adjust:       258.839 um^2
[INFO GPL-0032] ---- Initialize Region: Top-level
[INFO GPL-0006] Number of instances:             30200
[INFO GPL-0007] Movable instances:               29074
[INFO GPL-0008] Fixed instances:                  1126
[INFO GPL-0009] Dummy instances:                     0
[INFO GPL-0010] Number of nets:                  32253
[INFO GPL-0011] Number of pins:                  96087
[INFO GPL-0012] Die BBox:  (  0.000  0.000 ) ( 90.870 90.870 ) um
[INFO GPL-0013] Core BBox: (  2.052  2.160 ) ( 88.830 88.830 ) um
[INFO GPL-0016] Core area:                    7521.049 um^2
[INFO GPL-0014] Region name: top-level.
[INFO GPL-0015] Region area:                  7521.049 um^2
[INFO GPL-0017] Fixed instances area:           32.834 um^2
[INFO GPL-0018] Movable instances area:       3574.506 um^2
[INFO GPL-0019] Utilization:                    47.735 %
[INFO GPL-0020] Standard cells area:          3574.506 um^2
[INFO GPL-0021] Large instances area:            0.000 um^2
[INFO GPL-0005] ---- Execute Conjugate Gradient Initial Placement.
[INFO GPL-0051] Source of initial instance position counters:
	Odb location = 0	Core center = 29074	Region center = 0
[InitialPlace]  Iter: 1 conjugate gradient residual: 0.00256000 HPWL: 118814298
[InitialPlace]  Iter: 2 conjugate gradient residual: 0.00035838 HPWL: 46889597
[InitialPlace]  Iter: 3 conjugate gradient residual: 0.00068716 HPWL: 46068384
[InitialPlace]  Iter: 4 conjugate gradient residual: 0.00036966 HPWL: 45981760
[InitialPlace]  Iter: 5 conjugate gradient residual: 0.00059445 HPWL: 45451942
[InitialPlace]  Iter: 6 conjugate gradient residual: 0.00011220 HPWL: 45216042
[InitialPlace]  Iter: 7 conjugate gradient residual: 0.00023493 HPWL: 44836337
[InitialPlace]  Iter: 8 conjugate gradient residual: 0.00005906 HPWL: 44815709
[InitialPlace]  Iter: 9 conjugate gradient residual: 0.00009870 HPWL: 44640514
[InitialPlace]  Iter: 10 conjugate gradient residual: 0.00002779 HPWL: 44686952
[InitialPlace]  Iter: 11 conjugate gradient residual: 0.00004730 HPWL: 44578008
[InitialPlace]  Iter: 12 conjugate gradient residual: 0.00001902 HPWL: 44626332
[InitialPlace]  Iter: 13 conjugate gradient residual: 0.00001682 HPWL: 44540270
[InitialPlace]  Iter: 14 conjugate gradient residual: 0.00001625 HPWL: 44580504
[InitialPlace]  Iter: 15 conjugate gradient residual: 0.00001411 HPWL: 44516580
[InitialPlace]  Iter: 16 conjugate gradient residual: 0.00000567 HPWL: 44560593
[INFO GPL-0033] ---- Initialize Nesterov Region: Top-level
[INFO GPL-0023] Placement target density:       0.6000
[INFO GPL-0024] Movable insts average area:      0.123 um^2
[INFO GPL-0025] Ideal bin area:                  0.205 um^2
[INFO GPL-0026] Ideal bin count:                 36704
[INFO GPL-0027] Total bin area:               7521.049 um^2
[INFO GPL-0028] Bin count (X, Y):         128 ,    128
[INFO GPL-0029] Bin size (W * H):       0.678 *  0.677 um
[INFO GPL-0030] Number of bins:                  16384
[INFO GPL-0084] ---- Execute Nesterov Global Placement.
[INFO GPL-0031] HPWL: Half-Perimeter Wirelength
Iteration | Overflow |     HPWL (um) |  HPWL(%) |   Penalty | Group
---------------------------------------------------------------
        0 |   0.9759 |  3.299136e+04 |   +0.00% |  1.31e-13 |      
       10 |   0.9607 |  2.300907e+04 |  -30.26% |  2.13e-13 |      
       20 |   0.9497 |  2.416762e+04 |   +5.04% |  3.48e-13 |      
       30 |   0.9442 |  2.476604e+04 |   +2.48% |  5.66e-13 |      
       40 |   0.9408 |  2.502539e+04 |   +1.05% |  9.22e-13 |      
       50 |   0.9399 |  2.532378e+04 |   +1.19% |  1.50e-12 |      
       60 |   0.9394 |  2.516630e+04 |   -0.62% |  2.45e-12 |      
       70 |   0.9388 |  2.483167e+04 |   -1.33% |  3.99e-12 |      
       80 |   0.9378 |  2.488901e+04 |   +0.23% |  6.49e-12 |      
       90 |   0.9366 |  2.525358e+04 |   +1.46% |  1.06e-11 |      
      100 |   0.9351 |  2.567331e+04 |   +1.66% |  1.72e-11 |      
      110 |   0.9331 |  2.608803e+04 |   +1.62% |  2.81e-11 |      
      120 |   0.9314 |  2.661414e+04 |   +2.02% |  4.57e-11 |      
      130 |   0.9286 |  2.751540e+04 |   +3.39% |  7.44e-11 |      
      140 |   0.9244 |  2.901755e+04 |   +5.46% |  1.21e-10 |      
      150 |   0.9174 |  3.116189e+04 |   +7.39% |  1.97e-10 |      
      160 |   0.9090 |  3.391462e+04 |   +8.83% |  3.22e-10 |      
      170 |   0.8973 |  3.744850e+04 |  +10.42% |  5.24e-10 |      
      180 |   0.8807 |  4.189888e+04 |  +11.88% |  8.52e-10 |      
      190 |   0.8574 |  4.716939e+04 |  +12.58% |  1.39e-09 |      
      200 |   0.8286 |  5.255151e+04 |  +11.41% |  2.26e-09 |      
      210 |   0.7964 |  5.722077e+04 |   +8.89% |  3.68e-09 |      
      220 |   0.7625 |  6.057721e+04 |   +5.87% |  5.99e-09 |      
      230 |   0.7273 |  6.365804e+04 |   +5.09% |  9.75e-09 |      
      240 |   0.6878 |  6.744125e+04 |   +5.94% |  1.59e-08 |      
      250 |   0.6470 |  7.205510e+04 |   +6.84% |  2.58e-08 |      
[INFO GPL-0100] Timing-driven iteration 1/2, virtual: false.
[INFO GPL-0101]    Iter: 255, overflow: 0.631, keep resizer changes at: 1, HPWL: 73452169
Iteration |   Area    | Resized | Buffers | Nets repaired | Remaining
---------------------------------------------------------------------
        0 |     +0.0% |       0 |       0 |             0 |     32253
    final |     +2.5% |      75 |     272 |           100 |         0
---------------------------------------------------------------------
[INFO RSZ-0034] Found 97 slew violations.
[INFO RSZ-0036] Found 36 capacitance violations.
[INFO RSZ-0039] Resized 75 instances.
[INFO RSZ-0038] Inserted 272 buffers in 100 nets.
   Iter   |    Area   | Removed | Inserted |   Pins
          |           | Buffers | Buffers  | Remaining
-------------------------------------------------------
        0 |     +0.0% |       0 |        0 |     31437
     3100 |     +1.3% |      24 |      525 |     28337
     6200 |     +1.7% |      30 |      726 |     25237
     9300 |     +2.0% |      32 |      827 |     22137
    12400 |     +2.1% |      70 |      978 |     19037
    15500 |     +1.9% |     149 |     1149 |     15937
    18600 |     +2.0% |     153 |     1182 |     12837
    21700 |     +1.7% |     212 |     1268 |      9737
    24800 |     +2.1% |     231 |     1496 |      6637
    27900 |     +3.2% |     240 |     1934 |      3537
    31000 |     +5.3% |     260 |     2762 |       437
    final |     +5.2% |     272 |     2772 |         0
-------------------------------------------------------
[INFO GPL-0106] Timing-driven: worst slack 3.784628e-11
[INFO GPL-0107] Timing-driven: repair_design delta area: 260.241 um^2 (+7.28%)
[INFO GPL-0108] Timing-driven: repair_design, gpl delta gcells: 2772 (+9.53%)
[INFO GPL-0109] Timing-driven: repair_design, gcells created: 3044, deleted: 272
[INFO GPL-0110] Timing-driven: new target density: 0.6347534
Iteration | Overflow |     HPWL (um) |  HPWL(%) |   Penalty | Group
---------------------------------------------------------------
      260 |   0.6117 |  8.010617e+04 |  +11.17% |  4.21e-08 |      
[INFO GPL-0038] Routability snapshot saved at iter = 264
      263 |   0.5993 |  8.072811e+04 |          |           |      
      270 |   0.5706 |  8.147375e+04 |   +1.71% |  6.85e-08 |      
      280 |   0.5250 |  8.351135e+04 |   +2.50% |  1.12e-07 |      
      290 |   0.4768 |  8.645023e+04 |   +3.52% |  1.82e-07 |      
      300 |   0.4292 |  8.877438e+04 |   +2.69% |  2.96e-07 |      
      310 |   0.3829 |  9.133036e+04 |   +2.88% |  4.82e-07 |      
      320 |   0.3408 |  9.266063e+04 |   +1.46% |  7.77e-07 |      
      330 |   0.3080 |  9.290047e+04 |   +0.26% |  1.14e-06 |      
[INFO GPL-0040] Routability iteration: 1
[WARNING GRT-0281] Net clk has a large fanout of 2242 terminals.
[INFO GPL-0041] Total routing overflow: 0.0000
[INFO GPL-0042] Number of overflowed tiles: 0 (0.00%)
[INFO GPL-0043] Average top 0.5% routing congestion: 0.8106
[INFO GPL-0044] Average top 1.0% routing congestion: 0.7763
[INFO GPL-0045] Average top 2.0% routing congestion: 0.7398
[INFO GPL-0046] Average top 5.0% routing congestion: 0.6879
[INFO GPL-0047] Routability iteration weighted routing congestion: 0.7935
[INFO GPL-0050] Weighted routing congestion is lower than target routing congestion(1.0100), end routability optimization.
[INFO GPL-0090] Routability finished. Target routing congestion achieved succesfully.
Iteration | Overflow |     HPWL (um) |  HPWL(%) |   Penalty | Group
---------------------------------------------------------------
      340 |   0.2816 |  9.285928e+04 |   -0.04% |  1.69e-06 |      
      350 |   0.2551 |  9.298456e+04 |   +0.13% |  2.48e-06 |      
      360 |   0.2309 |  9.227190e+04 |   -0.77% |  3.66e-06 |      
      370 |   0.2052 |  9.187870e+04 |   -0.43% |  5.39e-06 |      
[INFO GPL-0100] Timing-driven iteration 2/2, virtual: false.
[INFO GPL-0101]    Iter: 376, overflow: 0.194, keep resizer changes at: 1, HPWL: 91759541
Iteration |   Area    | Resized | Buffers | Nets repaired | Remaining
---------------------------------------------------------------------
        0 |     +0.0% |       0 |       0 |             0 |     35025
    final |     +0.0% |       0 |       0 |             0 |         0
---------------------------------------------------------------------
   Iter   |    Area   | Removed | Inserted |   Pins
          |           | Buffers | Buffers  | Remaining
-------------------------------------------------------
        0 |     +0.0% |       0 |        0 |     31437
     3100 |     -1.0% |     525 |      138 |     28337
     6200 |     -1.3% |     726 |      217 |     25237
     9300 |     -1.5% |     827 |      253 |     22137
    12400 |     -1.7% |     978 |      340 |     19037
    15500 |     -1.8% |    1149 |      450 |     15937
    18600 |     -1.9% |    1182 |      460 |     12837
    21700 |     -1.9% |    1268 |      538 |      9737
    24800 |     -2.3% |    1496 |      599 |      6637
    27900 |     -3.2% |    1934 |      650 |      3537
    31000 |     -4.7% |    2762 |      887 |       437
    final |     -4.7% |    2772 |      901 |         0
-------------------------------------------------------
[INFO GPL-0106] Timing-driven: worst slack -2.3175406e-11
[INFO GPL-0107] Timing-driven: repair_design delta area: -168.166 um^2 (-4.39%)
[INFO GPL-0108] Timing-driven: repair_design, gpl delta gcells: -1871 (-5.88%)
[INFO GPL-0109] Timing-driven: repair_design, gcells created: 901, deleted: 2772
[INFO GPL-0110] Timing-driven: new target density: 0.612296
Iteration | Overflow |     HPWL (um) |  HPWL(%) |   Penalty | Group
---------------------------------------------------------------
      380 |   0.1809 |  1.024096e+05 |  +11.46% |  7.93e-06 |      
      390 |   0.1581 |  9.369452e+04 |   -8.51% |  1.17e-05 |      
      400 |   0.1388 |  9.136315e+04 |   -2.49% |  1.72e-05 |      
      410 |   0.1194 |  9.009393e+04 |   -1.39% |  2.53e-05 |      
      420 |   0.1018 |  8.949475e+04 |   -0.67% |  3.73e-05 |      
      422 |   0.0981 |  8.938281e+04 |          |  4.19e-05 |      
---------------------------------------------------------------
[INFO GPL-1001] Global placement finished at iteration 422
[INFO GPL-1017] Routability mode iteration count: 69
[INFO GPL-1005] Routability final weighted congestion: 0.7375
[INFO GPL-1002] Placed Cell Area             3666.5808
[INFO GPL-1003] Available Free Area          7488.2151
[INFO GPL-1004] Minimum Feasible Density        0.4800 (cell_area / free_area)
[INFO GPL-1006]   Suggested Target Densities:
[INFO GPL-1007]     - For 90% usage of free space: 0.5441
[INFO GPL-1008]     - For 80% usage of free space: 0.6121
[INFO GPL-1009]     - For 50% usage of free space: 0.9793
[INFO GPL-1011] Original area (um^2): 3574.51
[INFO GPL-1012] Total routability artificial inflation: 0.00 (+0.00%)
[INFO GPL-1013] Total timing-driven delta area: 92.08 (+2.58%)
[INFO GPL-1014] Final placement area: 3666.58 (+2.58%)
Took 67 seconds: global_placement -density 0.6 -pad_left 0 -pad_right 0 -routability_driven -timing_driven -force_center_initial_place -min_phi_coef 0.95 -max_phi_coef 1.05
estimate_parasitics -placement
Report metrics stage 3, global place...

==========================================================================
global place report_design_area
--------------------------------------------------------------------------
Design area 3442 um^2 46% utilization.
write_db ./results/asap7/rv32imc_top/p930/3_3_place_gp.odb
Elapsed time: 1:24.23[h:]min:sec. CPU time: user 85.57 sys 21.49 (127%). Peak memory: 723316KB.
Log                       Ext     Elapsed/s Peak Memory/MB sha1sum result [0:20)
3_3_place_gp              .odb           84            706 a5aae4c66472f5bdede6
/home/hatch/workspace/rv32imc-cpu/tools/orfs/flow/scripts/flow.sh 3_4_place_resized resize
Running resize.tcl, stage 3_4_place_resized
source /home/hatch/workspace/rv32imc-cpu/tools/orfs/flow/platforms/asap7/liberty_suppressions.tcl
read_liberty /home/hatch/workspace/rv32imc-cpu/tools/orfs/flow/platforms/asap7/lib/NLDM/asap7sc7p5t_AO_RVT_FF_nldm_211120.lib.gz
read_liberty /home/hatch/workspace/rv32imc-cpu/tools/orfs/flow/platforms/asap7/lib/NLDM/asap7sc7p5t_INVBUF_RVT_FF_nldm_220122.lib.gz
read_liberty /home/hatch/workspace/rv32imc-cpu/tools/orfs/flow/platforms/asap7/lib/NLDM/asap7sc7p5t_OA_RVT_FF_nldm_211120.lib.gz
read_liberty /home/hatch/workspace/rv32imc-cpu/tools/orfs/flow/platforms/asap7/lib/NLDM/asap7sc7p5t_SIMPLE_RVT_FF_nldm_211120.lib.gz
read_liberty /home/hatch/workspace/rv32imc-cpu/tools/orfs/flow/platforms/asap7/lib/NLDM/asap7sc7p5t_SEQ_RVT_FF_nldm_220123.lib
read_db ./results/asap7/rv32imc_top/p930/3_3_place_gp.odb
read_sdc ./results/asap7/rv32imc_top/p930/2_floorplan.sdc
source /home/hatch/workspace/rv32imc-cpu/tools/orfs/flow/platforms/asap7/setRC.tcl
estimate_parasitics -placement
Perform buffer insertion and gate resizing...
repair_design -verbose
Iteration |   Area    | Resized | Buffers | Nets repaired | Remaining
---------------------------------------------------------------------
        0 |     +0.0% |       0 |       0 |             0 |     33154
     1000 |     +0.0% |       0 |       0 |             0 |     32154
     2000 |     +0.0% |       0 |       0 |             0 |     31154
     3000 |     +0.0% |       0 |       0 |             0 |     30154
     4000 |     +0.0% |       0 |       0 |             0 |     29154
     5000 |     +0.0% |       0 |       0 |             0 |     28154
     6000 |     +0.0% |       0 |       0 |             0 |     27154
     7000 |     +0.0% |       0 |       0 |             0 |     26154
     8000 |     +0.0% |       0 |       0 |             0 |     25154
     9000 |     +0.0% |       0 |       0 |             0 |     24154
    10000 |     +0.0% |       0 |       0 |             0 |     23154
    11000 |     +0.0% |       0 |       0 |             0 |     22154
    12000 |     +0.0% |       0 |       0 |             0 |     21154
    13000 |     +0.0% |       0 |       0 |             0 |     20154
    14000 |     +0.0% |       0 |       0 |             0 |     19154
    15000 |     +0.0% |       0 |       0 |             0 |     18154
    16000 |     +0.0% |       0 |       0 |             0 |     17154
    17000 |     +0.0% |       0 |       0 |             0 |     16154
    18000 |     +0.0% |       0 |       0 |             0 |     15154
    19000 |     +0.0% |       0 |       0 |             0 |     14154
    20000 |     +0.0% |       0 |       0 |             0 |     13154
    21000 |     +0.0% |       0 |       0 |             0 |     12154
    22000 |     +0.0% |       0 |       0 |             0 |     11154
    23000 |     +0.0% |       0 |       0 |             0 |     10154
    24000 |     +0.0% |       0 |       0 |             0 |      9154
    25000 |     +0.0% |       0 |       0 |             0 |      8154
    26000 |     +0.0% |       0 |       0 |             0 |      7154
    27000 |     +0.0% |       0 |       0 |             0 |      6154
    28000 |     +0.0% |       0 |       0 |             0 |      5154
    29000 |     +0.0% |       0 |       0 |             0 |      4154
    30000 |     +0.0% |       0 |       0 |             0 |      3154
    31000 |     +0.0% |       0 |       0 |             0 |      2154
    32000 |     +0.0% |       0 |       0 |             0 |      1154
    33000 |     +0.0% |       0 |       0 |             0 |       154
    final |     +0.0% |       0 |       0 |             0 |         0
---------------------------------------------------------------------
Took 8 seconds: repair_design -verbose
Floating nets: 
Report metrics stage 3, resizer...

==========================================================================
resizer report_design_area
--------------------------------------------------------------------------
Design area 3442 um^2 46% utilization.
Instance count before 31101, after 31101
Pin count before 97657, after 97657
write_db ./results/asap7/rv32imc_top/p930/3_4_place_resized.odb
Elapsed time: 0:27.50[h:]min:sec. CPU time: user 25.93 sys 5.39 (113%). Peak memory: 347988KB.
Log                       Ext     Elapsed/s Peak Memory/MB sha1sum result [0:20)
3_4_place_resized         .odb           27            339 a5aae4c66472f5bdede6
/home/hatch/workspace/rv32imc-cpu/tools/orfs/flow/scripts/flow.sh 3_5_place_dp detail_place
Running detail_place.tcl, stage 3_5_place_dp
source /home/hatch/workspace/rv32imc-cpu/tools/orfs/flow/platforms/asap7/liberty_suppressions.tcl
read_liberty /home/hatch/workspace/rv32imc-cpu/tools/orfs/flow/platforms/asap7/lib/NLDM/asap7sc7p5t_AO_RVT_FF_nldm_211120.lib.gz
read_liberty /home/hatch/workspace/rv32imc-cpu/tools/orfs/flow/platforms/asap7/lib/NLDM/asap7sc7p5t_INVBUF_RVT_FF_nldm_220122.lib.gz
read_liberty /home/hatch/workspace/rv32imc-cpu/tools/orfs/flow/platforms/asap7/lib/NLDM/asap7sc7p5t_OA_RVT_FF_nldm_211120.lib.gz
read_liberty /home/hatch/workspace/rv32imc-cpu/tools/orfs/flow/platforms/asap7/lib/NLDM/asap7sc7p5t_SIMPLE_RVT_FF_nldm_211120.lib.gz
read_liberty /home/hatch/workspace/rv32imc-cpu/tools/orfs/flow/platforms/asap7/lib/NLDM/asap7sc7p5t_SEQ_RVT_FF_nldm_220123.lib
read_db ./results/asap7/rv32imc_top/p930/3_4_place_resized.odb
read_sdc ./results/asap7/rv32imc_top/p930/2_floorplan.sdc
source /home/hatch/workspace/rv32imc-cpu/tools/orfs/flow/platforms/asap7/setRC.tcl
detailed_placement
[INFO DPL-0006] Core area: 7521.05 um^2, Instances area: 3441.94 um^2, Utilization: 45.8%
[INFO DPL-0005] Diamond search max displacement: +/- 500 sites horizontally, +/- 100 rows vertically.
[INFO DPL-1101] Legalizing using diamond search.
Movements Summary
---------------------------------------
Total cells:                   29975
Diamond Move Success:          29975 (100.00%)
Diamond Move Failure:              0
Rip-up and replace Success:        0 (  0.00% of diamond failures)
Rip-up and replace Failure:        0
Total Placement Failures:          0
---------------------------------------
Placement Analysis
---------------------------------
total displacement       6274.7 u
average displacement        0.2 u
max displacement            0.9 u
original HPWL           89424.7 u
legalized HPWL          94361.8 u
delta HPWL                    6 %

improve_placement -max_displacement "5 1"
Detailed placement improvement.
[INFO DPL-0401] Setting random seed to 1.
[INFO DPL-0402] Setting maximum displacement 5 1 to 1350 270 units.
[INFO DPL-0320] Collected 1358 fixed cells.
[INFO DPL-0318] Collected 29975 single height cells.
[INFO DPL-0321] Collected 0 wide cells.
[INFO DPL-0322] Image (2052, 2160) - (88830, 88830)
[INFO DPL-0310] Assigned 29975 cells into segments.  Movement in X-direction is 0.000000, movement in Y-direction is 0.000000.
[INFO DPL-0313] Found 0 cells in wrong regions.
[INFO DPL-0315] Found 0 row alignment problems.
[INFO DPL-0314] Found 0 site alignment problems.
[INFO DPL-0311] Found 0 overlaps between adjacent cells.
[INFO DPL-0312] Found 0 edge spacing violations and 0 padding violations.
[INFO DPL-0303] Running algorithm for independent set matching.
[INFO DPL-0300] Set matching objective is wirelength.
[INFO DPL-0301] Pass   1 of matching; objective is 9.432182e+07.
[INFO DPL-0302] End of matching; objective is 9.408086e+07, improvement is 0.26 percent.
[INFO DPL-0303] Running algorithm for global swaps.
[INFO DPL-0306] Pass   1 of global swaps; hpwl is 9.323620e+07.
[INFO DPL-0307] End of global swaps; objective is 9.323620e+07, improvement is 0.90 percent.
[INFO DPL-0303] Running algorithm for vertical swaps.
[INFO DPL-0308] Pass   1 of vertical swaps; hpwl is 9.300683e+07.
[INFO DPL-0309] End of vertical swaps; objective is 9.300683e+07, improvement is 0.25 percent.
[INFO DPL-0303] Running algorithm for reordering.
[INFO DPL-0304] Pass   1 of reordering; objective is 9.287134e+07.
[INFO DPL-0305] End of reordering; objective is 9.287134e+07, improvement is 0.15 percent.
[INFO DPL-0303] Running algorithm for random improvement.
[INFO DPL-0324] Random improver is using random generator.
[INFO DPL-0325] Random improver is using hpwl objective.
[INFO DPL-0326] Random improver cost string is (a).
[INFO DPL-0332] End of pass, Generator random called 599500 times.
[INFO DPL-0335] Generator random, Cumulative attempts 599500, swaps 77009, moves 174382 since last reset.
[INFO DPL-0333] End of pass, Objective hpwl, Initial cost 9.267312e+07, Scratch cost 9.206455e+07, Incremental cost 9.206455e+07, Mismatch? N
[INFO DPL-0338] End of pass, Total cost is 9.206455e+07.
[INFO DPL-0327] Pass   1 of random improver; improvement in cost is 0.66 percent.
[INFO DPL-0328] End of random improver; improvement is 0.656687 percent.
[INFO DPL-0380] Cell flipping.
[INFO DPL-0382] Changed 0 cell orientations for row compatibility.
[INFO DPL-0383] Performed 9521 cell flips.
[INFO DPL-0384] End of flipping; objective is 9.074416e+07, improvement is 1.65 percent.
[INFO DPL-0313] Found 0 cells in wrong regions.
[INFO DPL-0315] Found 0 row alignment problems.
[INFO DPL-0314] Found 0 site alignment problems.
[INFO DPL-0311] Found 0 overlaps between adjacent cells.
[INFO DPL-0312] Found 0 edge spacing violations and 0 padding violations.
Detailed Improvement Results
------------------------------------------
Original HPWL            94361.8 u (   44785.6,    49576.2)
Final HPWL               90655.3 u (   42513.5,    48141.8)
Delta HPWL                  -3.9 % (      -5.1,       -2.9)

Took 7 seconds: improve_placement -max_displacement "5 1"
optimize_mirroring
[INFO DPL-0020] Mirrored 5248 instances
[INFO DPL-0021] HPWL before           90655.3 u
[INFO DPL-0022] HPWL after            90504.9 u
[INFO DPL-0023] HPWL delta               -0.2 %
[INFO FLW-0012] Placement violations .
estimate_parasitics -placement
Report metrics stage 3, detailed place...

==========================================================================
detailed place report_design_area
--------------------------------------------------------------------------
Design area 3442 um^2 46% utilization.
write_db ./results/asap7/rv32imc_top/p930/3_5_place_dp.odb
write_sdc -no_timestamp ./results/asap7/rv32imc_top/p930/3_place.sdc
Elapsed time: 0:32.03[h:]min:sec. CPU time: user 30.22 sys 5.41 (111%). Peak memory: 396116KB.
Log                       Ext     Elapsed/s Peak Memory/MB sha1sum result [0:20)
3_5_place_dp              .odb           32            386 1da1fd7c4746153a7d91
cp ./results/asap7/rv32imc_top/p930/3_5_place_dp.odb ./results/asap7/rv32imc_top/p930/3_place.odb
/home/hatch/workspace/rv32imc-cpu/tools/orfs/flow/scripts/flow.sh 4_1_cts cts
Running cts.tcl, stage 4_1_cts
source /home/hatch/workspace/rv32imc-cpu/tools/orfs/flow/platforms/asap7/liberty_suppressions.tcl
read_liberty /home/hatch/workspace/rv32imc-cpu/tools/orfs/flow/platforms/asap7/lib/NLDM/asap7sc7p5t_AO_RVT_FF_nldm_211120.lib.gz
read_liberty /home/hatch/workspace/rv32imc-cpu/tools/orfs/flow/platforms/asap7/lib/NLDM/asap7sc7p5t_INVBUF_RVT_FF_nldm_220122.lib.gz
read_liberty /home/hatch/workspace/rv32imc-cpu/tools/orfs/flow/platforms/asap7/lib/NLDM/asap7sc7p5t_OA_RVT_FF_nldm_211120.lib.gz
read_liberty /home/hatch/workspace/rv32imc-cpu/tools/orfs/flow/platforms/asap7/lib/NLDM/asap7sc7p5t_SIMPLE_RVT_FF_nldm_211120.lib.gz
read_liberty /home/hatch/workspace/rv32imc-cpu/tools/orfs/flow/platforms/asap7/lib/NLDM/asap7sc7p5t_SEQ_RVT_FF_nldm_220123.lib
read_db ./results/asap7/rv32imc_top/p930/3_place.odb
read_sdc ./results/asap7/rv32imc_top/p930/3_place.sdc
source /home/hatch/workspace/rv32imc-cpu/tools/orfs/flow/platforms/asap7/setRC.tcl
clock_tree_synthesis -sink_clustering_enable -repair_clock_nets
[INFO CTS-0050] Root buffer is BUFx16f_ASAP7_75t_R.
[INFO CTS-0051] Sink buffer is BUFx24_ASAP7_75t_R.
[INFO CTS-0052] The following clock buffers will be used for CTS:
                    BUFx16f_ASAP7_75t_R
                    BUFx24_ASAP7_75t_R
[INFO CTS-0049] Characterization buffer is BUFx24_ASAP7_75t_R.
[INFO CTS-0007] Net "clk" found for clock "core_clk".
[INFO CTS-0010]  Clock net "clk" has 2241 sinks.
[INFO CTS-0008] TritonCTS found 1 clock nets.
[INFO CTS-0097] Characterization used 2 buffer(s) types.
[INFO CTS-0201] 0 blockages from hard placement blockages and placed macros will be used.
[INFO CTS-0027] Generating H-Tree topology for net clk.
[INFO CTS-0028]  Total number of sinks: 2241.
[INFO CTS-0090]  Sinks will be clustered based on buffer max cap.
[INFO CTS-0030]  Number of static layers: 0.
[INFO CTS-0020]  Wire segment unit: 1350  dbu (1 um).
[INFO CTS-0206] Best clustering solution was found from max clustering size of 24 and max clustering diameter of 25.
[INFO CTS-0019]  Total number of sinks after clustering: 117.
[INFO CTS-0024]  Normalized sink region: [(3.20763, 3.42), (62.1973, 64.1746)].
[INFO CTS-0025]     Width:  58.9897.
[INFO CTS-0026]     Height: 60.7546.
 Level 1
    Direction: Vertical
    Sinks per sub-region: 59
    Sub-region size: 58.9897 X 30.3773
[INFO CTS-0034]     Segment length (rounded): 16.
 Level 2
    Direction: Horizontal
    Sinks per sub-region: 30
    Sub-region size: 29.4948 X 30.3773
[INFO CTS-0034]     Segment length (rounded): 14.
 Level 3
    Direction: Vertical
    Sinks per sub-region: 15
    Sub-region size: 29.4948 X 15.1887
[INFO CTS-0034]     Segment length (rounded): 8.
 Level 4
    Direction: Horizontal
    Sinks per sub-region: 8
    Sub-region size: 14.7474 X 15.1887
[INFO CTS-0034]     Segment length (rounded): 8.
[INFO CTS-0032]  Stop criterion found. Max number of sinks is 15.
[INFO CTS-0035]  Number of sinks covered: 117.
[INFO CTS-0018]     Created 138 clock buffers.
[INFO CTS-0012]     Minimum number of buffers in the clock path: 4.
[INFO CTS-0013]     Maximum number of buffers in the clock path: 4.
[INFO CTS-0015]     Created 138 clock nets.
[INFO CTS-0016]     Fanout distribution for the current clock = 4:2, 6:3, 7:6, 8:3, 9:1, 10:4, 11:2, 13:1, 14:1, 15:1, 16:5, 17:8, 18:10, 19:20, 20:31, 21:19, 22:12, 23:2, 24:2..
[INFO CTS-0017]     Max level of the clock tree: 4.
[INFO CTS-0098] Clock net "clk"
[INFO CTS-0099]  Sinks 2345
[INFO CTS-0100]  Leaf buffers 117
[INFO CTS-0101]  Average sink wire length 148.60 um
[INFO CTS-0102]  Path depth 3 - 4
[INFO CTS-0207]  Dummy loads inserted 104
Took 9 seconds: clock_tree_synthesis -sink_clustering_enable -repair_clock_nets
estimate_parasitics -placement
detailed_placement
[INFO DPL-0006] Core area: 7521.05 um^2, Instances area: 3516.00 um^2, Utilization: 46.7%
[INFO DPL-0005] Diamond search max displacement: +/- 500 sites horizontally, +/- 100 rows vertically.
[INFO DPL-1101] Legalizing using diamond search.
Movements Summary
---------------------------------------
Total cells:                   30217
Diamond Move Success:          30217 (100.00%)
Diamond Move Failure:              0
Rip-up and replace Success:        0 (  0.00% of diamond failures)
Rip-up and replace Failure:        0
Total Placement Failures:          0
---------------------------------------
Placement Analysis
---------------------------------
total displacement        265.1 u
average displacement        0.0 u
max displacement            0.9 u
original HPWL           92670.4 u
legalized HPWL          94695.6 u
delta HPWL                    2 %

estimate_parasitics -placement
repair_timing -setup_margin 0 -hold_margin 0 -repair_tns 100 -verbose
[INFO RSZ-0100] Repair move sequence: UnbufferMove SizeUpMove SwapPinsMove BufferMove CloneMove SplitLoadMove 
[INFO RSZ-0094] Found 1 endpoints with setup violations.
[INFO RSZ-0099] Repairing 1 out of 1 (100.00%) violating endpoints...
   Iter   | Removed | Resized | Inserted | Cloned |  Pin  |   Area   |    WNS   |   StTNS    |   EnTNS    |  Viol  |  Worst  
          | Buffers |  Gates  | Buffers  |  Gates | Swaps |          |          |            |            | Endpts | St/EnPt 
------------------------------------------------------------------------------------------------------------------------------
       0* |       0 |       0 |        0 |      0 |     0 |    +0.0% |   -2.224 |       -2.2 |       -2.2 |      1 | u_mul.result\[28\]$_DFFE_PN0P_/D
       3* |       0 |       0 |        1 |      0 |     1 |    +0.0% |    4.093 |        0.0 |        0.0 |      1 | u_mul.result\[20\]$_DFFE_PN0P_/D
       3* |       0 |       0 |        1 |      0 |     1 |    +0.0% |    4.093 |        0.0 |        0.0 |      1 | u_mul.result\[20\]$_DFFE_PN0P_/D
    final |       0 |       0 |        1 |      0 |     1 |    +0.0% |    4.093 |        0.0 |        0.0 |      0 | u_mul.result\[20\]$_DFFE_PN0P_/D
------------------------------------------------------------------------------------------------------------------------------
[INFO RSZ-0040] Inserted 1 buffers.
[INFO RSZ-0043] Swapped pins on 1 instances.
[INFO RSZ-0046] Found 108 endpoints with hold violations.
Iteration | Resized | Buffers | Cloned Gates |   Area   |   WNS   |   TNS   | Endpoint
--------------------------------------------------------------------------------------
        0 |       0 |       0 |            0 |    +0.0% | -99.818 | -7619.646 | mem_rdata0[27]$_DFFE_PN0P_/D
       10 |       0 |      27 |            0 |    +0.1% | -95.361 | -7187.936 | mem_rdata0[4]$_DFFE_PN0P_/D
       20 |       0 |      57 |            0 |    +0.1% | -92.765 | -6663.624 | mem_rdata0[14]$_DFFE_PN0P_/D
       30 |       0 |      87 |            0 |    +0.2% | -89.798 | -6014.314 | mem_rdata0[1]$_DFFE_PN0P_/D
       40 |       0 |     134 |            0 |    +0.3% | -86.573 | -5363.542 | fbuf[11]$_DFFE_PN0P_/D
       50 |       0 |     192 |            0 |    +0.4% | -85.582 | -4639.960 | if_id_instr[10]$_DFFE_PN0P_/D
       60 |       0 |     247 |            0 |    +0.5% | -78.145 | -3910.527 | fbuf[5]$_DFFE_PN0P_/D
       70 |       0 |     328 |            0 |    +0.7% | -76.840 | -3342.365 | fbuf[8]$_DFFE_PN0P_/D
       80 |       0 |     403 |            0 |    +0.8% | -62.980 | -2702.315 | mem_rdata0[27]$_DFFE_PN0P_/D
       90 |       0 |     455 |            0 |    +0.9% | -62.980 | -2063.338 | mem_rdata0[27]$_DFFE_PN0P_/D
      100 |       0 |     494 |            0 |    +1.0% | -62.980 | -1609.363 | mem_rdata0[27]$_DFFE_PN0P_/D
      110 |       0 |     534 |            0 |    +1.1% | -52.078 | -1133.515 | mem_rdata0[31]$_DFFE_PN0P_/D
      120 |       0 |     578 |            0 |    +1.2% | -27.364 | -647.909 | if_id_instr[29]$_DFFE_PN0P_/D
      130 |       0 |     605 |            0 |    +1.3% | -18.233 | -234.071 | mem_rdata0[26]$_DFFE_PN0P_/D
      140 |       0 |     607 |            0 |    +1.3% | -14.653 | -215.838 | mem_rdata0[27]$_DFFE_PN0P_/D
      150 |       0 |     616 |            0 |    +1.3% |  -9.810 | -136.146 | mem_rdata0[4]$_DFFE_PN0P_/D
      160 |       0 |     623 |            0 |    +1.3% |  -7.576 | -72.010 | mem_rdata0[24]$_DFFE_PN0P_/D
      170 |       0 |     628 |            0 |    +1.3% |  -5.822 | -36.005 | mem_rdata0[23]$_DFFE_PN0P_/D
      180 |       0 |     635 |            0 |    +1.3% |   0.337 |   0.000 | mem_rdata0[25]$_DFFE_PN0P_/D
    final |       0 |     635 |            0 |    +1.3% |   0.337 |   0.000 | mem_rdata0[25]$_DFFE_PN0P_/D
--------------------------------------------------------------------------------------
[INFO RSZ-0032] Inserted 635 hold buffers.
Took 9 seconds: repair_timing -setup_margin 0 -hold_margin 0 -repair_tns 100 -verbose
detailed_placement
[INFO DPL-0006] Core area: 7521.05 um^2, Instances area: 3562.38 um^2, Utilization: 47.4%
[INFO DPL-0005] Diamond search max displacement: +/- 500 sites horizontally, +/- 100 rows vertically.
[INFO DPL-1101] Legalizing using diamond search.
Movements Summary
---------------------------------------
Total cells:                   30853
Diamond Move Success:          30853 (100.00%)
Diamond Move Failure:              0
Rip-up and replace Success:        0 (  0.00% of diamond failures)
Rip-up and replace Failure:        0
Total Placement Failures:          0
---------------------------------------
Placement Analysis
---------------------------------
total displacement        268.2 u
average displacement        0.0 u
max displacement            1.2 u
original HPWL           94871.6 u
legalized HPWL          95055.0 u
delta HPWL                    0 %

estimate_parasitics -placement
Report metrics stage 4, cts final...

==========================================================================
cts final report_design_area
--------------------------------------------------------------------------
Design area 3562 um^2 47% utilization.
write_db ./results/asap7/rv32imc_top/p930/4_1_cts.odb
write_sdc -no_timestamp ./results/asap7/rv32imc_top/p930/4_cts.sdc
Elapsed time: 0:52.92[h:]min:sec. CPU time: user 48.77 sys 16.63 (123%). Peak memory: 439604KB.
Log                       Ext     Elapsed/s Peak Memory/MB sha1sum result [0:20)
4_1_cts                   .odb           52            429 ec1f2345dd62eed6b91f
cp ./results/asap7/rv32imc_top/p930/4_1_cts.odb ./results/asap7/rv32imc_top/p930/4_cts.odb
/home/hatch/workspace/rv32imc-cpu/tools/orfs/flow/scripts/flow.sh 5_1_grt global_route
Running global_route.tcl, stage 5_1_grt
source /home/hatch/workspace/rv32imc-cpu/tools/orfs/flow/platforms/asap7/liberty_suppressions.tcl
read_liberty /home/hatch/workspace/rv32imc-cpu/tools/orfs/flow/platforms/asap7/lib/NLDM/asap7sc7p5t_AO_RVT_FF_nldm_211120.lib.gz
read_liberty /home/hatch/workspace/rv32imc-cpu/tools/orfs/flow/platforms/asap7/lib/NLDM/asap7sc7p5t_INVBUF_RVT_FF_nldm_220122.lib.gz
read_liberty /home/hatch/workspace/rv32imc-cpu/tools/orfs/flow/platforms/asap7/lib/NLDM/asap7sc7p5t_OA_RVT_FF_nldm_211120.lib.gz
read_liberty /home/hatch/workspace/rv32imc-cpu/tools/orfs/flow/platforms/asap7/lib/NLDM/asap7sc7p5t_SIMPLE_RVT_FF_nldm_211120.lib.gz
read_liberty /home/hatch/workspace/rv32imc-cpu/tools/orfs/flow/platforms/asap7/lib/NLDM/asap7sc7p5t_SEQ_RVT_FF_nldm_220123.lib
read_db ./results/asap7/rv32imc_top/p930/4_cts.odb
read_sdc ./results/asap7/rv32imc_top/p930/4_cts.sdc
source /home/hatch/workspace/rv32imc-cpu/tools/orfs/flow/platforms/asap7/setRC.tcl
pin_access
[INFO DRT-0149] Reading tech and libs.

Units:                1000
Number of layers:     21
Number of macros:     212
Number of vias:       14
Number of viarulegen: 11

[INFO DRT-0150] Reading design.
[WARNING DRT-0120] Large net net4701 has 110 pins which may impact routing performance. Consider optimization.

Design:                   rv32imc_top
Die area:                 ( 0 0 ) ( 90870 90870 )
Number of track patterns: 32
Number of DEF vias:       0
Number of components:     31979
Number of terminals:      234
Number of snets:          2
Number of nets:           33928

[INFO DRT-0167] List of default vias:
  Layer V2
    default via: VIA23
  Layer V3
    default via: VIA34
  Layer V4
    default via: VIA45
  Layer V5
    default via: VIA56
  Layer V6
    default via: VIA67
  Layer V7
    default via: VIA78
  Layer V8
    default via: VIA89
  Layer V9
    default via: VIA9Pad
[INFO DRT-0162] Library cell analysis.
[INFO DRT-0163] Instance analysis.
[INFO DRT-0164] Number of unique instances = 226.
[INFO DRT-0168] Init region query.
[INFO DRT-0024]   Complete Active.
[INFO DRT-0024]   Complete V0.
[INFO DRT-0024]   Complete M1.
[INFO DRT-0024]   Complete V1.
[INFO DRT-0024]   Complete M2.
[INFO DRT-0024]   Complete V2.
[INFO DRT-0024]   Complete M3.
[INFO DRT-0024]   Complete V3.
[INFO DRT-0024]   Complete M4.
[INFO DRT-0024]   Complete V4.
[INFO DRT-0024]   Complete M5.
[INFO DRT-0024]   Complete V5.
[INFO DRT-0024]   Complete M6.
[INFO DRT-0024]   Complete V6.
[INFO DRT-0024]   Complete M7.
[INFO DRT-0024]   Complete V7.
[INFO DRT-0024]   Complete M8.
[INFO DRT-0024]   Complete V8.
[INFO DRT-0024]   Complete M9.
[INFO DRT-0024]   Complete V9.
[INFO DRT-0024]   Complete Pad.
[INFO DRT-0033] Active shape region query size = 0.
[INFO DRT-0033] V0 shape region query size = 0.
[INFO DRT-0033] M1 shape region query size = 522756.
[INFO DRT-0033] V1 shape region query size = 830306.
[INFO DRT-0033] M2 shape region query size = 25563.
[INFO DRT-0033] V2 shape region query size = 15939.
[INFO DRT-0033] M3 shape region query size = 15939.
[INFO DRT-0033] V3 shape region query size = 10626.
[INFO DRT-0033] M4 shape region query size = 10715.
[INFO DRT-0033] V4 shape region query size = 10626.
[INFO DRT-0033] M5 shape region query size = 6017.
[INFO DRT-0033] V5 shape region query size = 1056.
[INFO DRT-0033] M6 shape region query size = 592.
[INFO DRT-0033] V6 shape region query size = 0.
[INFO DRT-0033] M7 shape region query size = 0.
[INFO DRT-0033] V7 shape region query size = 0.
[INFO DRT-0033] M8 shape region query size = 0.
[INFO DRT-0033] V8 shape region query size = 0.
[INFO DRT-0033] M9 shape region query size = 0.
[INFO DRT-0033] V9 shape region query size = 0.
[INFO DRT-0033] Pad shape region query size = 0.
[INFO DRT-0165] Start pin access.
[INFO DRT-0076]   Complete 1000 pins.
[INFO DRT-0078]   Complete 1250 pins.
[INFO DRT-0079]   Complete 100 unique inst patterns.
[INFO DRT-0079]   Complete 200 unique inst patterns.
[INFO DRT-0081]   Complete 226 unique inst patterns.
[INFO DRT-0082]   Complete 10000 groups.
[INFO DRT-0084]   Complete 19170 groups.
#scanned instances     = 31979
#unique  instances     = 226
#stdCellGenAp          = 6419
#stdCellValidPlanarAp  = 76
#stdCellValidViaAp     = 5183
#stdCellPinNoAp        = 0
#stdCellPinCnt         = 98559
#instTermValidViaApCnt = 0
#macroGenAp            = 0
#macroValidPlanarAp    = 0
#macroValidViaAp       = 0
#macroNoAp             = 0
[INFO DRT-0166] Complete pin access.
[INFO DRT-0267] cpu time = 00:10:06, elapsed time = 00:06:56, memory = 331.38 (MB), peak = 351.66 (MB)
Took 418 seconds: pin_access
global_route -congestion_report_file ./reports/asap7/rv32imc_top/p930/congestion.rpt -congestion_iterations 30 -congestion_report_iter_step 5 -verbose -resistance_aware
[INFO GRT-0020] Min routing layer: M2
[INFO GRT-0021] Max routing layer: M7
[INFO GRT-0022] Global adjustment: 0%
[INFO GRT-0023] Grid origin: (0, 0)
[INFO GRT-0088] Layer M1      Track-Pitch = 0.0360  line-2-Via Pitch: 0.0360
[INFO GRT-0088] Layer M2      Track-Pitch = 0.0390  line-2-Via Pitch: 0.0360
[INFO GRT-0088] Layer M3      Track-Pitch = 0.0360  line-2-Via Pitch: 0.0360
[INFO GRT-0088] Layer M4      Track-Pitch = 0.0480  line-2-Via Pitch: 0.0480
[INFO GRT-0088] Layer M5      Track-Pitch = 0.0480  line-2-Via Pitch: 0.0480
[INFO GRT-0088] Layer M6      Track-Pitch = 0.0640  line-2-Via Pitch: 0.0640
[INFO GRT-0088] Layer M7      Track-Pitch = 0.0640  line-2-Via Pitch: 0.0640
[INFO GRT-0003] Macros: 0
[INFO GRT-0004] Blockages: 8967
[INFO GRT-0019] Found 139 clock nets.
[INFO GRT-0001] Minimum degree: 2
[INFO GRT-0002] Maximum degree: 110

[INFO GRT-0053] Routing resources analysis:
          Routing      Original      Derated      Resource
Layer     Direction    Resources     Resources    Reduction (%)
---------------------------------------------------------------
M1         Vertical            0             0          0.00%
M2         Horizontal     295424        212873          27.94%
M3         Vertical       383388        284715          25.74%
M4         Horizontal     293501        217855          25.77%
M5         Vertical       283537        210137          25.89%
M6         Horizontal     198740        134280          32.43%
M7         Vertical       224360        151206          32.61%
---------------------------------------------------------------

[INFO GRT-0197] Via related to pin nodes: 190801
[INFO GRT-0198] Via related Steiner nodes: 4933
[INFO GRT-0199] Via filling finished.
[INFO GRT-0111] Final number of vias: 248322
[INFO GRT-0112] Final usage 3D: 946305

[INFO GRT-0096] Final congestion report:
Layer         Resource        Demand        Usage (%)    Max H / Max V / Total Overflow
---------------------------------------------------------------------------------------
M1                   0             0            0.00%             0 /  0 /  0
M2              212873         69858           32.82%             0 /  0 /  0
M3              284715         86746           30.47%             0 /  0 /  0
M4              217855         21022            9.65%             0 /  0 /  0
M5              210137          9363            4.46%             0 /  0 /  0
M6              134280          7150            5.32%             0 /  0 /  0
M7              151206          7200            4.76%             0 /  0 /  0
---------------------------------------------------------------------------------------
Total          1211066        201339           16.62%             0 /  0 /  0

[INFO GRT-0018] Total wirelength: 159142 um
[INFO GRT-0014] Routed nets: 33890
[INFO GRT-0303] Global routing runtime = 00:00:30
Took 30 seconds: global_route -congestion_report_file ./reports/asap7/rv32imc_top/p930/congestion.rpt -congestion_iterations 30 -congestion_report_iter_step 5 -verbose -resistance_aware
estimate_parasitics -global_routing
Perform buffer insertion and gate resizing...
repair_design -verbose
Iteration |   Area    | Resized | Buffers | Nets repaired | Remaining
---------------------------------------------------------------------
        0 |     +0.0% |       0 |       0 |             0 |     34032
     1000 |     +0.0% |       0 |       0 |             0 |     33032
     2000 |     +0.0% |       0 |       0 |             0 |     32032
     3000 |     +0.0% |       0 |       0 |             0 |     31032
     4000 |     +0.0% |       0 |       0 |             0 |     30032
     5000 |     +0.0% |       0 |       0 |             0 |     29032
     6000 |     +0.0% |       0 |       0 |             0 |     28032
     7000 |     +0.0% |       0 |       0 |             0 |     27032
[WARNING RSZ-0104] Net _31194_ only has one pin. Check if it is intended to be dangling.
[WARNING RSZ-0104] Net _31193_ only has one pin. Check if it is intended to be dangling.
     8000 |     +0.0% |       0 |       0 |             0 |     26032
[WARNING RSZ-0104] Net _31179_ only has one pin. Check if it is intended to be dangling.
[WARNING RSZ-0104] Net _31177_ only has one pin. Check if it is intended to be dangling.
[WARNING RSZ-0104] Net _31171_ only has one pin. Check if it is intended to be dangling.
[WARNING RSZ-0104] Net _31169_ only has one pin. Check if it is intended to be dangling.
[WARNING RSZ-0104] Net _31168_ only has one pin. Check if it is intended to be dangling.
[WARNING RSZ-0104] Net _31165_ only has one pin. Check if it is intended to be dangling.
     9000 |     +0.0% |       0 |       0 |             0 |     25032
[WARNING RSZ-0104] Net _31187_ only has one pin. Check if it is intended to be dangling.
[WARNING RSZ-0104] Net _31185_ only has one pin. Check if it is intended to be dangling.
[WARNING RSZ-0104] Net _31183_ only has one pin. Check if it is intended to be dangling.
[WARNING RSZ-0104] Net _31167_ only has one pin. Check if it is intended to be dangling.
    10000 |     +0.0% |       0 |       0 |             0 |     24032
[WARNING RSZ-0104] Net _31200_ only has one pin. Check if it is intended to be dangling.
[WARNING RSZ-0104] Net _31198_ only has one pin. Check if it is intended to be dangling.
[WARNING RSZ-0104] Net _31178_ only has one pin. Check if it is intended to be dangling.
[WARNING RSZ-0104] Net _31175_ only has one pin. Check if it is intended to be dangling.
[WARNING RSZ-0104] Net _31174_ only has one pin. Check if it is intended to be dangling.
[WARNING RSZ-0104] Net _31172_ only has one pin. Check if it is intended to be dangling.
[WARNING RSZ-0104] Net _31170_ only has one pin. Check if it is intended to be dangling.
[WARNING RSZ-0104] Net _31166_ only has one pin. Check if it is intended to be dangling.
[WARNING RSZ-0104] Net _31189_ only has one pin. Check if it is intended to be dangling.
[WARNING RSZ-0104] Net _31173_ only has one pin. Check if it is intended to be dangling.
    11000 |     +0.0% |       0 |       0 |             0 |     23032
[WARNING RSZ-0104] Net _31199_ only has one pin. Check if it is intended to be dangling.
[WARNING RSZ-0104] Net _31195_ only has one pin. Check if it is intended to be dangling.
[WARNING RSZ-0104] Net _31192_ only has one pin. Check if it is intended to be dangling.
[WARNING RSZ-0104] Net _31188_ only has one pin. Check if it is intended to be dangling.
[WARNING RSZ-0104] Net _31186_ only has one pin. Check if it is intended to be dangling.
[WARNING RSZ-0104] Net _31184_ only has one pin. Check if it is intended to be dangling.
[WARNING RSZ-0104] Net _31182_ only has one pin. Check if it is intended to be dangling.
[WARNING RSZ-0104] Net _31180_ only has one pin. Check if it is intended to be dangling.
[WARNING RSZ-0104] Net _31176_ only has one pin. Check if it is intended to be dangling.
[WARNING RSZ-0104] Net _31191_ only has one pin. Check if it is intended to be dangling.
    12000 |     +0.0% |       0 |       0 |             0 |     22032
    13000 |     +0.0% |       0 |       0 |             0 |     21032
[WARNING RSZ-0104] Net _31201_ only has one pin. Check if it is intended to be dangling.
[WARNING RSZ-0104] Net _31190_ only has one pin. Check if it is intended to be dangling.
[WARNING RSZ-0104] Net _31181_ only has one pin. Check if it is intended to be dangling.
    14000 |     +0.0% |       0 |       0 |             0 |     20032
    15000 |     +0.0% |       0 |       0 |             0 |     19032
    16000 |     +0.0% |       0 |       0 |             0 |     18032
    17000 |     +0.0% |       0 |       0 |             0 |     17032
    18000 |     +0.0% |       0 |       0 |             0 |     16032
    19000 |     +0.0% |       0 |       0 |             0 |     15032
    20000 |     +0.0% |       0 |       0 |             0 |     14032
    21000 |     +0.0% |       0 |       0 |             0 |     13032
    22000 |     +0.0% |       0 |       0 |             0 |     12032
    23000 |     +0.0% |       0 |       0 |             0 |     11032
    24000 |     +0.0% |       0 |       0 |             0 |     10032
    25000 |     +0.0% |       0 |       0 |             0 |      9032
    26000 |     +0.0% |       0 |       0 |             0 |      8032
    27000 |     +0.0% |       0 |       0 |             0 |      7032
[WARNING RSZ-0104] Net _31197_ only has one pin. Check if it is intended to be dangling.
[WARNING RSZ-0104] Net _31196_ only has one pin. Check if it is intended to be dangling.
[WARNING RSZ-0104] Net _31164_ only has one pin. Check if it is intended to be dangling.
    28000 |     +0.0% |       0 |       0 |             0 |      6032
    29000 |     +0.0% |       0 |       0 |             0 |      5032
    30000 |     +0.0% |       0 |       0 |             0 |      4032
    31000 |     +0.0% |       0 |       0 |             0 |      3032
    32000 |     +0.0% |       0 |       0 |             0 |      2032
    33000 |     +0.0% |       0 |       0 |             0 |      1032
    34000 |     +0.0% |       0 |       0 |             0 |        32
    final |     +0.0% |       0 |       0 |             0 |         0
---------------------------------------------------------------------
Took 9 seconds: repair_design -verbose
global_route -start_incremental
detailed_placement
[INFO DPL-0006] Core area: 7521.05 um^2, Instances area: 3562.38 um^2, Utilization: 47.4%
[INFO DPL-0005] Diamond search max displacement: +/- 500 sites horizontally, +/- 100 rows vertically.
[INFO DPL-1101] Legalizing using diamond search.
Movements Summary
---------------------------------------
Total cells:                   30853
Diamond Move Success:          30853 (100.00%)
Diamond Move Failure:              0
Rip-up and replace Success:        0 (  0.00% of diamond failures)
Rip-up and replace Failure:        0
Total Placement Failures:          0
---------------------------------------
Placement Analysis
---------------------------------
total displacement          0.0 u
average displacement        0.0 u
max displacement            0.0 u
original HPWL           95055.0 u
legalized HPWL          95055.0 u
delta HPWL                    0 %

global_route -end_incremental -resistance_aware -congestion_report_file ./reports/asap7/rv32imc_top/p930/congestion_post_repair_design.rpt
Repair setup and hold violations...
estimate_parasitics -global_routing
repair_timing -setup_margin 0 -hold_margin 0 -repair_tns 100 -verbose
[INFO RSZ-0100] Repair move sequence: UnbufferMove SizeUpMove SwapPinsMove BufferMove CloneMove SplitLoadMove 
[INFO RSZ-0094] Found 121 endpoints with setup violations.
[INFO RSZ-0099] Repairing 121 out of 121 (100.00%) violating endpoints...
   Iter   | Removed | Resized | Inserted | Cloned |  Pin  |   Area   |    WNS   |   StTNS    |   EnTNS    |  Viol  |  Worst  
          | Buffers |  Gates  | Buffers  |  Gates | Swaps |          |          |            |            | Endpts | St/EnPt 
------------------------------------------------------------------------------------------------------------------------------
       0* |       0 |       0 |        0 |      0 |     0 |    +0.0% |  -43.590 |     -803.9 |    -1292.3 |    121 | u_mul.result\[24\]$_DFFE_PN0P_/D
      10* |       0 |       0 |       10 |      0 |     5 |    +0.0% |  -25.601 |     -561.6 |    -1194.4 |    121 | u_mul.result\[24\]$_DFFE_PN0P_/D
      20* |       0 |       1 |       19 |      0 |    10 |    +0.0% |  -21.569 |     -538.0 |    -1091.2 |    121 | u_mul.result\[22\]$_DFFE_PN0P_/D
      30* |       0 |       2 |       28 |      0 |    15 |    +0.1% |  -18.680 |     -391.5 |     -713.2 |    121 | u_mul.result\[12\]$_DFFE_PN0P_/D
      40* |       0 |       2 |       46 |      0 |    18 |    +0.1% |  -13.255 |     -207.1 |     -449.7 |    121 | u_mul.result\[25\]$_DFFE_PN0P_/D
      50* |       0 |       4 |       56 |      0 |    21 |    +0.1% |  -10.539 |     -134.7 |     -240.9 |    121 | u_mul.result\[25\]$_DFFE_PN0P_/D
      60* |       0 |       4 |       66 |      0 |    26 |    +0.2% |   -7.137 |      -84.3 |     -162.7 |    121 | u_mul.result\[23\]$_DFFE_PN0P_/D
      70* |       0 |       5 |       71 |      0 |    32 |    +0.2% |   -6.024 |      -68.3 |     -130.4 |    121 | if_id_instr\[19\]$_DFFE_PN0P_/D
      80* |       0 |       6 |       75 |      1 |    39 |    +0.2% |  -11.984 |      -74.0 |     -122.9 |    121 | u_mul.result\[22\]$_DFFE_PN0P_/D
      85* |       0 |       9 |       75 |      1 |    41 |    +0.2% |   -5.114 |      -54.7 |      -85.5 |    121 | u_mul.result\[31\]$_DFFE_PN0P_/D
      90* |       0 |       9 |       78 |      1 |    43 |    +0.2% |   -4.996 |      -41.5 |      -74.0 |    121 | u_mul.result\[31\]$_DFFE_PN0P_/D
      91* |       0 |       9 |       81 |      1 |    43 |    +0.2% |   -4.996 |      -38.7 |      -71.1 |    121 | u_mul.result\[31\]$_DFFE_PN0P_/D
      92* |       0 |       9 |       81 |      1 |    43 |    +0.2% |   -4.996 |      -38.7 |      -71.1 |    121 | u_mul.result\[31\]$_DFFE_PN0P_/D
      93* |       0 |       9 |       81 |      1 |    43 |    +0.2% |   -4.996 |      -38.7 |      -71.1 |    121 | u_mul.result\[31\]$_DFFE_PN0P_/D
     100* |       0 |      10 |       83 |      1 |    47 |    +0.2% |   -4.383 |      -35.2 |      -65.5 |    121 | if_id_instr\[19\]$_DFFE_PN0P_/D
     110* |       0 |      15 |       83 |      1 |    52 |    +0.2% |   -4.930 |      -38.2 |      -67.1 |    121 | u_mul.result\[16\]$_DFFE_PN0P_/D
     112* |       0 |      12 |       83 |      1 |    51 |    +0.2% |   -4.383 |      -36.3 |      -61.4 |    121 | if_id_instr\[19\]$_DFFE_PN0P_/D
     115* |       0 |      13 |       83 |      1 |    51 |    +0.2% |   -4.383 |      -36.3 |      -61.4 |    121 | if_id_instr\[19\]$_DFFE_PN0P_/D
     120* |       0 |      13 |       85 |      1 |    53 |    +0.2% |   -4.383 |      -33.7 |      -58.9 |    121 | if_id_instr\[19\]$_DFFE_PN0P_/D
     120* |       0 |      13 |       85 |      1 |    53 |    +0.2% |   -4.383 |      -33.7 |      -58.9 |    121 | if_id_instr\[19\]$_DFFE_PN0P_/D
     122* |       0 |      13 |       86 |      1 |    53 |    +0.2% |   -4.383 |      -30.6 |      -51.7 |    121 | if_id_instr\[19\]$_DFFE_PN0P_/D
     129* |       0 |      13 |       90 |      1 |    56 |    +0.2% |   -4.383 |      -29.5 |      -49.8 |    121 | if_id_instr\[19\]$_DFFE_PN0P_/D
     130* |       0 |      13 |       90 |      1 |    56 |    +0.2% |   -4.383 |      -29.5 |      -49.8 |    121 | if_id_instr\[19\]$_DFFE_PN0P_/D
     130* |       0 |      13 |       90 |      1 |    56 |    +0.2% |   -4.383 |      -29.5 |      -49.8 |    121 | if_id_instr\[19\]$_DFFE_PN0P_/D
     131* |       0 |      13 |       90 |      1 |    56 |    +0.2% |   -4.383 |      -29.5 |      -49.8 |    121 | if_id_instr\[19\]$_DFFE_PN0P_/D
     132* |       0 |      13 |       90 |      1 |    56 |    +0.2% |   -4.383 |      -29.5 |      -49.8 |    121 | if_id_instr\[19\]$_DFFE_PN0P_/D
     133* |       0 |      13 |       90 |      1 |    56 |    +0.2% |   -4.383 |      -29.5 |      -49.8 |    121 | if_id_instr\[19\]$_DFFE_PN0P_/D
     139* |       0 |      16 |       92 |      1 |    57 |    +0.3% |   -4.232 |      -16.8 |       -9.4 |    121 | u_mul.result\[24\]$_DFFE_PN0P_/D
     140* |       0 |      16 |       92 |      1 |    57 |    +0.3% |   -4.232 |      -16.8 |       -9.4 |    121 | u_mul.result\[24\]$_DFFE_PN0P_/D
     140* |       0 |      16 |       92 |      1 |    57 |    +0.3% |   -4.232 |      -16.8 |       -9.4 |    121 | u_mul.result\[24\]$_DFFE_PN0P_/D
     141* |       0 |      16 |       92 |      1 |    57 |    +0.3% |   -4.232 |      -16.8 |       -9.4 |    121 | u_mul.result\[24\]$_DFFE_PN0P_/D
     142* |       0 |      16 |       92 |      1 |    57 |    +0.3% |   -4.232 |      -16.8 |       -9.4 |    121 | u_mul.result\[24\]$_DFFE_PN0P_/D
     143* |       0 |      16 |       92 |      1 |    57 |    +0.3% |   -4.232 |      -16.8 |       -9.4 |    121 | u_mul.result\[24\]$_DFFE_PN0P_/D
     144* |       0 |      16 |       92 |      1 |    57 |    +0.3% |   -4.232 |      -16.8 |       -9.4 |    121 | u_mul.result\[24\]$_DFFE_PN0P_/D
     145* |       0 |      16 |       92 |      1 |    57 |    +0.3% |   -4.232 |      -16.8 |       -9.4 |    121 | u_mul.result\[24\]$_DFFE_PN0P_/D
     146* |       0 |      16 |       92 |      1 |    57 |    +0.3% |   -4.232 |      -16.8 |       -9.4 |    121 | u_mul.result\[24\]$_DFFE_PN0P_/D
     147* |       0 |      16 |       92 |      1 |    57 |    +0.3% |   -4.232 |      -16.8 |       -9.4 |    121 | u_mul.result\[24\]$_DFFE_PN0P_/D
     148* |       0 |      16 |       92 |      1 |    57 |    +0.3% |   -4.232 |      -16.8 |       -9.4 |    121 | u_mul.result\[24\]$_DFFE_PN0P_/D
     149* |       0 |      16 |       92 |      1 |    57 |    +0.3% |   -4.232 |      -16.8 |       -9.4 |    121 | u_mul.result\[24\]$_DFFE_PN0P_/D
     150* |       0 |      16 |       92 |      1 |    57 |    +0.3% |   -4.232 |      -16.8 |       -9.4 |    121 | u_mul.result\[24\]$_DFFE_PN0P_/D
     150* |       0 |      16 |       92 |      1 |    57 |    +0.3% |   -4.232 |      -16.8 |       -9.4 |    121 | u_mul.result\[24\]$_DFFE_PN0P_/D
     155* |       0 |      17 |       94 |      1 |    59 |    +0.3% |   -4.228 |       -8.2 |       -5.5 |    121 | u_mul.result\[24\]$_DFFE_PN0P_/D
     156* |       0 |      17 |       94 |      1 |    59 |    +0.3% |   -4.228 |       -8.2 |       -5.5 |    121 | u_mul.result\[24\]$_DFFE_PN0P_/D
     157* |       0 |      17 |       94 |      1 |    59 |    +0.3% |   -4.228 |       -8.2 |       -5.5 |    121 | u_mul.result\[24\]$_DFFE_PN0P_/D
     158* |       0 |      17 |       94 |      1 |    59 |    +0.3% |   -4.228 |       -8.2 |       -5.5 |    121 | u_mul.result\[24\]$_DFFE_PN0P_/D
     159* |       0 |      17 |       94 |      1 |    59 |    +0.3% |   -4.228 |       -8.2 |       -5.5 |    121 | u_mul.result\[24\]$_DFFE_PN0P_/D
     160* |       0 |      17 |       94 |      1 |    59 |    +0.3% |   -4.228 |       -8.2 |       -5.5 |    121 | u_mul.result\[24\]$_DFFE_PN0P_/D
     161* |       0 |      18 |       94 |      1 |    59 |    +0.3% |   -4.228 |       -9.4 |       -6.7 |    121 | u_mul.result\[24\]$_DFFE_PN0P_/D
     163* |       0 |      19 |       94 |      1 |    59 |    +0.3% |   -4.228 |       -8.9 |       -6.2 |    121 | u_mul.result\[24\]$_DFFE_PN0P_/D
     164* |       0 |      19 |       94 |      1 |    59 |    +0.3% |   -4.228 |       -8.9 |       -6.2 |    121 | u_mul.result\[24\]$_DFFE_PN0P_/D
     165* |       0 |      19 |       94 |      1 |    59 |    +0.3% |   -4.228 |       -8.9 |       -6.2 |    121 | u_mul.result\[24\]$_DFFE_PN0P_/D
     166* |       0 |      19 |       94 |      1 |    59 |    +0.3% |   -4.228 |       -8.9 |       -6.2 |    121 | u_mul.result\[24\]$_DFFE_PN0P_/D
     167* |       0 |      19 |       94 |      1 |    59 |    +0.3% |   -4.228 |       -8.9 |       -6.2 |    121 | u_mul.result\[24\]$_DFFE_PN0P_/D
     169* |       0 |      20 |       94 |      1 |    59 |    +0.3% |   -4.228 |       -8.2 |       -5.5 |    121 | u_mul.result\[24\]$_DFFE_PN0P_/D
     170* |       0 |      20 |       94 |      1 |    59 |    +0.3% |   -4.228 |       -8.2 |       -5.5 |    121 | u_mul.result\[24\]$_DFFE_PN0P_/D
     170* |       0 |      20 |       94 |      1 |    59 |    +0.3% |   -4.228 |       -8.2 |       -5.5 |    121 | u_mul.result\[24\]$_DFFE_PN0P_/D
     171* |       0 |      20 |       94 |      1 |    59 |    +0.3% |   -4.228 |       -8.2 |       -5.5 |    121 | u_mul.result\[24\]$_DFFE_PN0P_/D
     172* |       0 |      20 |       94 |      1 |    59 |    +0.3% |   -4.228 |       -8.2 |       -5.5 |    121 | u_mul.result\[24\]$_DFFE_PN0P_/D
     173* |       0 |      20 |       94 |      1 |    59 |    +0.3% |   -4.228 |       -8.2 |       -5.5 |    121 | u_mul.result\[24\]$_DFFE_PN0P_/D
     174* |       0 |      20 |       94 |      1 |    59 |    +0.3% |   -4.228 |       -8.2 |       -5.5 |    121 | u_mul.result\[24\]$_DFFE_PN0P_/D
     175* |       0 |      20 |       94 |      1 |    59 |    +0.3% |   -4.228 |       -8.2 |       -5.5 |    121 | u_mul.result\[24\]$_DFFE_PN0P_/D
     176* |       0 |      20 |       94 |      1 |    59 |    +0.3% |   -4.228 |       -8.2 |       -5.5 |    121 | u_mul.result\[24\]$_DFFE_PN0P_/D
     177* |       0 |      20 |       94 |      1 |    59 |    +0.3% |   -4.228 |       -8.2 |       -5.5 |    121 | u_mul.result\[24\]$_DFFE_PN0P_/D
     178* |       0 |      20 |       94 |      1 |    59 |    +0.3% |   -4.228 |       -8.2 |       -5.5 |    121 | u_mul.result\[24\]$_DFFE_PN0P_/D
     179* |       0 |      20 |       94 |      1 |    59 |    +0.3% |   -4.228 |       -8.2 |       -5.5 |    121 | u_mul.result\[24\]$_DFFE_PN0P_/D
     180* |       0 |      20 |       94 |      1 |    59 |    +0.3% |   -4.228 |       -8.2 |       -5.5 |    121 | u_mul.result\[24\]$_DFFE_PN0P_/D
     180* |       0 |      20 |       94 |      1 |    59 |    +0.3% |   -4.228 |       -8.2 |       -5.5 |    121 | u_mul.result\[24\]$_DFFE_PN0P_/D
     181* |       0 |      20 |       94 |      1 |    59 |    +0.3% |   -4.228 |       -8.2 |       -5.5 |    121 | u_mul.result\[24\]$_DFFE_PN0P_/D
     182* |       0 |      20 |       94 |      1 |    59 |    +0.3% |   -4.228 |       -8.2 |       -5.5 |    121 | u_mul.result\[24\]$_DFFE_PN0P_/D
     183* |       0 |      20 |       94 |      1 |    59 |    +0.3% |   -4.228 |       -8.2 |       -5.5 |    121 | u_mul.result\[24\]$_DFFE_PN0P_/D
     184* |       0 |      20 |       94 |      1 |    59 |    +0.3% |   -4.228 |       -8.2 |       -5.5 |    121 | u_mul.result\[24\]$_DFFE_PN0P_/D
     185* |       0 |      20 |       94 |      1 |    59 |    +0.3% |   -4.228 |       -8.2 |       -5.5 |    121 | u_mul.result\[24\]$_DFFE_PN0P_/D
     186* |       0 |      20 |       94 |      1 |    59 |    +0.3% |   -4.228 |       -8.2 |       -5.5 |    121 | u_mul.result\[24\]$_DFFE_PN0P_/D
     187* |       0 |      20 |       94 |      1 |    59 |    +0.3% |   -4.228 |       -8.2 |       -5.5 |    121 | u_mul.result\[24\]$_DFFE_PN0P_/D
     188* |       0 |      20 |       94 |      1 |    59 |    +0.3% |   -4.228 |       -8.2 |       -5.5 |    121 | u_mul.result\[24\]$_DFFE_PN0P_/D
     189* |       0 |      20 |       94 |      1 |    59 |    +0.3% |   -4.228 |       -8.2 |       -5.5 |    121 | u_mul.result\[24\]$_DFFE_PN0P_/D
     190* |       0 |      20 |       94 |      1 |    59 |    +0.3% |   -4.228 |       -8.2 |       -5.5 |    121 | u_mul.result\[24\]$_DFFE_PN0P_/D
     190* |       0 |      20 |       94 |      1 |    59 |    +0.3% |   -4.228 |       -8.2 |       -5.5 |    121 | u_mul.result\[24\]$_DFFE_PN0P_/D
     191* |       0 |      20 |       94 |      1 |    59 |    +0.3% |   -4.228 |       -8.2 |       -5.5 |    121 | u_mul.result\[24\]$_DFFE_PN0P_/D
     192* |       0 |      20 |       94 |      1 |    59 |    +0.3% |   -4.228 |       -8.2 |       -5.5 |    121 | u_mul.result\[24\]$_DFFE_PN0P_/D
     193* |       0 |      20 |       94 |      1 |    59 |    +0.3% |   -4.228 |       -8.2 |       -5.5 |    121 | u_mul.result\[24\]$_DFFE_PN0P_/D
     194* |       0 |      20 |       94 |      1 |    59 |    +0.3% |   -4.228 |       -8.2 |       -5.5 |    121 | u_mul.result\[24\]$_DFFE_PN0P_/D
     195* |       0 |      20 |       94 |      1 |    59 |    +0.3% |   -4.228 |       -8.2 |       -5.5 |    121 | u_mul.result\[24\]$_DFFE_PN0P_/D
     196* |       0 |      20 |       94 |      1 |    59 |    +0.3% |   -4.228 |       -8.2 |       -5.5 |    121 | u_mul.result\[24\]$_DFFE_PN0P_/D
     197* |       0 |      20 |       94 |      1 |    59 |    +0.3% |   -4.228 |       -8.2 |       -5.5 |    121 | u_mul.result\[24\]$_DFFE_PN0P_/D
     198* |       0 |      20 |       94 |      1 |    59 |    +0.3% |   -4.228 |       -8.2 |       -5.5 |    121 | u_mul.result\[24\]$_DFFE_PN0P_/D
     199* |       0 |      20 |       94 |      1 |    59 |    +0.3% |   -4.228 |       -8.2 |       -5.5 |    121 | u_mul.result\[24\]$_DFFE_PN0P_/D
     200* |       0 |      20 |       94 |      1 |    59 |    +0.3% |   -4.228 |       -8.2 |       -5.5 |    121 | u_mul.result\[24\]$_DFFE_PN0P_/D
     200* |       0 |      20 |       94 |      1 |    59 |    +0.3% |   -4.228 |       -8.2 |       -5.5 |    121 | u_mul.result\[24\]$_DFFE_PN0P_/D
     201* |       0 |      20 |       94 |      1 |    59 |    +0.3% |   -4.228 |       -8.2 |       -5.5 |    121 | u_mul.result\[24\]$_DFFE_PN0P_/D
     205* |       0 |      21 |       94 |      1 |    61 |    +0.3% |   -4.228 |       -8.2 |       -4.9 |    121 | u_mul.result\[24\]$_DFFE_PN0P_/D
     206* |       0 |      21 |       94 |      1 |    61 |    +0.3% |   -4.228 |       -8.2 |       -4.9 |    121 | u_mul.result\[24\]$_DFFE_PN0P_/D
     207* |       0 |      21 |       94 |      1 |    61 |    +0.3% |   -4.228 |       -8.2 |       -4.9 |    121 | u_mul.result\[24\]$_DFFE_PN0P_/D
     208* |       0 |      21 |       94 |      1 |    61 |    +0.3% |   -4.228 |       -8.2 |       -4.9 |    121 | u_mul.result\[24\]$_DFFE_PN0P_/D
     209* |       0 |      21 |       94 |      1 |    61 |    +0.3% |   -4.228 |       -8.2 |       -4.9 |    121 | u_mul.result\[24\]$_DFFE_PN0P_/D
     210* |       0 |      21 |       94 |      1 |    61 |    +0.3% |   -4.228 |       -8.2 |       -4.9 |    121 | u_mul.result\[24\]$_DFFE_PN0P_/D
     210* |       0 |      21 |       94 |      1 |    61 |    +0.3% |   -4.228 |       -8.2 |       -4.9 |    121 | u_mul.result\[24\]$_DFFE_PN0P_/D
     211* |       0 |      21 |       94 |      1 |    61 |    +0.3% |   -4.228 |       -8.2 |       -4.9 |    121 | u_mul.result\[24\]$_DFFE_PN0P_/D
     212* |       0 |      21 |       94 |      1 |    61 |    +0.3% |   -4.228 |       -8.2 |       -4.9 |    121 | u_mul.result\[24\]$_DFFE_PN0P_/D
     213* |       0 |      21 |       94 |      1 |    61 |    +0.3% |   -4.228 |       -8.2 |       -4.9 |    121 | u_mul.result\[24\]$_DFFE_PN0P_/D
     214* |       0 |      21 |       94 |      1 |    61 |    +0.3% |   -4.228 |       -8.2 |       -4.9 |    121 | u_mul.result\[24\]$_DFFE_PN0P_/D
     215* |       0 |      21 |       94 |      1 |    61 |    +0.3% |   -4.228 |       -8.2 |       -4.9 |    121 | u_mul.result\[24\]$_DFFE_PN0P_/D
     216* |       0 |      21 |       94 |      1 |    61 |    +0.3% |   -4.228 |       -8.2 |       -4.9 |    121 | u_mul.result\[24\]$_DFFE_PN0P_/D
     217* |       0 |      21 |       94 |      1 |    61 |    +0.3% |   -4.228 |       -8.2 |       -4.9 |    121 | u_mul.result\[24\]$_DFFE_PN0P_/D
     218* |       0 |      21 |       94 |      1 |    61 |    +0.3% |   -4.228 |       -8.2 |       -4.9 |    121 | u_mul.result\[24\]$_DFFE_PN0P_/D
     219* |       0 |      21 |       94 |      1 |    61 |    +0.3% |   -4.228 |       -8.2 |       -4.9 |    121 | u_mul.result\[24\]$_DFFE_PN0P_/D
     220* |       0 |      21 |       94 |      1 |    61 |    +0.3% |   -4.228 |       -8.2 |       -4.9 |    121 | u_mul.result\[24\]$_DFFE_PN0P_/D
     220* |       0 |      21 |       94 |      1 |    61 |    +0.3% |   -4.228 |       -8.2 |       -4.9 |    121 | u_mul.result\[24\]$_DFFE_PN0P_/D
     221* |       0 |      21 |       94 |      1 |    61 |    +0.3% |   -4.228 |       -8.2 |       -4.9 |    121 | u_mul.result\[24\]$_DFFE_PN0P_/D
     222* |       0 |      21 |       94 |      1 |    61 |    +0.3% |   -4.228 |       -8.2 |       -4.9 |    121 | u_mul.result\[24\]$_DFFE_PN0P_/D
     223* |       0 |      21 |       94 |      1 |    61 |    +0.3% |   -4.228 |       -8.2 |       -4.9 |    121 | u_mul.result\[24\]$_DFFE_PN0P_/D
     224* |       0 |      21 |       94 |      1 |    61 |    +0.3% |   -4.228 |       -8.2 |       -4.9 |    121 | u_mul.result\[24\]$_DFFE_PN0P_/D
     225* |       0 |      21 |       94 |      1 |    61 |    +0.3% |   -4.228 |       -8.2 |       -4.9 |    121 | u_mul.result\[24\]$_DFFE_PN0P_/D
     226* |       0 |      21 |       94 |      1 |    61 |    +0.3% |   -4.228 |       -8.2 |       -4.9 |    121 | u_mul.result\[24\]$_DFFE_PN0P_/D
     227* |       0 |      21 |       94 |      1 |    61 |    +0.3% |   -4.228 |       -8.2 |       -4.9 |    121 | u_mul.result\[24\]$_DFFE_PN0P_/D
     228* |       0 |      21 |       94 |      1 |    61 |    +0.3% |   -4.228 |       -8.2 |       -4.9 |    121 | u_mul.result\[24\]$_DFFE_PN0P_/D
     229* |       0 |      21 |       94 |      1 |    61 |    +0.3% |   -4.228 |       -8.2 |       -4.9 |    121 | u_mul.result\[24\]$_DFFE_PN0P_/D
     230* |       0 |      21 |       94 |      1 |    61 |    +0.3% |   -4.228 |       -8.2 |       -4.9 |    121 | u_mul.result\[24\]$_DFFE_PN0P_/D
     230* |       0 |      21 |       94 |      1 |    61 |    +0.3% |   -4.228 |       -8.2 |       -4.9 |    121 | u_mul.result\[24\]$_DFFE_PN0P_/D
     231* |       0 |      21 |       94 |      1 |    61 |    +0.3% |   -4.228 |       -8.2 |       -4.9 |    121 | u_mul.result\[24\]$_DFFE_PN0P_/D
     232* |       0 |      21 |       94 |      1 |    61 |    +0.3% |   -4.228 |       -8.2 |       -4.9 |    121 | u_mul.result\[24\]$_DFFE_PN0P_/D
     233* |       0 |      21 |       94 |      1 |    61 |    +0.3% |   -4.228 |       -8.2 |       -4.9 |    121 | u_mul.result\[24\]$_DFFE_PN0P_/D
     234* |       0 |      21 |       94 |      1 |    61 |    +0.3% |   -4.228 |       -8.2 |       -4.9 |    121 | u_mul.result\[24\]$_DFFE_PN0P_/D
     235* |       0 |      21 |       94 |      1 |    61 |    +0.3% |   -4.228 |       -8.2 |       -4.9 |    121 | u_mul.result\[24\]$_DFFE_PN0P_/D
     236* |       0 |      21 |       94 |      1 |    61 |    +0.3% |   -4.228 |       -8.2 |       -4.9 |    121 | u_mul.result\[24\]$_DFFE_PN0P_/D
     237* |       0 |      21 |       94 |      1 |    61 |    +0.3% |   -4.228 |       -8.2 |       -4.9 |    121 | u_mul.result\[24\]$_DFFE_PN0P_/D
     238* |       0 |      21 |       94 |      1 |    61 |    +0.3% |   -4.228 |       -8.2 |       -4.9 |    121 | u_mul.result\[24\]$_DFFE_PN0P_/D
     239* |       0 |      21 |       94 |      1 |    61 |    +0.3% |   -4.228 |       -8.2 |       -4.9 |    121 | u_mul.result\[24\]$_DFFE_PN0P_/D
     240* |       0 |      21 |       94 |      1 |    61 |    +0.3% |   -4.228 |       -8.2 |       -4.9 |    121 | u_mul.result\[24\]$_DFFE_PN0P_/D
     240* |       0 |      21 |       94 |      1 |    61 |    +0.3% |   -4.228 |       -8.2 |       -4.9 |    121 | u_mul.result\[24\]$_DFFE_PN0P_/D
     241* |       0 |      21 |       94 |      1 |    61 |    +0.3% |   -4.228 |       -8.2 |       -4.9 |    121 | u_mul.result\[24\]$_DFFE_PN0P_/D
     242* |       0 |      21 |       94 |      1 |    61 |    +0.3% |   -4.228 |       -8.2 |       -4.9 |    121 | u_mul.result\[24\]$_DFFE_PN0P_/D
     243* |       0 |      21 |       94 |      1 |    61 |    +0.3% |   -4.228 |       -8.2 |       -4.9 |    121 | u_mul.result\[24\]$_DFFE_PN0P_/D
     244* |       0 |      21 |       94 |      1 |    61 |    +0.3% |   -4.228 |       -8.2 |       -4.9 |    121 | u_mul.result\[24\]$_DFFE_PN0P_/D
     245* |       0 |      21 |       94 |      1 |    61 |    +0.3% |   -4.228 |       -8.2 |       -4.9 |    121 | u_mul.result\[24\]$_DFFE_PN0P_/D
     246* |       0 |      21 |       94 |      1 |    61 |    +0.3% |   -4.228 |       -8.2 |       -4.9 |    121 | u_mul.result\[24\]$_DFFE_PN0P_/D
     247* |       0 |      21 |       94 |      1 |    61 |    +0.3% |   -4.228 |       -8.2 |       -4.9 |    121 | u_mul.result\[24\]$_DFFE_PN0P_/D
     248* |       0 |      21 |       94 |      1 |    61 |    +0.3% |   -4.228 |       -8.2 |       -4.9 |    121 | u_mul.result\[24\]$_DFFE_PN0P_/D
     249* |       0 |      21 |       94 |      1 |    61 |    +0.3% |   -4.228 |       -8.2 |       -4.9 |    121 | u_mul.result\[24\]$_DFFE_PN0P_/D
     250* |       0 |      21 |       94 |      1 |    61 |    +0.3% |   -4.228 |       -8.2 |       -4.9 |    121 | u_mul.result\[24\]$_DFFE_PN0P_/D
     250* |       0 |      21 |       94 |      1 |    61 |    +0.3% |   -4.228 |       -8.2 |       -4.9 |    121 | u_mul.result\[24\]$_DFFE_PN0P_/D
     251* |       0 |      21 |       94 |      1 |    61 |    +0.3% |   -4.228 |       -8.2 |       -4.9 |    121 | u_mul.result\[24\]$_DFFE_PN0P_/D
     252* |       0 |      21 |       94 |      1 |    61 |    +0.3% |   -4.228 |       -8.2 |       -4.9 |    121 | u_mul.result\[24\]$_DFFE_PN0P_/D
     253* |       0 |      21 |       94 |      1 |    61 |    +0.3% |   -4.228 |       -8.2 |       -4.9 |    121 | u_mul.result\[24\]$_DFFE_PN0P_/D
     254* |       0 |      21 |       94 |      1 |    61 |    +0.3% |   -4.228 |       -8.2 |       -4.9 |    121 | u_mul.result\[24\]$_DFFE_PN0P_/D
     255* |       0 |      21 |       94 |      1 |    61 |    +0.3% |   -4.228 |       -8.2 |       -4.9 |    121 | u_mul.result\[24\]$_DFFE_PN0P_/D
     256* |       0 |      21 |       94 |      1 |    61 |    +0.3% |   -4.228 |       -8.2 |       -4.9 |    121 | u_mul.result\[24\]$_DFFE_PN0P_/D
     256* |       0 |      21 |       94 |      1 |    61 |    +0.3% |   -4.228 |       -8.2 |       -4.9 |    121 | u_mul.result\[24\]$_DFFE_PN0P_/D
     260+ |       0 |      21 |       94 |      1 |    64 |    +0.3% |   -0.750 |       -1.3 |       -1.4 |      3 | u_mul.result\[24\]$_DFFE_PN0P_/D
     261+ |       0 |      22 |       94 |      1 |    65 |    +0.3% |   -0.418 |       -0.6 |       -0.4 |      3 | u_mul.result\[24\]$_DFFE_PN0P_/D
     262+ |       0 |      22 |       94 |      1 |    65 |    +0.3% |   -0.418 |       -0.6 |       -0.4 |      3 | u_mul.result\[24\]$_DFFE_PN0P_/D
     263+ |       0 |      22 |       94 |      1 |    65 |    +0.3% |   -0.418 |       -0.6 |       -0.4 |      3 | u_mul.result\[24\]$_DFFE_PN0P_/D
    final |       0 |      22 |       94 |      1 |    65 |    +0.3% |   -0.418 |       -0.6 |       -0.4 |      1 | u_mul.result\[24\]$_DFFE_PN0P_/D
------------------------------------------------------------------------------------------------------------------------------
[INFO RSZ-0040] Inserted 94 buffers.
[INFO RSZ-0051] Resized 22 instances: 22 up, 0 up match, 0 down, 0 VT
[INFO RSZ-0043] Swapped pins on 65 instances.
[INFO RSZ-0049] Cloned 1 instances.
[WARNING RSZ-0062] Unable to repair all setup violations.
[INFO RSZ-0033] No hold violations found.
Took 44 seconds: repair_timing -setup_margin 0 -hold_margin 0 -repair_tns 100 -verbose
global_route -start_incremental
detailed_placement
[INFO DPL-0006] Core area: 7521.05 um^2, Instances area: 3572.01 um^2, Utilization: 47.5%
[INFO DPL-0005] Diamond search max displacement: +/- 500 sites horizontally, +/- 100 rows vertically.
[INFO DPL-1101] Legalizing using diamond search.
Movements Summary
---------------------------------------
Total cells:                   30948
Diamond Move Success:          30948 (100.00%)
Diamond Move Failure:              0
Rip-up and replace Success:        0 (  0.00% of diamond failures)
Rip-up and replace Failure:        0
Total Placement Failures:          0
---------------------------------------
Placement Analysis
---------------------------------
total displacement         44.9 u
average displacement        0.0 u
max displacement            0.8 u
original HPWL           95106.7 u
legalized HPWL          95137.8 u
delta HPWL                    0 %

check_placement -verbose
global_route -end_incremental -resistance_aware -congestion_report_file ./reports/asap7/rv32imc_top/p930/congestion_post_repair_timing.rpt
estimate_parasitics -global_routing
repair_timing -setup -sequence "vt_swap reroute" -skip_last_gasp -repair_tns 0 -verbose
[INFO RSZ-0100] Repair move sequence: RerouteMove 
[INFO RSZ-0094] Found 4 endpoints with setup violations.
[INFO RSZ-0099] Repairing 1 out of 4 (0.00%) violating endpoints...
   Iter   | Removed | Resized | Inserted | Cloned |  Pin  |   Area   |    WNS   |   StTNS    |   EnTNS    |  Viol  |  Worst  
          | Buffers |  Gates  | Buffers  |  Gates | Swaps |          |          |            |            | Endpts | St/EnPt 
------------------------------------------------------------------------------------------------------------------------------
       0* |       0 |       0 |        0 |      0 |     0 |    +0.0% |   -1.126 |       -1.7 |       -2.4 |      4 | u_mul.result\[24\]$_DFFE_PN0P_/D
       1* |       0 |       0 |        0 |      0 |     0 |    +0.0% |   -1.126 |       -1.7 |       -2.4 |      4 | u_mul.result\[24\]$_DFFE_PN0P_/D
       1* |       0 |       0 |        0 |      0 |     0 |    +0.0% |   -1.126 |       -1.7 |       -2.4 |      4 | u_mul.result\[24\]$_DFFE_PN0P_/D
    final |       0 |       0 |        0 |      0 |     0 |    +0.0% |   -1.126 |       -1.7 |       -2.4 |      4 | u_mul.result\[24\]$_DFFE_PN0P_/D
------------------------------------------------------------------------------------------------------------------------------
[WARNING RSZ-0062] Unable to repair all setup violations.
Took 8 seconds: repair_timing -setup -sequence "vt_swap reroute" -skip_last_gasp -repair_tns 0 -verbose
Repair antennas...
[WARNING GRT-0246] No diode with LEF class CORE ANTENNACELL found.
[INFO ANT-0002] Found 0 net violations.
[INFO ANT-0001] Found 0 pin violations.
Estimate parasitics...
estimate_parasitics -global_routing
Report metrics stage 5, global route...

==========================================================================
global route report_design_area
--------------------------------------------------------------------------
Design area 3572 um^2 47% utilization.
[INFO FLW-0007] clock core_clk period 930.000000
[INFO FLW-0008] Clock core_clk period 884.569
[INFO FLW-0009] Clock core_clk slack -1.126
write_sdc -no_timestamp ./results/asap7/rv32imc_top/p930/updated_clks.sdc
[INFO FLW-0011] Path endpoint path count 3295
write_db ./results/asap7/rv32imc_top/p930/5_1_grt.odb
write_sdc -no_timestamp ./results/asap7/rv32imc_top/p930/5_1_grt.sdc
Elapsed time: 9:34.90[h:]min:sec. CPU time: user 766.74 sys 48.07 (141%). Peak memory: 851852KB.
Log                       Ext     Elapsed/s Peak Memory/MB sha1sum result [0:20)
5_1_grt                   .odb          574            831 619416d7ea0c44bec16a
5_1_grt                   .sdc                             3063b036cfe34ff8f79c
make: Leaving directory '/home/hatch/workspace/rv32imc-cpu/tools/orfs/flow'
