make: Entering directory '/home/hatch/workspace/rv32imc-cpu/tools/orfs/flow'
mkdir -p ./results/asap7/rv32imc_top/p900/
echo 667 > ./results/asap7/rv32imc_top/p900/clock_period.txt
/home/hatch/workspace/rv32imc-cpu/tools/orfs/flow/scripts/synth.sh /home/hatch/workspace/rv32imc-cpu/tools/orfs/flow/scripts/synth_canonicalize.tcl ./logs/asap7/rv32imc_top/p900/1_1_yosys_canonicalize.log
Using ABC area script.
Extracting clock period from SDC file: ./results/asap7/rv32imc_top/p900/clock_period.txt
Setting clock period to 667
1. Executing Liberty frontend: /home/hatch/workspace/rv32imc-cpu/tools/orfs/flow/platforms/asap7/lib/NLDM/asap7sc7p5t_AO_RVT_FF_nldm_211120.lib.gz
2. Executing Liberty frontend: /home/hatch/workspace/rv32imc-cpu/tools/orfs/flow/platforms/asap7/lib/NLDM/asap7sc7p5t_INVBUF_RVT_FF_nldm_220122.lib.gz
3. Executing Liberty frontend: /home/hatch/workspace/rv32imc-cpu/tools/orfs/flow/platforms/asap7/lib/NLDM/asap7sc7p5t_OA_RVT_FF_nldm_211120.lib.gz
4. Executing Liberty frontend: /home/hatch/workspace/rv32imc-cpu/tools/orfs/flow/platforms/asap7/lib/NLDM/asap7sc7p5t_SIMPLE_RVT_FF_nldm_211120.lib.gz
5. Executing Liberty frontend: /home/hatch/workspace/rv32imc-cpu/tools/orfs/flow/platforms/asap7/lib/NLDM/asap7sc7p5t_SEQ_RVT_FF_nldm_220123.lib
6. Executing Liberty frontend: /home/hatch/workspace/rv32imc-cpu/tools/orfs/flow/platforms/asap7/lib/NLDM/asap7sc7p5t_AO_RVT_FF_nldm_211120.lib.gz
7. Executing Liberty frontend: /home/hatch/workspace/rv32imc-cpu/tools/orfs/flow/platforms/asap7/lib/NLDM/asap7sc7p5t_INVBUF_RVT_FF_nldm_220122.lib.gz
8. Executing Liberty frontend: /home/hatch/workspace/rv32imc-cpu/tools/orfs/flow/platforms/asap7/lib/NLDM/asap7sc7p5t_OA_RVT_FF_nldm_211120.lib.gz
9. Executing Liberty frontend: /home/hatch/workspace/rv32imc-cpu/tools/orfs/flow/platforms/asap7/lib/NLDM/asap7sc7p5t_SIMPLE_RVT_FF_nldm_211120.lib.gz
10. Executing Liberty frontend: /home/hatch/workspace/rv32imc-cpu/tools/orfs/flow/platforms/asap7/lib/NLDM/asap7sc7p5t_SEQ_RVT_FF_nldm_220123.lib
11. Executing Verilog-2005 frontend: /home/hatch/workspace/rv32imc-cpu/rtl/alu.v
12. Executing Verilog-2005 frontend: /home/hatch/workspace/rv32imc-cpu/rtl/compressed_decoder.v
13. Executing Verilog-2005 frontend: /home/hatch/workspace/rv32imc-cpu/rtl/csr.v
14. Executing Verilog-2005 frontend: /home/hatch/workspace/rv32imc-cpu/rtl/mul_div.v
15. Executing Verilog-2005 frontend: /home/hatch/workspace/rv32imc-cpu/rtl/regfile.v
16. Executing Verilog-2005 frontend: /home/hatch/workspace/rv32imc-cpu/rtl/rv32imc_top.v
17. Executing Verilog-2005 frontend: /home/hatch/workspace/rv32imc-cpu/rtl/tb_extended.v
18. Executing Verilog-2005 frontend: /home/hatch/workspace/rv32imc-cpu/rtl/tb_smoke.v
19. Executing Verilog-2005 frontend: /home/hatch/workspace/rv32imc-cpu/tools/orfs/flow/platforms/asap7/yoSys/cells_clkgate_R.v
20. Executing HIERARCHY pass (managing design hierarchy).
21. Executing AST frontend in derive mode using pre-parsed AST for module `\rv32imc_top'.
21.1. Analyzing design hierarchy..
21.2. Executing AST frontend in derive mode using pre-parsed AST for module `\csr'.
21.3. Executing AST frontend in derive mode using pre-parsed AST for module `\divider'.
21.4. Executing AST frontend in derive mode using pre-parsed AST for module `\multiplier'.
21.5. Executing AST frontend in derive mode using pre-parsed AST for module `\alu'.
21.6. Executing AST frontend in derive mode using pre-parsed AST for module `\regfile'.
21.7. Executing AST frontend in derive mode using pre-parsed AST for module `\compressed_decoder'.
21.8. Analyzing design hierarchy..
21.9. Analyzing design hierarchy..
22. Executing OPT_CLEAN pass (remove unused cells and wires).
Warning: Ignoring module multiplier because it contains processes (run 'proc' command first).
Warning: Ignoring module divider because it contains processes (run 'proc' command first).
Warning: Ignoring module csr because it contains processes (run 'proc' command first).
Warning: Ignoring module rv32imc_top because it contains processes (run 'proc' command first).
Warning: Ignoring module compressed_decoder because it contains processes (run 'proc' command first).
Warning: Ignoring module regfile because it contains processes (run 'proc' command first).
Warning: Ignoring module alu because it contains processes (run 'proc' command first).
23. Executing RTLIL backend.
Warnings: 7 unique messages, 7 total
End of script. Logfile hash: db63bf4103, time: 0.90s, user: 0.79s, system: 0.06s, MEM: 27.56 MB peak
Yosys 0.69+75 (git sha1 f0b945f63-dirty, Release, Clang /usr/bin/clang++ 21.1.8)
Time spent: 87% 12x read_liberty (0 sec), 6% 1x hierarchy (0 sec), ...
Elapsed time: 0:00.93[h:]min:sec. CPU time: user 0.83 sys 0.08 (98%). Peak memory: 29980KB.
Log                       Ext     Elapsed/s Peak Memory/MB sha1sum result [0:20)
1_1_yosys_canonicalize    .rtlil          0             29 df53b69f4322b325e2c3
/home/hatch/workspace/rv32imc-cpu/tools/orfs/flow/scripts/synth.sh /home/hatch/workspace/rv32imc-cpu/tools/orfs/flow/scripts/synth.tcl ./logs/asap7/rv32imc_top/p900/1_2_yosys.log
Using ABC area script.
Extracting clock period from SDC file: ./results/asap7/rv32imc_top/p900/clock_period.txt
Setting clock period to 667
1. Executing RTLIL frontend.
2. Executing HIERARCHY pass (managing design hierarchy).
2.1. Analyzing design hierarchy..
2.2. Analyzing design hierarchy..
3. Executing SYNTH pass.
3.1. Executing HIERARCHY pass (managing design hierarchy).
3.1.1. Analyzing design hierarchy..
3.1.2. Analyzing design hierarchy..
3.2. Executing PROC pass (convert processes to netlists).
3.2.1. Executing PROC_CLEAN pass (remove empty switches from decision trees).
3.2.2. Executing PROC_RMDEAD pass (remove dead branches from decision trees).
3.2.3. Executing PROC_PRUNE pass (remove redundant assignments in processes).
3.2.4. Executing PROC_INIT pass (extract init attributes).
3.2.5. Executing PROC_ARST pass (detect async resets in processes).
3.2.6. Executing PROC_ROM pass (convert switches to ROMs).
3.2.7. Executing PROC_MUX pass (convert decision trees to multiplexers).
3.2.8. Executing PROC_DLATCH pass (convert process syncs to latches).
3.2.9. Executing PROC_DFF pass (convert process syncs to FFs).
3.2.10. Executing PROC_MEMWR pass (convert process memory writes to cells).
3.2.11. Executing PROC_CLEAN pass (remove empty switches from decision trees).
3.2.12. Executing OPT_EXPR pass (perform const folding).
3.3. Executing CHECK pass (checking for obvious problems).
3.4. Executing FLATTEN pass (flatten design).
3.5. Executing OPT_EXPR pass (perform const folding).
3.6. Executing CHECK pass (checking for obvious problems).
3.7. Executing OPT_CLEAN pass (remove unused cells and wires).
3.8. Executing OPT pass (performing simple optimizations).
3.8.1. Executing OPT_EXPR pass (perform const folding).
3.8.2. Executing OPT_MERGE pass (detect identical cells).
3.8.3. Executing OPT_MUXTREE pass (detect dead branches in mux trees).
3.8.4. Executing OPT_REDUCE pass (consolidate $*mux and $reduce_* inputs).
3.8.5. Executing OPT_MERGE pass (detect identical cells).
3.8.6. Executing OPT_DFF pass (perform DFF optimizations).
3.8.7. Executing OPT_CLEAN pass (remove unused cells and wires).
3.8.8. Executing OPT_EXPR pass (perform const folding).
3.8.9. Rerunning OPT passes. (Maybe there is more to do..)
3.8.10. Executing OPT_MUXTREE pass (detect dead branches in mux trees).
3.8.11. Executing OPT_REDUCE pass (consolidate $*mux and $reduce_* inputs).
3.8.12. Executing OPT_MERGE pass (detect identical cells).
3.8.13. Executing OPT_DFF pass (perform DFF optimizations).
3.8.14. Executing OPT_CLEAN pass (remove unused cells and wires).
3.8.15. Executing OPT_EXPR pass (perform const folding).
3.8.16. Rerunning OPT passes. (Maybe there is more to do..)
3.8.17. Executing OPT_MUXTREE pass (detect dead branches in mux trees).
3.8.18. Executing OPT_REDUCE pass (consolidate $*mux and $reduce_* inputs).
3.8.19. Executing OPT_MERGE pass (detect identical cells).
3.8.20. Executing OPT_DFF pass (perform DFF optimizations).
3.8.21. Executing OPT_CLEAN pass (remove unused cells and wires).
3.8.22. Executing OPT_EXPR pass (perform const folding).
3.8.23. Finished fast OPT passes. (There is nothing left to do.)
3.9. Executing FSM pass (extract and optimize FSM).
3.9.1. Executing FSM_DETECT pass (finding FSMs in design).
3.9.2. Executing FSM_EXTRACT pass (extracting FSM from design).
3.9.3. Executing FSM_OPT pass (simple optimizations of FSMs).
3.9.4. Executing OPT_CLEAN pass (remove unused cells and wires).
3.9.5. Executing FSM_OPT pass (simple optimizations of FSMs).
3.9.6. Executing FSM_RECODE pass (re-assigning FSM state encoding).
3.9.7. Executing FSM_INFO pass (dumping all available information on FSM cells).
3.9.8. Executing FSM_MAP pass (mapping FSMs to basic logic).
3.10. Executing OPT pass (performing simple optimizations).
3.10.1. Executing OPT_EXPR pass (perform const folding).
3.10.2. Executing OPT_MERGE pass (detect identical cells).
3.10.3. Executing OPT_MUXTREE pass (detect dead branches in mux trees).
3.10.4. Executing OPT_REDUCE pass (consolidate $*mux and $reduce_* inputs).
3.10.5. Executing OPT_MERGE pass (detect identical cells).
3.10.6. Executing OPT_DFF pass (perform DFF optimizations).
3.10.7. Executing OPT_CLEAN pass (remove unused cells and wires).
3.10.8. Executing OPT_EXPR pass (perform const folding).
3.10.9. Rerunning OPT passes. (Maybe there is more to do..)
3.10.10. Executing OPT_MUXTREE pass (detect dead branches in mux trees).
3.10.11. Executing OPT_REDUCE pass (consolidate $*mux and $reduce_* inputs).
3.10.12. Executing OPT_MERGE pass (detect identical cells).
3.10.13. Executing OPT_DFF pass (perform DFF optimizations).
3.10.14. Executing OPT_CLEAN pass (remove unused cells and wires).
3.10.15. Executing OPT_EXPR pass (perform const folding).
3.10.16. Rerunning OPT passes. (Maybe there is more to do..)
3.10.17. Executing OPT_MUXTREE pass (detect dead branches in mux trees).
3.10.18. Executing OPT_REDUCE pass (consolidate $*mux and $reduce_* inputs).
3.10.19. Executing OPT_MERGE pass (detect identical cells).
3.10.20. Executing OPT_DFF pass (perform DFF optimizations).
3.10.21. Executing OPT_CLEAN pass (remove unused cells and wires).
3.10.22. Executing OPT_EXPR pass (perform const folding).
3.10.23. Finished fast OPT passes. (There is nothing left to do.)
3.11. Executing WREDUCE pass (reducing word size of cells).
3.12. Executing PEEPOPT pass (run peephole optimizers).
3.13. Executing OPT_CLEAN pass (remove unused cells and wires).
3.14. Executing ALUMACC pass (create $alu and $macc cells).
3.15. Executing SHARE pass (SAT-based resource sharing).
3.16. Executing OPT pass (performing simple optimizations).
3.16.1. Executing OPT_EXPR pass (perform const folding).
3.16.2. Executing OPT_MERGE pass (detect identical cells).
3.16.3. Executing OPT_MUXTREE pass (detect dead branches in mux trees).
3.16.4. Executing OPT_REDUCE pass (consolidate $*mux and $reduce_* inputs).
3.16.5. Executing OPT_MERGE pass (detect identical cells).
3.16.6. Executing OPT_DFF pass (perform DFF optimizations).
3.16.7. Executing OPT_CLEAN pass (remove unused cells and wires).
3.16.8. Executing OPT_EXPR pass (perform const folding).
3.16.9. Rerunning OPT passes. (Maybe there is more to do..)
3.16.10. Executing OPT_MUXTREE pass (detect dead branches in mux trees).
3.16.11. Executing OPT_REDUCE pass (consolidate $*mux and $reduce_* inputs).
3.16.12. Executing OPT_MERGE pass (detect identical cells).
3.16.13. Executing OPT_DFF pass (perform DFF optimizations).
3.16.14. Executing OPT_CLEAN pass (remove unused cells and wires).
3.16.15. Executing OPT_EXPR pass (perform const folding).
3.16.16. Finished fast OPT passes. (There is nothing left to do.)
3.17. Executing MEMORY pass.
3.17.1. Executing OPT_MEM pass (optimize memories).
3.17.2. Executing OPT_MEM_PRIORITY pass (removing unnecessary memory write priority relations).
3.17.3. Executing OPT_MEM_FEEDBACK pass (finding memory read-to-write feedback paths).
3.17.4. Executing MEMORY_BMUX2ROM pass (converting muxes to ROMs).
3.17.5. Executing MEMORY_DFF pass (merging $dff cells to $memrd).
3.17.6. Executing OPT_CLEAN pass (remove unused cells and wires).
3.17.7. Executing MEMORY_SHARE pass (consolidating $memrd/$memwr cells).
3.17.8. Executing OPT_MEM_WIDEN pass (optimize memories where all ports are wide).
3.17.9. Executing OPT_CLEAN pass (remove unused cells and wires).
3.17.10. Executing MEMORY_COLLECT pass (generating $mem cells).
3.18. Executing OPT_CLEAN pass (remove unused cells and wires).
4. Executing SYNTH pass.
4.1. Executing OPT pass (performing simple optimizations).
4.1.1. Executing OPT_EXPR pass (perform const folding).
4.1.2. Executing OPT_MERGE pass (detect identical cells).
4.1.3. Executing OPT_DFF pass (perform DFF optimizations).
4.1.4. Executing OPT_CLEAN pass (remove unused cells and wires).
4.1.5. Rerunning OPT passes. (Removed registers in this run.)
4.1.6. Executing OPT_EXPR pass (perform const folding).
4.1.7. Executing OPT_MERGE pass (detect identical cells).
4.1.8. Executing OPT_DFF pass (perform DFF optimizations).
4.1.9. Executing OPT_CLEAN pass (remove unused cells and wires).
4.1.10. Finished fast OPT passes.
4.2. Executing MEMORY_MAP pass (converting memories to logic and flip-flops).
4.3. Executing OPT pass (performing simple optimizations).
4.3.1. Executing OPT_EXPR pass (perform const folding).
4.3.2. Executing OPT_MERGE pass (detect identical cells).
4.3.3. Executing OPT_MUXTREE pass (detect dead branches in mux trees).
4.3.4. Executing OPT_REDUCE pass (consolidate $*mux and $reduce_* inputs).
4.3.5. Executing OPT_MERGE pass (detect identical cells).
4.3.6. Executing OPT_SHARE pass.
4.3.7. Executing OPT_DFF pass (perform DFF optimizations).
4.3.8. Executing OPT_CLEAN pass (remove unused cells and wires).
4.3.9. Executing OPT_EXPR pass (perform const folding).
4.3.10. Rerunning OPT passes. (Maybe there is more to do..)
4.3.11. Executing OPT_MUXTREE pass (detect dead branches in mux trees).
4.3.12. Executing OPT_REDUCE pass (consolidate $*mux and $reduce_* inputs).
4.3.13. Executing OPT_MERGE pass (detect identical cells).
4.3.14. Executing OPT_SHARE pass.
4.3.15. Executing OPT_DFF pass (perform DFF optimizations).
4.3.16. Executing OPT_CLEAN pass (remove unused cells and wires).
4.3.17. Executing OPT_EXPR pass (perform const folding).
4.3.18. Rerunning OPT passes. (Maybe there is more to do..)
4.3.19. Executing OPT_MUXTREE pass (detect dead branches in mux trees).
4.3.20. Executing OPT_REDUCE pass (consolidate $*mux and $reduce_* inputs).
4.3.21. Executing OPT_MERGE pass (detect identical cells).
4.3.22. Executing OPT_SHARE pass.
4.3.23. Executing OPT_DFF pass (perform DFF optimizations).
4.3.24. Executing OPT_CLEAN pass (remove unused cells and wires).
4.3.25. Executing OPT_EXPR pass (perform const folding).
4.3.26. Rerunning OPT passes. (Maybe there is more to do..)
4.3.27. Executing OPT_MUXTREE pass (detect dead branches in mux trees).
4.3.28. Executing OPT_REDUCE pass (consolidate $*mux and $reduce_* inputs).
4.3.29. Executing OPT_MERGE pass (detect identical cells).
4.3.30. Executing OPT_SHARE pass.
4.3.31. Executing OPT_DFF pass (perform DFF optimizations).
4.3.32. Executing OPT_CLEAN pass (remove unused cells and wires).
4.3.33. Executing OPT_EXPR pass (perform const folding).
4.3.34. Finished fast OPT passes. (There is nothing left to do.)
4.4. Executing TECHMAP pass (map to technology primitives).
4.4.1. Executing Verilog-2005 frontend: /home/hatch/workspace/rv32imc-cpu/tools/oss-cad-suite/lib/../share/yosys/techmap.v
4.4.2. Executing Verilog-2005 frontend: /home/hatch/workspace/rv32imc-cpu/tools/orfs/flow/platforms/common/lcu_kogge_stone.v
4.4.3. Continuing TECHMAP pass.
4.4.61. Executing OPT_MUXTREE pass (detect dead branches in mux trees).
4.4.62. Executing OPT_EXPR pass (perform const folding).
4.5. Executing OPT pass (performing simple optimizations).
4.5.1. Executing OPT_EXPR pass (perform const folding).
4.5.2. Executing OPT_MERGE pass (detect identical cells).
4.5.3. Executing OPT_DFF pass (perform DFF optimizations).
4.5.4. Executing OPT_CLEAN pass (remove unused cells and wires).
4.5.5. Rerunning OPT passes. (Removed registers in this run.)
4.5.6. Executing OPT_EXPR pass (perform const folding).
4.5.7. Executing OPT_MERGE pass (detect identical cells).
4.5.8. Executing OPT_DFF pass (perform DFF optimizations).
4.5.9. Executing OPT_CLEAN pass (remove unused cells and wires).
4.5.10. Finished fast OPT passes.
4.6. Executing HIERARCHY pass (managing design hierarchy).
4.6.1. Analyzing design hierarchy..
4.6.2. Analyzing design hierarchy..
4.7. Printing statistics.
4.8. Executing CHECK pass (checking for obvious problems).
5. Executing OPT pass (performing simple optimizations).
5.1. Executing OPT_EXPR pass (perform const folding).
5.2. Executing OPT_MERGE pass (detect identical cells).
5.3. Executing OPT_MUXTREE pass (detect dead branches in mux trees).
5.4. Executing OPT_REDUCE pass (consolidate $*mux and $reduce_* inputs).
5.5. Executing OPT_MERGE pass (detect identical cells).
5.6. Executing OPT_DFF pass (perform DFF optimizations).
5.7. Executing OPT_CLEAN pass (remove unused cells and wires).
5.8. Executing OPT_EXPR pass (perform const folding).
5.9. Rerunning OPT passes. (Maybe there is more to do..)
5.10. Executing OPT_MUXTREE pass (detect dead branches in mux trees).
5.11. Executing OPT_REDUCE pass (consolidate $*mux and $reduce_* inputs).
5.12. Executing OPT_MERGE pass (detect identical cells).
5.13. Executing OPT_DFF pass (perform DFF optimizations).
5.14. Executing OPT_CLEAN pass (remove unused cells and wires).
5.15. Executing OPT_EXPR pass (perform const folding).
5.16. Finished fast OPT passes. (There is nothing left to do.)
6. Executing EXTRACT_FA pass (find and extract full/half adders).
7. Executing TECHMAP pass (map to technology primitives).
7.1. Executing Verilog-2005 frontend: /home/hatch/workspace/rv32imc-cpu/tools/orfs/flow/platforms/asap7/yoSys/cells_adders_R.v
7.2. Continuing TECHMAP pass.
8. Executing TECHMAP pass (map to technology primitives).
8.1. Executing Verilog-2005 frontend: /home/hatch/workspace/rv32imc-cpu/tools/oss-cad-suite/lib/../share/yosys/techmap.v
8.2. Continuing TECHMAP pass.
9. Executing OPT pass (performing simple optimizations).
9.1. Executing OPT_EXPR pass (perform const folding).
9.2. Executing OPT_MERGE pass (detect identical cells).
9.3. Executing OPT_DFF pass (perform DFF optimizations).
9.4. Executing OPT_CLEAN pass (remove unused cells and wires).
9.5. Finished fast OPT passes.
10. Executing DFFLEGALIZE pass (convert FFs and LATCHes to types supported by the target).
11. Executing TECHMAP pass (map to technology primitives).
11.1. Executing Verilog-2005 frontend: /home/hatch/workspace/rv32imc-cpu/tools/orfs/flow/platforms/asap7/yoSys/cells_latch_R.v
11.2. Continuing TECHMAP pass.
12. Executing DFFLIBMAP pass (mapping DFF/DLATCH cells to sequential cells from liberty file).
12.1. Executing DFFLEGALIZE pass (convert FFs and LATCHes to types supported by the target).
13. Executing OPT pass (performing simple optimizations).
13.1. Executing OPT_EXPR pass (perform const folding).
13.2. Executing OPT_MERGE pass (detect identical cells).
13.3. Executing OPT_MUXTREE pass (detect dead branches in mux trees).
13.4. Executing OPT_REDUCE pass (consolidate $*mux and $reduce_* inputs).
13.5. Executing OPT_MERGE pass (detect identical cells).
13.6. Executing OPT_DFF pass (perform DFF optimizations).
13.7. Executing OPT_CLEAN pass (remove unused cells and wires).
13.8. Executing OPT_EXPR pass (perform const folding).
13.9. Rerunning OPT passes. (Maybe there is more to do..)
13.10. Executing OPT_MUXTREE pass (detect dead branches in mux trees).
13.11. Executing OPT_REDUCE pass (consolidate $*mux and $reduce_* inputs).
13.12. Executing OPT_MERGE pass (detect identical cells).
13.13. Executing OPT_DFF pass (perform DFF optimizations).
13.14. Executing OPT_CLEAN pass (remove unused cells and wires).
13.15. Executing OPT_EXPR pass (perform const folding).
13.16. Finished fast OPT passes. (There is nothing left to do.)
14. Executing SETUNDEF pass (replace undef values with defined constants).
abc -script /home/hatch/workspace/rv32imc-cpu/tools/orfs/flow/scripts/abc_area.script -liberty /home/hatch/workspace/rv32imc-cpu/tools/orfs/flow/platforms/asap7/lib/NLDM/asap7sc7p5t_AO_RVT_FF_nldm_211120.lib.gz -liberty /home/hatch/workspace/rv32imc-cpu/tools/orfs/flow/platforms/asap7/lib/NLDM/asap7sc7p5t_INVBUF_RVT_FF_nldm_220122.lib.gz -liberty /home/hatch/workspace/rv32imc-cpu/tools/orfs/flow/platforms/asap7/lib/NLDM/asap7sc7p5t_OA_RVT_FF_nldm_211120.lib.gz -liberty /home/hatch/workspace/rv32imc-cpu/tools/orfs/flow/platforms/asap7/lib/NLDM/asap7sc7p5t_SIMPLE_RVT_FF_nldm_211120.lib.gz -liberty /home/hatch/workspace/rv32imc-cpu/tools/orfs/flow/platforms/asap7/lib/NLDM/asap7sc7p5t_SEQ_RVT_FF_nldm_220123.lib -dont_use *x1p*_ASAP7* -dont_use *xp*_ASAP7* -dont_use SDF* -dont_use ICG* -constr ./objects/asap7/rv32imc_top/p900/abc.constr -D 667
15. Executing ABC pass (technology mapping using ABC).
15.1. Summary of detected clock domains:
15.2. Extracting gate netlist of module `\rv32imc_top' to `<abc-temp-dir>/input.blif'..
15.2.1. Executed ABC.
15.2.2. Re-integrating ABC results.
Took 21 seconds: abc -script /home/hatch/workspace/rv32imc-cpu/tools/orfs/flow/scripts/abc_area.script -liberty /home/hatch/workspace/rv32imc-cpu/tools/orfs/flow/platforms/asap7/lib/NLDM/asap7sc7p5t_AO_RVT_FF_nldm_211120.lib.gz -liberty /home/hatch/workspace/rv32imc-cpu/tools/orfs/flow/platforms/asap7/lib/NLDM/asap7sc7p5t_INVBUF_RVT_FF_nldm_220122.lib.gz -liberty /home/hatch/workspace/rv32imc-cpu/tools/orfs/flow/platforms/asap7/lib/NLDM/asap7sc7p5t_OA_RVT_FF_nldm_211120.lib.gz -liberty /home/hatch/workspace/rv32imc-cpu/tools/orfs/flow/platforms/asap7/lib/NLDM/asap7sc7p5t_SIMPLE_RVT_FF_nldm_211120.lib.gz -liberty /home/hatch/workspace/rv32imc-cpu/tools/orfs/flow/platforms/asap7/lib/NLDM/asap7sc7p5t_SEQ_RVT_FF_nldm_220123.lib -dont_use *x1p*_ASAP7* -dont_use *xp*_ASAP7* -dont_use SDF* -dont_use ICG* -constr ./objects/asap7/rv32imc_top/p900/abc.constr -D 667
16. Executing SPLITNETS pass (splitting up multi-bit signals).
17. Executing OPT_CLEAN pass (remove unused cells and wires).
18. Executing HILOMAP pass (mapping to constant drivers).
19. Executing INSBUF pass (insert buffer cells for connected wires).
20. Executing CHECK pass (checking for obvious problems).
21. Printing statistics.
22. Executing CHECK pass (checking for obvious problems).
23. Executing Verilog backend.
23.1. Executing BMUXMAP pass.
23.2. Executing DEMUXMAP pass.
End of script. Logfile hash: 261eb1e711, time: 42.56s, user: 21.32s, system: 1.12s, MEM: 210.27 MB peak
Yosys 0.69+75 (git sha1 f0b945f63-dirty, Release, Clang /usr/bin/clang++ 21.1.8)
Time spent: 48% 1x abc (20 sec), 16% 1x extract_fa (7 sec), ...
Elapsed time: 0:42.71[h:]min:sec. CPU time: user 41.01 sys 1.60 (99%). Peak memory: 288920KB.
Log                       Ext     Elapsed/s Peak Memory/MB sha1sum result [0:20)
1_2_yosys                 .v             42            282 7a434de8b2bb78b4fffe
cp /home/hatch/workspace/rv32imc-cpu/pnr_asap7/design/rv32imc_top//constraint.sdc results/asap7/rv32imc_top/p900/1_2_yosys.sdc
touch -r /home/hatch/workspace/rv32imc-cpu/pnr_asap7/design/rv32imc_top//constraint.sdc results/asap7/rv32imc_top/p900/1_2_yosys.sdc
OpenROAD 26Q2-1164-g08f67ee5ec 
Features included (+) or not (-): +GPU +GUI +Python
This program is licensed under the BSD-3 license. See the LICENSE file for details.
Components of this program may be licensed under more restrictive licenses which must be honored.
[INFO ORD-0030] Using 2 thread(s).
mkdir -p ./objects/asap7/rv32imc_top/p900
/home/hatch/workspace/rv32imc-cpu/tools/orfs/flow/scripts/flow.sh 1_synth synth_odb
Running synth_odb.tcl, stage 1_synth
source /home/hatch/workspace/rv32imc-cpu/tools/orfs/flow/platforms/asap7/liberty_suppressions.tcl
read_liberty /home/hatch/workspace/rv32imc-cpu/tools/orfs/flow/platforms/asap7/lib/NLDM/asap7sc7p5t_AO_RVT_FF_nldm_211120.lib.gz
read_liberty /home/hatch/workspace/rv32imc-cpu/tools/orfs/flow/platforms/asap7/lib/NLDM/asap7sc7p5t_INVBUF_RVT_FF_nldm_220122.lib.gz
read_liberty /home/hatch/workspace/rv32imc-cpu/tools/orfs/flow/platforms/asap7/lib/NLDM/asap7sc7p5t_OA_RVT_FF_nldm_211120.lib.gz
read_liberty /home/hatch/workspace/rv32imc-cpu/tools/orfs/flow/platforms/asap7/lib/NLDM/asap7sc7p5t_SIMPLE_RVT_FF_nldm_211120.lib.gz
read_liberty /home/hatch/workspace/rv32imc-cpu/tools/orfs/flow/platforms/asap7/lib/NLDM/asap7sc7p5t_SEQ_RVT_FF_nldm_220123.lib
[INFO ODB-0227] LEF file: /home/hatch/workspace/rv32imc-cpu/tools/orfs/flow/platforms/asap7/lef/asap7_tech_1x_201209.lef, created 30 layers, 9 vias
[INFO ODB-0227] LEF file: /home/hatch/workspace/rv32imc-cpu/tools/orfs/flow/platforms/asap7/lef/asap7sc7p5t_28_R_1x_220121a.lef, created 212 library cells
link_design rv32imc_top
read_sdc ./results/asap7/rv32imc_top/p900/1_2_yosys.sdc
source /home/hatch/workspace/rv32imc-cpu/tools/orfs/flow/platforms/asap7/setRC.tcl
eliminate_dead_logic
Removed 0 unused instances and 0 unused nets.
Design area 3396 um^2 100% utilization.
write_db ./results/asap7/rv32imc_top/p900/1_synth.odb
write_sdc -no_timestamp ./results/asap7/rv32imc_top/p900/1_synth.sdc
Elapsed time: 0:04.14[h:]min:sec. CPU time: user 3.66 sys 0.40 (98%). Peak memory: 269268KB.
Log                       Ext     Elapsed/s Peak Memory/MB sha1sum result [0:20)
1_synth                   .odb            4            262 8073f72d4e02cb27666b
1_synth                   .sdc                             9fb101111d5a7ca9aaa1
/home/hatch/workspace/rv32imc-cpu/tools/orfs/flow/scripts/flow.sh 2_1_floorplan floorplan
Running floorplan.tcl, stage 2_1_floorplan
source /home/hatch/workspace/rv32imc-cpu/tools/orfs/flow/platforms/asap7/liberty_suppressions.tcl
read_liberty /home/hatch/workspace/rv32imc-cpu/tools/orfs/flow/platforms/asap7/lib/NLDM/asap7sc7p5t_AO_RVT_FF_nldm_211120.lib.gz
read_liberty /home/hatch/workspace/rv32imc-cpu/tools/orfs/flow/platforms/asap7/lib/NLDM/asap7sc7p5t_INVBUF_RVT_FF_nldm_220122.lib.gz
read_liberty /home/hatch/workspace/rv32imc-cpu/tools/orfs/flow/platforms/asap7/lib/NLDM/asap7sc7p5t_OA_RVT_FF_nldm_211120.lib.gz
read_liberty /home/hatch/workspace/rv32imc-cpu/tools/orfs/flow/platforms/asap7/lib/NLDM/asap7sc7p5t_SIMPLE_RVT_FF_nldm_211120.lib.gz
read_liberty /home/hatch/workspace/rv32imc-cpu/tools/orfs/flow/platforms/asap7/lib/NLDM/asap7sc7p5t_SEQ_RVT_FF_nldm_220123.lib
read_db ./results/asap7/rv32imc_top/p900/1_synth.odb
read_sdc ./results/asap7/rv32imc_top/p900/1_synth.sdc
source /home/hatch/workspace/rv32imc-cpu/tools/orfs/flow/platforms/asap7/setRC.tcl

==========================================================================
Floorplan check_setup
--------------------------------------------------------------------------
Warning: There is 1 input port missing set_input_delay.
number instances in verilog is 29834
initialize_floorplan -utilization 45 -aspect_ratio 1 -core_space 2 -site asap7sc7p5t
[INFO IFP-0107] Defining die area using utilization: 45.00% and aspect ratio: 1.
[WARNING IFP-0028] Core area lower left (2.000, 2.000) snapped to (2.052, 2.160).
[INFO IFP-0001] Added 321 rows of 1607 site asap7sc7p5t.
[INFO IFP-0100] Die BBox:  (  0.000  0.000 ) ( 90.870 90.870 ) um
[INFO IFP-0101] Core BBox: (  2.052  2.160 ) ( 88.830 88.830 ) um
[INFO IFP-0102] Core area:                         7521.049 um^2
[INFO IFP-0103] Total instances area:              3395.915 um^2
[INFO IFP-0104] Effective utilization:                0.452
[INFO IFP-0105] Number of instances:                  29834
source /home/hatch/workspace/rv32imc-cpu/tools/orfs/flow/platforms/asap7/openRoad/make_tracks.tcl
source /home/hatch/workspace/rv32imc-cpu/tools/orfs/flow/platforms/asap7/fastroute.tcl
set_dont_use "*x1p*_ASAP7* *xp*_ASAP7* SDF* ICG*"
repair_tie_fanout -separation 0 asap7sc7p5t_SIMPLE_RVT_FF_nldm_250407/TIELOx1_ASAP7_75t_R/L
[INFO RSZ-0042] Inserted 2 tie TIELOx1_ASAP7_75t_R instances.
repair_tie_fanout -separation 0 asap7sc7p5t_SIMPLE_RVT_FF_nldm_250407/TIEHIx1_ASAP7_75t_R/H
[INFO RSZ-0042] Inserted 748 tie TIEHIx1_ASAP7_75t_R instances.
repair_timing -setup_margin 0 -hold_margin 0 -repair_tns 100 -setup -skip_last_gasp -sequence unbuffer,sizeup,swap,vt_swap -verbose
[WARNING EST-0027] no estimated parasitics. Using wire load models.
[INFO RSZ-0100] Repair move sequence: UnbufferMove SizeUpMove SwapPinsMove 
[INFO RSZ-0094] Found 596 endpoints with setup violations.
[INFO RSZ-0099] Repairing 596 out of 596 (100.00%) violating endpoints...
   Iter   | Removed | Resized | Inserted | Cloned |  Pin  |   Area   |    WNS   |   StTNS    |   EnTNS    |  Viol  |  Worst  
          | Buffers |  Gates  | Buffers  |  Gates | Swaps |          |          |            |            | Endpts | St/EnPt 
------------------------------------------------------------------------------------------------------------------------------
       0* |       0 |       0 |        0 |      0 |     0 |    +0.0% | -298.222 |   -16440.1 |   -94911.0 |    596 | u_mul.result\[28\]$_DFFE_PN0P_/D
      10* |       0 |       7 |        0 |      0 |     2 |    +0.0% | -219.559 |   -15687.0 |   -93761.6 |    596 | u_mul.result\[28\]$_DFFE_PN0P_/D
      20* |       0 |      13 |        0 |      0 |     6 |    +0.0% | -209.777 |   -15493.9 |   -93608.3 |    596 | u_mul.result\[28\]$_DFFE_PN0P_/D
      30* |       0 |      20 |        0 |      0 |     9 |    +0.0% | -194.364 |   -15439.6 |   -93426.4 |    596 | u_mul.result\[28\]$_DFFE_PN0P_/D
      40* |       0 |      25 |        0 |      0 |    14 |    +0.0% | -184.294 |   -15412.1 |   -93346.7 |    596 | u_mul.result\[28\]$_DFFE_PN0P_/D
      50* |       0 |      25 |        0 |      0 |    24 |    +0.0% | -178.813 |   -15378.6 |   -93334.4 |    596 | u_mul.result\[28\]$_DFFE_PN0P_/D
      54* |       0 |      25 |        0 |      0 |    20 |    +0.0% | -177.348 |   -15373.8 |   -93332.1 |    596 | u_mul.result\[28\]$_DFFE_PN0P_/D
      60* |       0 |      26 |        0 |      0 |    24 |    +0.0% | -177.822 |   -15361.6 |   -93327.3 |    596 | u_mul.result\[28\]$_DFFE_PN0P_/D
      68* |       0 |      25 |        0 |      0 |    20 |    +0.0% | -177.348 |   -15373.8 |   -93332.1 |    596 | u_mul.result\[28\]$_DFFE_PN0P_/D
      70* |       0 |      25 |        0 |      0 |    21 |    +0.0% | -177.982 |   -15375.7 |   -93334.1 |    596 | u_mul.result\[28\]$_DFFE_PN0P_/D
      71* |       0 |      25 |        0 |      0 |    20 |    +0.0% | -177.348 |   -15373.8 |   -93332.1 |    596 | u_mul.result\[28\]$_DFFE_PN0P_/D
      80* |       0 |      26 |        0 |      0 |    27 |    +0.0% | -177.348 |   -15373.4 |   -93327.2 |    596 | u_mul.result\[28\]$_DFFE_PN0P_/D
      82* |       0 |      27 |        0 |      0 |    27 |    +0.0% | -177.348 |   -15373.4 |   -93326.9 |    596 | u_mul.result\[28\]$_DFFE_PN0P_/D
      90* |       0 |      29 |        0 |      0 |    32 |    +0.0% | -177.348 |   -15373.4 |   -93323.1 |    596 | u_mul.result\[28\]$_DFFE_PN0P_/D
      94* |       0 |      31 |        0 |      0 |    33 |    +0.0% | -177.348 |   -15373.4 |   -93321.3 |    596 | u_mul.result\[28\]$_DFFE_PN0P_/D
     100* |       0 |      31 |        0 |      0 |    38 |    +0.0% | -177.348 |   -15373.5 |   -93319.5 |    596 | u_mul.result\[28\]$_DFFE_PN0P_/D
     101* |       0 |      31 |        0 |      0 |    39 |    +0.0% | -177.348 |   -15373.5 |   -93318.7 |    596 | u_mul.result\[28\]$_DFFE_PN0P_/D
     110* |       0 |      36 |        0 |      0 |    42 |    +0.0% | -177.358 |   -15368.6 |   -93316.8 |    596 | u_mul.result\[28\]$_DFFE_PN0P_/D
     115* |       0 |      31 |        0 |      0 |    40 |    +0.0% | -177.348 |   -15373.5 |   -93318.5 |    596 | u_mul.result\[28\]$_DFFE_PN0P_/D
     120* |       0 |      31 |        0 |      0 |    44 |    +0.0% | -178.163 |   -15373.7 |   -93319.1 |    596 | u_mul.result\[28\]$_DFFE_PN0P_/D
     130* |       0 |      33 |        0 |      0 |    52 |    +0.0% | -178.163 |   -15365.4 |   -93327.4 |    596 | u_mul.result\[28\]$_DFFE_PN0P_/D
     136* |       0 |      31 |        0 |      0 |    40 |    +0.0% | -177.348 |   -15373.5 |   -93318.5 |    596 | u_mul.result\[28\]$_DFFE_PN0P_/D
     140* |       0 |      33 |        0 |      0 |    41 |    +0.0% | -177.240 |   -15308.9 |   -91672.9 |    596 | u_mul.result\[28\]$_DFFE_PN0P_/D
     148* |       0 |      36 |        0 |      0 |    45 |    +0.0% | -177.234 |   -15197.3 |   -87805.7 |    596 | u_mul.result\[28\]$_DFFE_PN0P_/D
     150* |       0 |      37 |        0 |      0 |    45 |    +0.0% | -177.244 |   -15194.4 |   -87805.1 |    596 | u_mul.result\[28\]$_DFFE_PN0P_/D
     160* |       0 |      47 |        0 |      0 |    45 |    +0.0% | -177.239 |   -15132.2 |   -87745.9 |    596 | u_mul.result\[28\]$_DFFE_PN0P_/D
     170* |       0 |      51 |        0 |      0 |    51 |    +0.1% | -177.239 |   -15061.3 |   -85696.6 |    596 | u_mul.result\[28\]$_DFFE_PN0P_/D
     176* |       0 |      36 |        0 |      0 |    45 |    +0.0% | -177.234 |   -15197.3 |   -87805.7 |    596 | u_mul.result\[28\]$_DFFE_PN0P_/D
     180* |       0 |      39 |        0 |      0 |    45 |    +0.0% | -177.230 |   -15085.6 |   -85512.9 |    596 | u_mul.result\[28\]$_DFFE_PN0P_/D
     187* |       0 |      42 |        0 |      0 |    48 |    +0.0% | -177.230 |   -15022.1 |   -82922.9 |    596 | u_mul.result\[28\]$_DFFE_PN0P_/D
     190* |       0 |      44 |        0 |      0 |    48 |    +0.1% | -177.230 |   -14866.4 |   -82895.4 |    596 | u_mul.result\[28\]$_DFFE_PN0P_/D
     192* |       0 |      44 |        0 |      0 |    50 |    +0.1% | -177.230 |   -14866.4 |   -82892.9 |    596 | u_mul.result\[28\]$_DFFE_PN0P_/D
     196* |       0 |      44 |        0 |      0 |    53 |    +0.1% | -177.228 |   -14871.5 |   -82895.0 |    596 | u_mul.result\[28\]$_DFFE_PN0P_/D
     200* |       0 |      47 |        0 |      0 |    53 |    +0.1% | -177.238 |   -14857.1 |   -82888.5 |    596 | u_mul.result\[28\]$_DFFE_PN0P_/D
     210* |       0 |      57 |        0 |      0 |    53 |    +0.1% | -177.238 |   -14797.9 |   -82878.3 |    596 | u_mul.result\[28\]$_DFFE_PN0P_/D
     220* |       0 |      64 |        0 |      0 |    56 |    +0.1% | -177.247 |   -14756.3 |   -82875.0 |    596 | u_mul.result\[28\]$_DFFE_PN0P_/D
     230* |       0 |      73 |        0 |      0 |    57 |    +0.1% | -177.280 |   -14732.4 |   -82871.3 |    596 | u_mul.result\[28\]$_DFFE_PN0P_/D
     240* |       0 |      79 |        0 |      0 |    61 |    +0.1% | -177.280 |   -14721.5 |   -82870.4 |    596 | u_mul.result\[28\]$_DFFE_PN0P_/D
     247* |       0 |      44 |        0 |      0 |    53 |    +0.1% | -177.228 |   -14871.5 |   -82895.0 |    596 | u_mul.result\[28\]$_DFFE_PN0P_/D
     249* |       0 |      44 |        0 |      0 |    53 |    +0.1% | -177.228 |   -14871.5 |   -82895.0 |    596 | u_mul.result\[28\]$_DFFE_PN0P_/D
     250* |       0 |      44 |        0 |      0 |    53 |    +0.1% | -177.228 |   -14871.5 |   -82895.0 |    596 | u_mul.result\[28\]$_DFFE_PN0P_/D
     252* |       0 |      44 |        0 |      0 |    53 |    +0.1% | -177.228 |   -14871.5 |   -82895.0 |    596 | u_mul.result\[28\]$_DFFE_PN0P_/D
     260* |       0 |      49 |        0 |      0 |    55 |    +0.1% | -177.228 |   -14711.2 |   -79334.9 |    596 | u_mul.result\[28\]$_DFFE_PN0P_/D
     270* |       0 |      56 |        0 |      0 |    58 |    +0.1% | -177.238 |   -14628.7 |   -77312.3 |    596 | u_mul.result\[28\]$_DFFE_PN0P_/D
     280* |       0 |      63 |        0 |      0 |    61 |    +0.1% | -177.120 |   -14532.1 |   -77082.5 |    596 | u_mul.result\[28\]$_DFFE_PN0P_/D
     290* |       0 |      71 |        0 |      0 |    63 |    +0.1% | -177.120 |   -14495.8 |   -75531.9 |    596 | u_mul.result\[28\]$_DFFE_PN0P_/D
     300* |       0 |      79 |        0 |      0 |    65 |    +0.1% | -177.120 |   -14437.8 |   -74118.5 |    596 | u_mul.result\[28\]$_DFFE_PN0P_/D
     310* |       0 |      86 |        0 |      0 |    68 |    +0.1% | -177.153 |   -14338.7 |   -72870.0 |    596 | u_mul.result\[28\]$_DFFE_PN0P_/D
     320* |       0 |      93 |        0 |      0 |    71 |    +0.1% | -177.153 |   -14292.1 |   -72178.0 |    596 | u_mul.result\[28\]$_DFFE_PN0P_/D
     324* |       0 |      59 |        0 |      0 |    59 |    +0.1% | -177.110 |   -14551.6 |   -77505.4 |    596 | u_mul.result\[28\]$_DFFE_PN0P_/D
     330* |       0 |      64 |        0 |      0 |    59 |    +0.1% | -177.111 |   -14546.0 |   -76203.5 |    596 | u_mul.result\[28\]$_DFFE_PN0P_/D
     337* |       0 |      61 |        0 |      0 |    59 |    +0.1% | -177.111 |   -14551.6 |   -77461.1 |    596 | u_mul.result\[28\]$_DFFE_PN0P_/D
     340* |       0 |      63 |        0 |      0 |    59 |    +0.1% | -177.111 |   -14172.4 |   -77399.9 |    596 | u_mul.result\[28\]$_DFFE_PN0P_/D
     350* |       0 |      73 |        0 |      0 |    59 |    +0.1% | -177.111 |   -14004.5 |   -72811.2 |    596 | u_mul.result\[28\]$_DFFE_PN0P_/D
     360* |       0 |      81 |        0 |      0 |    61 |    +0.1% | -177.111 |   -13981.5 |   -71933.3 |    596 | u_mul.result\[28\]$_DFFE_PN0P_/D
     370* |       0 |      84 |        0 |      0 |    68 |    +0.1% | -177.111 |   -13957.5 |   -69977.4 |    596 | u_mul.result\[28\]$_DFFE_PN0P_/D
     380* |       0 |      86 |        0 |      0 |    76 |    +0.1% | -177.111 |   -14084.6 |   -70844.3 |    596 | u_mul.result\[28\]$_DFFE_PN0P_/D
     389* |       0 |      86 |        0 |      0 |    72 |    +0.1% | -177.111 |   -13904.4 |   -69304.4 |    596 | u_mul.result\[28\]$_DFFE_PN0P_/D
     390* |       0 |      86 |        0 |      0 |    72 |    +0.1% | -177.111 |   -13904.4 |   -69304.4 |    596 | u_mul.result\[28\]$_DFFE_PN0P_/D
     393* |       0 |      87 |        0 |      0 |    74 |    +0.1% | -177.111 |   -13879.7 |   -69255.8 |    596 | u_mul.result\[28\]$_DFFE_PN0P_/D
     395* |       0 |      88 |        0 |      0 |    74 |    +0.1% | -177.111 |   -13879.7 |   -69258.3 |    596 | u_mul.result\[28\]$_DFFE_PN0P_/D
     397* |       0 |      89 |        0 |      0 |    74 |    +0.1% | -177.111 |   -13879.7 |   -69260.7 |    596 | u_mul.result\[28\]$_DFFE_PN0P_/D
     399* |       0 |      90 |        0 |      0 |    74 |    +0.1% | -177.111 |   -13879.7 |   -69262.8 |    596 | u_mul.result\[28\]$_DFFE_PN0P_/D
     400* |       0 |      90 |        0 |      0 |    74 |    +0.1% | -177.111 |   -13879.7 |   -69262.8 |    596 | u_mul.result\[28\]$_DFFE_PN0P_/D
     401* |       0 |      91 |        0 |      0 |    74 |    +0.1% | -177.111 |   -13879.7 |   -69265.1 |    596 | u_mul.result\[28\]$_DFFE_PN0P_/D
     403* |       0 |      92 |        0 |      0 |    74 |    +0.1% | -177.111 |   -13879.7 |   -69267.1 |    596 | u_mul.result\[28\]$_DFFE_PN0P_/D
     405* |       0 |      93 |        0 |      0 |    74 |    +0.1% | -177.111 |   -13879.7 |   -69269.2 |    596 | u_mul.result\[28\]$_DFFE_PN0P_/D
     407* |       0 |      94 |        0 |      0 |    74 |    +0.1% | -177.111 |   -13879.7 |   -69271.1 |    596 | u_mul.result\[28\]$_DFFE_PN0P_/D
     409* |       0 |      95 |        0 |      0 |    74 |    +0.1% | -177.111 |   -13879.7 |   -69273.1 |    596 | u_mul.result\[28\]$_DFFE_PN0P_/D
     410* |       0 |      95 |        0 |      0 |    74 |    +0.1% | -177.111 |   -13879.7 |   -69273.1 |    596 | u_mul.result\[28\]$_DFFE_PN0P_/D
     416* |       0 |      98 |        0 |      0 |    77 |    +0.1% | -177.111 |   -14052.2 |   -69226.2 |    596 | u_mul.result\[28\]$_DFFE_PN0P_/D
     420* |       0 |     101 |        0 |      0 |    77 |    +0.1% | -177.111 |   -14143.1 |   -69158.6 |    596 | u_mul.result\[28\]$_DFFE_PN0P_/D
     422* |       0 |     101 |        0 |      0 |    79 |    +0.1% | -177.111 |   -14143.1 |   -69157.1 |    596 | u_mul.result\[28\]$_DFFE_PN0P_/D
     425* |       0 |     101 |        0 |      0 |    81 |    +0.1% | -177.111 |   -14143.1 |   -69155.8 |    596 | u_mul.result\[28\]$_DFFE_PN0P_/D
     428* |       0 |     101 |        0 |      0 |    83 |    +0.1% | -177.111 |   -14143.1 |   -69154.4 |    596 | u_mul.result\[28\]$_DFFE_PN0P_/D
     430* |       0 |     101 |        0 |      0 |    84 |    +0.1% | -177.111 |   -14143.1 |   -69152.6 |    596 | u_mul.result\[28\]$_DFFE_PN0P_/D
     431* |       0 |     101 |        0 |      0 |    85 |    +0.1% | -177.111 |   -14143.1 |   -69153.0 |    596 | u_mul.result\[28\]$_DFFE_PN0P_/D
     434* |       0 |     101 |        0 |      0 |    87 |    +0.1% | -177.111 |   -14143.1 |   -69151.6 |    596 | u_mul.result\[28\]$_DFFE_PN0P_/D
     437* |       0 |     101 |        0 |      0 |    89 |    +0.1% | -177.111 |   -14143.1 |   -69150.3 |    596 | u_mul.result\[28\]$_DFFE_PN0P_/D
     440* |       0 |     101 |        0 |      0 |    91 |    +0.1% | -177.111 |   -14143.1 |   -69148.9 |    596 | u_mul.result\[28\]$_DFFE_PN0P_/D
     440* |       0 |     101 |        0 |      0 |    91 |    +0.1% | -177.111 |   -14143.1 |   -69148.9 |    596 | u_mul.result\[28\]$_DFFE_PN0P_/D
     446* |       0 |     104 |        0 |      0 |    93 |    +0.1% | -177.111 |   -14249.2 |   -69079.3 |    596 | u_mul.result\[28\]$_DFFE_PN0P_/D
     449* |       0 |     104 |        0 |      0 |    95 |    +0.1% | -177.111 |   -14249.2 |   -69078.0 |    596 | u_mul.result\[28\]$_DFFE_PN0P_/D
     450* |       0 |     104 |        0 |      0 |    95 |    +0.1% | -177.111 |   -14249.2 |   -69078.0 |    596 | u_mul.result\[28\]$_DFFE_PN0P_/D
     452* |       0 |     104 |        0 |      0 |    97 |    +0.1% | -177.111 |   -14249.2 |   -69076.6 |    596 | u_mul.result\[28\]$_DFFE_PN0P_/D
     455* |       0 |     104 |        0 |      0 |    99 |    +0.1% | -177.111 |   -14249.2 |   -69075.2 |    596 | u_mul.result\[28\]$_DFFE_PN0P_/D
     458* |       0 |     104 |        0 |      0 |   101 |    +0.1% | -177.111 |   -14249.2 |   -69073.9 |    596 | u_mul.result\[28\]$_DFFE_PN0P_/D
     460* |       0 |     104 |        0 |      0 |   102 |    +0.1% | -177.111 |   -14249.2 |   -69072.1 |    596 | u_mul.result\[28\]$_DFFE_PN0P_/D
     461* |       0 |     104 |        0 |      0 |   103 |    +0.1% | -177.111 |   -14249.2 |   -69072.4 |    596 | u_mul.result\[28\]$_DFFE_PN0P_/D
     470* |       0 |     111 |        0 |      0 |   104 |    +0.1% | -177.111 |   -14254.7 |   -69074.7 |    596 | u_mul.result\[28\]$_DFFE_PN0P_/D
     474* |       0 |     115 |        0 |      0 |   104 |    +0.1% | -177.111 |   -14254.7 |   -68558.9 |    596 | u_mul.result\[28\]$_DFFE_PN0P_/D
     477* |       0 |     115 |        0 |      0 |   106 |    +0.1% | -177.111 |   -14254.7 |   -68557.6 |    596 | u_mul.result\[28\]$_DFFE_PN0P_/D
     480* |       0 |     115 |        0 |      0 |   108 |    +0.1% | -177.111 |   -14254.7 |   -68556.3 |    596 | u_mul.result\[28\]$_DFFE_PN0P_/D
     480* |       0 |     115 |        0 |      0 |   108 |    +0.1% | -177.111 |   -14254.7 |   -68556.3 |    596 | u_mul.result\[28\]$_DFFE_PN0P_/D
     481* |       0 |     115 |        0 |      0 |   108 |    +0.1% | -177.111 |   -14254.7 |   -68556.3 |    596 | u_mul.result\[28\]$_DFFE_PN0P_/D
     484* |       0 |     115 |        0 |      0 |   110 |    +0.1% | -177.111 |   -14254.7 |   -68555.0 |    596 | u_mul.result\[28\]$_DFFE_PN0P_/D
     487* |       0 |     115 |        0 |      0 |   112 |    +0.1% | -177.111 |   -14254.7 |   -68553.8 |    596 | u_mul.result\[28\]$_DFFE_PN0P_/D
     490* |       0 |     117 |        0 |      0 |   112 |    +0.1% | -177.111 |   -13742.6 |   -68500.4 |    596 | u_mul.result\[28\]$_DFFE_PN0P_/D
     493* |       0 |     118 |        0 |      0 |   114 |    +0.1% | -177.111 |   -13742.6 |   -68483.3 |    596 | u_mul.result\[28\]$_DFFE_PN0P_/D
     496* |       0 |     118 |        0 |      0 |   116 |    +0.1% | -177.111 |   -13742.6 |   -68482.2 |    596 | u_mul.result\[28\]$_DFFE_PN0P_/D
     499* |       0 |     118 |        0 |      0 |   118 |    +0.1% | -177.111 |   -13742.6 |   -68481.0 |    596 | u_mul.result\[28\]$_DFFE_PN0P_/D
     500* |       0 |     118 |        0 |      0 |   118 |    +0.1% | -177.111 |   -13742.6 |   -68481.0 |    596 | u_mul.result\[28\]$_DFFE_PN0P_/D
     502* |       0 |     118 |        0 |      0 |   120 |    +0.1% | -177.111 |   -13742.6 |   -68479.9 |    596 | u_mul.result\[28\]$_DFFE_PN0P_/D
     505* |       0 |     118 |        0 |      0 |   122 |    +0.1% | -177.111 |   -13742.6 |   -68478.7 |    596 | u_mul.result\[28\]$_DFFE_PN0P_/D
     508* |       0 |     118 |        0 |      0 |   124 |    +0.1% | -177.111 |   -13742.6 |   -68477.5 |    596 | u_mul.result\[28\]$_DFFE_PN0P_/D
     510* |       0 |     118 |        0 |      0 |   125 |    +0.1% | -177.111 |   -13742.6 |   -68475.9 |    596 | u_mul.result\[28\]$_DFFE_PN0P_/D
     511* |       0 |     118 |        0 |      0 |   126 |    +0.1% | -177.111 |   -13742.6 |   -68476.3 |    596 | u_mul.result\[28\]$_DFFE_PN0P_/D
     514* |       0 |     118 |        0 |      0 |   128 |    +0.1% | -177.111 |   -13742.6 |   -68475.1 |    596 | u_mul.result\[28\]$_DFFE_PN0P_/D
     517* |       0 |     118 |        0 |      0 |   130 |    +0.1% | -177.111 |   -13742.6 |   -68473.9 |    596 | u_mul.result\[28\]$_DFFE_PN0P_/D
     520* |       0 |     118 |        0 |      0 |   132 |    +0.1% | -177.111 |   -13742.6 |   -68472.6 |    596 | u_mul.result\[28\]$_DFFE_PN0P_/D
     520* |       0 |     118 |        0 |      0 |   132 |    +0.1% | -177.111 |   -13742.6 |   -68472.6 |    596 | u_mul.result\[28\]$_DFFE_PN0P_/D
     523* |       0 |     118 |        0 |      0 |   134 |    +0.1% | -177.111 |   -13742.6 |   -68471.5 |    596 | u_mul.result\[28\]$_DFFE_PN0P_/D
     526* |       0 |     118 |        0 |      0 |   136 |    +0.1% | -177.111 |   -13742.6 |   -68470.4 |    596 | u_mul.result\[28\]$_DFFE_PN0P_/D
     529* |       0 |     118 |        0 |      0 |   138 |    +0.1% | -177.111 |   -13742.6 |   -68469.1 |    596 | u_mul.result\[28\]$_DFFE_PN0P_/D
     530* |       0 |     118 |        0 |      0 |   138 |    +0.1% | -177.111 |   -13742.6 |   -68469.1 |    596 | u_mul.result\[28\]$_DFFE_PN0P_/D
     532* |       0 |     118 |        0 |      0 |   140 |    +0.1% | -177.111 |   -13742.6 |   -68467.9 |    596 | u_mul.result\[28\]$_DFFE_PN0P_/D
     535* |       0 |     118 |        0 |      0 |   142 |    +0.1% | -177.111 |   -13742.6 |   -68466.7 |    596 | u_mul.result\[28\]$_DFFE_PN0P_/D
     538* |       0 |     118 |        0 |      0 |   144 |    +0.1% | -177.111 |   -13742.6 |   -68465.5 |    596 | u_mul.result\[28\]$_DFFE_PN0P_/D
     540* |       0 |     118 |        0 |      0 |   145 |    +0.1% | -177.111 |   -13742.6 |   -68463.9 |    596 | u_mul.result\[28\]$_DFFE_PN0P_/D
     541* |       0 |     118 |        0 |      0 |   146 |    +0.1% | -177.111 |   -13742.6 |   -68464.2 |    596 | u_mul.result\[28\]$_DFFE_PN0P_/D
     544* |       0 |     118 |        0 |      0 |   148 |    +0.1% | -177.111 |   -13742.6 |   -68462.8 |    596 | u_mul.result\[28\]$_DFFE_PN0P_/D
     547* |       0 |     118 |        0 |      0 |   150 |    +0.1% | -177.111 |   -13742.6 |   -68461.5 |    596 | u_mul.result\[28\]$_DFFE_PN0P_/D
     550* |       0 |     118 |        0 |      0 |   152 |    +0.1% | -177.111 |   -13742.6 |   -68460.2 |    596 | u_mul.result\[28\]$_DFFE_PN0P_/D
     550* |       0 |     118 |        0 |      0 |   152 |    +0.1% | -177.111 |   -13742.6 |   -68460.2 |    596 | u_mul.result\[28\]$_DFFE_PN0P_/D
     553* |       0 |     118 |        0 |      0 |   154 |    +0.1% | -177.111 |   -13742.6 |   -68459.0 |    596 | u_mul.result\[28\]$_DFFE_PN0P_/D
     556* |       0 |     118 |        0 |      0 |   156 |    +0.1% | -177.111 |   -13742.6 |   -68457.7 |    596 | u_mul.result\[28\]$_DFFE_PN0P_/D
     560* |       0 |     121 |        0 |      0 |   156 |    +0.1% | -177.111 |   -13742.6 |   -68440.2 |    596 | u_mul.result\[28\]$_DFFE_PN0P_/D
     564* |       0 |     124 |        0 |      0 |   156 |    +0.1% | -177.111 |   -13742.6 |   -68442.5 |    596 | u_mul.result\[28\]$_DFFE_PN0P_/D
     566* |       0 |     124 |        0 |      0 |   156 |    +0.1% | -177.111 |   -13742.6 |   -68442.5 |    596 | u_mul.result\[28\]$_DFFE_PN0P_/D
     568* |       0 |     124 |        0 |      0 |   156 |    +0.1% | -177.111 |   -13742.6 |   -68442.5 |    596 | u_mul.result\[28\]$_DFFE_PN0P_/D
     570* |       0 |     124 |        0 |      0 |   157 |    +0.1% | -177.111 |   -13742.6 |   -68443.2 |    596 | u_mul.result\[28\]$_DFFE_PN0P_/D
     570* |       0 |     124 |        0 |      0 |   156 |    +0.1% | -177.111 |   -13742.6 |   -68442.5 |    596 | u_mul.result\[28\]$_DFFE_PN0P_/D
     573* |       0 |     125 |        0 |      0 |   156 |    +0.1% | -177.111 |   -13742.6 |   -68444.9 |    596 | u_mul.result\[28\]$_DFFE_PN0P_/D
     576* |       0 |     126 |        0 |      0 |   156 |    +0.1% | -177.111 |   -13742.6 |   -68448.3 |    596 | u_mul.result\[28\]$_DFFE_PN0P_/D
     580* |       0 |     129 |        0 |      0 |   156 |    +0.2% | -177.111 |   -13742.6 |   -68452.1 |    596 | u_mul.result\[28\]$_DFFE_PN0P_/D
     582* |       0 |     130 |        0 |      0 |   156 |    +0.2% | -177.111 |   -13742.6 |   -68453.6 |    596 | u_mul.result\[28\]$_DFFE_PN0P_/D
     585* |       0 |     131 |        0 |      0 |   156 |    +0.2% | -177.111 |   -13742.6 |   -68454.7 |    596 | u_mul.result\[28\]$_DFFE_PN0P_/D
     588* |       0 |     132 |        0 |      0 |   156 |    +0.2% | -177.111 |   -13742.6 |   -68457.8 |    596 | u_mul.result\[28\]$_DFFE_PN0P_/D
     590* |       0 |     133 |        0 |      0 |   156 |    +0.2% | -177.111 |   -13742.6 |   -68459.0 |    596 | u_mul.result\[28\]$_DFFE_PN0P_/D
     591* |       0 |     133 |        0 |      0 |   156 |    +0.2% | -177.111 |   -13742.6 |   -68459.0 |    596 | u_mul.result\[28\]$_DFFE_PN0P_/D
     594* |       0 |     134 |        0 |      0 |   156 |    +0.2% | -177.111 |   -13742.6 |   -68460.1 |    596 | u_mul.result\[28\]$_DFFE_PN0P_/D
     597* |       0 |     135 |        0 |      0 |   156 |    +0.2% | -177.111 |   -13742.6 |   -68461.7 |    596 | u_mul.result\[28\]$_DFFE_PN0P_/D
     600* |       0 |     136 |        0 |      0 |   157 |    +0.2% | -177.111 |   -13742.6 |   -68464.1 |    596 | u_mul.result\[28\]$_DFFE_PN0P_/D
     600* |       0 |     136 |        0 |      0 |   156 |    +0.2% | -177.111 |   -13742.6 |   -68463.8 |    596 | u_mul.result\[28\]$_DFFE_PN0P_/D
     603* |       0 |     137 |        0 |      0 |   156 |    +0.2% | -177.111 |   -13742.6 |   -68464.9 |    596 | u_mul.result\[28\]$_DFFE_PN0P_/D
     606* |       0 |     138 |        0 |      0 |   156 |    +0.2% | -177.111 |   -13742.6 |   -68465.4 |    596 | u_mul.result\[28\]$_DFFE_PN0P_/D
     609* |       0 |     139 |        0 |      0 |   156 |    +0.2% | -177.111 |   -13742.6 |   -68467.0 |    596 | u_mul.result\[28\]$_DFFE_PN0P_/D
     610* |       0 |     139 |        0 |      0 |   156 |    +0.2% | -177.111 |   -13742.6 |   -68467.0 |    596 | u_mul.result\[28\]$_DFFE_PN0P_/D
     612* |       0 |     140 |        0 |      0 |   156 |    +0.2% | -177.111 |   -13742.6 |   -68468.1 |    596 | u_mul.result\[28\]$_DFFE_PN0P_/D
     615* |       0 |     141 |        0 |      0 |   156 |    +0.2% | -177.111 |   -13742.6 |   -68469.4 |    596 | u_mul.result\[28\]$_DFFE_PN0P_/D
     620* |       0 |     145 |        0 |      0 |   156 |    +0.2% | -177.111 |   -13915.9 |   -68439.3 |    596 | u_mul.result\[28\]$_DFFE_PN0P_/D
     625* |       0 |     149 |        0 |      0 |   157 |    +0.2% | -177.111 |   -14044.7 |   -68506.9 |    596 | u_mul.result\[28\]$_DFFE_PN0P_/D
     630* |       0 |     153 |        0 |      0 |   157 |    +0.2% | -177.111 |   -14137.7 |   -68439.7 |    596 | u_mul.result\[28\]$_DFFE_PN0P_/D
     632* |       0 |     155 |        0 |      0 |   157 |    +0.2% | -177.111 |   -14137.7 |   -68457.1 |    596 | u_mul.result\[28\]$_DFFE_PN0P_/D
     634* |       0 |     156 |        0 |      0 |   157 |    +0.2% | -177.111 |   -14137.7 |   -68458.4 |    596 | u_mul.result\[28\]$_DFFE_PN0P_/D
     636* |       0 |     157 |        0 |      0 |   157 |    +0.2% | -177.111 |   -14137.7 |   -68459.6 |    596 | u_mul.result\[28\]$_DFFE_PN0P_/D
     638* |       0 |     158 |        0 |      0 |   157 |    +0.2% | -177.111 |   -14137.7 |   -68464.7 |    596 | u_mul.result\[28\]$_DFFE_PN0P_/D
     640* |       0 |     159 |        0 |      0 |   157 |    +0.2% | -177.111 |   -14137.7 |   -68454.1 |    596 | u_mul.result\[28\]$_DFFE_PN0P_/D
     642* |       0 |     161 |        0 |      0 |   157 |    +0.2% | -177.111 |   -14137.7 |   -68464.4 |    596 | u_mul.result\[28\]$_DFFE_PN0P_/D
     644* |       0 |     162 |        0 |      0 |   157 |    +0.2% | -177.111 |   -14137.7 |   -68469.2 |    596 | u_mul.result\[28\]$_DFFE_PN0P_/D
     647* |       0 |     163 |        0 |      0 |   157 |    +0.2% | -177.111 |   -14137.7 |   -68473.6 |    596 | u_mul.result\[28\]$_DFFE_PN0P_/D
     650* |       0 |     164 |        0 |      0 |   158 |    +0.2% | -177.111 |   -14137.7 |   -68479.1 |    596 | u_mul.result\[28\]$_DFFE_PN0P_/D
     650* |       0 |     164 |        0 |      0 |   157 |    +0.2% | -177.111 |   -14137.7 |   -68477.9 |    596 | u_mul.result\[28\]$_DFFE_PN0P_/D
     652* |       0 |     165 |        0 |      0 |   157 |    +0.2% | -177.111 |   -14137.7 |   -68483.0 |    596 | u_mul.result\[28\]$_DFFE_PN0P_/D
     654* |       0 |     166 |        0 |      0 |   157 |    +0.2% | -177.111 |   -14137.7 |   -68488.3 |    596 | u_mul.result\[28\]$_DFFE_PN0P_/D
     657* |       0 |     167 |        0 |      0 |   157 |    +0.2% | -177.111 |   -14137.7 |   -68492.5 |    596 | u_mul.result\[28\]$_DFFE_PN0P_/D
     660* |       0 |     169 |        0 |      0 |   157 |    +0.2% | -177.111 |   -14335.5 |   -68600.9 |    596 | u_mul.result\[28\]$_DFFE_PN0P_/D
     660* |       0 |     169 |        0 |      0 |   157 |    +0.2% | -177.111 |   -14335.5 |   -68600.9 |    596 | u_mul.result\[28\]$_DFFE_PN0P_/D
     663* |       0 |     170 |        0 |      0 |   157 |    +0.2% | -177.111 |   -14335.5 |   -68605.7 |    596 | u_mul.result\[28\]$_DFFE_PN0P_/D
     665* |       0 |     171 |        0 |      0 |   157 |    +0.2% | -177.111 |   -14335.5 |   -68603.8 |    596 | u_mul.result\[28\]$_DFFE_PN0P_/D
     668* |       0 |     172 |        0 |      0 |   157 |    +0.2% | -177.111 |   -14335.5 |   -68608.1 |    596 | u_mul.result\[28\]$_DFFE_PN0P_/D
     670* |       0 |     173 |        0 |      0 |   157 |    +0.2% | -177.111 |   -14335.5 |   -68612.4 |    596 | u_mul.result\[28\]$_DFFE_PN0P_/D
     671* |       0 |     173 |        0 |      0 |   157 |    +0.2% | -177.111 |   -14335.5 |   -68612.4 |    596 | u_mul.result\[28\]$_DFFE_PN0P_/D
     674* |       0 |     174 |        0 |      0 |   157 |    +0.2% | -177.111 |   -14335.5 |   -68616.6 |    596 | u_mul.result\[28\]$_DFFE_PN0P_/D
     677* |       0 |     176 |        0 |      0 |   157 |    +0.2% | -177.111 |   -14539.3 |   -68723.9 |    596 | u_mul.result\[28\]$_DFFE_PN0P_/D
     679* |       0 |     177 |        0 |      0 |   157 |    +0.2% | -177.111 |   -14539.3 |   -68721.9 |    596 | u_mul.result\[28\]$_DFFE_PN0P_/D
     680* |       0 |     177 |        0 |      0 |   157 |    +0.2% | -177.111 |   -14539.3 |   -68721.9 |    596 | u_mul.result\[28\]$_DFFE_PN0P_/D
     684* |       0 |     181 |        0 |      0 |   157 |    +0.2% | -177.111 |   -14353.7 |   -68674.3 |    596 | u_mul.result\[28\]$_DFFE_PN0P_/D
     686* |       0 |     182 |        0 |      0 |   157 |    +0.2% | -177.111 |   -14353.7 |   -68679.0 |    596 | u_mul.result\[28\]$_DFFE_PN0P_/D
     688* |       0 |     183 |        0 |      0 |   157 |    +0.2% | -177.111 |   -14353.7 |   -68684.0 |    596 | u_mul.result\[28\]$_DFFE_PN0P_/D
     690* |       0 |     184 |        0 |      0 |   157 |    +0.2% | -177.111 |   -14353.7 |   -68688.9 |    596 | u_mul.result\[28\]$_DFFE_PN0P_/D
     690* |       0 |     184 |        0 |      0 |   157 |    +0.2% | -177.111 |   -14353.7 |   -68688.9 |    596 | u_mul.result\[28\]$_DFFE_PN0P_/D
     700* |       0 |     190 |        0 |      0 |   160 |    +0.3% | -177.113 |   -14379.1 |   -68933.7 |    596 | u_mul.result\[28\]$_DFFE_PN0P_/D
     701* |       0 |     187 |        0 |      0 |   158 |    +0.2% | -177.111 |   -14341.2 |   -68682.4 |    596 | u_mul.result\[28\]$_DFFE_PN0P_/D
     710* |       0 |     194 |        0 |      0 |   159 |    +0.3% | -177.111 |   -14332.6 |   -68458.2 |    596 | u_mul.result\[28\]$_DFFE_PN0P_/D
     714* |       0 |     197 |        0 |      0 |   160 |    +0.3% | -177.111 |   -14332.6 |   -68482.7 |    596 | u_mul.result\[28\]$_DFFE_PN0P_/D
     717* |       0 |     198 |        0 |      0 |   161 |    +0.3% | -177.111 |   -14332.6 |   -68481.6 |    596 | u_mul.result\[28\]$_DFFE_PN0P_/D
     720* |       0 |     199 |        0 |      0 |   162 |    +0.3% | -177.111 |   -14332.6 |   -68482.0 |    596 | u_mul.result\[28\]$_DFFE_PN0P_/D
     721* |       0 |     199 |        0 |      0 |   162 |    +0.3% | -177.111 |   -14332.6 |   -68482.0 |    596 | u_mul.result\[28\]$_DFFE_PN0P_/D
     725* |       0 |     200 |        0 |      0 |   163 |    +0.3% | -177.111 |   -14332.6 |   -68484.4 |    596 | u_mul.result\[28\]$_DFFE_PN0P_/D
     729* |       0 |     200 |        0 |      0 |   163 |    +0.3% | -177.111 |   -14332.6 |   -68484.4 |    596 | u_mul.result\[28\]$_DFFE_PN0P_/D
     730* |       0 |     200 |        0 |      0 |   163 |    +0.3% | -177.111 |   -14332.6 |   -68484.4 |    596 | u_mul.result\[28\]$_DFFE_PN0P_/D
     738* |       0 |     207 |        0 |      0 |   164 |    +0.3% | -177.111 |   -14332.6 |   -68406.8 |    596 | u_mul.result\[28\]$_DFFE_PN0P_/D
     740* |       0 |     207 |        0 |      0 |   165 |    +0.3% | -177.111 |   -14332.6 |   -68405.8 |    596 | u_mul.result\[28\]$_DFFE_PN0P_/D
     741* |       0 |     208 |        0 |      0 |   165 |    +0.3% | -177.111 |   -14344.0 |   -68405.0 |    596 | u_mul.result\[28\]$_DFFE_PN0P_/D
     745* |       0 |     209 |        0 |      0 |   166 |    +0.3% | -177.111 |   -14344.0 |   -68404.4 |    596 | u_mul.result\[28\]$_DFFE_PN0P_/D
     750* |       0 |     213 |        0 |      0 |   166 |    +0.3% | -177.111 |   -14344.0 |   -68297.5 |    596 | u_mul.result\[28\]$_DFFE_PN0P_/D
     754* |       0 |     216 |        0 |      0 |   167 |    +0.3% | -177.111 |   -14344.0 |   -68317.9 |    596 | u_mul.result\[28\]$_DFFE_PN0P_/D
     757* |       0 |     217 |        0 |      0 |   168 |    +0.3% | -177.111 |   -14344.0 |   -68316.3 |    596 | u_mul.result\[28\]$_DFFE_PN0P_/D
     760* |       0 |     218 |        0 |      0 |   169 |    +0.3% | -177.111 |   -14344.0 |   -68315.1 |    596 | u_mul.result\[28\]$_DFFE_PN0P_/D
     761* |       0 |     218 |        0 |      0 |   169 |    +0.3% | -177.111 |   -14344.0 |   -68315.1 |    596 | u_mul.result\[28\]$_DFFE_PN0P_/D
     765* |       0 |     219 |        0 |      0 |   170 |    +0.3% | -177.111 |   -14344.0 |   -68316.2 |    596 | u_mul.result\[28\]$_DFFE_PN0P_/D
     769* |       0 |     220 |        0 |      0 |   171 |    +0.3% | -177.111 |   -14344.0 |   -68318.5 |    596 | u_mul.result\[28\]$_DFFE_PN0P_/D
     770* |       0 |     220 |        0 |      0 |   171 |    +0.3% | -177.111 |   -14344.0 |   -68318.5 |    596 | u_mul.result\[28\]$_DFFE_PN0P_/D
     773* |       0 |     220 |        0 |      0 |   171 |    +0.3% | -177.111 |   -14344.0 |   -68318.5 |    596 | u_mul.result\[28\]$_DFFE_PN0P_/D
     780* |       0 |     225 |        0 |      0 |   172 |    +0.3% | -177.111 |   -14344.0 |   -68242.5 |    596 | u_mul.result\[28\]$_DFFE_PN0P_/D
     781* |       0 |     225 |        0 |      0 |   172 |    +0.3% | -177.111 |   -14344.0 |   -68242.5 |    596 | u_mul.result\[28\]$_DFFE_PN0P_/D
     786* |       0 |     228 |        0 |      0 |   173 |    +0.3% | -177.111 |   -14344.0 |   -68228.2 |    596 | u_mul.result\[28\]$_DFFE_PN0P_/D
     789* |       0 |     229 |        0 |      0 |   174 |    +0.3% | -177.111 |   -14344.0 |   -68226.5 |    596 | u_mul.result\[28\]$_DFFE_PN0P_/D
     790* |       0 |     229 |        0 |      0 |   174 |    +0.3% | -177.111 |   -14344.0 |   -68226.5 |    596 | u_mul.result\[28\]$_DFFE_PN0P_/D
     792* |       0 |     230 |        0 |      0 |   175 |    +0.3% | -177.111 |   -14344.0 |   -68225.0 |    596 | u_mul.result\[28\]$_DFFE_PN0P_/D
     796* |       0 |     231 |        0 |      0 |   176 |    +0.4% | -177.111 |   -14344.0 |   -68224.1 |    596 | u_mul.result\[28\]$_DFFE_PN0P_/D
     800* |       0 |     232 |        0 |      0 |   178 |    +0.4% | -177.111 |   -14344.0 |   -68224.3 |    596 | u_mul.result\[28\]$_DFFE_PN0P_/D
     800* |       0 |     232 |        0 |      0 |   177 |    +0.4% | -177.111 |   -14344.0 |   -68223.7 |    596 | u_mul.result\[28\]$_DFFE_PN0P_/D
     804* |       0 |     233 |        0 |      0 |   178 |    +0.4% | -177.111 |   -14344.0 |   -68225.3 |    596 | u_mul.result\[28\]$_DFFE_PN0P_/D
     808* |       0 |     234 |        0 |      0 |   179 |    +0.4% | -177.111 |   -14344.0 |   -68228.3 |    596 | u_mul.result\[28\]$_DFFE_PN0P_/D
     810* |       0 |     234 |        0 |      0 |   180 |    +0.4% | -177.111 |   -14344.0 |   -68230.2 |    596 | u_mul.result\[28\]$_DFFE_PN0P_/D
     812* |       0 |     234 |        0 |      0 |   179 |    +0.4% | -177.111 |   -14344.0 |   -68228.3 |    596 | u_mul.result\[28\]$_DFFE_PN0P_/D
     816* |       0 |     234 |        0 |      0 |   179 |    +0.4% | -177.111 |   -14344.0 |   -68228.3 |    596 | u_mul.result\[28\]$_DFFE_PN0P_/D
     820* |       0 |     235 |        0 |      0 |   181 |    +0.4% | -177.111 |   -14344.0 |   -68233.8 |    596 | u_mul.result\[28\]$_DFFE_PN0P_/D
     820* |       0 |     234 |        0 |      0 |   179 |    +0.4% | -177.111 |   -14344.0 |   -68228.3 |    596 | u_mul.result\[28\]$_DFFE_PN0P_/D
     824* |       0 |     234 |        0 |      0 |   179 |    +0.4% | -177.111 |   -14344.0 |   -68228.3 |    596 | u_mul.result\[28\]$_DFFE_PN0P_/D
     828* |       0 |     235 |        0 |      0 |   180 |    +0.4% | -177.111 |   -14344.0 |   -68230.5 |    596 | u_mul.result\[28\]$_DFFE_PN0P_/D
     830* |       0 |     235 |        0 |      0 |   181 |    +0.4% | -177.111 |   -14344.0 |   -68231.7 |    596 | u_mul.result\[28\]$_DFFE_PN0P_/D
     832* |       0 |     236 |        0 |      0 |   181 |    +0.4% | -177.111 |   -14344.0 |   -68234.2 |    596 | u_mul.result\[28\]$_DFFE_PN0P_/D
     836* |       0 |     236 |        0 |      0 |   181 |    +0.4% | -177.111 |   -14344.0 |   -68234.2 |    596 | u_mul.result\[28\]$_DFFE_PN0P_/D
     840* |       0 |     237 |        0 |      0 |   183 |    +0.4% | -177.111 |   -14344.0 |   -68236.1 |    596 | u_mul.result\[28\]$_DFFE_PN0P_/D
     840* |       0 |     237 |        0 |      0 |   182 |    +0.4% | -177.111 |   -14344.0 |   -68235.6 |    596 | u_mul.result\[28\]$_DFFE_PN0P_/D
     844* |       0 |     237 |        0 |      0 |   182 |    +0.4% | -177.111 |   -14344.0 |   -68235.6 |    596 | u_mul.result\[28\]$_DFFE_PN0P_/D
     848* |       0 |     238 |        0 |      0 |   183 |    +0.4% | -177.111 |   -14344.0 |   -68238.5 |    596 | u_mul.result\[28\]$_DFFE_PN0P_/D
     850* |       0 |     238 |        0 |      0 |   184 |    +0.4% | -177.111 |   -14344.0 |   -68240.4 |    596 | u_mul.result\[28\]$_DFFE_PN0P_/D
     852* |       0 |     238 |        0 |      0 |   183 |    +0.4% | -177.111 |   -14344.0 |   -68238.5 |    596 | u_mul.result\[28\]$_DFFE_PN0P_/D
     856* |       0 |     238 |        0 |      0 |   183 |    +0.4% | -177.111 |   -14344.0 |   -68238.5 |    596 | u_mul.result\[28\]$_DFFE_PN0P_/D
     860* |       0 |     239 |        0 |      0 |   185 |    +0.4% | -177.111 |   -14344.0 |   -68244.0 |    596 | u_mul.result\[28\]$_DFFE_PN0P_/D
     860* |       0 |     238 |        0 |      0 |   183 |    +0.4% | -177.111 |   -14344.0 |   -68238.5 |    596 | u_mul.result\[28\]$_DFFE_PN0P_/D
     864* |       0 |     238 |        0 |      0 |   183 |    +0.4% | -177.111 |   -14344.0 |   -68238.5 |    596 | u_mul.result\[28\]$_DFFE_PN0P_/D
     868* |       0 |     238 |        0 |      0 |   183 |    +0.4% | -177.111 |   -14344.0 |   -68238.5 |    596 | u_mul.result\[28\]$_DFFE_PN0P_/D
     870* |       0 |     238 |        0 |      0 |   184 |    +0.4% | -177.111 |   -14344.0 |   -68240.6 |    596 | u_mul.result\[28\]$_DFFE_PN0P_/D
     872* |       0 |     238 |        0 |      0 |   183 |    +0.4% | -177.111 |   -14344.0 |   -68238.5 |    596 | u_mul.result\[28\]$_DFFE_PN0P_/D
     876* |       0 |     238 |        0 |      0 |   183 |    +0.4% | -177.111 |   -14344.0 |   -68238.5 |    596 | u_mul.result\[28\]$_DFFE_PN0P_/D
     880* |       0 |     240 |        0 |      0 |   184 |    +0.4% | -177.111 |   -14335.3 |   -68186.3 |    596 | u_mul.result\[28\]$_DFFE_PN0P_/D
     886* |       0 |     245 |        0 |      0 |   184 |    +0.4% | -177.111 |   -14591.3 |   -68983.0 |    596 | u_mul.result\[28\]$_DFFE_PN0P_/D
     889* |       0 |     246 |        0 |      0 |   184 |    +0.4% | -177.111 |   -14591.3 |   -68985.1 |    596 | u_mul.result\[28\]$_DFFE_PN0P_/D
     890* |       0 |     246 |        0 |      0 |   184 |    +0.4% | -177.111 |   -14591.3 |   -68985.1 |    596 | u_mul.result\[28\]$_DFFE_PN0P_/D
     892* |       0 |     247 |        0 |      0 |   184 |    +0.4% | -177.111 |   -14591.3 |   -68987.4 |    596 | u_mul.result\[28\]$_DFFE_PN0P_/D
     895* |       0 |     248 |        0 |      0 |   184 |    +0.4% | -177.111 |   -14591.3 |   -68989.5 |    596 | u_mul.result\[28\]$_DFFE_PN0P_/D
     898* |       0 |     249 |        0 |      0 |   184 |    +0.4% | -177.111 |   -14591.3 |   -68991.6 |    596 | u_mul.result\[28\]$_DFFE_PN0P_/D
     900* |       0 |     250 |        0 |      0 |   184 |    +0.4% | -177.111 |   -14591.3 |   -68993.5 |    596 | u_mul.result\[28\]$_DFFE_PN0P_/D
     901* |       0 |     250 |        0 |      0 |   184 |    +0.4% | -177.111 |   -14591.3 |   -68993.5 |    596 | u_mul.result\[28\]$_DFFE_PN0P_/D
     904* |       0 |     251 |        0 |      0 |   184 |    +0.4% | -177.111 |   -14591.3 |   -68995.5 |    596 | u_mul.result\[28\]$_DFFE_PN0P_/D
     907* |       0 |     252 |        0 |      0 |   184 |    +0.4% | -177.111 |   -14591.3 |   -68997.4 |    596 | u_mul.result\[28\]$_DFFE_PN0P_/D
     910* |       0 |     253 |        0 |      0 |   185 |    +0.4% | -177.111 |   -14591.3 |   -68999.2 |    596 | u_mul.result\[28\]$_DFFE_PN0P_/D
     910* |       0 |     253 |        0 |      0 |   184 |    +0.4% | -177.111 |   -14591.3 |   -68999.3 |    596 | u_mul.result\[28\]$_DFFE_PN0P_/D
     913* |       0 |     254 |        0 |      0 |   184 |    +0.4% | -177.111 |   -14591.3 |   -69001.1 |    596 | u_mul.result\[28\]$_DFFE_PN0P_/D
     920* |       0 |     259 |        0 |      0 |   185 |    +0.4% | -177.111 |   -14591.3 |   -68979.6 |    596 | u_mul.result\[28\]$_DFFE_PN0P_/D
     920* |       0 |     259 |        0 |      0 |   184 |    +0.4% | -177.111 |   -14591.3 |   -68979.1 |    596 | u_mul.result\[28\]$_DFFE_PN0P_/D
     922* |       0 |     259 |        0 |      0 |   184 |    +0.4% | -177.111 |   -14591.3 |   -68979.1 |    596 | u_mul.result\[28\]$_DFFE_PN0P_/D
     924* |       0 |     259 |        0 |      0 |   184 |    +0.4% | -177.111 |   -14591.3 |   -68979.1 |    596 | u_mul.result\[28\]$_DFFE_PN0P_/D
     930* |       0 |     264 |        0 |      0 |   184 |    +0.4% | -177.111 |   -14591.3 |   -68918.7 |    596 | u_mul.result\[28\]$_DFFE_PN0P_/D
     931* |       0 |     264 |        0 |      0 |   184 |    +0.4% | -177.111 |   -14591.3 |   -68918.7 |    596 | u_mul.result\[28\]$_DFFE_PN0P_/D
     933* |       0 |     264 |        0 |      0 |   184 |    +0.4% | -177.111 |   -14591.3 |   -68918.7 |    596 | u_mul.result\[28\]$_DFFE_PN0P_/D
     935* |       0 |     264 |        0 |      0 |   184 |    +0.4% | -177.111 |   -14591.3 |   -68918.7 |    596 | u_mul.result\[28\]$_DFFE_PN0P_/D
     937* |       0 |     264 |        0 |      0 |   184 |    +0.4% | -177.111 |   -14591.3 |   -68918.7 |    596 | u_mul.result\[28\]$_DFFE_PN0P_/D
     939* |       0 |     264 |        0 |      0 |   184 |    +0.4% | -177.111 |   -14591.3 |   -68918.7 |    596 | u_mul.result\[28\]$_DFFE_PN0P_/D
     940* |       0 |     264 |        0 |      0 |   184 |    +0.4% | -177.111 |   -14591.3 |   -68918.7 |    596 | u_mul.result\[28\]$_DFFE_PN0P_/D
     941* |       0 |     264 |        0 |      0 |   184 |    +0.4% | -177.111 |   -14591.3 |   -68918.7 |    596 | u_mul.result\[28\]$_DFFE_PN0P_/D
     943* |       0 |     264 |        0 |      0 |   184 |    +0.4% | -177.111 |   -14591.3 |   -68918.7 |    596 | u_mul.result\[28\]$_DFFE_PN0P_/D
     945* |       0 |     264 |        0 |      0 |   184 |    +0.4% | -177.111 |   -14591.3 |   -68918.7 |    596 | u_mul.result\[28\]$_DFFE_PN0P_/D
     947* |       0 |     264 |        0 |      0 |   184 |    +0.4% | -177.111 |   -14591.3 |   -68918.7 |    596 | u_mul.result\[28\]$_DFFE_PN0P_/D
     950* |       0 |     266 |        0 |      0 |   184 |    +0.4% | -177.111 |   -14591.3 |   -68888.9 |    596 | u_mul.result\[28\]$_DFFE_PN0P_/D
     951* |       0 |     266 |        0 |      0 |   184 |    +0.4% | -177.111 |   -14591.3 |   -68888.9 |    596 | u_mul.result\[28\]$_DFFE_PN0P_/D
     953* |       0 |     266 |        0 |      0 |   184 |    +0.4% | -177.111 |   -14591.3 |   -68888.9 |    596 | u_mul.result\[28\]$_DFFE_PN0P_/D
     955* |       0 |     266 |        0 |      0 |   184 |    +0.4% | -177.111 |   -14591.3 |   -68888.9 |    596 | u_mul.result\[28\]$_DFFE_PN0P_/D
     957* |       0 |     266 |        0 |      0 |   184 |    +0.4% | -177.111 |   -14591.3 |   -68888.9 |    596 | u_mul.result\[28\]$_DFFE_PN0P_/D
     959* |       0 |     266 |        0 |      0 |   184 |    +0.4% | -177.111 |   -14591.3 |   -68888.9 |    596 | u_mul.result\[28\]$_DFFE_PN0P_/D
     960* |       0 |     266 |        0 |      0 |   184 |    +0.4% | -177.111 |   -14591.3 |   -68888.9 |    596 | u_mul.result\[28\]$_DFFE_PN0P_/D
     966* |       0 |     271 |        0 |      0 |   184 |    +0.4% | -177.111 |   -14591.3 |   -68837.0 |    596 | u_mul.result\[28\]$_DFFE_PN0P_/D
     970* |       0 |     274 |        0 |      0 |   184 |    +0.4% | -177.111 |   -14591.3 |   -68740.6 |    596 | u_mul.result\[28\]$_DFFE_PN0P_/D
     973* |       0 |     276 |        0 |      0 |   184 |    +0.4% | -177.111 |   -14591.3 |   -68778.7 |    596 | u_mul.result\[28\]$_DFFE_PN0P_/D
     975* |       0 |     276 |        0 |      0 |   184 |    +0.4% | -177.111 |   -14591.3 |   -68778.7 |    596 | u_mul.result\[28\]$_DFFE_PN0P_/D
     980* |       0 |     280 |        0 |      0 |   184 |    +0.4% | -177.111 |   -14591.3 |   -68707.1 |    596 | u_mul.result\[28\]$_DFFE_PN0P_/D
     981* |       0 |     280 |        0 |      0 |   184 |    +0.4% | -177.111 |   -14591.3 |   -68707.1 |    596 | u_mul.result\[28\]$_DFFE_PN0P_/D
     983* |       0 |     280 |        0 |      0 |   184 |    +0.4% | -177.111 |   -14591.3 |   -68707.1 |    596 | u_mul.result\[28\]$_DFFE_PN0P_/D
     985* |       0 |     280 |        0 |      0 |   184 |    +0.4% | -177.111 |   -14591.3 |   -68707.1 |    596 | u_mul.result\[28\]$_DFFE_PN0P_/D
     987* |       0 |     280 |        0 |      0 |   184 |    +0.4% | -177.111 |   -14591.3 |   -68707.1 |    596 | u_mul.result\[28\]$_DFFE_PN0P_/D
     989* |       0 |     280 |        0 |      0 |   184 |    +0.4% | -177.111 |   -14591.3 |   -68707.1 |    596 | u_mul.result\[28\]$_DFFE_PN0P_/D
     990* |       0 |     280 |        0 |      0 |   184 |    +0.4% | -177.111 |   -14591.3 |   -68707.1 |    596 | u_mul.result\[28\]$_DFFE_PN0P_/D
     991* |       0 |     280 |        0 |      0 |   184 |    +0.4% | -177.111 |   -14591.3 |   -68707.1 |    596 | u_mul.result\[28\]$_DFFE_PN0P_/D
     993* |       0 |     280 |        0 |      0 |   184 |    +0.4% | -177.111 |   -14591.3 |   -68707.1 |    596 | u_mul.result\[28\]$_DFFE_PN0P_/D
     995* |       0 |     280 |        0 |      0 |   184 |    +0.4% | -177.111 |   -14591.3 |   -68707.1 |    596 | u_mul.result\[28\]$_DFFE_PN0P_/D
     997* |       0 |     280 |        0 |      0 |   184 |    +0.4% | -177.111 |   -14591.3 |   -68707.1 |    596 | u_mul.result\[28\]$_DFFE_PN0P_/D
     999* |       0 |     280 |        0 |      0 |   184 |    +0.4% | -177.111 |   -14591.3 |   -68707.1 |    596 | u_mul.result\[28\]$_DFFE_PN0P_/D
    1000* |       0 |     280 |        0 |      0 |   184 |    +0.4% | -177.111 |   -14591.3 |   -68707.1 |    596 | u_mul.result\[28\]$_DFFE_PN0P_/D
    1001* |       0 |     280 |        0 |      0 |   184 |    +0.4% | -177.111 |   -14591.3 |   -68707.1 |    596 | u_mul.result\[28\]$_DFFE_PN0P_/D
    1003* |       0 |     280 |        0 |      0 |   184 |    +0.4% | -177.111 |   -14591.3 |   -68707.1 |    596 | u_mul.result\[28\]$_DFFE_PN0P_/D
    1005* |       0 |     280 |        0 |      0 |   184 |    +0.4% | -177.111 |   -14591.3 |   -68707.1 |    596 | u_mul.result\[28\]$_DFFE_PN0P_/D
    1007* |       0 |     280 |        0 |      0 |   184 |    +0.4% | -177.111 |   -14591.3 |   -68707.1 |    596 | u_mul.result\[28\]$_DFFE_PN0P_/D
    1009* |       0 |     280 |        0 |      0 |   184 |    +0.4% | -177.111 |   -14591.3 |   -68707.1 |    596 | u_mul.result\[28\]$_DFFE_PN0P_/D
    1010* |       0 |     280 |        0 |      0 |   184 |    +0.4% | -177.111 |   -14591.3 |   -68707.1 |    596 | u_mul.result\[28\]$_DFFE_PN0P_/D
    1011* |       0 |     280 |        0 |      0 |   184 |    +0.4% | -177.111 |   -14591.3 |   -68707.1 |    596 | u_mul.result\[28\]$_DFFE_PN0P_/D
    1013* |       0 |     280 |        0 |      0 |   184 |    +0.4% | -177.111 |   -14591.3 |   -68707.1 |    596 | u_mul.result\[28\]$_DFFE_PN0P_/D
    1015* |       0 |     280 |        0 |      0 |   184 |    +0.4% | -177.111 |   -14591.3 |   -68707.1 |    596 | u_mul.result\[28\]$_DFFE_PN0P_/D
    1017* |       0 |     280 |        0 |      0 |   184 |    +0.4% | -177.111 |   -14591.3 |   -68707.1 |    596 | u_mul.result\[28\]$_DFFE_PN0P_/D
    1019* |       0 |     280 |        0 |      0 |   184 |    +0.4% | -177.111 |   -14591.3 |   -68707.1 |    596 | u_mul.result\[28\]$_DFFE_PN0P_/D
    1020* |       0 |     280 |        0 |      0 |   184 |    +0.4% | -177.111 |   -14591.3 |   -68707.1 |    596 | u_mul.result\[28\]$_DFFE_PN0P_/D
    1025* |       0 |     284 |        0 |      0 |   184 |    +0.4% | -177.111 |   -14591.3 |   -68633.8 |    596 | u_mul.result\[28\]$_DFFE_PN0P_/D
    1027* |       0 |     284 |        0 |      0 |   184 |    +0.4% | -177.111 |   -14591.3 |   -68633.8 |    596 | u_mul.result\[28\]$_DFFE_PN0P_/D
    1029* |       0 |     284 |        0 |      0 |   184 |    +0.4% | -177.111 |   -14591.3 |   -68633.8 |    596 | u_mul.result\[28\]$_DFFE_PN0P_/D
    1030* |       0 |     284 |        0 |      0 |   184 |    +0.4% | -177.111 |   -14591.3 |   -68633.8 |    596 | u_mul.result\[28\]$_DFFE_PN0P_/D
    1035* |       0 |     288 |        0 |      0 |   184 |    +0.4% | -177.111 |   -14591.3 |   -68557.3 |    596 | u_mul.result\[28\]$_DFFE_PN0P_/D
    1037* |       0 |     288 |        0 |      0 |   184 |    +0.4% | -177.111 |   -14591.3 |   -68557.3 |    596 | u_mul.result\[28\]$_DFFE_PN0P_/D
    1039* |       0 |     288 |        0 |      0 |   184 |    +0.4% | -177.111 |   -14591.3 |   -68557.3 |    596 | u_mul.result\[28\]$_DFFE_PN0P_/D
    1040* |       0 |     288 |        0 |      0 |   184 |    +0.4% | -177.111 |   -14591.3 |   -68557.3 |    596 | u_mul.result\[28\]$_DFFE_PN0P_/D
    1041* |       0 |     288 |        0 |      0 |   184 |    +0.4% | -177.111 |   -14591.3 |   -68557.3 |    596 | u_mul.result\[28\]$_DFFE_PN0P_/D
    1043* |       0 |     288 |        0 |      0 |   184 |    +0.4% | -177.111 |   -14591.3 |   -68557.3 |    596 | u_mul.result\[28\]$_DFFE_PN0P_/D
    1045* |       0 |     288 |        0 |      0 |   184 |    +0.4% | -177.111 |   -14591.3 |   -68557.3 |    596 | u_mul.result\[28\]$_DFFE_PN0P_/D
    1047* |       0 |     288 |        0 |      0 |   184 |    +0.4% | -177.111 |   -14591.3 |   -68557.3 |    596 | u_mul.result\[28\]$_DFFE_PN0P_/D
    1049* |       0 |     288 |        0 |      0 |   184 |    +0.4% | -177.111 |   -14591.3 |   -68557.3 |    596 | u_mul.result\[28\]$_DFFE_PN0P_/D
    1050* |       0 |     288 |        0 |      0 |   184 |    +0.4% | -177.111 |   -14591.3 |   -68557.3 |    596 | u_mul.result\[28\]$_DFFE_PN0P_/D
    1051* |       0 |     288 |        0 |      0 |   184 |    +0.4% | -177.111 |   -14591.3 |   -68557.3 |    596 | u_mul.result\[28\]$_DFFE_PN0P_/D
    1053* |       0 |     288 |        0 |      0 |   184 |    +0.4% | -177.111 |   -14591.3 |   -68557.3 |    596 | u_mul.result\[28\]$_DFFE_PN0P_/D
    1055* |       0 |     288 |        0 |      0 |   184 |    +0.4% | -177.111 |   -14591.3 |   -68557.3 |    596 | u_mul.result\[28\]$_DFFE_PN0P_/D
    1057* |       0 |     288 |        0 |      0 |   184 |    +0.4% | -177.111 |   -14591.3 |   -68557.3 |    596 | u_mul.result\[28\]$_DFFE_PN0P_/D
    1059* |       0 |     288 |        0 |      0 |   184 |    +0.4% | -177.111 |   -14591.3 |   -68557.3 |    596 | u_mul.result\[28\]$_DFFE_PN0P_/D
    1060* |       0 |     288 |        0 |      0 |   184 |    +0.4% | -177.111 |   -14591.3 |   -68557.3 |    596 | u_mul.result\[28\]$_DFFE_PN0P_/D
    1061* |       0 |     288 |        0 |      0 |   184 |    +0.4% | -177.111 |   -14591.3 |   -68557.3 |    596 | u_mul.result\[28\]$_DFFE_PN0P_/D
    1063* |       0 |     288 |        0 |      0 |   184 |    +0.4% | -177.111 |   -14591.3 |   -68557.3 |    596 | u_mul.result\[28\]$_DFFE_PN0P_/D
    1065* |       0 |     288 |        0 |      0 |   184 |    +0.4% | -177.111 |   -14591.3 |   -68557.3 |    596 | u_mul.result\[28\]$_DFFE_PN0P_/D
    1067* |       0 |     288 |        0 |      0 |   184 |    +0.4% | -177.111 |   -14591.3 |   -68557.3 |    596 | u_mul.result\[28\]$_DFFE_PN0P_/D
    1069* |       0 |     288 |        0 |      0 |   184 |    +0.4% | -177.111 |   -14591.3 |   -68557.3 |    596 | u_mul.result\[28\]$_DFFE_PN0P_/D
    1070* |       0 |     288 |        0 |      0 |   184 |    +0.4% | -177.111 |   -14591.3 |   -68557.3 |    596 | u_mul.result\[28\]$_DFFE_PN0P_/D
    1071* |       0 |     288 |        0 |      0 |   184 |    +0.4% | -177.111 |   -14591.3 |   -68557.3 |    596 | u_mul.result\[28\]$_DFFE_PN0P_/D
    1073* |       0 |     288 |        0 |      0 |   184 |    +0.4% | -177.111 |   -14591.3 |   -68557.3 |    596 | u_mul.result\[28\]$_DFFE_PN0P_/D
    1075* |       0 |     288 |        0 |      0 |   184 |    +0.4% | -177.111 |   -14591.3 |   -68557.3 |    596 | u_mul.result\[28\]$_DFFE_PN0P_/D
    1077* |       0 |     288 |        0 |      0 |   184 |    +0.4% | -177.111 |   -14591.3 |   -68557.3 |    596 | u_mul.result\[28\]$_DFFE_PN0P_/D
    1079* |       0 |     288 |        0 |      0 |   184 |    +0.4% | -177.111 |   -14591.3 |   -68557.3 |    596 | u_mul.result\[28\]$_DFFE_PN0P_/D
    1080* |       0 |     288 |        0 |      0 |   184 |    +0.4% | -177.111 |   -14591.3 |   -68557.3 |    596 | u_mul.result\[28\]$_DFFE_PN0P_/D
    1081* |       0 |     288 |        0 |      0 |   184 |    +0.4% | -177.111 |   -14591.3 |   -68557.3 |    596 | u_mul.result\[28\]$_DFFE_PN0P_/D
    1083* |       0 |     288 |        0 |      0 |   184 |    +0.4% | -177.111 |   -14591.3 |   -68557.3 |    596 | u_mul.result\[28\]$_DFFE_PN0P_/D
    1085* |       0 |     288 |        0 |      0 |   184 |    +0.4% | -177.111 |   -14591.3 |   -68557.3 |    596 | u_mul.result\[28\]$_DFFE_PN0P_/D
    1087* |       0 |     288 |        0 |      0 |   184 |    +0.4% | -177.111 |   -14591.3 |   -68557.3 |    596 | u_mul.result\[28\]$_DFFE_PN0P_/D
    1090* |       0 |     290 |        0 |      0 |   184 |    +0.4% | -177.111 |   -14591.3 |   -68591.3 |    596 | u_mul.result\[28\]$_DFFE_PN0P_/D
    1098* |       0 |     297 |        0 |      0 |   184 |    +0.5% | -177.111 |   -14591.3 |   -68296.6 |    596 | u_mul.result\[28\]$_DFFE_PN0P_/D
    1100* |       0 |     298 |        0 |      0 |   184 |    +0.5% | -177.111 |   -14591.3 |   -68288.7 |    596 | u_mul.result\[28\]$_DFFE_PN0P_/D
    1106* |       0 |     303 |        0 |      0 |   184 |    +0.5% | -177.111 |   -14591.3 |   -68359.8 |    596 | u_mul.result\[28\]$_DFFE_PN0P_/D
    1108* |       0 |     303 |        0 |      0 |   184 |    +0.5% | -177.111 |   -14591.3 |   -68359.8 |    596 | u_mul.result\[28\]$_DFFE_PN0P_/D
    1110* |       0 |     304 |        0 |      0 |   184 |    +0.5% | -177.111 |   -14591.3 |   -68341.3 |    596 | u_mul.result\[28\]$_DFFE_PN0P_/D
    1113* |       0 |     306 |        0 |      0 |   184 |    +0.5% | -177.111 |   -14591.3 |   -68406.4 |    596 | u_mul.result\[28\]$_DFFE_PN0P_/D
    1118* |       0 |     309 |        0 |      0 |   184 |    +0.5% | -177.111 |   -14591.3 |   -68356.7 |    596 | u_mul.result\[28\]$_DFFE_PN0P_/D
    1120* |       0 |     309 |        0 |      0 |   185 |    +0.5% | -177.111 |   -14591.3 |   -68357.4 |    596 | u_mul.result\[28\]$_DFFE_PN0P_/D
    1120* |       0 |     309 |        0 |      0 |   184 |    +0.5% | -177.111 |   -14591.3 |   -68356.7 |    596 | u_mul.result\[28\]$_DFFE_PN0P_/D
    1122* |       0 |     309 |        0 |      0 |   184 |    +0.5% | -177.111 |   -14591.3 |   -68356.7 |    596 | u_mul.result\[28\]$_DFFE_PN0P_/D
    1127* |       0 |     312 |        0 |      0 |   184 |    +0.5% | -177.111 |   -14591.3 |   -68337.0 |    596 | u_mul.result\[28\]$_DFFE_PN0P_/D
    1129* |       0 |     312 |        0 |      0 |   184 |    +0.5% | -177.111 |   -14591.3 |   -68337.0 |    596 | u_mul.result\[28\]$_DFFE_PN0P_/D
    1130* |       0 |     312 |        0 |      0 |   184 |    +0.5% | -177.111 |   -14591.3 |   -68337.0 |    596 | u_mul.result\[28\]$_DFFE_PN0P_/D
    1131* |       0 |     312 |        0 |      0 |   184 |    +0.5% | -177.111 |   -14591.3 |   -68337.0 |    596 | u_mul.result\[28\]$_DFFE_PN0P_/D
    1133* |       0 |     312 |        0 |      0 |   184 |    +0.5% | -177.111 |   -14591.3 |   -68337.0 |    596 | u_mul.result\[28\]$_DFFE_PN0P_/D
    1135* |       0 |     312 |        0 |      0 |   184 |    +0.5% | -177.111 |   -14591.3 |   -68337.0 |    596 | u_mul.result\[28\]$_DFFE_PN0P_/D
    1137* |       0 |     312 |        0 |      0 |   184 |    +0.5% | -177.111 |   -14591.3 |   -68337.0 |    596 | u_mul.result\[28\]$_DFFE_PN0P_/D
    1139* |       0 |     312 |        0 |      0 |   184 |    +0.5% | -177.111 |   -14591.3 |   -68337.0 |    596 | u_mul.result\[28\]$_DFFE_PN0P_/D
    1140* |       0 |     312 |        0 |      0 |   184 |    +0.5% | -177.111 |   -14591.3 |   -68337.0 |    596 | u_mul.result\[28\]$_DFFE_PN0P_/D
    1147* |       0 |     318 |        0 |      0 |   184 |    +0.5% | -177.111 |   -14591.3 |   -68140.2 |    596 | u_mul.result\[28\]$_DFFE_PN0P_/D
    1149* |       0 |     318 |        0 |      0 |   184 |    +0.5% | -177.111 |   -14591.3 |   -68140.2 |    596 | u_mul.result\[28\]$_DFFE_PN0P_/D
    1150* |       0 |     318 |        0 |      0 |   184 |    +0.5% | -177.111 |   -14591.3 |   -68140.2 |    596 | u_mul.result\[28\]$_DFFE_PN0P_/D
    1151* |       0 |     318 |        0 |      0 |   184 |    +0.5% | -177.111 |   -14591.3 |   -68140.2 |    596 | u_mul.result\[28\]$_DFFE_PN0P_/D
    1153* |       0 |     318 |        0 |      0 |   184 |    +0.5% | -177.111 |   -14591.3 |   -68140.2 |    596 | u_mul.result\[28\]$_DFFE_PN0P_/D
    1155* |       0 |     318 |        0 |      0 |   184 |    +0.5% | -177.111 |   -14591.3 |   -68140.2 |    596 | u_mul.result\[28\]$_DFFE_PN0P_/D
    1157* |       0 |     318 |        0 |      0 |   184 |    +0.5% | -177.111 |   -14591.3 |   -68140.2 |    596 | u_mul.result\[28\]$_DFFE_PN0P_/D
    1159* |       0 |     318 |        0 |      0 |   184 |    +0.5% | -177.111 |   -14591.3 |   -68140.2 |    596 | u_mul.result\[28\]$_DFFE_PN0P_/D
    1160* |       0 |     318 |        0 |      0 |   184 |    +0.5% | -177.111 |   -14591.3 |   -68140.2 |    596 | u_mul.result\[28\]$_DFFE_PN0P_/D
    1161* |       0 |     318 |        0 |      0 |   184 |    +0.5% | -177.111 |   -14591.3 |   -68140.2 |    596 | u_mul.result\[28\]$_DFFE_PN0P_/D
    1166* |       0 |     321 |        0 |      0 |   184 |    +0.5% | -177.111 |   -14591.3 |   -68186.3 |    596 | u_mul.result\[28\]$_DFFE_PN0P_/D
    1170* |       0 |     323 |        0 |      0 |   185 |    +0.5% | -177.111 |   -14591.3 |   -68125.6 |    596 | u_mul.result\[28\]$_DFFE_PN0P_/D
    1170* |       0 |     323 |        0 |      0 |   184 |    +0.5% | -177.111 |   -14591.3 |   -68124.7 |    596 | u_mul.result\[28\]$_DFFE_PN0P_/D
    1172* |       0 |     323 |        0 |      0 |   184 |    +0.5% | -177.111 |   -14591.3 |   -68124.7 |    596 | u_mul.result\[28\]$_DFFE_PN0P_/D
    1174* |       0 |     323 |        0 |      0 |   184 |    +0.5% | -177.111 |   -14591.3 |   -68124.7 |    596 | u_mul.result\[28\]$_DFFE_PN0P_/D
    1176* |       0 |     323 |        0 |      0 |   184 |    +0.5% | -177.111 |   -14591.3 |   -68124.7 |    596 | u_mul.result\[28\]$_DFFE_PN0P_/D
    1178* |       0 |     323 |        0 |      0 |   184 |    +0.5% | -177.111 |   -14591.3 |   -68124.7 |    596 | u_mul.result\[28\]$_DFFE_PN0P_/D
    1180* |       0 |     323 |        0 |      0 |   185 |    +0.5% | -177.111 |   -14591.3 |   -68125.6 |    596 | u_mul.result\[28\]$_DFFE_PN0P_/D
    1180* |       0 |     323 |        0 |      0 |   184 |    +0.5% | -177.111 |   -14591.3 |   -68124.7 |    596 | u_mul.result\[28\]$_DFFE_PN0P_/D
    1182* |       0 |     323 |        0 |      0 |   184 |    +0.5% | -177.111 |   -14591.3 |   -68124.7 |    596 | u_mul.result\[28\]$_DFFE_PN0P_/D
    1184* |       0 |     323 |        0 |      0 |   184 |    +0.5% | -177.111 |   -14591.3 |   -68124.7 |    596 | u_mul.result\[28\]$_DFFE_PN0P_/D
    1186* |       0 |     323 |        0 |      0 |   184 |    +0.5% | -177.111 |   -14591.3 |   -68124.7 |    596 | u_mul.result\[28\]$_DFFE_PN0P_/D
    1188* |       0 |     323 |        0 |      0 |   184 |    +0.5% | -177.111 |   -14591.3 |   -68124.7 |    596 | u_mul.result\[28\]$_DFFE_PN0P_/D
    1190* |       0 |     324 |        0 |      0 |   184 |    +0.5% | -177.111 |   -14591.3 |   -68109.7 |    596 | u_mul.result\[28\]$_DFFE_PN0P_/D
    1193* |       0 |     326 |        0 |      0 |   184 |    +0.5% | -177.111 |   -14591.3 |   -68110.0 |    596 | u_mul.result\[28\]$_DFFE_PN0P_/D
    1195* |       0 |     326 |        0 |      0 |   184 |    +0.5% | -177.111 |   -14591.3 |   -68110.0 |    596 | u_mul.result\[28\]$_DFFE_PN0P_/D
    1197* |       0 |     326 |        0 |      0 |   184 |    +0.5% | -177.111 |   -14591.3 |   -68110.0 |    596 | u_mul.result\[28\]$_DFFE_PN0P_/D
    1199* |       0 |     326 |        0 |      0 |   184 |    +0.5% | -177.111 |   -14591.3 |   -68110.0 |    596 | u_mul.result\[28\]$_DFFE_PN0P_/D
    1200* |       0 |     326 |        0 |      0 |   184 |    +0.5% | -177.111 |   -14591.3 |   -68110.0 |    596 | u_mul.result\[28\]$_DFFE_PN0P_/D
    1201* |       0 |     326 |        0 |      0 |   184 |    +0.5% | -177.111 |   -14591.3 |   -68110.0 |    596 | u_mul.result\[28\]$_DFFE_PN0P_/D
    1203* |       0 |     326 |        0 |      0 |   184 |    +0.5% | -177.111 |   -14591.3 |   -68110.0 |    596 | u_mul.result\[28\]$_DFFE_PN0P_/D
    1205* |       0 |     326 |        0 |      0 |   184 |    +0.5% | -177.111 |   -14591.3 |   -68110.0 |    596 | u_mul.result\[28\]$_DFFE_PN0P_/D
    1207* |       0 |     326 |        0 |      0 |   184 |    +0.5% | -177.111 |   -14591.3 |   -68110.0 |    596 | u_mul.result\[28\]$_DFFE_PN0P_/D
    1209* |       0 |     326 |        0 |      0 |   184 |    +0.5% | -177.111 |   -14591.3 |   -68110.0 |    596 | u_mul.result\[28\]$_DFFE_PN0P_/D
    1210* |       0 |     326 |        0 |      0 |   184 |    +0.5% | -177.111 |   -14591.3 |   -68110.0 |    596 | u_mul.result\[28\]$_DFFE_PN0P_/D
    1211* |       0 |     326 |        0 |      0 |   184 |    +0.5% | -177.111 |   -14591.3 |   -68110.0 |    596 | u_mul.result\[28\]$_DFFE_PN0P_/D
    1213* |       0 |     326 |        0 |      0 |   184 |    +0.5% | -177.111 |   -14591.3 |   -68110.0 |    596 | u_mul.result\[28\]$_DFFE_PN0P_/D
    1215* |       0 |     326 |        0 |      0 |   184 |    +0.5% | -177.111 |   -14591.3 |   -68110.0 |    596 | u_mul.result\[28\]$_DFFE_PN0P_/D
    1217* |       0 |     326 |        0 |      0 |   184 |    +0.5% | -177.111 |   -14591.3 |   -68110.0 |    596 | u_mul.result\[28\]$_DFFE_PN0P_/D
    1219* |       0 |     326 |        0 |      0 |   184 |    +0.5% | -177.111 |   -14591.3 |   -68110.0 |    596 | u_mul.result\[28\]$_DFFE_PN0P_/D
    1220* |       0 |     326 |        0 |      0 |   184 |    +0.5% | -177.111 |   -14591.3 |   -68110.0 |    596 | u_mul.result\[28\]$_DFFE_PN0P_/D
    1221* |       0 |     326 |        0 |      0 |   184 |    +0.5% | -177.111 |   -14591.3 |   -68110.0 |    596 | u_mul.result\[28\]$_DFFE_PN0P_/D
    1226* |       0 |     329 |        0 |      0 |   184 |    +0.5% | -177.111 |   -14591.3 |   -68131.2 |    596 | u_mul.result\[28\]$_DFFE_PN0P_/D
    1228* |       0 |     329 |        0 |      0 |   184 |    +0.5% | -177.111 |   -14591.3 |   -68131.2 |    596 | u_mul.result\[28\]$_DFFE_PN0P_/D
    1230* |       0 |     329 |        0 |      0 |   185 |    +0.5% | -177.111 |   -14591.3 |   -68131.6 |    596 | u_mul.result\[28\]$_DFFE_PN0P_/D
    1230* |       0 |     329 |        0 |      0 |   184 |    +0.5% | -177.111 |   -14591.3 |   -68131.2 |    596 | u_mul.result\[28\]$_DFFE_PN0P_/D
    1232* |       0 |     329 |        0 |      0 |   184 |    +0.5% | -177.111 |   -14591.3 |   -68131.2 |    596 | u_mul.result\[28\]$_DFFE_PN0P_/D
    1234* |       0 |     329 |        0 |      0 |   184 |    +0.5% | -177.111 |   -14591.3 |   -68131.2 |    596 | u_mul.result\[28\]$_DFFE_PN0P_/D
    1237* |       0 |     330 |        0 |      0 |   184 |    +0.5% | -177.111 |   -14591.3 |   -68095.8 |    596 | u_mul.result\[28\]$_DFFE_PN0P_/D
    1239* |       0 |     330 |        0 |      0 |   184 |    +0.5% | -177.111 |   -14591.3 |   -68095.8 |    596 | u_mul.result\[28\]$_DFFE_PN0P_/D
    1240* |       0 |     330 |        0 |      0 |   184 |    +0.5% | -177.111 |   -14591.3 |   -68095.8 |    596 | u_mul.result\[28\]$_DFFE_PN0P_/D
    1241* |       0 |     330 |        0 |      0 |   184 |    +0.5% | -177.111 |   -14591.3 |   -68095.8 |    596 | u_mul.result\[28\]$_DFFE_PN0P_/D
    1243* |       0 |     330 |        0 |      0 |   184 |    +0.5% | -177.111 |   -14591.3 |   -68095.8 |    596 | u_mul.result\[28\]$_DFFE_PN0P_/D
    1245* |       0 |     330 |        0 |      0 |   184 |    +0.5% | -177.111 |   -14591.3 |   -68095.8 |    596 | u_mul.result\[28\]$_DFFE_PN0P_/D
    1247* |       0 |     330 |        0 |      0 |   184 |    +0.5% | -177.111 |   -14591.3 |   -68095.8 |    596 | u_mul.result\[28\]$_DFFE_PN0P_/D
    1250* |       0 |     332 |        0 |      0 |   184 |    +0.5% | -177.111 |   -14591.3 |   -68075.5 |    596 | u_mul.result\[28\]$_DFFE_PN0P_/D
    1252* |       0 |     333 |        0 |      0 |   184 |    +0.5% | -177.111 |   -14591.3 |   -68112.7 |    596 | u_mul.result\[28\]$_DFFE_PN0P_/D
    1254* |       0 |     333 |        0 |      0 |   184 |    +0.5% | -177.111 |   -14591.3 |   -68112.7 |    596 | u_mul.result\[28\]$_DFFE_PN0P_/D
    1256* |       0 |     333 |        0 |      0 |   184 |    +0.5% | -177.111 |   -14591.3 |   -68112.7 |    596 | u_mul.result\[28\]$_DFFE_PN0P_/D
    1258* |       0 |     333 |        0 |      0 |   184 |    +0.5% | -177.111 |   -14591.3 |   -68112.7 |    596 | u_mul.result\[28\]$_DFFE_PN0P_/D
    1260* |       0 |     333 |        0 |      0 |   185 |    +0.5% | -177.111 |   -14591.3 |   -68113.2 |    596 | u_mul.result\[28\]$_DFFE_PN0P_/D
    1260* |       0 |     333 |        0 |      0 |   184 |    +0.5% | -177.111 |   -14591.3 |   -68112.7 |    596 | u_mul.result\[28\]$_DFFE_PN0P_/D
    1262* |       0 |     333 |        0 |      0 |   184 |    +0.5% | -177.111 |   -14591.3 |   -68112.7 |    596 | u_mul.result\[28\]$_DFFE_PN0P_/D
    1264* |       0 |     333 |        0 |      0 |   184 |    +0.5% | -177.111 |   -14591.3 |   -68112.7 |    596 | u_mul.result\[28\]$_DFFE_PN0P_/D
    1266* |       0 |     333 |        0 |      0 |   184 |    +0.5% | -177.111 |   -14591.3 |   -68112.7 |    596 | u_mul.result\[28\]$_DFFE_PN0P_/D
    1268* |       0 |     333 |        0 |      0 |   184 |    +0.5% | -177.111 |   -14591.3 |   -68112.7 |    596 | u_mul.result\[28\]$_DFFE_PN0P_/D
    1270* |       0 |     333 |        0 |      0 |   185 |    +0.5% | -177.111 |   -14591.3 |   -68113.5 |    596 | u_mul.result\[28\]$_DFFE_PN0P_/D
    1270* |       0 |     333 |        0 |      0 |   184 |    +0.5% | -177.111 |   -14591.3 |   -68112.7 |    596 | u_mul.result\[28\]$_DFFE_PN0P_/D
    1273* |       0 |     334 |        0 |      0 |   184 |    +0.5% | -177.111 |   -14591.3 |   -68114.1 |    596 | u_mul.result\[28\]$_DFFE_PN0P_/D
    1275* |       0 |     334 |        0 |      0 |   184 |    +0.5% | -177.111 |   -14591.3 |   -68114.1 |    596 | u_mul.result\[28\]$_DFFE_PN0P_/D
    1278* |       0 |     335 |        0 |      0 |   184 |    +0.5% | -177.111 |   -14591.3 |   -68082.8 |    596 | u_mul.result\[28\]$_DFFE_PN0P_/D
    1280* |       0 |     336 |        0 |      0 |   184 |    +0.5% | -177.111 |   -14591.3 |   -68067.7 |    596 | u_mul.result\[28\]$_DFFE_PN0P_/D
    1284* |       0 |     339 |        0 |      0 |   184 |    +0.5% | -177.111 |   -14591.3 |   -68065.5 |    596 | u_mul.result\[28\]$_DFFE_PN0P_/D
    1286* |       0 |     339 |        0 |      0 |   184 |    +0.5% | -177.111 |   -14591.3 |   -68065.5 |    596 | u_mul.result\[28\]$_DFFE_PN0P_/D
    1288* |       0 |     339 |        0 |      0 |   184 |    +0.5% | -177.111 |   -14591.3 |   -68065.5 |    596 | u_mul.result\[28\]$_DFFE_PN0P_/D
    1290* |       0 |     339 |        0 |      0 |   185 |    +0.5% | -177.111 |   -14591.3 |   -68066.3 |    596 | u_mul.result\[28\]$_DFFE_PN0P_/D
    1290* |       0 |     339 |        0 |      0 |   184 |    +0.5% | -177.111 |   -14591.3 |   -68065.5 |    596 | u_mul.result\[28\]$_DFFE_PN0P_/D
    1292* |       0 |     339 |        0 |      0 |   184 |    +0.5% | -177.111 |   -14591.3 |   -68065.5 |    596 | u_mul.result\[28\]$_DFFE_PN0P_/D
    1294* |       0 |     339 |        0 |      0 |   184 |    +0.5% | -177.111 |   -14591.3 |   -68065.5 |    596 | u_mul.result\[28\]$_DFFE_PN0P_/D
    1299* |       0 |     342 |        0 |      0 |   184 |    +0.5% | -177.111 |   -14591.3 |   -68045.6 |    596 | u_mul.result\[28\]$_DFFE_PN0P_/D
    1300* |       0 |     342 |        0 |      0 |   184 |    +0.5% | -177.111 |   -14591.3 |   -68045.6 |    596 | u_mul.result\[28\]$_DFFE_PN0P_/D
    1301* |       0 |     342 |        0 |      0 |   184 |    +0.5% | -177.111 |   -14591.3 |   -68045.6 |    596 | u_mul.result\[28\]$_DFFE_PN0P_/D
    1303* |       0 |     342 |        0 |      0 |   184 |    +0.5% | -177.111 |   -14591.3 |   -68045.6 |    596 | u_mul.result\[28\]$_DFFE_PN0P_/D
    1305* |       0 |     342 |        0 |      0 |   184 |    +0.5% | -177.111 |   -14591.3 |   -68045.6 |    596 | u_mul.result\[28\]$_DFFE_PN0P_/D
    1307* |       0 |     342 |        0 |      0 |   184 |    +0.5% | -177.111 |   -14591.3 |   -68045.6 |    596 | u_mul.result\[28\]$_DFFE_PN0P_/D
    1309* |       0 |     342 |        0 |      0 |   184 |    +0.5% | -177.111 |   -14591.3 |   -68045.6 |    596 | u_mul.result\[28\]$_DFFE_PN0P_/D
    1310* |       0 |     342 |        0 |      0 |   184 |    +0.5% | -177.111 |   -14591.3 |   -68045.6 |    596 | u_mul.result\[28\]$_DFFE_PN0P_/D
    1311* |       0 |     342 |        0 |      0 |   184 |    +0.5% | -177.111 |   -14591.3 |   -68045.6 |    596 | u_mul.result\[28\]$_DFFE_PN0P_/D
    1313* |       0 |     342 |        0 |      0 |   184 |    +0.5% | -177.111 |   -14591.3 |   -68045.6 |    596 | u_mul.result\[28\]$_DFFE_PN0P_/D
    1315* |       0 |     342 |        0 |      0 |   184 |    +0.5% | -177.111 |   -14591.3 |   -68045.6 |    596 | u_mul.result\[28\]$_DFFE_PN0P_/D
    1317* |       0 |     342 |        0 |      0 |   184 |    +0.5% | -177.111 |   -14591.3 |   -68045.6 |    596 | u_mul.result\[28\]$_DFFE_PN0P_/D
    1319* |       0 |     342 |        0 |      0 |   184 |    +0.5% | -177.111 |   -14591.3 |   -68045.6 |    596 | u_mul.result\[28\]$_DFFE_PN0P_/D
    1320* |       0 |     342 |        0 |      0 |   184 |    +0.5% | -177.111 |   -14591.3 |   -68045.6 |    596 | u_mul.result\[28\]$_DFFE_PN0P_/D
    1321* |       0 |     342 |        0 |      0 |   184 |    +0.5% | -177.111 |   -14591.3 |   -68045.6 |    596 | u_mul.result\[28\]$_DFFE_PN0P_/D
    1323* |       0 |     342 |        0 |      0 |   184 |    +0.5% | -177.111 |   -14591.3 |   -68045.6 |    596 | u_mul.result\[28\]$_DFFE_PN0P_/D
    1325* |       0 |     342 |        0 |      0 |   184 |    +0.5% | -177.111 |   -14591.3 |   -68045.6 |    596 | u_mul.result\[28\]$_DFFE_PN0P_/D
    1327* |       0 |     342 |        0 |      0 |   184 |    +0.5% | -177.111 |   -14591.3 |   -68045.6 |    596 | u_mul.result\[28\]$_DFFE_PN0P_/D
    1329* |       0 |     342 |        0 |      0 |   184 |    +0.5% | -177.111 |   -14591.3 |   -68045.6 |    596 | u_mul.result\[28\]$_DFFE_PN0P_/D
    1330* |       0 |     342 |        0 |      0 |   184 |    +0.5% | -177.111 |   -14591.3 |   -68045.6 |    596 | u_mul.result\[28\]$_DFFE_PN0P_/D
    1331* |       0 |     342 |        0 |      0 |   184 |    +0.5% | -177.111 |   -14591.3 |   -68045.6 |    596 | u_mul.result\[28\]$_DFFE_PN0P_/D
    1333* |       0 |     342 |        0 |      0 |   184 |    +0.5% | -177.111 |   -14591.3 |   -68045.6 |    596 | u_mul.result\[28\]$_DFFE_PN0P_/D
    1335* |       0 |     342 |        0 |      0 |   184 |    +0.5% | -177.111 |   -14591.3 |   -68045.6 |    596 | u_mul.result\[28\]$_DFFE_PN0P_/D
    1337* |       0 |     342 |        0 |      0 |   184 |    +0.5% | -177.111 |   -14591.3 |   -68045.6 |    596 | u_mul.result\[28\]$_DFFE_PN0P_/D
    1339* |       0 |     342 |        0 |      0 |   184 |    +0.5% | -177.111 |   -14591.3 |   -68045.6 |    596 | u_mul.result\[28\]$_DFFE_PN0P_/D
    1340* |       0 |     342 |        0 |      0 |   184 |    +0.5% | -177.111 |   -14591.3 |   -68045.6 |    596 | u_mul.result\[28\]$_DFFE_PN0P_/D
    1341* |       0 |     342 |        0 |      0 |   184 |    +0.5% | -177.111 |   -14591.3 |   -68045.6 |    596 | u_mul.result\[28\]$_DFFE_PN0P_/D
    1347* |       0 |     346 |        0 |      0 |   184 |    +0.5% | -177.111 |   -14609.6 |   -68041.6 |    596 | u_mul.result\[28\]$_DFFE_PN0P_/D
    1350* |       0 |     347 |        0 |      0 |   185 |    +0.5% | -177.111 |   -14609.6 |   -68043.5 |    596 | u_mul.result\[28\]$_DFFE_PN0P_/D
    1350* |       0 |     347 |        0 |      0 |   184 |    +0.5% | -177.111 |   -14609.6 |   -68043.7 |    596 | u_mul.result\[28\]$_DFFE_PN0P_/D
    1353* |       0 |     348 |        0 |      0 |   184 |    +0.5% | -177.111 |   -14609.6 |   -68045.8 |    596 | u_mul.result\[28\]$_DFFE_PN0P_/D
    1356* |       0 |     349 |        0 |      0 |   184 |    +0.5% | -177.111 |   -14609.6 |   -68047.6 |    596 | u_mul.result\[28\]$_DFFE_PN0P_/D
    1359* |       0 |     350 |        0 |      0 |   184 |    +0.5% | -177.111 |   -14609.6 |   -68048.9 |    596 | u_mul.result\[28\]$_DFFE_PN0P_/D
    1360* |       0 |     350 |        0 |      0 |   184 |    +0.5% | -177.111 |   -14609.6 |   -68048.9 |    596 | u_mul.result\[28\]$_DFFE_PN0P_/D
    1362* |       0 |     351 |        0 |      0 |   184 |    +0.5% | -177.111 |   -14609.6 |   -68050.2 |    596 | u_mul.result\[28\]$_DFFE_PN0P_/D
    1365* |       0 |     352 |        0 |      0 |   184 |    +0.5% | -177.111 |   -14609.6 |   -68054.6 |    596 | u_mul.result\[28\]$_DFFE_PN0P_/D
    1368* |       0 |     353 |        0 |      0 |   184 |    +0.5% | -177.111 |   -14609.6 |   -68058.7 |    596 | u_mul.result\[28\]$_DFFE_PN0P_/D
    1370* |       0 |     354 |        0 |      0 |   184 |    +0.5% | -177.111 |   -14609.6 |   -68062.7 |    596 | u_mul.result\[28\]$_DFFE_PN0P_/D
    1371* |       0 |     354 |        0 |      0 |   185 |    +0.5% | -177.111 |   -14609.6 |   -68062.0 |    596 | u_mul.result\[28\]$_DFFE_PN0P_/D
    1374* |       0 |     355 |        0 |      0 |   185 |    +0.5% | -177.111 |   -14609.6 |   -68065.9 |    596 | u_mul.result\[28\]$_DFFE_PN0P_/D
    1378* |       0 |     357 |        0 |      0 |   185 |    +0.5% | -177.111 |   -14802.7 |   -68156.8 |    596 | u_mul.result\[28\]$_DFFE_PN0P_/D
    1380* |       0 |     358 |        0 |      0 |   185 |    +0.5% | -177.111 |   -14802.7 |   -68157.2 |    596 | u_mul.result\[28\]$_DFFE_PN0P_/D
    1381* |       0 |     358 |        0 |      0 |   185 |    +0.5% | -177.111 |   -14802.7 |   -68157.2 |    596 | u_mul.result\[28\]$_DFFE_PN0P_/D
    1382* |       0 |     358 |        0 |      0 |   185 |    +0.5% | -177.111 |   -14802.7 |   -68157.2 |    596 | u_mul.result\[28\]$_DFFE_PN0P_/D
    1389* |       0 |     363 |        0 |      0 |   185 |    +0.5% | -177.111 |   -14940.0 |   -68113.3 |    596 | u_mul.result\[28\]$_DFFE_PN0P_/D
    1390* |       0 |     363 |        0 |      0 |   185 |    +0.5% | -177.111 |   -14940.0 |   -68113.3 |    596 | u_mul.result\[28\]$_DFFE_PN0P_/D
    1392* |       0 |     364 |        0 |      0 |   185 |    +0.5% | -177.111 |   -14940.0 |   -68118.6 |    596 | u_mul.result\[28\]$_DFFE_PN0P_/D
    1395* |       0 |     365 |        0 |      0 |   185 |    +0.6% | -177.111 |   -14940.0 |   -68123.8 |    596 | u_mul.result\[28\]$_DFFE_PN0P_/D
    1398* |       0 |     366 |        0 |      0 |   185 |    +0.6% | -177.111 |   -14940.0 |   -68128.8 |    596 | u_mul.result\[28\]$_DFFE_PN0P_/D
    1400* |       0 |     367 |        0 |      0 |   185 |    +0.6% | -177.111 |   -14940.0 |   -68133.0 |    596 | u_mul.result\[28\]$_DFFE_PN0P_/D
    1400* |       0 |     367 |        0 |      0 |   185 |    +0.6% | -177.111 |   -14940.0 |   -68133.0 |    596 | u_mul.result\[28\]$_DFFE_PN0P_/D
    1406* |       0 |     371 |        0 |      0 |   185 |    +0.6% | -177.111 |   -14463.1 |   -68078.1 |    596 | u_mul.result\[28\]$_DFFE_PN0P_/D
    1409* |       0 |     372 |        0 |      0 |   185 |    +0.6% | -177.111 |   -14463.1 |   -68083.4 |    596 | u_mul.result\[28\]$_DFFE_PN0P_/D
    1410* |       0 |     372 |        0 |      0 |   185 |    +0.6% | -177.111 |   -14463.1 |   -68083.4 |    596 | u_mul.result\[28\]$_DFFE_PN0P_/D
    1412* |       0 |     373 |        0 |      0 |   185 |    +0.6% | -177.111 |   -14463.1 |   -68088.3 |    596 | u_mul.result\[28\]$_DFFE_PN0P_/D
    1415* |       0 |     374 |        0 |      0 |   185 |    +0.6% | -177.111 |   -14463.1 |   -68093.3 |    596 | u_mul.result\[28\]$_DFFE_PN0P_/D
    1418* |       0 |     375 |        0 |      0 |   185 |    +0.6% | -177.111 |   -14463.1 |   -68097.5 |    596 | u_mul.result\[28\]$_DFFE_PN0P_/D
    1420* |       0 |     376 |        0 |      0 |   185 |    +0.6% | -177.111 |   -14463.1 |   -68101.4 |    596 | u_mul.result\[28\]$_DFFE_PN0P_/D
    1421* |       0 |     376 |        0 |      0 |   185 |    +0.6% | -177.111 |   -14463.1 |   -68101.4 |    596 | u_mul.result\[28\]$_DFFE_PN0P_/D
    1424* |       0 |     377 |        0 |      0 |   186 |    +0.6% | -177.111 |   -14463.1 |   -68104.4 |    596 | u_mul.result\[28\]$_DFFE_PN0P_/D
    1427* |       0 |     378 |        0 |      0 |   187 |    +0.6% | -177.111 |   -14463.1 |   -68107.3 |    596 | u_mul.result\[28\]$_DFFE_PN0P_/D
    1430* |       0 |     380 |        0 |      0 |   187 |    +0.6% | -177.111 |   -14648.8 |   -68196.6 |    596 | u_mul.result\[28\]$_DFFE_PN0P_/D
    1431* |       0 |     380 |        0 |      0 |   187 |    +0.6% | -177.111 |   -14648.8 |   -68196.6 |    596 | u_mul.result\[28\]$_DFFE_PN0P_/D
    1434* |       0 |     381 |        0 |      0 |   187 |    +0.6% | -177.111 |   -14648.8 |   -68198.1 |    596 | u_mul.result\[28\]$_DFFE_PN0P_/D
    1437* |       0 |     382 |        0 |      0 |   187 |    +0.6% | -177.111 |   -14648.8 |   -68202.0 |    596 | u_mul.result\[28\]$_DFFE_PN0P_/D
    1440* |       0 |     383 |        0 |      0 |   188 |    +0.6% | -177.111 |   -14648.8 |   -68205.3 |    596 | u_mul.result\[28\]$_DFFE_PN0P_/D
    1440* |       0 |     383 |        0 |      0 |   187 |    +0.6% | -177.111 |   -14648.8 |   -68205.9 |    596 | u_mul.result\[28\]$_DFFE_PN0P_/D
    1443* |       0 |     384 |        0 |      0 |   188 |    +0.6% | -177.111 |   -14648.8 |   -68208.9 |    596 | u_mul.result\[28\]$_DFFE_PN0P_/D
    1447* |       0 |     386 |        0 |      0 |   188 |    +0.6% | -177.111 |   -14841.5 |   -68296.9 |    596 | u_mul.result\[28\]$_DFFE_PN0P_/D
    1450* |       0 |     387 |        0 |      0 |   189 |    +0.6% | -177.111 |   -14841.5 |   -68298.3 |    596 | u_mul.result\[28\]$_DFFE_PN0P_/D
    1450* |       0 |     387 |        0 |      0 |   188 |    +0.6% | -177.111 |   -14841.5 |   -68298.4 |    596 | u_mul.result\[28\]$_DFFE_PN0P_/D
    1453* |       0 |     388 |        0 |      0 |   188 |    +0.6% | -177.111 |   -14904.7 |   -68318.5 |    596 | u_mul.result\[28\]$_DFFE_PN0P_/D
    1456* |       0 |     389 |        0 |      0 |   188 |    +0.6% | -177.111 |   -14967.9 |   -68338.7 |    596 | u_mul.result\[28\]$_DFFE_PN0P_/D
    1459* |       0 |     390 |        0 |      0 |   188 |    +0.6% | -177.111 |   -15031.3 |   -68358.9 |    596 | u_mul.result\[28\]$_DFFE_PN0P_/D
    1460* |       0 |     390 |        0 |      0 |   188 |    +0.6% | -177.111 |   -15031.3 |   -68358.9 |    596 | u_mul.result\[28\]$_DFFE_PN0P_/D
    1462* |       0 |     391 |        0 |      0 |   188 |    +0.6% | -177.111 |   -15095.3 |   -68379.0 |    596 | u_mul.result\[28\]$_DFFE_PN0P_/D
    1465* |       0 |     393 |        0 |      0 |   188 |    +0.6% | -177.111 |   -14828.4 |   -68395.1 |    596 | u_mul.result\[28\]$_DFFE_PN0P_/D
    1470* |       0 |     397 |        0 |      0 |   188 |    +0.6% | -177.111 |   -14828.4 |   -68365.4 |    596 | u_mul.result\[28\]$_DFFE_PN0P_/D
    1474* |       0 |     400 |        0 |      0 |   189 |    +0.6% | -177.111 |   -14828.4 |   -68286.9 |    596 | u_mul.result\[28\]$_DFFE_PN0P_/D
    1476* |       0 |     401 |        0 |      0 |   189 |    +0.6% | -177.111 |   -14828.4 |   -68290.0 |    596 | u_mul.result\[28\]$_DFFE_PN0P_/D
    1478* |       0 |     402 |        0 |      0 |   189 |    +0.6% | -177.111 |   -14828.4 |   -68293.0 |    596 | u_mul.result\[28\]$_DFFE_PN0P_/D
    1480* |       0 |     403 |        0 |      0 |   189 |    +0.6% | -177.111 |   -14828.4 |   -68296.0 |    596 | u_mul.result\[28\]$_DFFE_PN0P_/D
    1480* |       0 |     403 |        0 |      0 |   189 |    +0.6% | -177.111 |   -14828.4 |   -68296.0 |    596 | u_mul.result\[28\]$_DFFE_PN0P_/D
    1482* |       0 |     404 |        0 |      0 |   189 |    +0.6% | -177.111 |   -14828.4 |   -68298.5 |    596 | u_mul.result\[28\]$_DFFE_PN0P_/D
    1484* |       0 |     405 |        0 |      0 |   189 |    +0.6% | -177.111 |   -14828.4 |   -68300.6 |    596 | u_mul.result\[28\]$_DFFE_PN0P_/D
    1486* |       0 |     406 |        0 |      0 |   189 |    +0.6% | -177.111 |   -14828.4 |   -68302.5 |    596 | u_mul.result\[28\]$_DFFE_PN0P_/D
    1488* |       0 |     407 |        0 |      0 |   189 |    +0.6% | -177.111 |   -14822.2 |   -68303.7 |    596 | u_mul.result\[28\]$_DFFE_PN0P_/D
    1490* |       0 |     408 |        0 |      0 |   189 |    +0.6% | -177.111 |   -14697.1 |   -68304.5 |    596 | u_mul.result\[28\]$_DFFE_PN0P_/D
    1490* |       0 |     408 |        0 |      0 |   189 |    +0.6% | -177.111 |   -14697.1 |   -68304.5 |    596 | u_mul.result\[28\]$_DFFE_PN0P_/D
    1496* |       0 |     410 |        0 |      0 |   189 |    +0.6% | -177.111 |   -14697.1 |   -68236.3 |    596 | u_mul.result\[28\]$_DFFE_PN0P_/D
    1500* |       0 |     411 |        0 |      0 |   191 |    +0.6% | -177.111 |   -14697.1 |   -68237.8 |    596 | u_mul.result\[28\]$_DFFE_PN0P_/D
    1500* |       0 |     410 |        0 |      0 |   189 |    +0.6% | -177.111 |   -14697.1 |   -68236.3 |    596 | u_mul.result\[28\]$_DFFE_PN0P_/D
    1500* |       0 |     410 |        0 |      0 |   189 |    +0.6% | -177.111 |   -14697.1 |   -68236.3 |    596 | u_mul.result\[28\]$_DFFE_PN0P_/D
    final |       0 |     410 |        0 |      0 |   189 |    +0.6% | -177.111 |   -14697.1 |   -68236.3 |    595 | u_mul.result\[28\]$_DFFE_PN0P_/D
------------------------------------------------------------------------------------------------------------------------------
[INFO RSZ-0051] Resized 410 instances: 410 up, 0 up match, 0 down, 0 VT
[INFO RSZ-0043] Swapped pins on 189 instances.
[WARNING RSZ-0062] Unable to repair all setup violations.
Took 91 seconds: repair_timing -setup_margin 0 -hold_margin 0 -repair_tns 100 -setup -skip_last_gasp -sequence unbuffer,sizeup,swap,vt_swap -verbose
Default units for flow
 time 1ps
 capacitance 1fF
 resistance 1kohm
 voltage 1v
 current 1mA
 power 1pW
 distance 1um
   Layer   | Unit Resistance | Unit Capacitance 
           |       (kohm/um) |          (fF/um)
------------------------------------------------
        M1 |        7.04e-02 |         1.00e-10
        M2 |        2.97e-02 |         1.75e-01
        M3 |        3.13e-02 |         1.56e-01
        M4 |        1.80e-02 |         1.78e-01
        M5 |        1.90e-02 |         1.64e-01
        M6 |        1.19e-02 |         1.87e-01
        M7 |        1.25e-02 |         1.63e-01
        M8 |        8.45e-03 |         1.04e-01
        M9 |        8.90e-03 |         9.28e-02
       Pad |        0.00e+00 |         0.00e+00
------------------------------------------------

   Layer   | Via Resistance 
           |         (kohm) 
----------------------------
        V1 |       1.72e-02 
        V2 |       1.72e-02 
        V3 |       1.72e-02 
        V4 |       1.18e-02 
        V5 |       1.18e-02 
        V6 |       8.20e-03 
        V7 |       8.20e-03 
        V8 |       6.30e-03 
        V9 |       6.30e-03 
----------------------------
Report metrics stage 2, floorplan final...

==========================================================================
floorplan final report_design_area
--------------------------------------------------------------------------
Design area 3450 um^2 46% utilization.
write_db ./results/asap7/rv32imc_top/p900/2_1_floorplan.odb
write_sdc -no_timestamp ./results/asap7/rv32imc_top/p900/2_1_floorplan.sdc
Elapsed time: 1:47.07[h:]min:sec. CPU time: user 95.24 sys 39.95 (126%). Peak memory: 330412KB.
Log                       Ext     Elapsed/s Peak Memory/MB sha1sum result [0:20)
2_1_floorplan             .odb          107            322 dce4519d69e1a8eb16ec
2_1_floorplan             .sdc                             9fb101111d5a7ca9aaa1
/home/hatch/workspace/rv32imc-cpu/tools/orfs/flow/scripts/flow.sh 2_2_floorplan_macro macro_place
Running macro_place.tcl, stage 2_2_floorplan_macro
source /home/hatch/workspace/rv32imc-cpu/tools/orfs/flow/platforms/asap7/liberty_suppressions.tcl
read_liberty /home/hatch/workspace/rv32imc-cpu/tools/orfs/flow/platforms/asap7/lib/NLDM/asap7sc7p5t_AO_RVT_FF_nldm_211120.lib.gz
read_liberty /home/hatch/workspace/rv32imc-cpu/tools/orfs/flow/platforms/asap7/lib/NLDM/asap7sc7p5t_INVBUF_RVT_FF_nldm_220122.lib.gz
read_liberty /home/hatch/workspace/rv32imc-cpu/tools/orfs/flow/platforms/asap7/lib/NLDM/asap7sc7p5t_OA_RVT_FF_nldm_211120.lib.gz
read_liberty /home/hatch/workspace/rv32imc-cpu/tools/orfs/flow/platforms/asap7/lib/NLDM/asap7sc7p5t_SIMPLE_RVT_FF_nldm_211120.lib.gz
read_liberty /home/hatch/workspace/rv32imc-cpu/tools/orfs/flow/platforms/asap7/lib/NLDM/asap7sc7p5t_SEQ_RVT_FF_nldm_220123.lib
read_db ./results/asap7/rv32imc_top/p900/2_1_floorplan.odb
read_sdc ./results/asap7/rv32imc_top/p900/2_1_floorplan.sdc
source /home/hatch/workspace/rv32imc-cpu/tools/orfs/flow/platforms/asap7/setRC.tcl
No macros found: Skipping macro_placement
Design area 3450 um^2 46% utilization.
write_db ./results/asap7/rv32imc_top/p900/2_2_floorplan_macro.odb
Elapsed time: 0:03.19[h:]min:sec. CPU time: user 2.81 sys 0.35 (98%). Peak memory: 241412KB.
Log                       Ext     Elapsed/s Peak Memory/MB sha1sum result [0:20)
2_2_floorplan_macro       .odb            3            235 dce4519d69e1a8eb16ec
/home/hatch/workspace/rv32imc-cpu/tools/orfs/flow/scripts/flow.sh 2_3_floorplan_tapcell tapcell
Running tapcell.tcl, stage 2_3_floorplan_tapcell
source /home/hatch/workspace/rv32imc-cpu/tools/orfs/flow/platforms/asap7/liberty_suppressions.tcl
read_liberty /home/hatch/workspace/rv32imc-cpu/tools/orfs/flow/platforms/asap7/lib/NLDM/asap7sc7p5t_AO_RVT_FF_nldm_211120.lib.gz
read_liberty /home/hatch/workspace/rv32imc-cpu/tools/orfs/flow/platforms/asap7/lib/NLDM/asap7sc7p5t_INVBUF_RVT_FF_nldm_220122.lib.gz
read_liberty /home/hatch/workspace/rv32imc-cpu/tools/orfs/flow/platforms/asap7/lib/NLDM/asap7sc7p5t_OA_RVT_FF_nldm_211120.lib.gz
read_liberty /home/hatch/workspace/rv32imc-cpu/tools/orfs/flow/platforms/asap7/lib/NLDM/asap7sc7p5t_SIMPLE_RVT_FF_nldm_211120.lib.gz
read_liberty /home/hatch/workspace/rv32imc-cpu/tools/orfs/flow/platforms/asap7/lib/NLDM/asap7sc7p5t_SEQ_RVT_FF_nldm_220123.lib
read_db ./results/asap7/rv32imc_top/p900/2_2_floorplan_macro.odb
read_sdc ./results/asap7/rv32imc_top/p900/2_1_floorplan.sdc
source /home/hatch/workspace/rv32imc-cpu/tools/orfs/flow/platforms/asap7/setRC.tcl
Tap and End Cap cell insertion
  TAP Cell          : TAPCELL_ASAP7_75t_R
  ENDCAP Cell       : TAPCELL_ASAP7_75t_R
  Halo Around Macro : 2 2
  TAP Cell Distance : 25
[INFO TAP-0004] Inserted 642 endcaps.
[INFO TAP-0005] Inserted 484 tapcells.
Design area 3483 um^2 46% utilization.
write_db ./results/asap7/rv32imc_top/p900/2_3_floorplan_tapcell.odb
Elapsed time: 0:03.19[h:]min:sec. CPU time: user 2.79 sys 0.33 (98%). Peak memory: 224300KB.
Log                       Ext     Elapsed/s Peak Memory/MB sha1sum result [0:20)
2_3_floorplan_tapcell     .odb            3            219 70364975b38d19b63eec
/home/hatch/workspace/rv32imc-cpu/tools/orfs/flow/scripts/flow.sh 2_4_floorplan_pdn pdn
Running pdn.tcl, stage 2_4_floorplan_pdn
source /home/hatch/workspace/rv32imc-cpu/tools/orfs/flow/platforms/asap7/liberty_suppressions.tcl
read_liberty /home/hatch/workspace/rv32imc-cpu/tools/orfs/flow/platforms/asap7/lib/NLDM/asap7sc7p5t_AO_RVT_FF_nldm_211120.lib.gz
read_liberty /home/hatch/workspace/rv32imc-cpu/tools/orfs/flow/platforms/asap7/lib/NLDM/asap7sc7p5t_INVBUF_RVT_FF_nldm_220122.lib.gz
read_liberty /home/hatch/workspace/rv32imc-cpu/tools/orfs/flow/platforms/asap7/lib/NLDM/asap7sc7p5t_OA_RVT_FF_nldm_211120.lib.gz
read_liberty /home/hatch/workspace/rv32imc-cpu/tools/orfs/flow/platforms/asap7/lib/NLDM/asap7sc7p5t_SIMPLE_RVT_FF_nldm_211120.lib.gz
read_liberty /home/hatch/workspace/rv32imc-cpu/tools/orfs/flow/platforms/asap7/lib/NLDM/asap7sc7p5t_SEQ_RVT_FF_nldm_220123.lib
read_db ./results/asap7/rv32imc_top/p900/2_3_floorplan_tapcell.odb
read_sdc ./results/asap7/rv32imc_top/p900/2_1_floorplan.sdc
source /home/hatch/workspace/rv32imc-cpu/tools/orfs/flow/platforms/asap7/setRC.tcl
[INFO PDN-0001] Inserting grid: top
Design area 3483 um^2 46% utilization.
write_db ./results/asap7/rv32imc_top/p900/2_4_floorplan_pdn.odb
Elapsed time: 0:03.67[h:]min:sec. CPU time: user 3.31 sys 0.34 (99%). Peak memory: 248672KB.
Log                       Ext     Elapsed/s Peak Memory/MB sha1sum result [0:20)
2_4_floorplan_pdn         .odb            3            242 ee5731c13a199514676b
cp ./results/asap7/rv32imc_top/p900/2_4_floorplan_pdn.odb ./results/asap7/rv32imc_top/p900/2_floorplan.odb
cp ./results/asap7/rv32imc_top/p900/2_1_floorplan.sdc ./results/asap7/rv32imc_top/p900/2_floorplan.sdc
/home/hatch/workspace/rv32imc-cpu/tools/orfs/flow/scripts/flow.sh 3_1_place_gp_skip_io global_place_skip_io
Running global_place_skip_io.tcl, stage 3_1_place_gp_skip_io
source /home/hatch/workspace/rv32imc-cpu/tools/orfs/flow/platforms/asap7/liberty_suppressions.tcl
read_liberty /home/hatch/workspace/rv32imc-cpu/tools/orfs/flow/platforms/asap7/lib/NLDM/asap7sc7p5t_AO_RVT_FF_nldm_211120.lib.gz
read_liberty /home/hatch/workspace/rv32imc-cpu/tools/orfs/flow/platforms/asap7/lib/NLDM/asap7sc7p5t_INVBUF_RVT_FF_nldm_220122.lib.gz
read_liberty /home/hatch/workspace/rv32imc-cpu/tools/orfs/flow/platforms/asap7/lib/NLDM/asap7sc7p5t_OA_RVT_FF_nldm_211120.lib.gz
read_liberty /home/hatch/workspace/rv32imc-cpu/tools/orfs/flow/platforms/asap7/lib/NLDM/asap7sc7p5t_SIMPLE_RVT_FF_nldm_211120.lib.gz
read_liberty /home/hatch/workspace/rv32imc-cpu/tools/orfs/flow/platforms/asap7/lib/NLDM/asap7sc7p5t_SEQ_RVT_FF_nldm_220123.lib
read_db ./results/asap7/rv32imc_top/p900/2_floorplan.odb
read_sdc ./results/asap7/rv32imc_top/p900/2_floorplan.sdc
source /home/hatch/workspace/rv32imc-cpu/tools/orfs/flow/platforms/asap7/setRC.tcl
global_placement -skip_io -density 0.6 -pad_left 0 -pad_right 0
[INFO GPL-0001] ---- Initialize GPL Main Data Structures
[INFO GPL-0002] DBU: 1000
[INFO GPL-0003] SiteSize: (  0.054  0.270 ) um
[INFO GPL-0004] CoreBBox: (  2.052  2.160 ) ( 88.830 88.830 ) um
[INFO GPL-0036] Movable instances area:       3450.153 um^2
[INFO GPL-0037] Total instances area:         3482.987 um^2
[INFO GPL-0035] Pin density area adjust:       262.546 um^2
[INFO GPL-0032] ---- Initialize Region: Top-level
[INFO GPL-0006] Number of instances:             31708
[INFO GPL-0007] Movable instances:               30582
[INFO GPL-0008] Fixed instances:                  1126
[INFO GPL-0009] Dummy instances:                     0
[INFO GPL-0010] Number of nets:                  33761
[INFO GPL-0011] Number of pins:                  98871
[INFO GPL-0012] Die BBox:  (  0.000  0.000 ) ( 90.870 90.870 ) um
[INFO GPL-0013] Core BBox: (  2.052  2.160 ) ( 88.830 88.830 ) um
[INFO GPL-0016] Core area:                    7521.049 um^2
[INFO GPL-0014] Region name: top-level.
[INFO GPL-0015] Region area:                  7521.049 um^2
[INFO GPL-0017] Fixed instances area:           32.834 um^2
[INFO GPL-0018] Movable instances area:       3712.698 um^2
[INFO GPL-0019] Utilization:                    49.581 %
[INFO GPL-0020] Standard cells area:          3712.698 um^2
[INFO GPL-0021] Large instances area:            0.000 um^2
[INFO GPL-0005] ---- Execute Conjugate Gradient Initial Placement.
[INFO GPL-0051] Source of initial instance position counters:
	Odb location = 0	Core center = 30582	Region center = 0
[INFO GPL-0033] ---- Initialize Nesterov Region: Top-level
[INFO GPL-0023] Placement target density:       0.6000
[INFO GPL-0024] Movable insts average area:      0.121 um^2
[INFO GPL-0025] Ideal bin area:                  0.202 um^2
[INFO GPL-0026] Ideal bin count:                 37171
[INFO GPL-0027] Total bin area:               7521.049 um^2
[INFO GPL-0028] Bin count (X, Y):         128 ,    128
[INFO GPL-0029] Bin size (W * H):       0.678 *  0.677 um
[INFO GPL-0030] Number of bins:                  16384
[INFO GPL-0084] ---- Execute Nesterov Global Placement.
[INFO GPL-0031] HPWL: Half-Perimeter Wirelength
Iteration | Overflow |     HPWL (um) |  HPWL(%) |   Penalty | Group
---------------------------------------------------------------
        0 |   0.9961 |  2.297273e+04 |   +0.00% |  8.16e-14 |      
       10 |   0.9971 |  5.510693e+03 |  -76.01% |  1.33e-13 |      
       20 |   0.9971 |  5.127149e+03 |   -6.96% |  2.16e-13 |      
       30 |   0.9971 |  5.037767e+03 |   -1.74% |  3.52e-13 |      
       40 |   0.9971 |  4.998067e+03 |   -0.79% |  5.74e-13 |      
       50 |   0.9970 |  4.983585e+03 |   -0.29% |  9.35e-13 |      
       60 |   0.9969 |  4.984133e+03 |   +0.01% |  1.52e-12 |      
       70 |   0.9968 |  5.002816e+03 |   +0.37% |  2.48e-12 |      
       80 |   0.9968 |  5.062473e+03 |   +1.19% |  4.04e-12 |      
       90 |   0.9967 |  5.236839e+03 |   +3.44% |  6.58e-12 |      
      100 |   0.9964 |  5.670580e+03 |   +8.28% |  1.07e-11 |      
      110 |   0.9955 |  6.460882e+03 |  +13.94% |  1.75e-11 |      
      120 |   0.9943 |  7.843832e+03 |  +21.40% |  2.84e-11 |      
      130 |   0.9917 |  9.773024e+03 |  +24.60% |  4.63e-11 |      
      140 |   0.9879 |  1.211146e+04 |  +23.93% |  7.54e-11 |      
      150 |   0.9826 |  1.514941e+04 |  +25.08% |  1.23e-10 |      
      160 |   0.9746 |  1.922790e+04 |  +26.92% |  2.00e-10 |      
      170 |   0.9638 |  2.380955e+04 |  +23.83% |  3.26e-10 |      
      180 |   0.9490 |  2.880639e+04 |  +20.99% |  5.30e-10 |      
      190 |   0.9302 |  3.440952e+04 |  +19.45% |  8.63e-10 |      
      200 |   0.9076 |  3.958421e+04 |  +15.04% |  1.40e-09 |      
      210 |   0.8807 |  4.581479e+04 |  +15.74% |  2.29e-09 |      
      220 |   0.8494 |  5.222886e+04 |  +14.00% |  3.72e-09 |      
      230 |   0.8160 |  5.868194e+04 |  +12.36% |  6.06e-09 |      
      240 |   0.7809 |  6.544567e+04 |  +11.53% |  9.86e-09 |      
      250 |   0.7436 |  7.196990e+04 |   +9.97% |  1.61e-08 |      
      260 |   0.7017 |  7.842391e+04 |   +8.97% |  2.61e-08 |      
      270 |   0.6576 |  8.435549e+04 |   +7.56% |  4.25e-08 |      
      280 |   0.6107 |  8.976036e+04 |   +6.41% |  6.93e-08 |      
      290 |   0.5613 |  9.445344e+04 |   +5.23% |  1.13e-07 |      
      300 |   0.5081 |  9.922228e+04 |   +5.05% |  1.84e-07 |      
      310 |   0.4529 |  1.032093e+05 |   +4.02% |  2.99e-07 |      
      320 |   0.3964 |  1.060079e+05 |   +2.71% |  4.87e-07 |      
      330 |   0.3500 |  1.078071e+05 |   +1.70% |  7.93e-07 |      
      340 |   0.3096 |  1.093004e+05 |   +1.39% |  1.19e-06 |      
      350 |   0.2773 |  1.101491e+05 |   +0.78% |  1.75e-06 |      
      360 |   0.2452 |  1.107134e+05 |   +0.51% |  2.58e-06 |      
      370 |   0.2151 |  1.114335e+05 |   +0.65% |  3.81e-06 |      
      380 |   0.1906 |  1.116550e+05 |   +0.20% |  5.61e-06 |      
      390 |   0.1680 |  1.119401e+05 |   +0.26% |  8.26e-06 |      
      400 |   0.1450 |  1.120514e+05 |   +0.10% |  1.22e-05 |      
      410 |   0.1244 |  1.121138e+05 |   +0.06% |  1.79e-05 |      
      420 |   0.1079 |  1.121875e+05 |   +0.07% |  2.64e-05 |      
      425 |   0.0996 |  1.122181e+05 |          |  3.33e-05 |      
---------------------------------------------------------------
[INFO GPL-1001] Global placement finished at iteration 425
[INFO GPL-1002] Placed Cell Area             3712.6985
[INFO GPL-1003] Available Free Area          7488.2151
[INFO GPL-1004] Minimum Feasible Density        0.5000 (cell_area / free_area)
[INFO GPL-1006]   Suggested Target Densities:
[INFO GPL-1007]     - For 90% usage of free space: 0.5509
[INFO GPL-1008]     - For 80% usage of free space: 0.6198
[INFO GPL-1009]     - For 50% usage of free space: 0.9916
[INFO GPL-1014] Final placement area: 3712.70 (+0.00%)
Took 16 seconds: global_placement -skip_io -density 0.6 -pad_left 0 -pad_right 0
Design area 3483 um^2 46% utilization.
write_db ./results/asap7/rv32imc_top/p900/3_1_place_gp_skip_io.odb
Elapsed time: 0:19.08[h:]min:sec. CPU time: user 24.94 sys 0.43 (132%). Peak memory: 283828KB.
Log                       Ext     Elapsed/s Peak Memory/MB sha1sum result [0:20)
3_1_place_gp_skip_io      .odb           19            277 ccb52efc5f0d4e80da7f
/home/hatch/workspace/rv32imc-cpu/tools/orfs/flow/scripts/flow.sh 3_2_place_iop io_placement
Running io_placement.tcl, stage 3_2_place_iop
source /home/hatch/workspace/rv32imc-cpu/tools/orfs/flow/platforms/asap7/liberty_suppressions.tcl
read_liberty /home/hatch/workspace/rv32imc-cpu/tools/orfs/flow/platforms/asap7/lib/NLDM/asap7sc7p5t_AO_RVT_FF_nldm_211120.lib.gz
read_liberty /home/hatch/workspace/rv32imc-cpu/tools/orfs/flow/platforms/asap7/lib/NLDM/asap7sc7p5t_INVBUF_RVT_FF_nldm_220122.lib.gz
read_liberty /home/hatch/workspace/rv32imc-cpu/tools/orfs/flow/platforms/asap7/lib/NLDM/asap7sc7p5t_OA_RVT_FF_nldm_211120.lib.gz
read_liberty /home/hatch/workspace/rv32imc-cpu/tools/orfs/flow/platforms/asap7/lib/NLDM/asap7sc7p5t_SIMPLE_RVT_FF_nldm_211120.lib.gz
read_liberty /home/hatch/workspace/rv32imc-cpu/tools/orfs/flow/platforms/asap7/lib/NLDM/asap7sc7p5t_SEQ_RVT_FF_nldm_220123.lib
read_db ./results/asap7/rv32imc_top/p900/3_1_place_gp_skip_io.odb
read_sdc ./results/asap7/rv32imc_top/p900/2_floorplan.sdc
source /home/hatch/workspace/rv32imc-cpu/tools/orfs/flow/platforms/asap7/setRC.tcl
place_pins -hor_layers M4 -ver_layers M5
Found 0 macro blocks.
Using 2 tracks default min distance between IO pins.
[INFO PPL-0001] Number of available slots 3724
[INFO PPL-0002] Number of I/O             232
[INFO PPL-0003] Number of I/O w/sink      232
[INFO PPL-0004] Number of I/O w/o sink    0
[INFO PPL-0005] Slots per section         200
[INFO PPL-0008] Successfully assigned pins to sections.
[INFO PPL-0012] I/O nets HPWL: 6449.13 um.
Design area 3483 um^2 46% utilization.
write_db ./results/asap7/rv32imc_top/p900/3_2_place_iop.odb
Elapsed time: 0:03.45[h:]min:sec. CPU time: user 2.90 sys 0.35 (94%). Peak memory: 245228KB.
Log                       Ext     Elapsed/s Peak Memory/MB sha1sum result [0:20)
3_2_place_iop             .odb            3            239 e57b3087964a074da90e
/home/hatch/workspace/rv32imc-cpu/tools/orfs/flow/scripts/flow.sh 3_3_place_gp global_place
Running global_place.tcl, stage 3_3_place_gp
source /home/hatch/workspace/rv32imc-cpu/tools/orfs/flow/platforms/asap7/liberty_suppressions.tcl
read_liberty /home/hatch/workspace/rv32imc-cpu/tools/orfs/flow/platforms/asap7/lib/NLDM/asap7sc7p5t_AO_RVT_FF_nldm_211120.lib.gz
read_liberty /home/hatch/workspace/rv32imc-cpu/tools/orfs/flow/platforms/asap7/lib/NLDM/asap7sc7p5t_INVBUF_RVT_FF_nldm_220122.lib.gz
read_liberty /home/hatch/workspace/rv32imc-cpu/tools/orfs/flow/platforms/asap7/lib/NLDM/asap7sc7p5t_OA_RVT_FF_nldm_211120.lib.gz
read_liberty /home/hatch/workspace/rv32imc-cpu/tools/orfs/flow/platforms/asap7/lib/NLDM/asap7sc7p5t_SIMPLE_RVT_FF_nldm_211120.lib.gz
read_liberty /home/hatch/workspace/rv32imc-cpu/tools/orfs/flow/platforms/asap7/lib/NLDM/asap7sc7p5t_SEQ_RVT_FF_nldm_220123.lib
read_db ./results/asap7/rv32imc_top/p900/3_2_place_iop.odb
read_sdc ./results/asap7/rv32imc_top/p900/2_floorplan.sdc
source /home/hatch/workspace/rv32imc-cpu/tools/orfs/flow/platforms/asap7/setRC.tcl
[INFO RSZ-0026] Removed 1737 buffers.
Perform port buffering...
[INFO RSZ-0027] Inserted 65 BUFx2_ASAP7_75t_R input buffers.
[INFO RSZ-0028] Inserted 164 BUFx2_ASAP7_75t_R output buffers.
global_placement -density 0.6 -pad_left 0 -pad_right 0 -routability_driven -timing_driven -force_center_initial_place -min_phi_coef 0.95 -max_phi_coef 1.05
[INFO GPL-0001] ---- Initialize GPL Main Data Structures
[INFO GPL-0002] DBU: 1000
[INFO GPL-0003] SiteSize: (  0.054  0.270 ) um
[INFO GPL-0004] CoreBBox: (  2.052  2.160 ) ( 88.830 88.830 ) um
[INFO GPL-0036] Movable instances area:       3326.208 um^2
[INFO GPL-0037] Total instances area:         3359.042 um^2
[INFO GPL-0035] Pin density area adjust:       255.145 um^2
[INFO GPL-0032] ---- Initialize Region: Top-level
[INFO GPL-0006] Number of instances:             30200
[INFO GPL-0007] Movable instances:               29074
[INFO GPL-0008] Fixed instances:                  1126
[INFO GPL-0009] Dummy instances:                     0
[INFO GPL-0010] Number of nets:                  32253
[INFO GPL-0011] Number of pins:                  96087
[INFO GPL-0012] Die BBox:  (  0.000  0.000 ) ( 90.870 90.870 ) um
[INFO GPL-0013] Core BBox: (  2.052  2.160 ) ( 88.830 88.830 ) um
[INFO GPL-0016] Core area:                    7521.049 um^2
[INFO GPL-0014] Region name: top-level.
[INFO GPL-0015] Region area:                  7521.049 um^2
[INFO GPL-0017] Fixed instances area:           32.834 um^2
[INFO GPL-0018] Movable instances area:       3581.353 um^2
[INFO GPL-0019] Utilization:                    47.827 %
[INFO GPL-0020] Standard cells area:          3581.353 um^2
[INFO GPL-0021] Large instances area:            0.000 um^2
[INFO GPL-0005] ---- Execute Conjugate Gradient Initial Placement.
[INFO GPL-0051] Source of initial instance position counters:
	Odb location = 0	Core center = 29074	Region center = 0
[InitialPlace]  Iter: 1 conjugate gradient residual: 0.00242596 HPWL: 119337661
[InitialPlace]  Iter: 2 conjugate gradient residual: 0.00019396 HPWL: 46943886
[InitialPlace]  Iter: 3 conjugate gradient residual: 0.00049741 HPWL: 46177234
[InitialPlace]  Iter: 4 conjugate gradient residual: 0.00016061 HPWL: 46149509
[InitialPlace]  Iter: 5 conjugate gradient residual: 0.00022217 HPWL: 45799473
[InitialPlace]  Iter: 6 conjugate gradient residual: 0.00011010 HPWL: 45629987
[InitialPlace]  Iter: 7 conjugate gradient residual: 0.00012930 HPWL: 45379467
[InitialPlace]  Iter: 8 conjugate gradient residual: 0.00004574 HPWL: 45349905
[InitialPlace]  Iter: 9 conjugate gradient residual: 0.00008220 HPWL: 45243522
[InitialPlace]  Iter: 10 conjugate gradient residual: 0.00002847 HPWL: 45282679
[InitialPlace]  Iter: 11 conjugate gradient residual: 0.00005357 HPWL: 45214942
[InitialPlace]  Iter: 12 conjugate gradient residual: 0.00038256 HPWL: 45275222
[InitialPlace]  Iter: 13 conjugate gradient residual: 0.00002644 HPWL: 45206788
[InitialPlace]  Iter: 14 conjugate gradient residual: 0.00002490 HPWL: 45270291
[InitialPlace]  Iter: 15 conjugate gradient residual: 0.00001739 HPWL: 45239325
[InitialPlace]  Iter: 16 conjugate gradient residual: 0.00003890 HPWL: 45303277
[InitialPlace]  Iter: 17 conjugate gradient residual: 0.00001986 HPWL: 45262118
[InitialPlace]  Iter: 18 conjugate gradient residual: 0.00001288 HPWL: 45302488
[InitialPlace]  Iter: 19 conjugate gradient residual: 0.00001170 HPWL: 45263913
[InitialPlace]  Iter: 20 conjugate gradient residual: 0.00001005 HPWL: 45322263
[INFO GPL-0033] ---- Initialize Nesterov Region: Top-level
[INFO GPL-0023] Placement target density:       0.6000
[INFO GPL-0024] Movable insts average area:      0.123 um^2
[INFO GPL-0025] Ideal bin area:                  0.205 um^2
[INFO GPL-0026] Ideal bin count:                 36634
[INFO GPL-0027] Total bin area:               7521.049 um^2
[INFO GPL-0028] Bin count (X, Y):         128 ,    128
[INFO GPL-0029] Bin size (W * H):       0.678 *  0.677 um
[INFO GPL-0030] Number of bins:                  16384
[INFO GPL-0084] ---- Execute Nesterov Global Placement.
[INFO GPL-0031] HPWL: Half-Perimeter Wirelength
Iteration | Overflow |     HPWL (um) |  HPWL(%) |   Penalty | Group
---------------------------------------------------------------
        0 |   0.9686 |  3.391461e+04 |   +0.00% |  1.46e-13 |      
       10 |   0.9575 |  2.372057e+04 |  -30.06% |  2.37e-13 |      
       20 |   0.9462 |  2.488451e+04 |   +4.91% |  3.87e-13 |      
       30 |   0.9396 |  2.539557e+04 |   +2.05% |  6.30e-13 |      
       40 |   0.9372 |  2.551859e+04 |   +0.48% |  1.03e-12 |      
       50 |   0.9372 |  2.566832e+04 |   +0.59% |  1.67e-12 |      
       60 |   0.9374 |  2.545471e+04 |   -0.83% |  2.72e-12 |      
       70 |   0.9373 |  2.510330e+04 |   -1.38% |  4.43e-12 |      
       80 |   0.9368 |  2.512335e+04 |   +0.08% |  7.22e-12 |      
       90 |   0.9354 |  2.541892e+04 |   +1.18% |  1.18e-11 |      
      100 |   0.9348 |  2.577787e+04 |   +1.41% |  1.92e-11 |      
      110 |   0.9329 |  2.619372e+04 |   +1.61% |  3.12e-11 |      
      120 |   0.9309 |  2.679615e+04 |   +2.30% |  5.08e-11 |      
      130 |   0.9285 |  2.782919e+04 |   +3.86% |  8.28e-11 |      
      140 |   0.9236 |  2.949154e+04 |   +5.97% |  1.35e-10 |      
      150 |   0.9165 |  3.172601e+04 |   +7.58% |  2.20e-10 |      
      160 |   0.9065 |  3.460362e+04 |   +9.07% |  3.57e-10 |      
      170 |   0.8938 |  3.827135e+04 |  +10.60% |  5.82e-10 |      
      180 |   0.8757 |  4.285986e+04 |  +11.99% |  9.48e-10 |      
      190 |   0.8521 |  4.804208e+04 |  +12.09% |  1.54e-09 |      
      200 |   0.8229 |  5.335787e+04 |  +11.06% |  2.51e-09 |      
      210 |   0.7908 |  5.774601e+04 |   +8.22% |  4.09e-09 |      
      220 |   0.7567 |  6.124991e+04 |   +6.07% |  6.66e-09 |      
      230 |   0.7203 |  6.456738e+04 |   +5.42% |  1.08e-08 |      
      240 |   0.6799 |  6.830474e+04 |   +5.79% |  1.77e-08 |      
      250 |   0.6416 |  7.244339e+04 |   +6.06% |  2.87e-08 |      
[INFO GPL-0100] Timing-driven iteration 1/2, virtual: false.
[INFO GPL-0101]    Iter: 253, overflow: 0.633, keep resizer changes at: 1, HPWL: 73106900
Iteration |   Area    | Resized | Buffers | Nets repaired | Remaining
---------------------------------------------------------------------
        0 |     +0.0% |       0 |       0 |             0 |     32253
    final |     +2.5% |      73 |     279 |           101 |         0
---------------------------------------------------------------------
[INFO RSZ-0034] Found 98 slew violations.
[INFO RSZ-0036] Found 37 capacitance violations.
[INFO RSZ-0039] Resized 73 instances.
[INFO RSZ-0038] Inserted 279 buffers in 101 nets.
   Iter   |    Area   | Removed | Inserted |   Pins
          |           | Buffers | Buffers  | Remaining
-------------------------------------------------------
        0 |     +0.0% |       0 |        0 |     31437
     3100 |     +1.4% |      29 |      585 |     28337
     6200 |     +2.2% |      35 |      893 |     25237
     9300 |     +2.6% |      37 |     1060 |     22137
    12400 |     +3.1% |      74 |     1359 |     19037
    15500 |     +3.2% |     152 |     1628 |     15937
    18600 |     +3.3% |     156 |     1687 |     12837
    21700 |     +3.2% |     215 |     1842 |      9737
    24800 |     +3.9% |     235 |     2169 |      6637
    27900 |     +5.2% |     244 |     2712 |      3537
    31000 |     +8.1% |     265 |     3818 |       437
    final |     +8.3% |     279 |     3938 |         0
-------------------------------------------------------
[INFO GPL-0106] Timing-driven: worst slack -2.196694e-10
[INFO GPL-0107] Timing-driven: repair_design delta area: 371.037 um^2 (+10.36%)
[INFO GPL-0108] Timing-driven: repair_design, gpl delta gcells: 3938 (+13.54%)
[INFO GPL-0109] Timing-driven: repair_design, gcells created: 4217, deleted: 279
[INFO GPL-0110] Timing-driven: new target density: 0.6495495
Iteration | Overflow |     HPWL (um) |  HPWL(%) |   Penalty | Group
---------------------------------------------------------------
      260 |   0.5984 |  8.250646e+04 |  +13.89% |  4.68e-08 |      
[INFO GPL-0038] Routability snapshot saved at iter = 261
      260 |   0.5984 |  8.250646e+04 |          |           |      
      270 |   0.5585 |  8.339332e+04 |   +1.07% |  7.62e-08 |      
      280 |   0.5119 |  8.622221e+04 |   +3.39% |  1.24e-07 |      
      290 |   0.4603 |  8.934415e+04 |   +3.62% |  2.02e-07 |      
      300 |   0.4157 |  9.119459e+04 |   +2.07% |  3.29e-07 |      
      310 |   0.3691 |  9.331173e+04 |   +2.32% |  5.36e-07 |      
      320 |   0.3372 |  9.353800e+04 |   +0.24% |  8.46e-07 |      
      330 |   0.3003 |  9.387498e+04 |   +0.36% |  1.25e-06 |      
[INFO GPL-0040] Routability iteration: 1
[WARNING GRT-0281] Net clk has a large fanout of 2242 terminals.
[INFO GPL-0041] Total routing overflow: 0.0000
[INFO GPL-0042] Number of overflowed tiles: 0 (0.00%)
[INFO GPL-0043] Average top 0.5% routing congestion: 0.8091
[INFO GPL-0044] Average top 1.0% routing congestion: 0.7770
[INFO GPL-0045] Average top 2.0% routing congestion: 0.7433
[INFO GPL-0046] Average top 5.0% routing congestion: 0.6935
[INFO GPL-0047] Routability iteration weighted routing congestion: 0.7931
[INFO GPL-0050] Weighted routing congestion is lower than target routing congestion(1.0100), end routability optimization.
[INFO GPL-0090] Routability finished. Target routing congestion achieved succesfully.
Iteration | Overflow |     HPWL (um) |  HPWL(%) |   Penalty | Group
---------------------------------------------------------------
      340 |   0.2722 |  9.396060e+04 |   +0.09% |  1.84e-06 |      
      350 |   0.2506 |  9.392624e+04 |   -0.04% |  2.71e-06 |      
      360 |   0.2212 |  9.352513e+04 |   -0.43% |  3.99e-06 |      
      370 |   0.1954 |  9.333728e+04 |   -0.20% |  5.87e-06 |      
[INFO GPL-0100] Timing-driven iteration 2/2, virtual: false.
[INFO GPL-0101]    Iter: 372, overflow: 0.193, keep resizer changes at: 1, HPWL: 93358608
Iteration |   Area    | Resized | Buffers | Nets repaired | Remaining
---------------------------------------------------------------------
        0 |     +0.0% |       0 |       0 |             0 |     36191
    final |     +0.0% |       0 |       0 |             0 |         0
---------------------------------------------------------------------
   Iter   |    Area   | Removed | Inserted |   Pins
          |           | Buffers | Buffers  | Remaining
-------------------------------------------------------
        0 |     +0.0% |       0 |        0 |     31437
     3100 |     -0.0% |     585 |      597 |     28337
     6200 |     +0.0% |     893 |      917 |     25237
     9300 |     +0.0% |    1060 |     1099 |     22137
    12400 |     +0.0% |    1359 |     1395 |     19037
    15500 |     +0.0% |    1628 |     1679 |     15937
    18600 |     +0.1% |    1687 |     1759 |     12837
    21700 |     +0.1% |    1842 |     1937 |      9737
    24800 |     +0.2% |    2169 |     2286 |      6637
    27900 |     -0.1% |    2712 |     2700 |      3537
    31000 |     -0.7% |    3818 |     3549 |       437
    final |     -0.7% |    3938 |     3666 |         0
-------------------------------------------------------
[INFO GPL-0106] Timing-driven: worst slack -2.2807009e-10
[INFO GPL-0107] Timing-driven: repair_design delta area: -25.544 um^2 (-0.65%)
[INFO GPL-0108] Timing-driven: repair_design, gpl delta gcells: -272 (-0.82%)
[INFO GPL-0109] Timing-driven: repair_design, gcells created: 3666, deleted: 3938
[INFO GPL-0110] Timing-driven: new target density: 0.64613825
Iteration | Overflow |     HPWL (um) |  HPWL(%) |   Penalty | Group
---------------------------------------------------------------
      380 |   0.1783 |  9.684142e+04 |   +3.75% |  8.65e-06 |      
      390 |   0.1541 |  9.604949e+04 |   -0.82% |  1.27e-05 |      
      400 |   0.1346 |  9.548881e+04 |   -0.58% |  1.88e-05 |      
      410 |   0.1146 |  9.524339e+04 |   -0.26% |  2.76e-05 |      
      420 |   0.0989 |  9.492109e+04 |   -0.34% |  4.07e-05 |      
      420 |   0.0989 |  9.492109e+04 |          |  4.23e-05 |      
---------------------------------------------------------------
[INFO GPL-1001] Global placement finished at iteration 420
[INFO GPL-1017] Routability mode iteration count: 70
[INFO GPL-1005] Routability final weighted congestion: 0.7370
[INFO GPL-1002] Placed Cell Area             3926.8463
[INFO GPL-1003] Available Free Area          7488.2151
[INFO GPL-1004] Minimum Feasible Density        0.4800 (cell_area / free_area)
[INFO GPL-1006]   Suggested Target Densities:
[INFO GPL-1007]     - For 90% usage of free space: 0.5827
[INFO GPL-1008]     - For 80% usage of free space: 0.6555
[INFO GPL-1011] Original area (um^2): 3581.35
[INFO GPL-1012] Total routability artificial inflation: 0.00 (+0.00%)
[INFO GPL-1013] Total timing-driven delta area: 345.49 (+9.65%)
[INFO GPL-1014] Final placement area: 3926.85 (+9.65%)
Took 86 seconds: global_placement -density 0.6 -pad_left 0 -pad_right 0 -routability_driven -timing_driven -force_center_initial_place -min_phi_coef 0.95 -max_phi_coef 1.05
estimate_parasitics -placement
Report metrics stage 3, global place...

==========================================================================
global place report_design_area
--------------------------------------------------------------------------
Design area 3706 um^2 49% utilization.
write_db ./results/asap7/rv32imc_top/p900/3_3_place_gp.odb
Elapsed time: 1:47.27[h:]min:sec. CPU time: user 105.24 sys 27.19 (123%). Peak memory: 730392KB.
Log                       Ext     Elapsed/s Peak Memory/MB sha1sum result [0:20)
3_3_place_gp              .odb          107            713 2eb09094adead9f6c342
/home/hatch/workspace/rv32imc-cpu/tools/orfs/flow/scripts/flow.sh 3_4_place_resized resize
Running resize.tcl, stage 3_4_place_resized
source /home/hatch/workspace/rv32imc-cpu/tools/orfs/flow/platforms/asap7/liberty_suppressions.tcl
read_liberty /home/hatch/workspace/rv32imc-cpu/tools/orfs/flow/platforms/asap7/lib/NLDM/asap7sc7p5t_AO_RVT_FF_nldm_211120.lib.gz
read_liberty /home/hatch/workspace/rv32imc-cpu/tools/orfs/flow/platforms/asap7/lib/NLDM/asap7sc7p5t_INVBUF_RVT_FF_nldm_220122.lib.gz
read_liberty /home/hatch/workspace/rv32imc-cpu/tools/orfs/flow/platforms/asap7/lib/NLDM/asap7sc7p5t_OA_RVT_FF_nldm_211120.lib.gz
read_liberty /home/hatch/workspace/rv32imc-cpu/tools/orfs/flow/platforms/asap7/lib/NLDM/asap7sc7p5t_SIMPLE_RVT_FF_nldm_211120.lib.gz
read_liberty /home/hatch/workspace/rv32imc-cpu/tools/orfs/flow/platforms/asap7/lib/NLDM/asap7sc7p5t_SEQ_RVT_FF_nldm_220123.lib
read_db ./results/asap7/rv32imc_top/p900/3_3_place_gp.odb
read_sdc ./results/asap7/rv32imc_top/p900/2_floorplan.sdc
source /home/hatch/workspace/rv32imc-cpu/tools/orfs/flow/platforms/asap7/setRC.tcl
estimate_parasitics -placement
Perform buffer insertion and gate resizing...
repair_design -verbose
Iteration |   Area    | Resized | Buffers | Nets repaired | Remaining
---------------------------------------------------------------------
        0 |     +0.0% |       0 |       0 |             0 |     35919
     1000 |     +0.0% |       0 |       0 |             0 |     34919
     2000 |     +0.0% |       0 |       0 |             0 |     33919
     3000 |     +0.0% |       0 |       0 |             0 |     32919
     4000 |     +0.0% |       0 |       0 |             0 |     31919
     5000 |     +0.0% |       0 |       0 |             0 |     30919
     6000 |     +0.0% |       0 |       0 |             0 |     29919
     7000 |     +0.0% |       0 |       0 |             0 |     28919
     8000 |     +0.0% |       0 |       0 |             0 |     27919
     9000 |     +0.0% |       0 |       0 |             0 |     26919
    10000 |     +0.0% |       0 |       0 |             0 |     25919
    11000 |     +0.0% |       0 |       0 |             0 |     24919
    12000 |     +0.0% |       0 |       0 |             0 |     23919
    13000 |     +0.0% |       0 |       0 |             0 |     22919
    14000 |     +0.0% |       0 |       0 |             0 |     21919
    15000 |     +0.0% |       0 |       0 |             0 |     20919
    16000 |     +0.0% |       0 |       0 |             0 |     19919
    17000 |     +0.0% |       0 |       0 |             0 |     18919
    18000 |     +0.0% |       0 |       0 |             0 |     17919
    19000 |     +0.0% |       0 |       0 |             0 |     16919
    20000 |     +0.0% |       0 |       0 |             0 |     15919
    21000 |     +0.0% |       0 |       0 |             0 |     14919
    22000 |     +0.0% |       0 |       0 |             0 |     13919
    23000 |     +0.0% |       0 |       0 |             0 |     12919
    24000 |     +0.0% |       0 |       0 |             0 |     11919
    25000 |     +0.0% |       0 |       0 |             0 |     10919
    26000 |     +0.0% |       0 |       0 |             0 |      9919
    27000 |     +0.0% |       0 |       0 |             0 |      8919
    28000 |     +0.0% |       0 |       0 |             0 |      7919
    29000 |     +0.0% |       0 |       0 |             0 |      6919
    30000 |     +0.0% |       0 |       0 |             0 |      5919
    31000 |     +0.0% |       0 |       0 |             0 |      4919
    32000 |     +0.0% |       0 |       0 |             0 |      3919
    33000 |     +0.0% |       0 |       0 |             0 |      2919
    34000 |     +0.0% |       0 |       0 |             0 |      1919
    35000 |     +0.0% |       0 |       0 |             0 |       919
    final |     +0.0% |       0 |       0 |             0 |         0
---------------------------------------------------------------------
Took 11 seconds: repair_design -verbose
Floating nets: 
Report metrics stage 3, resizer...

==========================================================================
resizer report_design_area
--------------------------------------------------------------------------
Design area 3706 um^2 49% utilization.
Instance count before 33866, after 33866
Pin count before 103187, after 103187
write_db ./results/asap7/rv32imc_top/p900/3_4_place_resized.odb
Elapsed time: 0:36.47[h:]min:sec. CPU time: user 33.72 sys 7.08 (111%). Peak memory: 354688KB.
Log                       Ext     Elapsed/s Peak Memory/MB sha1sum result [0:20)
3_4_place_resized         .odb           36            346 2eb09094adead9f6c342
/home/hatch/workspace/rv32imc-cpu/tools/orfs/flow/scripts/flow.sh 3_5_place_dp detail_place
Running detail_place.tcl, stage 3_5_place_dp
source /home/hatch/workspace/rv32imc-cpu/tools/orfs/flow/platforms/asap7/liberty_suppressions.tcl
read_liberty /home/hatch/workspace/rv32imc-cpu/tools/orfs/flow/platforms/asap7/lib/NLDM/asap7sc7p5t_AO_RVT_FF_nldm_211120.lib.gz
read_liberty /home/hatch/workspace/rv32imc-cpu/tools/orfs/flow/platforms/asap7/lib/NLDM/asap7sc7p5t_INVBUF_RVT_FF_nldm_220122.lib.gz
read_liberty /home/hatch/workspace/rv32imc-cpu/tools/orfs/flow/platforms/asap7/lib/NLDM/asap7sc7p5t_OA_RVT_FF_nldm_211120.lib.gz
read_liberty /home/hatch/workspace/rv32imc-cpu/tools/orfs/flow/platforms/asap7/lib/NLDM/asap7sc7p5t_SIMPLE_RVT_FF_nldm_211120.lib.gz
read_liberty /home/hatch/workspace/rv32imc-cpu/tools/orfs/flow/platforms/asap7/lib/NLDM/asap7sc7p5t_SEQ_RVT_FF_nldm_220123.lib
read_db ./results/asap7/rv32imc_top/p900/3_4_place_resized.odb
read_sdc ./results/asap7/rv32imc_top/p900/2_floorplan.sdc
source /home/hatch/workspace/rv32imc-cpu/tools/orfs/flow/platforms/asap7/setRC.tcl
detailed_placement
[INFO DPL-0006] Core area: 7521.05 um^2, Instances area: 3705.87 um^2, Utilization: 49.3%
[INFO DPL-0005] Diamond search max displacement: +/- 500 sites horizontally, +/- 100 rows vertically.
[INFO DPL-1101] Legalizing using diamond search.
Movements Summary
---------------------------------------
Total cells:                   32740
Diamond Move Success:          32740 (100.00%)
Diamond Move Failure:              0
Rip-up and replace Success:        0 (  0.00% of diamond failures)
Rip-up and replace Failure:        0
Total Placement Failures:          0
---------------------------------------
Placement Analysis
---------------------------------
total displacement       7135.2 u
average displacement        0.2 u
max displacement            0.9 u
original HPWL           94942.3 u
legalized HPWL         100440.4 u
delta HPWL                    6 %

improve_placement -max_displacement "5 1"
Detailed placement improvement.
[INFO DPL-0401] Setting random seed to 1.
[INFO DPL-0402] Setting maximum displacement 5 1 to 1350 270 units.
[INFO DPL-0320] Collected 1358 fixed cells.
[INFO DPL-0318] Collected 32740 single height cells.
[INFO DPL-0321] Collected 0 wide cells.
[INFO DPL-0322] Image (2052, 2160) - (88830, 88830)
[INFO DPL-0310] Assigned 32740 cells into segments.  Movement in X-direction is 0.000000, movement in Y-direction is 0.000000.
[INFO DPL-0313] Found 0 cells in wrong regions.
[INFO DPL-0315] Found 0 row alignment problems.
[INFO DPL-0314] Found 0 site alignment problems.
[INFO DPL-0311] Found 0 overlaps between adjacent cells.
[INFO DPL-0312] Found 0 edge spacing violations and 0 padding violations.
[INFO DPL-0303] Running algorithm for independent set matching.
[INFO DPL-0300] Set matching objective is wirelength.
[INFO DPL-0301] Pass   1 of matching; objective is 1.004294e+08.
[INFO DPL-0302] End of matching; objective is 1.001888e+08, improvement is 0.24 percent.
[INFO DPL-0303] Running algorithm for global swaps.
[INFO DPL-0306] Pass   1 of global swaps; hpwl is 9.939552e+07.
[INFO DPL-0307] End of global swaps; objective is 9.939552e+07, improvement is 0.79 percent.
[INFO DPL-0303] Running algorithm for vertical swaps.
[INFO DPL-0308] Pass   1 of vertical swaps; hpwl is 9.915073e+07.
[INFO DPL-0309] End of vertical swaps; objective is 9.915073e+07, improvement is 0.25 percent.
[INFO DPL-0303] Running algorithm for reordering.
[INFO DPL-0304] Pass   1 of reordering; objective is 9.895930e+07.
[INFO DPL-0305] End of reordering; objective is 9.895930e+07, improvement is 0.19 percent.
[INFO DPL-0303] Running algorithm for random improvement.
[INFO DPL-0324] Random improver is using random generator.
[INFO DPL-0325] Random improver is using hpwl objective.
[INFO DPL-0326] Random improver cost string is (a).
[INFO DPL-0332] End of pass, Generator random called 654800 times.
[INFO DPL-0335] Generator random, Cumulative attempts 654800, swaps 93507, moves 172394 since last reset.
[INFO DPL-0333] End of pass, Objective hpwl, Initial cost 9.878758e+07, Scratch cost 9.808974e+07, Incremental cost 9.808974e+07, Mismatch? N
[INFO DPL-0338] End of pass, Total cost is 9.808974e+07.
[INFO DPL-0327] Pass   1 of random improver; improvement in cost is 0.71 percent.
[INFO DPL-0328] End of random improver; improvement is 0.706405 percent.
[INFO DPL-0380] Cell flipping.
[INFO DPL-0382] Changed 0 cell orientations for row compatibility.
[INFO DPL-0383] Performed 10205 cell flips.
[INFO DPL-0384] End of flipping; objective is 9.657758e+07, improvement is 1.71 percent.
[INFO DPL-0313] Found 0 cells in wrong regions.
[INFO DPL-0315] Found 0 row alignment problems.
[INFO DPL-0314] Found 0 site alignment problems.
[INFO DPL-0311] Found 0 overlaps between adjacent cells.
[INFO DPL-0312] Found 0 edge spacing violations and 0 padding violations.
Detailed Improvement Results
------------------------------------------
Original HPWL           100440.4 u (   47135.9,    53304.5)
Final HPWL               96448.1 u (   44691.1,    51757.0)
Delta HPWL                  -4.0 % (      -5.2,       -2.9)

Took 10 seconds: improve_placement -max_displacement "5 1"
optimize_mirroring
[INFO DPL-0020] Mirrored 5370 instances
[INFO DPL-0021] HPWL before           96448.1 u
[INFO DPL-0022] HPWL after            96287.0 u
[INFO DPL-0023] HPWL delta               -0.2 %
[INFO FLW-0012] Placement violations .
estimate_parasitics -placement
Report metrics stage 3, detailed place...

==========================================================================
detailed place report_design_area
--------------------------------------------------------------------------
Design area 3706 um^2 49% utilization.
write_db ./results/asap7/rv32imc_top/p900/3_5_place_dp.odb
write_sdc -no_timestamp ./results/asap7/rv32imc_top/p900/3_place.sdc
Elapsed time: 0:41.77[h:]min:sec. CPU time: user 39.07 sys 6.78 (109%). Peak memory: 404300KB.
Log                       Ext     Elapsed/s Peak Memory/MB sha1sum result [0:20)
3_5_place_dp              .odb           41            394 4c78ff174237249275b9
cp ./results/asap7/rv32imc_top/p900/3_5_place_dp.odb ./results/asap7/rv32imc_top/p900/3_place.odb
/home/hatch/workspace/rv32imc-cpu/tools/orfs/flow/scripts/flow.sh 4_1_cts cts
Running cts.tcl, stage 4_1_cts
source /home/hatch/workspace/rv32imc-cpu/tools/orfs/flow/platforms/asap7/liberty_suppressions.tcl
read_liberty /home/hatch/workspace/rv32imc-cpu/tools/orfs/flow/platforms/asap7/lib/NLDM/asap7sc7p5t_AO_RVT_FF_nldm_211120.lib.gz
read_liberty /home/hatch/workspace/rv32imc-cpu/tools/orfs/flow/platforms/asap7/lib/NLDM/asap7sc7p5t_INVBUF_RVT_FF_nldm_220122.lib.gz
read_liberty /home/hatch/workspace/rv32imc-cpu/tools/orfs/flow/platforms/asap7/lib/NLDM/asap7sc7p5t_OA_RVT_FF_nldm_211120.lib.gz
read_liberty /home/hatch/workspace/rv32imc-cpu/tools/orfs/flow/platforms/asap7/lib/NLDM/asap7sc7p5t_SIMPLE_RVT_FF_nldm_211120.lib.gz
read_liberty /home/hatch/workspace/rv32imc-cpu/tools/orfs/flow/platforms/asap7/lib/NLDM/asap7sc7p5t_SEQ_RVT_FF_nldm_220123.lib
read_db ./results/asap7/rv32imc_top/p900/3_place.odb
read_sdc ./results/asap7/rv32imc_top/p900/3_place.sdc
source /home/hatch/workspace/rv32imc-cpu/tools/orfs/flow/platforms/asap7/setRC.tcl
clock_tree_synthesis -sink_clustering_enable -repair_clock_nets
[INFO CTS-0050] Root buffer is BUFx16f_ASAP7_75t_R.
[INFO CTS-0051] Sink buffer is BUFx24_ASAP7_75t_R.
[INFO CTS-0052] The following clock buffers will be used for CTS:
                    BUFx16f_ASAP7_75t_R
                    BUFx24_ASAP7_75t_R
[INFO CTS-0049] Characterization buffer is BUFx24_ASAP7_75t_R.
[INFO CTS-0007] Net "clk" found for clock "core_clk".
[INFO CTS-0010]  Clock net "clk" has 2241 sinks.
[INFO CTS-0008] TritonCTS found 1 clock nets.
[INFO CTS-0097] Characterization used 2 buffer(s) types.
[INFO CTS-0201] 0 blockages from hard placement blockages and placed macros will be used.
[INFO CTS-0027] Generating H-Tree topology for net clk.
[INFO CTS-0028]  Total number of sinks: 2241.
[INFO CTS-0090]  Sinks will be clustered based on buffer max cap.
[INFO CTS-0030]  Number of static layers: 0.
[INFO CTS-0020]  Wire segment unit: 1350  dbu (1 um).
[INFO CTS-0206] Best clustering solution was found from max clustering size of 24 and max clustering diameter of 24.
[INFO CTS-0019]  Total number of sinks after clustering: 117.
[INFO CTS-0024]  Normalized sink region: [(3.21695, 3.01), (60.6068, 64.0378)].
[INFO CTS-0025]     Width:  57.3898.
[INFO CTS-0026]     Height: 61.0278.
 Level 1
    Direction: Vertical
    Sinks per sub-region: 59
    Sub-region size: 57.3898 X 30.5139
[INFO CTS-0034]     Segment length (rounded): 16.
 Level 2
    Direction: Horizontal
    Sinks per sub-region: 30
    Sub-region size: 28.6949 X 30.5139
[INFO CTS-0034]     Segment length (rounded): 14.
 Level 3
    Direction: Vertical
    Sinks per sub-region: 15
    Sub-region size: 28.6949 X 15.2570
[INFO CTS-0034]     Segment length (rounded): 8.
 Level 4
    Direction: Horizontal
    Sinks per sub-region: 8
    Sub-region size: 14.3475 X 15.2570
[INFO CTS-0034]     Segment length (rounded): 8.
[INFO CTS-0032]  Stop criterion found. Max number of sinks is 15.
[INFO CTS-0035]  Number of sinks covered: 117.
[INFO CTS-0018]     Created 138 clock buffers.
[INFO CTS-0012]     Minimum number of buffers in the clock path: 4.
[INFO CTS-0013]     Maximum number of buffers in the clock path: 4.
[INFO CTS-0015]     Created 138 clock nets.
[INFO CTS-0016]     Fanout distribution for the current clock = 4:2, 6:1, 7:5, 8:5, 9:4, 10:2, 13:1, 14:4, 15:2, 16:3, 17:7, 18:16, 19:22, 20:23, 21:19, 22:11, 23:4, 24:2..
[INFO CTS-0017]     Max level of the clock tree: 4.
[INFO CTS-0098] Clock net "clk"
[INFO CTS-0099]  Sinks 2346
[INFO CTS-0100]  Leaf buffers 117
[INFO CTS-0101]  Average sink wire length 147.16 um
[INFO CTS-0102]  Path depth 3 - 4
[INFO CTS-0207]  Dummy loads inserted 105
Took 10 seconds: clock_tree_synthesis -sink_clustering_enable -repair_clock_nets
estimate_parasitics -placement
detailed_placement
[INFO DPL-0006] Core area: 7521.05 um^2, Instances area: 3780.08 um^2, Utilization: 50.3%
[INFO DPL-0005] Diamond search max displacement: +/- 500 sites horizontally, +/- 100 rows vertically.
[INFO DPL-1101] Legalizing using diamond search.
Movements Summary
---------------------------------------
Total cells:                   32983
Diamond Move Success:          32983 (100.00%)
Diamond Move Failure:              0
Rip-up and replace Success:        0 (  0.00% of diamond failures)
Rip-up and replace Failure:        0
Total Placement Failures:          0
---------------------------------------
Placement Analysis
---------------------------------
total displacement        329.6 u
average displacement        0.0 u
max displacement            0.9 u
original HPWL           98464.2 u
legalized HPWL         100734.9 u
delta HPWL                    2 %

estimate_parasitics -placement
repair_timing -setup_margin 0 -hold_margin 0 -repair_tns 100 -verbose
[INFO RSZ-0100] Repair move sequence: UnbufferMove SizeUpMove SwapPinsMove BufferMove CloneMove SplitLoadMove 
[INFO RSZ-0094] Found 599 endpoints with setup violations.
[INFO RSZ-0099] Repairing 599 out of 599 (100.00%) violating endpoints...
   Iter   | Removed | Resized | Inserted | Cloned |  Pin  |   Area   |    WNS   |   StTNS    |   EnTNS    |  Viol  |  Worst  
          | Buffers |  Gates  | Buffers  |  Gates | Swaps |          |          |            |            | Endpts | St/EnPt 
------------------------------------------------------------------------------------------------------------------------------
       0* |       0 |       0 |        0 |      0 |     0 |    +0.0% | -231.715 |   -24342.9 |   -96688.1 |    599 | u_mul.result\[25\]$_DFFE_PN0P_/D
      10* |       0 |       0 |        3 |      0 |     6 |    +0.0% | -217.549 |   -23804.5 |   -96414.5 |    599 | u_mul.result\[26\]$_DFFE_PN0P_/D
      20* |       0 |       1 |        5 |      0 |    13 |    +0.0% | -211.981 |   -23689.6 |   -96272.8 |    599 | u_mul.result\[25\]$_DFFE_PN0P_/D
      30* |       0 |       5 |        7 |      0 |    17 |    +0.0% | -209.519 |   -23601.0 |   -96190.5 |    599 | u_mul.result\[17\]$_DFFE_PN0P_/D
      40* |       0 |       9 |        8 |      0 |    22 |    +0.0% | -205.777 |   -23535.6 |   -96119.2 |    599 | u_mul.result\[26\]$_DFFE_PN0P_/D
      50* |       0 |      12 |        9 |      0 |    28 |    +0.0% | -202.988 |   -23500.8 |   -96112.3 |    599 | u_mul.result\[26\]$_DFFE_PN0P_/D
      60* |       0 |      15 |       12 |      0 |    33 |    +0.0% | -201.485 |   -23424.1 |   -96080.1 |    599 | u_mul.result\[26\]$_DFFE_PN0P_/D
      70* |       0 |      17 |       13 |      0 |    40 |    +0.1% | -200.451 |   -23399.0 |   -96076.9 |    599 | u_mul.result\[26\]$_DFFE_PN0P_/D
      80* |       0 |      18 |       17 |      0 |    46 |    +0.1% | -204.977 |   -23430.4 |   -96093.9 |    599 | u_mul.result\[26\]$_DFFE_PN0P_/D
      90* |       0 |      20 |       18 |      0 |    53 |    +0.1% | -199.987 |   -23389.2 |   -96060.4 |    599 | u_mul.result\[26\]$_DFFE_PN0P_/D
     100* |       0 |      23 |       21 |      0 |    58 |    +0.1% | -200.794 |   -23352.6 |   -96050.8 |    599 | u_mul.result\[28\]$_DFFE_PN0P_/D
     110* |       0 |      23 |       21 |      0 |    68 |    +0.1% | -202.124 |   -23420.5 |   -96044.0 |    599 | u_mul.result\[26\]$_DFFE_PN0P_/D
     120* |       1 |      26 |       22 |      0 |    73 |    +0.1% | -202.654 |   -23396.2 |   -96037.6 |    599 | u_mul.result\[26\]$_DFFE_PN0P_/D
     130* |       1 |      28 |       25 |      0 |    78 |    +0.1% | -200.263 |   -23411.1 |   -96060.2 |    599 | u_mul.result\[26\]$_DFFE_PN0P_/D
     140* |       1 |      32 |       27 |      0 |    82 |    +0.1% | -199.222 |   -23417.6 |   -96022.0 |    599 | u_mul.result\[26\]$_DFFE_PN0P_/D
     150* |       1 |      37 |       34 |      0 |    83 |    +0.1% | -197.288 |   -23369.1 |   -95992.7 |    599 | u_mul.result\[17\]$_DFFE_PN0P_/D
     160* |       1 |      39 |       36 |      0 |    90 |    +0.1% | -196.443 |   -23352.9 |   -95987.1 |    599 | u_mul.result\[17\]$_DFFE_PN0P_/D
     170* |       1 |      44 |       38 |      0 |    93 |    +0.1% | -195.658 |   -23290.6 |   -95973.2 |    599 | u_mul.result\[29\]$_DFFE_PN0P_/D
     180* |       1 |      50 |       41 |      0 |    95 |    +0.2% | -195.412 |   -23264.4 |   -95947.6 |    599 | u_mul.result\[29\]$_DFFE_PN0P_/D
     190* |       1 |      53 |       44 |      0 |    99 |    +0.2% | -194.645 |   -23246.9 |   -95939.9 |    599 | u_mul.result\[29\]$_DFFE_PN0P_/D
     200* |       1 |      57 |       46 |      0 |   103 |    +0.2% | -195.133 |   -23208.7 |   -95922.0 |    599 | u_mul.result\[26\]$_DFFE_PN0P_/D
     210* |       1 |      58 |       46 |      0 |   112 |    +0.2% | -198.416 |   -23209.7 |   -95940.8 |    599 | u_mul.result\[26\]$_DFFE_PN0P_/D
     220* |       1 |      60 |       47 |      0 |   119 |    +0.2% | -194.077 |   -23188.9 |   -95908.3 |    599 | u_mul.result\[26\]$_DFFE_PN0P_/D
     230* |       1 |      64 |       51 |      0 |   122 |    +0.2% | -192.877 |   -23177.2 |   -95908.5 |    599 | u_mul.result\[26\]$_DFFE_PN0P_/D
     240* |       1 |      65 |       52 |      0 |   130 |    +0.2% | -196.802 |   -23158.8 |   -95920.9 |    599 | u_mul.result\[26\]$_DFFE_PN0P_/D
     250* |       2 |      67 |       54 |      0 |   136 |    +0.2% | -192.610 |   -23161.5 |   -95881.6 |    599 | u_mul.result\[26\]$_DFFE_PN0P_/D
     260* |       3 |      74 |       54 |      0 |   138 |    +0.2% | -191.911 |   -23081.8 |   -95879.3 |    599 | u_mul.result\[26\]$_DFFE_PN0P_/D
     270* |       3 |      77 |       55 |      0 |   144 |    +0.2% | -192.234 |   -23057.5 |   -95879.5 |    599 | u_mul.result\[26\]$_DFFE_PN0P_/D
     280* |       4 |      78 |       55 |      0 |   152 |    +0.2% | -192.894 |   -23069.3 |   -95881.4 |    599 | u_mul.result\[26\]$_DFFE_PN0P_/D
     290* |       4 |      80 |       60 |      0 |   157 |    +0.2% | -191.185 |   -23052.4 |   -95885.5 |    599 | u_mul.result\[19\]$_DFFE_PN0P_/D
     300* |       4 |      81 |       62 |      0 |   164 |    +0.3% | -190.471 |   -23042.0 |   -95872.3 |    599 | u_mul.result\[26\]$_DFFE_PN0P_/D
     310* |       4 |      83 |       64 |      0 |   170 |    +0.3% | -193.763 |   -23085.7 |   -95869.7 |    599 | u_mul.result\[19\]$_DFFE_PN0P_/D
     320* |       4 |      87 |       65 |      0 |   175 |    +0.3% | -190.604 |   -23022.6 |   -95850.4 |    599 | u_mul.result\[17\]$_DFFE_PN0P_/D
     330* |       4 |      88 |       70 |      0 |   180 |    +0.3% | -189.795 |   -23012.8 |   -95846.9 |    599 | u_mul.result\[17\]$_DFFE_PN0P_/D
     340* |       4 |      92 |       72 |      0 |   184 |    +0.3% | -189.688 |   -22998.3 |   -95837.1 |    599 | u_mul.result\[26\]$_DFFE_PN0P_/D
     350* |       4 |      94 |       73 |      0 |   191 |    +0.3% | -189.461 |   -22975.1 |   -95830.4 |    599 | u_mul.result\[25\]$_DFFE_PN0P_/D
     360* |       4 |      96 |       75 |      0 |   197 |    +0.3% | -189.211 |   -22969.1 |   -95815.0 |    599 | u_mul.result\[26\]$_DFFE_PN0P_/D
     370* |       5 |      99 |       76 |      0 |   202 |    +0.3% | -189.084 |   -22952.9 |   -95814.6 |    599 | u_mul.result\[26\]$_DFFE_PN0P_/D
     380* |       5 |     101 |       81 |      0 |   208 |    +0.3% | -190.149 |   -22929.6 |   -95806.7 |    599 | u_mul.result\[28\]$_DFFE_PN0P_/D
     390* |       5 |     104 |       83 |      0 |   213 |    +0.3% | -188.000 |   -22917.6 |   -95787.3 |    599 | u_mul.result\[28\]$_DFFE_PN0P_/D
     394* |       5 |     104 |       83 |      0 |   216 |    +0.3% | -187.892 |   -22915.0 |   -95786.9 |    599 | u_mul.result\[26\]$_DFFE_PN0P_/D
     395* |       5 |     104 |       83 |      0 |   216 |    +0.3% | -187.892 |   -22915.0 |   -95786.9 |    599 | u_mul.result\[26\]$_DFFE_PN0P_/D
     398* |       5 |     104 |       83 |      0 |   216 |    +0.3% | -187.892 |   -22915.0 |   -95786.9 |    599 | u_mul.result\[26\]$_DFFE_PN0P_/D
     400* |       5 |     105 |       83 |      0 |   216 |    +0.3% | -187.892 |   -22913.0 |   -95786.9 |    599 | u_mul.result\[26\]$_DFFE_PN0P_/D
     410* |       5 |     108 |       84 |      0 |   222 |    +0.3% | -188.810 |   -22906.6 |   -95786.6 |    599 | u_mul.result\[25\]$_DFFE_PN0P_/D
     420* |       5 |     114 |       86 |      0 |   224 |    +0.4% | -188.373 |   -22889.6 |   -95772.7 |    599 | u_mul.result\[31\]$_DFFE_PN0P_/D
     430* |       5 |     116 |       87 |      0 |   231 |    +0.4% | -188.373 |   -22892.4 |   -95774.8 |    599 | u_mul.result\[31\]$_DFFE_PN0P_/D
     440* |       5 |     120 |       89 |      0 |   235 |    +0.4% | -189.708 |   -22879.2 |   -95769.5 |    599 | u_mul.result\[31\]$_DFFE_PN0P_/D
     450* |       5 |     123 |       93 |      0 |   239 |    +0.4% | -188.627 |   -22875.5 |   -95764.8 |    599 | u_mul.result\[26\]$_DFFE_PN0P_/D
     452* |       5 |     105 |       84 |      0 |   217 |    +0.3% | -187.892 |   -22906.4 |   -95784.9 |    599 | u_mul.result\[26\]$_DFFE_PN0P_/D
     460* |       5 |     105 |       86 |      0 |   222 |    +0.3% | -187.892 |   -22902.6 |   -95783.7 |    599 | u_mul.result\[26\]$_DFFE_PN0P_/D
     463* |       5 |     105 |       86 |      0 |   218 |    +0.3% | -187.892 |   -22905.7 |   -95783.1 |    599 | u_mul.result\[26\]$_DFFE_PN0P_/D
     470* |       5 |     108 |       86 |      0 |   221 |    +0.3% | -187.892 |   -22898.8 |   -95775.6 |    599 | u_mul.result\[26\]$_DFFE_PN0P_/D
     480* |       5 |     110 |       86 |      0 |   229 |    +0.3% | -187.892 |   -22895.3 |   -95773.9 |    599 | u_mul.result\[26\]$_DFFE_PN0P_/D
     490* |       5 |     112 |       91 |      0 |   233 |    +0.4% | -187.892 |   -22890.7 |   -95759.1 |    599 | u_mul.result\[26\]$_DFFE_PN0P_/D
     500* |       5 |     117 |       92 |      0 |   237 |    +0.4% | -187.991 |   -22884.8 |   -95759.4 |    599 | u_mul.result\[26\]$_DFFE_PN0P_/D
     510* |       6 |     120 |       94 |      0 |   241 |    +0.4% | -187.991 |   -22883.8 |   -95758.9 |    599 | u_mul.result\[26\]$_DFFE_PN0P_/D
     520* |       6 |     123 |       94 |      0 |   248 |    +0.4% | -189.166 |   -22887.6 |   -95762.4 |    599 | u_mul.result\[26\]$_DFFE_PN0P_/D
     530* |       6 |     129 |       94 |      0 |   252 |    +0.4% | -187.991 |   -22884.8 |   -95752.3 |    599 | u_mul.result\[26\]$_DFFE_PN0P_/D
     540* |       6 |     131 |       95 |      0 |   259 |    +0.4% | -187.991 |   -22884.8 |   -95753.5 |    599 | u_mul.result\[26\]$_DFFE_PN0P_/D
     546* |       5 |     115 |       92 |      0 |   235 |    +0.4% | -187.892 |   -22884.5 |   -95756.8 |    599 | u_mul.result\[26\]$_DFFE_PN0P_/D
     550* |       5 |     115 |       94 |      0 |   236 |    +0.4% | -187.892 |   -22883.4 |   -95754.1 |    599 | u_mul.result\[26\]$_DFFE_PN0P_/D
     560* |       5 |     121 |       95 |      0 |   239 |    +0.4% | -189.166 |   -22885.6 |   -95757.7 |    599 | u_mul.result\[26\]$_DFFE_PN0P_/D
     570* |       5 |     122 |       97 |      0 |   246 |    +0.4% | -189.166 |   -22887.5 |   -95758.3 |    599 | u_mul.result\[26\]$_DFFE_PN0P_/D
     580* |       5 |     122 |      101 |      0 |   252 |    +0.4% | -189.166 |   -22884.4 |   -95763.9 |    599 | u_mul.result\[26\]$_DFFE_PN0P_/D
     590* |       5 |     125 |      102 |      0 |   258 |    +0.4% | -187.991 |   -22880.1 |   -95750.7 |    599 | u_mul.result\[26\]$_DFFE_PN0P_/D
     600* |       5 |     128 |      105 |      0 |   262 |    +0.4% | -188.050 |   -22879.9 |   -95898.3 |    599 | u_div.result\[30\]$_DFFE_PN0P_/D
     610* |       7 |     131 |      105 |      0 |   267 |    +0.4% | -188.050 |   -22878.3 |   -95890.2 |    599 | u_div.result\[30\]$_DFFE_PN0P_/D
     620* |       7 |     136 |      108 |      0 |   269 |    +0.4% | -188.050 |   -22877.3 |   -95888.6 |    599 | u_div.result\[30\]$_DFFE_PN0P_/D
     630* |       7 |     136 |      110 |      0 |   278 |    +0.4% | -188.050 |   -22878.8 |   -95889.3 |    599 | u_div.result\[30\]$_DFFE_PN0P_/D
     640* |       7 |     138 |      112 |      0 |   284 |    +0.4% | -188.050 |   -22874.2 |   -95887.5 |    599 | u_div.result\[30\]$_DFFE_PN0P_/D
     650* |       7 |     138 |      115 |      0 |   291 |    +0.4% | -187.693 |   -22735.2 |   -93642.4 |    599 | u_mul.result\[17\]$_DFFE_PN0P_/D
     660* |       8 |     140 |      118 |      0 |   296 |    +0.5% | -187.693 |   -22735.7 |   -93641.8 |    599 | u_mul.result\[17\]$_DFFE_PN0P_/D
     668* |       9 |     141 |      119 |      0 |   299 |    +0.5% | -187.693 |   -22735.7 |   -93640.8 |    599 | u_mul.result\[17\]$_DFFE_PN0P_/D
     670* |       9 |     141 |      119 |      0 |   300 |    +0.5% | -187.693 |   -22735.7 |   -93641.5 |    599 | u_mul.result\[17\]$_DFFE_PN0P_/D
     680* |       9 |     142 |      122 |      0 |   306 |    +0.5% | -187.693 |   -22736.3 |   -93637.4 |    599 | u_mul.result\[17\]$_DFFE_PN0P_/D
     690* |       9 |     143 |      125 |      0 |   313 |    +0.5% | -187.693 |   -22732.8 |   -93634.9 |    599 | u_mul.result\[17\]$_DFFE_PN0P_/D
     693* |       9 |     144 |      125 |      0 |   315 |    +0.5% | -187.693 |   -22729.3 |   -93629.6 |    599 | u_mul.result\[17\]$_DFFE_PN0P_/D
     696* |       9 |     144 |      125 |      0 |   316 |    +0.5% | -187.693 |   -22729.3 |   -93629.4 |    599 | u_mul.result\[17\]$_DFFE_PN0P_/D
     700* |       9 |     144 |      126 |      0 |   318 |    +0.5% | -187.693 |   -22725.2 |   -93616.2 |    599 | u_mul.result\[17\]$_DFFE_PN0P_/D
     710* |       9 |     147 |      127 |      0 |   324 |    +0.5% | -187.693 |   -22726.4 |   -93626.0 |    599 | u_mul.result\[17\]$_DFFE_PN0P_/D
     720* |       9 |     150 |      129 |      0 |   329 |    +0.5% | -187.693 |   -22722.1 |   -93614.3 |    599 | u_mul.result\[17\]$_DFFE_PN0P_/D
     730* |       9 |     154 |      131 |      0 |   333 |    +0.5% | -187.693 |   -22721.7 |   -93655.4 |    599 | u_mul.result\[17\]$_DFFE_PN0P_/D
     735* |       9 |     154 |      133 |      0 |   336 |    +0.5% | -187.693 |   -22721.5 |   -93602.2 |    599 | u_mul.result\[17\]$_DFFE_PN0P_/D
     740* |       9 |     157 |      133 |      0 |   337 |    +0.5% | -187.844 |   -22712.4 |   -93602.6 |    599 | u_mul.result\[17\]$_DFFE_PN0P_/D
     750* |       9 |     161 |      135 |      0 |   341 |    +0.5% | -188.451 |   -22711.5 |   -93604.5 |    599 | u_mul.result\[17\]$_DFFE_PN0P_/D
     760* |       9 |     166 |      137 |      0 |   344 |    +0.5% | -186.866 |   -22664.5 |   -93591.1 |    599 | u_mul.result\[29\]$_DFFE_PN0P_/D
     770* |       9 |     174 |      138 |      0 |   345 |    +0.6% | -186.441 |   -22631.7 |   -93572.3 |    599 | u_mul.result\[26\]$_DFFE_PN0P_/D
     780* |       9 |     176 |      141 |      0 |   350 |    +0.6% | -186.441 |   -22630.8 |   -93572.1 |    599 | u_mul.result\[26\]$_DFFE_PN0P_/D
     790* |       9 |     180 |      148 |      0 |   352 |    +0.6% | -188.820 |   -22625.3 |   -93600.3 |    599 | u_mul.result\[19\]$_DFFE_PN0P_/D
     800* |       9 |     183 |      150 |      0 |   357 |    +0.6% | -186.441 |   -22625.8 |   -93571.3 |    599 | u_mul.result\[26\]$_DFFE_PN0P_/D
     810* |       9 |     185 |      153 |      0 |   362 |    +0.6% | -186.441 |   -22617.0 |   -93579.1 |    599 | u_mul.result\[26\]$_DFFE_PN0P_/D
     820* |       9 |     186 |      158 |      0 |   367 |    +0.6% | -186.579 |   -22616.2 |   -93566.9 |    599 | u_mul.result\[26\]$_DFFE_PN0P_/D
     830* |       9 |     192 |      161 |      0 |   369 |    +0.7% | -186.579 |   -22611.0 |   -93562.3 |    599 | u_mul.result\[26\]$_DFFE_PN0P_/D
     840* |       9 |     197 |      162 |      0 |   373 |    +0.7% | -186.579 |   -22607.9 |   -93557.4 |    599 | u_mul.result\[26\]$_DFFE_PN0P_/D
     850* |      10 |     202 |      165 |      0 |   374 |    +0.7% | -186.579 |   -22554.1 |   -93521.7 |    599 | u_mul.result\[26\]$_DFFE_PN0P_/D
     860* |      10 |     204 |      170 |      0 |   377 |    +0.7% | -186.579 |   -22549.9 |   -93521.3 |    599 | u_mul.result\[26\]$_DFFE_PN0P_/D
     865* |       9 |     185 |      154 |      0 |   366 |    +0.6% | -186.441 |   -22617.0 |   -93567.5 |    599 | u_mul.result\[26\]$_DFFE_PN0P_/D
     870* |       9 |     185 |      155 |      0 |   369 |    +0.6% | -186.441 |   -22617.0 |   -93566.9 |    599 | u_mul.result\[26\]$_DFFE_PN0P_/D
     871* |       9 |     185 |      155 |      0 |   367 |    +0.6% | -186.441 |   -22617.0 |   -93565.4 |    599 | u_mul.result\[26\]$_DFFE_PN0P_/D
     880* |       9 |     191 |      156 |      0 |   368 |    +0.6% | -186.441 |   -22598.3 |   -93556.6 |    599 | u_mul.result\[26\]$_DFFE_PN0P_/D
     890* |      11 |     194 |      156 |      0 |   373 |    +0.6% | -186.997 |   -22549.5 |   -93526.4 |    599 | u_mul.result\[26\]$_DFFE_PN0P_/D
     900* |      12 |     194 |      160 |      0 |   378 |    +0.6% | -186.997 |   -22544.2 |   -93520.3 |    599 | u_mul.result\[26\]$_DFFE_PN0P_/D
     910* |      14 |     196 |      160 |      0 |   384 |    +0.6% | -188.479 |   -22549.1 |   -93528.9 |    599 | u_mul.result\[26\]$_DFFE_PN0P_/D
     920* |      14 |     201 |      161 |      0 |   388 |    +0.6% | -186.997 |   -22422.5 |   -87644.3 |    599 | u_mul.result\[26\]$_DFFE_PN0P_/D
     930* |      14 |     206 |      162 |      0 |   392 |    +0.7% | -186.922 |   -22409.6 |   -87642.7 |    599 | u_mul.result\[26\]$_DFFE_PN0P_/D
     939* |      11 |     193 |      156 |      0 |   373 |    +0.6% | -186.441 |   -22549.0 |   -93521.8 |    599 | u_mul.result\[26\]$_DFFE_PN0P_/D
     940* |      11 |     193 |      156 |      0 |   373 |    +0.6% | -186.441 |   -22549.0 |   -93521.8 |    599 | u_mul.result\[26\]$_DFFE_PN0P_/D
     950* |      11 |     195 |      159 |      0 |   378 |    +0.6% | -186.441 |   -22536.5 |   -93509.8 |    599 | u_mul.result\[26\]$_DFFE_PN0P_/D
     960* |      11 |     201 |      159 |      0 |   382 |    +0.6% | -186.441 |   -22529.7 |   -93499.3 |    599 | u_mul.result\[26\]$_DFFE_PN0P_/D
     966* |      11 |     201 |      160 |      0 |   387 |    +0.6% | -186.441 |   -22409.7 |   -87621.1 |    599 | u_mul.result\[26\]$_DFFE_PN0P_/D
     970* |      11 |     201 |      160 |      0 |   390 |    +0.6% | -186.441 |   -22409.7 |   -87629.5 |    599 | u_mul.result\[26\]$_DFFE_PN0P_/D
     980* |      11 |     204 |      162 |      0 |   395 |    +0.7% | -186.456 |   -22412.7 |   -87604.4 |    599 | u_mul.result\[26\]$_DFFE_PN0P_/D
     990* |      11 |     206 |      162 |      0 |   403 |    +0.7% | -186.456 |   -22412.7 |   -87605.1 |    599 | u_mul.result\[26\]$_DFFE_PN0P_/D
    1000* |      11 |     211 |      163 |      0 |   407 |    +0.7% | -186.456 |   -22415.0 |   -87605.2 |    599 | u_mul.result\[26\]$_DFFE_PN0P_/D
    1010* |      12 |     214 |      163 |      0 |   413 |    +0.7% | -187.627 |   -22414.5 |   -87606.5 |    599 | u_mul.result\[26\]$_DFFE_PN0P_/D
    1017* |      11 |     201 |      160 |      0 |   387 |    +0.6% | -186.441 |   -22409.7 |   -87621.1 |    599 | u_mul.result\[26\]$_DFFE_PN0P_/D
    1020* |      11 |     202 |      160 |      0 |   388 |    +0.7% | -186.441 |   -22409.7 |   -87615.9 |    599 | u_mul.result\[26\]$_DFFE_PN0P_/D
    1021* |      11 |     202 |      160 |      0 |   388 |    +0.7% | -186.441 |   -22409.7 |   -87615.9 |    599 | u_mul.result\[26\]$_DFFE_PN0P_/D
    1025* |      11 |     202 |      160 |      0 |   389 |    +0.7% | -186.441 |   -22409.7 |   -87614.5 |    599 | u_mul.result\[26\]$_DFFE_PN0P_/D
    1030* |      11 |     202 |      161 |      0 |   392 |    +0.7% | -186.441 |   -22409.7 |   -87611.3 |    599 | u_mul.result\[26\]$_DFFE_PN0P_/D
    1035* |      11 |     203 |      163 |      0 |   392 |    +0.7% | -185.075 |   -22406.5 |   -87632.2 |    599 | u_mul.result\[26\]$_DFFE_PN0P_/D
    1040* |      11 |     206 |      163 |      0 |   393 |    +0.7% | -185.741 |   -22403.4 |   -87628.0 |    599 | u_mul.result\[26\]$_DFFE_PN0P_/D
    1050* |      11 |     208 |      170 |      1 |   395 |    +0.7% | -185.741 |   -22400.9 |   -87619.4 |    599 | u_mul.result\[26\]$_DFFE_PN0P_/D
    1060* |      11 |     213 |      175 |      1 |   396 |    +0.7% | -185.741 |   -22394.0 |   -87613.1 |    599 | u_mul.result\[26\]$_DFFE_PN0P_/D
    1066* |      11 |     203 |      163 |      0 |   393 |    +0.7% | -185.075 |   -22406.4 |   -87631.2 |    599 | u_mul.result\[26\]$_DFFE_PN0P_/D
    1070* |      11 |     203 |      163 |      0 |   396 |    +0.7% | -185.075 |   -22406.4 |   -87632.6 |    599 | u_mul.result\[26\]$_DFFE_PN0P_/D
    1080* |      12 |     209 |      165 |      0 |   397 |    +0.7% | -185.433 |   -22404.2 |   -87629.5 |    599 | u_mul.result\[26\]$_DFFE_PN0P_/D
    1090* |      13 |     214 |      169 |      1 |   398 |    +0.7% | -185.741 |   -22405.9 |   -87618.1 |    599 | u_mul.result\[26\]$_DFFE_PN0P_/D
    1093* |      12 |     203 |      164 |      0 |   396 |    +0.7% | -185.075 |   -22406.4 |   -87631.8 |    599 | u_mul.result\[26\]$_DFFE_PN0P_/D
    1100* |      12 |     206 |      166 |      0 |   397 |    +0.7% | -185.741 |   -22402.0 |   -87624.4 |    599 | u_mul.result\[26\]$_DFFE_PN0P_/D
    1100* |      12 |     203 |      164 |      0 |   397 |    +0.7% | -185.075 |   -22406.4 |   -87630.6 |    599 | u_mul.result\[26\]$_DFFE_PN0P_/D
    1110* |      12 |     208 |      167 |      0 |   398 |    +0.7% | -185.741 |   -22402.2 |   -87621.5 |    599 | u_mul.result\[26\]$_DFFE_PN0P_/D
    1120* |      12 |     210 |      174 |      1 |   400 |    +0.7% | -185.741 |   -22400.8 |   -87611.3 |    599 | u_mul.result\[26\]$_DFFE_PN0P_/D
    1125* |      12 |     204 |      164 |      0 |   398 |    +0.7% | -185.075 |   -22406.4 |   -87625.8 |    599 | u_mul.result\[26\]$_DFFE_PN0P_/D
    1130* |      12 |     205 |      166 |      0 |   400 |    +0.7% | -185.076 |   -22407.4 |   -87621.1 |    599 | u_mul.result\[26\]$_DFFE_PN0P_/D
    1140* |      12 |     210 |      168 |      1 |   402 |    +0.7% | -185.076 |   -22398.5 |   -87628.1 |    599 | u_mul.result\[26\]$_DFFE_PN0P_/D
    1150* |      12 |     216 |      172 |      1 |   403 |    +0.7% | -185.076 |   -22382.1 |   -87633.1 |    599 | u_mul.result\[26\]$_DFFE_PN0P_/D
    1160* |      12 |     222 |      176 |      1 |   404 |    +0.7% | -185.075 |   -22361.7 |   -87629.3 |    599 | u_mul.result\[26\]$_DFFE_PN0P_/D
    1170* |      13 |     227 |      179 |      1 |   405 |    +0.7% | -185.075 |   -22384.0 |   -87626.7 |    599 | u_mul.result\[26\]$_DFFE_PN0P_/D
    1180* |      13 |     231 |      180 |      1 |   410 |    +0.7% | -185.075 |   -22375.9 |   -87626.1 |    599 | u_mul.result\[26\]$_DFFE_PN0P_/D
    1190* |      14 |     234 |      185 |      1 |   411 |    +0.8% | -185.075 |   -22328.3 |   -87633.1 |    599 | u_mul.result\[26\]$_DFFE_PN0P_/D
    1190* |      14 |     234 |      184 |      1 |   411 |    +0.8% | -185.075 |   -22340.9 |   -87624.6 |    599 | u_mul.result\[26\]$_DFFE_PN0P_/D
    1200* |      14 |     236 |      186 |      1 |   416 |    +0.8% | -185.073 |   -22322.3 |   -87597.1 |    599 | u_mul.result\[26\]$_DFFE_PN0P_/D
    1210* |      14 |     241 |      187 |      1 |   420 |    +0.8% | -185.073 |   -22319.0 |   -87593.6 |    599 | u_mul.result\[26\]$_DFFE_PN0P_/D
    1220* |      14 |     245 |      188 |      1 |   425 |    +0.8% | -185.073 |   -22319.0 |   -87589.8 |    599 | u_mul.result\[26\]$_DFFE_PN0P_/D
    1230* |      14 |     248 |      190 |      1 |   430 |    +0.8% | -185.073 |   -22319.1 |   -87589.8 |    599 | u_mul.result\[26\]$_DFFE_PN0P_/D
    1240* |      14 |     253 |      191 |      1 |   434 |    +0.8% | -185.073 |   -22319.8 |   -87594.8 |    599 | u_mul.result\[26\]$_DFFE_PN0P_/D
    1242* |      14 |     234 |      185 |      1 |   411 |    +0.8% | -185.071 |   -22340.0 |   -87614.6 |    599 | u_mul.result\[26\]$_DFFE_PN0P_/D
    1250* |      14 |     239 |      185 |      1 |   413 |    +0.8% | -185.071 |   -22341.4 |   -87610.5 |    599 | u_mul.result\[26\]$_DFFE_PN0P_/D
    1260* |      16 |     244 |      186 |      1 |   415 |    +0.8% | -185.181 |   -22340.7 |   -87646.8 |    599 | u_mul.result\[26\]$_DFFE_PN0P_/D
    1270* |      17 |     246 |      191 |      1 |   417 |    +0.8% | -185.514 |   -22327.8 |   -86970.0 |    599 | u_mul.result\[26\]$_DFFE_PN0P_/D
    1280* |      18 |     252 |      194 |      1 |   417 |    +0.8% | -186.530 |   -22319.6 |   -86970.7 |    599 | u_mul.result\[26\]$_DFFE_PN0P_/D
    1290* |      18 |     259 |      196 |      1 |   418 |    +0.8% | -186.530 |   -22311.6 |   -86990.0 |    599 | u_mul.result\[26\]$_DFFE_PN0P_/D
    1296* |      14 |     242 |      186 |      1 |   414 |    +0.8% | -185.071 |   -22340.6 |   -87608.5 |    599 | u_mul.result\[26\]$_DFFE_PN0P_/D
    1300* |      14 |     243 |      186 |      1 |   416 |    +0.8% | -185.071 |   -22340.6 |   -87604.1 |    599 | u_mul.result\[26\]$_DFFE_PN0P_/D
    1300* |      14 |     243 |      186 |      1 |   416 |    +0.8% | -185.071 |   -22340.6 |   -87604.1 |    599 | u_mul.result\[26\]$_DFFE_PN0P_/D
    1310* |      14 |     246 |      187 |      1 |   421 |    +0.8% | -185.720 |   -22344.0 |   -87599.3 |    599 | u_mul.result\[26\]$_DFFE_PN0P_/D
    1320* |      14 |     250 |      187 |      1 |   427 |    +0.8% | -185.720 |   -22335.2 |   -87592.2 |    599 | u_mul.result\[26\]$_DFFE_PN0P_/D
    1330* |      14 |     254 |      191 |      1 |   429 |    +0.8% | -185.720 |   -22332.3 |   -87587.6 |    599 | u_mul.result\[26\]$_DFFE_PN0P_/D
    1340* |      14 |     259 |      197 |      2 |   429 |    +0.8% | -185.720 |   -22330.7 |   -87583.4 |    599 | u_mul.result\[26\]$_DFFE_PN0P_/D
    1350* |      14 |     263 |      202 |      2 |   431 |    +0.8% | -185.721 |   -22330.9 |   -87571.9 |    599 | u_mul.result\[26\]$_DFFE_PN0P_/D
    1358* |      14 |     245 |      187 |      1 |   420 |    +0.8% | -185.071 |   -22342.9 |   -87598.9 |    599 | u_mul.result\[26\]$_DFFE_PN0P_/D
    1360* |      14 |     246 |      187 |      1 |   420 |    +0.8% | -185.071 |   -21918.0 |   -87584.6 |    599 | u_mul.result\[26\]$_DFFE_PN0P_/D
    1370* |      14 |     252 |      192 |      1 |   423 |    +0.8% | -185.071 |   -21571.5 |   -88264.3 |    599 | u_mul.result\[26\]$_DFFE_PN0P_/D
    1380* |      14 |     253 |      197 |      2 |   427 |    +0.8% | -185.071 |   -21108.6 |   -88498.1 |    599 | u_mul.result\[26\]$_DFFE_PN0P_/D
    1390* |      14 |     255 |      201 |      3 |   430 |    +0.8% | -185.071 |   -21353.3 |   -87962.1 |    599 | u_mul.result\[26\]$_DFFE_PN0P_/D
    1400* |      14 |     256 |      205 |      3 |   435 |    +0.8% | -185.071 |   -21048.1 |   -87258.2 |    599 | u_mul.result\[26\]$_DFFE_PN0P_/D
    1410* |      14 |     257 |      208 |      3 |   441 |    +0.9% | -185.071 |   -21001.5 |   -86698.3 |    599 | u_mul.result\[26\]$_DFFE_PN0P_/D
    1420* |      14 |     260 |      208 |      3 |   448 |    +0.9% | -185.071 |   -20967.0 |   -86042.5 |    599 | u_mul.result\[26\]$_DFFE_PN0P_/D
    1430* |      14 |     263 |      210 |      3 |   453 |    +0.9% | -185.071 |   -21312.0 |   -87079.0 |    599 | u_mul.result\[26\]$_DFFE_PN0P_/D
    1437* |      14 |     263 |      210 |      3 |   451 |    +0.9% | -185.071 |   -20865.4 |   -85023.5 |    599 | u_mul.result\[26\]$_DFFE_PN0P_/D
    1440* |      14 |     264 |      210 |      3 |   452 |    +0.9% | -185.071 |   -20863.0 |   -85023.5 |    599 | u_mul.result\[26\]$_DFFE_PN0P_/D
    1450* |      15 |     267 |      213 |      3 |   455 |    +0.9% | -185.514 |   -20850.1 |   -85024.0 |    599 | u_mul.result\[26\]$_DFFE_PN0P_/D
    1455* |      15 |     266 |      211 |      3 |   455 |    +0.9% | -185.071 |   -20863.0 |   -85019.2 |    599 | u_mul.result\[26\]$_DFFE_PN0P_/D
    1460* |      15 |     269 |      212 |      3 |   455 |    +0.9% | -185.071 |   -20851.2 |   -85013.0 |    599 | u_mul.result\[26\]$_DFFE_PN0P_/D
    1470* |      15 |     273 |      214 |      3 |   459 |    +0.9% | -185.071 |   -20850.2 |   -85009.1 |    599 | u_mul.result\[26\]$_DFFE_PN0P_/D
    1480* |      15 |     281 |      217 |      3 |   459 |    +0.9% | -185.071 |   -20849.6 |   -85005.2 |    599 | u_mul.result\[26\]$_DFFE_PN0P_/D
    1490* |      15 |     288 |      219 |      3 |   460 |    +0.9% | -185.071 |   -20848.2 |   -85002.1 |    599 | u_mul.result\[26\]$_DFFE_PN0P_/D
    1500* |      15 |     293 |      222 |      3 |   462 |    +0.9% | -185.071 |   -20846.1 |   -84995.5 |    599 | u_mul.result\[26\]$_DFFE_PN0P_/D
    1510* |      15 |     299 |      223 |      3 |   465 |    +0.9% | -185.071 |   -20844.8 |   -84992.6 |    599 | u_mul.result\[26\]$_DFFE_PN0P_/D
    1520* |      15 |     306 |      223 |      3 |   468 |    +0.9% | -185.071 |   -20848.0 |   -84994.4 |    599 | u_mul.result\[26\]$_DFFE_PN0P_/D
    1530* |      15 |     313 |      225 |      3 |   470 |    +1.0% | -185.071 |   -20849.9 |   -84992.1 |    599 | u_mul.result\[26\]$_DFFE_PN0P_/D
    1531* |      15 |     313 |      225 |      3 |   470 |    +1.0% | -185.071 |   -20849.9 |   -84992.1 |    599 | u_mul.result\[26\]$_DFFE_PN0P_/D
    1540* |      15 |     317 |      226 |      3 |   473 |    +1.0% | -185.071 |   -20785.9 |   -84296.1 |    599 | u_mul.result\[26\]$_DFFE_PN0P_/D
    1543* |      15 |     318 |      226 |      3 |   475 |    +1.0% | -185.071 |   -20750.1 |   -83610.2 |    599 | u_mul.result\[26\]$_DFFE_PN0P_/D
    1550* |      15 |     322 |      227 |      3 |   476 |    +1.0% | -185.071 |   -19843.9 |   -83543.0 |    599 | u_mul.result\[26\]$_DFFE_PN0P_/D
    1558* |      15 |     325 |      230 |      5 |   478 |    +1.0% | -185.071 |   -19892.2 |   -83532.6 |    599 | u_mul.result\[26\]$_DFFE_PN0P_/D
    1560* |      15 |     326 |      230 |      5 |   478 |    +1.0% | -185.071 |   -19892.2 |   -83565.1 |    599 | u_mul.result\[26\]$_DFFE_PN0P_/D
    1563* |      15 |     326 |      230 |      5 |   478 |    +1.0% | -185.071 |   -19892.2 |   -83565.1 |    599 | u_mul.result\[26\]$_DFFE_PN0P_/D
    1570* |      15 |     326 |      233 |      5 |   481 |    +1.0% | -185.071 |   -19864.3 |   -83543.9 |    599 | u_mul.result\[26\]$_DFFE_PN0P_/D
    1576* |      15 |     326 |      234 |      5 |   481 |    +1.0% | -185.071 |   -19862.9 |   -83449.5 |    599 | u_mul.result\[26\]$_DFFE_PN0P_/D
    1577* |      15 |     326 |      234 |      5 |   481 |    +1.0% | -185.071 |   -19862.9 |   -83449.5 |    599 | u_mul.result\[26\]$_DFFE_PN0P_/D
    1580* |      15 |     328 |      234 |      5 |   481 |    +1.0% | -185.071 |   -19862.9 |   -83444.5 |    599 | u_mul.result\[26\]$_DFFE_PN0P_/D
    1580* |      15 |     328 |      234 |      5 |   481 |    +1.0% | -185.071 |   -19862.9 |   -83444.5 |    599 | u_mul.result\[26\]$_DFFE_PN0P_/D
    1589* |      15 |     331 |      234 |      5 |   481 |    +1.0% | -185.071 |   -19862.9 |   -83391.4 |    599 | u_mul.result\[26\]$_DFFE_PN0P_/D
    1590* |      15 |     331 |      234 |      5 |   481 |    +1.0% | -185.071 |   -19862.9 |   -83391.4 |    599 | u_mul.result\[26\]$_DFFE_PN0P_/D
    1593* |      15 |     331 |      236 |      6 |   481 |    +1.0% | -185.071 |   -19862.9 |   -83443.4 |    599 | u_mul.result\[26\]$_DFFE_PN0P_/D
    1594* |      15 |     331 |      236 |      6 |   481 |    +1.0% | -185.071 |   -19862.9 |   -83443.4 |    599 | u_mul.result\[26\]$_DFFE_PN0P_/D
    1595* |      15 |     331 |      236 |      6 |   481 |    +1.0% | -185.071 |   -19862.9 |   -83443.4 |    599 | u_mul.result\[26\]$_DFFE_PN0P_/D
    1596* |      15 |     331 |      236 |      6 |   481 |    +1.0% | -185.071 |   -19862.9 |   -83443.4 |    599 | u_mul.result\[26\]$_DFFE_PN0P_/D
    1599* |      15 |     333 |      236 |      6 |   481 |    +1.0% | -185.071 |   -19862.9 |   -83448.1 |    599 | u_mul.result\[26\]$_DFFE_PN0P_/D
    1600* |      15 |     333 |      236 |      6 |   481 |    +1.0% | -185.071 |   -19862.9 |   -83448.1 |    599 | u_mul.result\[26\]$_DFFE_PN0P_/D
    1600* |      15 |     333 |      236 |      6 |   481 |    +1.0% | -185.071 |   -19862.9 |   -83448.1 |    599 | u_mul.result\[26\]$_DFFE_PN0P_/D
    1603* |      15 |     335 |      236 |      6 |   481 |    +1.0% | -185.071 |   -19862.9 |   -83449.3 |    599 | u_mul.result\[26\]$_DFFE_PN0P_/D
    1606* |      15 |     337 |      236 |      6 |   481 |    +1.0% | -185.071 |   -19862.9 |   -83451.5 |    599 | u_mul.result\[26\]$_DFFE_PN0P_/D
    1607* |      15 |     337 |      236 |      6 |   481 |    +1.0% | -185.071 |   -19862.9 |   -83451.5 |    599 | u_mul.result\[26\]$_DFFE_PN0P_/D
    1609* |      15 |     338 |      236 |      6 |   481 |    +1.0% | -185.071 |   -19862.9 |   -83451.4 |    599 | u_mul.result\[26\]$_DFFE_PN0P_/D
    1610* |      15 |     338 |      236 |      6 |   481 |    +1.0% | -185.071 |   -19862.9 |   -83451.4 |    599 | u_mul.result\[26\]$_DFFE_PN0P_/D
    1617* |      15 |     344 |      236 |      6 |   482 |    +1.0% | -185.071 |   -19862.9 |   -83449.4 |    599 | u_mul.result\[26\]$_DFFE_PN0P_/D
    1620* |      15 |     346 |      236 |      6 |   482 |    +1.0% | -185.071 |   -19913.9 |   -83454.5 |    599 | u_mul.result\[26\]$_DFFE_PN0P_/D
    1629* |      15 |     352 |      237 |      7 |   483 |    +1.1% | -185.071 |   -19771.9 |   -83457.8 |    599 | u_mul.result\[26\]$_DFFE_PN0P_/D
    1630* |      15 |     352 |      237 |      7 |   483 |    +1.1% | -185.071 |   -19771.9 |   -83457.8 |    599 | u_mul.result\[26\]$_DFFE_PN0P_/D
    1632* |      15 |     353 |      237 |      8 |   483 |    +1.1% | -185.071 |   -19771.9 |   -83468.2 |    599 | u_mul.result\[26\]$_DFFE_PN0P_/D
    1633* |      15 |     353 |      237 |      8 |   483 |    +1.1% | -185.071 |   -19771.9 |   -83468.2 |    599 | u_mul.result\[26\]$_DFFE_PN0P_/D
    1634* |      15 |     353 |      237 |      8 |   483 |    +1.1% | -185.071 |   -19771.9 |   -83468.2 |    599 | u_mul.result\[26\]$_DFFE_PN0P_/D
    1635* |      15 |     353 |      237 |      8 |   483 |    +1.1% | -185.071 |   -19771.9 |   -83468.2 |    599 | u_mul.result\[26\]$_DFFE_PN0P_/D
    1636* |      15 |     353 |      237 |      8 |   483 |    +1.1% | -185.071 |   -19771.9 |   -83468.2 |    599 | u_mul.result\[26\]$_DFFE_PN0P_/D
    1640* |      15 |     356 |      237 |      8 |   483 |    +1.1% | -185.071 |   -19771.9 |   -83473.7 |    599 | u_mul.result\[26\]$_DFFE_PN0P_/D
    1640* |      15 |     356 |      237 |      8 |   483 |    +1.1% | -185.071 |   -19771.9 |   -83473.7 |    599 | u_mul.result\[26\]$_DFFE_PN0P_/D
    1642* |      15 |     356 |      237 |      8 |   484 |    +1.1% | -185.071 |   -19771.9 |   -83473.3 |    599 | u_mul.result\[26\]$_DFFE_PN0P_/D
    1650* |      15 |     361 |      238 |      9 |   484 |    +1.1% | -185.071 |   -19733.0 |   -83440.6 |    599 | u_mul.result\[26\]$_DFFE_PN0P_/D
    1657* |      15 |     364 |      238 |      9 |   486 |    +1.1% | -185.071 |   -19971.7 |   -83621.2 |    599 | u_mul.result\[26\]$_DFFE_PN0P_/D
    1658* |      15 |     364 |      238 |      9 |   486 |    +1.1% | -185.071 |   -19971.7 |   -83621.2 |    599 | u_mul.result\[26\]$_DFFE_PN0P_/D
    1659* |      15 |     364 |      238 |      9 |   486 |    +1.1% | -185.071 |   -19971.7 |   -83621.2 |    599 | u_mul.result\[26\]$_DFFE_PN0P_/D
    1660* |      15 |     364 |      238 |      9 |   486 |    +1.1% | -185.071 |   -19971.7 |   -83621.2 |    599 | u_mul.result\[26\]$_DFFE_PN0P_/D
    1662* |      15 |     366 |      238 |      9 |   486 |    +1.1% | -185.071 |   -19971.7 |   -83623.6 |    599 | u_mul.result\[26\]$_DFFE_PN0P_/D
    1670* |      15 |     371 |      239 |     10 |   486 |    +1.1% | -185.071 |   -20204.9 |   -83634.0 |    599 | u_mul.result\[26\]$_DFFE_PN0P_/D
    1672* |      15 |     368 |      238 |     10 |   486 |    +1.1% | -185.071 |   -20193.8 |   -83630.1 |    599 | u_mul.result\[26\]$_DFFE_PN0P_/D
    1675* |      15 |     369 |      238 |     10 |   487 |    +1.1% | -185.071 |   -20193.8 |   -83634.4 |    599 | u_mul.result\[26\]$_DFFE_PN0P_/D
    1677* |      15 |     369 |      238 |     10 |   487 |    +1.1% | -185.071 |   -20193.8 |   -83634.4 |    599 | u_mul.result\[26\]$_DFFE_PN0P_/D
    1680* |      15 |     370 |      239 |     10 |   487 |    +1.1% | -185.071 |   -20204.9 |   -83656.7 |    599 | u_mul.result\[26\]$_DFFE_PN0P_/D
    1682* |      15 |     369 |      238 |     10 |   487 |    +1.1% | -185.071 |   -20193.8 |   -83634.4 |    599 | u_mul.result\[26\]$_DFFE_PN0P_/D
    1684* |      15 |     370 |      238 |     10 |   487 |    +1.1% | -185.071 |   -20193.8 |   -83637.9 |    599 | u_mul.result\[26\]$_DFFE_PN0P_/D
    1686* |      15 |     370 |      239 |     10 |   487 |    +1.1% | -185.071 |   -20144.2 |   -83656.5 |    599 | u_mul.result\[26\]$_DFFE_PN0P_/D
    1690* |      15 |     372 |      239 |     11 |   487 |    +1.1% | -185.071 |   -20144.2 |   -83725.4 |    599 | u_mul.result\[26\]$_DFFE_PN0P_/D
    1696* |      15 |     373 |      239 |     14 |   487 |    +1.1% | -185.071 |   -20151.8 |   -83762.7 |    599 | u_mul.result\[26\]$_DFFE_PN0P_/D
    1700* |      15 |     374 |      240 |     14 |   488 |    +1.1% | -185.071 |   -20154.8 |   -84004.2 |    599 | u_mul.result\[26\]$_DFFE_PN0P_/D
    1700* |      15 |     374 |      240 |     14 |   488 |    +1.1% | -185.071 |   -20154.8 |   -84004.2 |    599 | u_mul.result\[26\]$_DFFE_PN0P_/D
    1704* |      15 |     377 |      240 |     14 |   488 |    +1.1% | -185.071 |   -20200.6 |   -83989.8 |    599 | u_mul.result\[26\]$_DFFE_PN0P_/D
    1706* |      15 |     377 |      240 |     14 |   489 |    +1.1% | -185.071 |   -20200.6 |   -83989.6 |    599 | u_mul.result\[26\]$_DFFE_PN0P_/D
    1708* |      15 |     377 |      240 |     14 |   490 |    +1.1% | -185.071 |   -20200.6 |   -83987.5 |    599 | u_mul.result\[26\]$_DFFE_PN0P_/D
    1710* |      15 |     378 |      240 |     14 |   490 |    +1.1% | -185.071 |   -20368.4 |   -84002.2 |    599 | u_mul.result\[26\]$_DFFE_PN0P_/D
    1711* |      15 |     378 |      241 |     14 |   490 |    +1.1% | -185.071 |   -19955.5 |   -83932.9 |    599 | u_mul.result\[26\]$_DFFE_PN0P_/D
    1715* |      15 |     380 |      241 |     14 |   491 |    +1.1% | -185.071 |   -19955.5 |   -83906.6 |    599 | u_mul.result\[26\]$_DFFE_PN0P_/D
    1716* |      15 |     380 |      241 |     14 |   491 |    +1.1% | -185.071 |   -19955.5 |   -83906.6 |    599 | u_mul.result\[26\]$_DFFE_PN0P_/D
    1717* |      15 |     380 |      241 |     14 |   491 |    +1.1% | -185.071 |   -19955.5 |   -83906.6 |    599 | u_mul.result\[26\]$_DFFE_PN0P_/D
    1720* |      15 |     382 |      241 |     14 |   491 |    +1.1% | -185.071 |   -19889.5 |   -83958.2 |    599 | u_mul.result\[26\]$_DFFE_PN0P_/D
    1722* |      15 |     384 |      241 |     14 |   491 |    +1.1% | -185.071 |   -19889.5 |   -83968.6 |    599 | u_mul.result\[26\]$_DFFE_PN0P_/D
    1724* |      15 |     384 |      241 |     14 |   492 |    +1.1% | -185.071 |   -19889.5 |   -83966.5 |    599 | u_mul.result\[26\]$_DFFE_PN0P_/D
    1726* |      15 |     384 |      241 |     14 |   493 |    +1.1% | -185.071 |   -19889.5 |   -83964.4 |    599 | u_mul.result\[26\]$_DFFE_PN0P_/D
    1727* |      15 |     384 |      241 |     14 |   493 |    +1.1% | -185.071 |   -19889.5 |   -83964.4 |    599 | u_mul.result\[26\]$_DFFE_PN0P_/D
    1728* |      15 |     384 |      241 |     14 |   493 |    +1.1% | -185.071 |   -19889.5 |   -83964.4 |    599 | u_mul.result\[26\]$_DFFE_PN0P_/D
    1730* |      15 |     385 |      241 |     14 |   493 |    +1.1% | -185.071 |   -19889.5 |   -83971.3 |    599 | u_mul.result\[26\]$_DFFE_PN0P_/D
    1733* |      15 |     386 |      244 |     15 |   493 |    +1.2% | -185.071 |   -19889.5 |   -83981.0 |    599 | u_mul.result\[26\]$_DFFE_PN0P_/D
    1735* |      15 |     386 |      244 |     15 |   494 |    +1.2% | -185.071 |   -19889.5 |   -83980.7 |    599 | u_mul.result\[26\]$_DFFE_PN0P_/D
    1740* |      15 |     389 |      244 |     16 |   494 |    +1.2% | -185.071 |   -19889.5 |   -83980.8 |    599 | u_mul.result\[26\]$_DFFE_PN0P_/D
    1743* |      15 |     391 |      244 |     16 |   494 |    +1.2% | -185.071 |   -19889.5 |   -83986.2 |    599 | u_mul.result\[26\]$_DFFE_PN0P_/D
    1744* |      15 |     391 |      244 |     16 |   494 |    +1.2% | -185.071 |   -19889.5 |   -83986.2 |    599 | u_mul.result\[26\]$_DFFE_PN0P_/D
    1747* |      15 |     392 |      244 |     16 |   495 |    +1.2% | -185.071 |   -19889.5 |   -83984.7 |    599 | u_mul.result\[26\]$_DFFE_PN0P_/D
    1749* |      15 |     392 |      244 |     16 |   496 |    +1.2% | -185.071 |   -19889.5 |   -83982.4 |    599 | u_mul.result\[26\]$_DFFE_PN0P_/D
    1750* |      15 |     392 |      244 |     16 |   496 |    +1.2% | -185.071 |   -19889.5 |   -83982.4 |    599 | u_mul.result\[26\]$_DFFE_PN0P_/D
    1750* |      15 |     392 |      244 |     16 |   496 |    +1.2% | -185.071 |   -19889.5 |   -83982.4 |    599 | u_mul.result\[26\]$_DFFE_PN0P_/D
    1751* |      15 |     392 |      244 |     16 |   496 |    +1.2% | -185.071 |   -19889.5 |   -83982.4 |    599 | u_mul.result\[26\]$_DFFE_PN0P_/D
    1754* |      15 |     394 |      244 |     16 |   496 |    +1.2% | -185.071 |   -19889.5 |   -83980.2 |    599 | u_mul.result\[26\]$_DFFE_PN0P_/D
    1755* |      15 |     394 |      244 |     16 |   496 |    +1.2% | -185.071 |   -19889.5 |   -83980.2 |    599 | u_mul.result\[26\]$_DFFE_PN0P_/D
    1760* |      15 |     397 |      244 |     16 |   497 |    +1.2% | -185.071 |   -19889.5 |   -83974.3 |    599 | u_mul.result\[26\]$_DFFE_PN0P_/D
    1760* |      15 |     397 |      244 |     16 |   497 |    +1.2% | -185.071 |   -19889.5 |   -83974.3 |    599 | u_mul.result\[26\]$_DFFE_PN0P_/D
    1770* |      15 |     402 |      246 |     18 |   498 |    +1.2% | -185.071 |   -19889.5 |   -84004.5 |    599 | u_mul.result\[26\]$_DFFE_PN0P_/D
    1770* |      15 |     402 |      246 |     18 |   497 |    +1.2% | -185.071 |   -19889.5 |   -84003.4 |    599 | u_mul.result\[26\]$_DFFE_PN0P_/D
    1777* |      15 |     405 |      248 |     19 |   497 |    +1.2% | -185.071 |   -19889.5 |   -83976.1 |    599 | u_mul.result\[26\]$_DFFE_PN0P_/D
    1779* |      16 |     405 |      248 |     19 |   497 |    +1.2% | -185.071 |   -19889.5 |   -83961.1 |    599 | u_mul.result\[26\]$_DFFE_PN0P_/D
    1780* |      16 |     405 |      248 |     19 |   497 |    +1.2% | -185.071 |   -19889.5 |   -83961.1 |    599 | u_mul.result\[26\]$_DFFE_PN0P_/D
    1780* |      16 |     405 |      248 |     19 |   497 |    +1.2% | -185.071 |   -19889.5 |   -83961.1 |    599 | u_mul.result\[26\]$_DFFE_PN0P_/D
    1784* |      16 |     408 |      248 |     19 |   497 |    +1.2% | -185.071 |   -19889.5 |   -83974.8 |    599 | u_mul.result\[26\]$_DFFE_PN0P_/D
    1790* |      16 |     411 |      248 |     20 |   498 |    +1.2% | -185.071 |   -20115.2 |   -84061.5 |    599 | u_mul.result\[26\]$_DFFE_PN0P_/D
    1790* |      16 |     411 |      248 |     20 |   497 |    +1.2% | -185.071 |   -20115.2 |   -84059.3 |    599 | u_mul.result\[26\]$_DFFE_PN0P_/D
    1796* |      16 |     413 |      248 |     20 |   497 |    +1.2% | -185.071 |   -20115.2 |   -84089.1 |    599 | u_mul.result\[26\]$_DFFE_PN0P_/D
    1797* |      16 |     413 |      248 |     20 |   497 |    +1.2% | -185.071 |   -20115.2 |   -84089.1 |    599 | u_mul.result\[26\]$_DFFE_PN0P_/D
    1799* |      16 |     413 |      248 |     20 |   498 |    +1.2% | -185.071 |   -20115.2 |   -84088.9 |    599 | u_mul.result\[26\]$_DFFE_PN0P_/D
    1800* |      16 |     413 |      248 |     20 |   498 |    +1.2% | -185.071 |   -20115.2 |   -84088.9 |    599 | u_mul.result\[26\]$_DFFE_PN0P_/D
    1800* |      16 |     413 |      248 |     20 |   498 |    +1.2% | -185.071 |   -20115.2 |   -84088.9 |    599 | u_mul.result\[26\]$_DFFE_PN0P_/D
    1800* |      16 |     413 |      248 |     20 |   498 |    +1.2% | -185.071 |   -20115.2 |   -84088.9 |    599 | u_mul.result\[26\]$_DFFE_PN0P_/D
    1800+ |      16 |     413 |      248 |     20 |   498 |    +1.2% | -185.071 |   -20115.2 |   -84088.9 |    599 | u_mul.result\[26\]$_DFFE_PN0P_/D
    1801+ |      16 |     413 |      248 |     20 |   498 |    +1.2% | -185.071 |   -20115.2 |   -84088.9 |    599 | u_mul.result\[26\]$_DFFE_PN0P_/D
    1802+ |      16 |     413 |      248 |     20 |   498 |    +1.2% | -185.071 |   -20115.2 |   -84088.9 |    599 | u_mul.result\[26\]$_DFFE_PN0P_/D
    1804+ |      16 |     413 |      248 |     20 |   499 |    +1.2% | -185.071 |   -20115.2 |   -84088.5 |    599 | u_mul.result\[26\]$_DFFE_PN0P_/D
    1805+ |      16 |     413 |      248 |     20 |   499 |    +1.2% | -185.071 |   -20115.2 |   -84088.5 |    599 | u_mul.result\[26\]$_DFFE_PN0P_/D
    1806+ |      16 |     413 |      248 |     20 |   499 |    +1.2% | -185.071 |   -20115.2 |   -84088.5 |    599 | u_mul.result\[26\]$_DFFE_PN0P_/D
    1807+ |      16 |     413 |      248 |     20 |   499 |    +1.2% | -185.071 |   -20115.2 |   -84088.5 |    599 | u_mul.result\[26\]$_DFFE_PN0P_/D
    1808+ |      16 |     413 |      248 |     20 |   499 |    +1.2% | -185.071 |   -20115.2 |   -84088.5 |    599 | u_mul.result\[26\]$_DFFE_PN0P_/D
    1810+ |      16 |     413 |      248 |     20 |   500 |    +1.2% | -185.071 |   -20114.6 |   -84085.9 |    599 | u_mul.result\[26\]$_DFFE_PN0P_/D
    1810+ |      16 |     413 |      248 |     20 |   500 |    +1.2% | -185.071 |   -20114.6 |   -84085.9 |    599 | u_mul.result\[26\]$_DFFE_PN0P_/D
    1811+ |      16 |     413 |      248 |     20 |   500 |    +1.2% | -185.071 |   -20114.6 |   -84085.9 |    599 | u_mul.result\[26\]$_DFFE_PN0P_/D
    1812+ |      16 |     413 |      248 |     20 |   500 |    +1.2% | -185.071 |   -20114.6 |   -84085.9 |    599 | u_mul.result\[26\]$_DFFE_PN0P_/D
    1813+ |      16 |     413 |      248 |     20 |   500 |    +1.2% | -185.071 |   -20114.6 |   -84085.9 |    599 | u_mul.result\[26\]$_DFFE_PN0P_/D
    1814+ |      16 |     413 |      248 |     20 |   500 |    +1.2% | -185.071 |   -20114.6 |   -84085.9 |    599 | u_mul.result\[26\]$_DFFE_PN0P_/D
    1815+ |      16 |     413 |      248 |     20 |   500 |    +1.2% | -185.071 |   -20114.6 |   -84085.9 |    599 | u_mul.result\[26\]$_DFFE_PN0P_/D
    1820+ |      16 |     417 |      248 |     20 |   500 |    +1.2% | -185.071 |   -20114.6 |   -84082.0 |    599 | u_mul.result\[26\]$_DFFE_PN0P_/D
    1820+ |      16 |     417 |      248 |     20 |   500 |    +1.2% | -185.071 |   -20114.6 |   -84082.0 |    599 | u_mul.result\[26\]$_DFFE_PN0P_/D
    1821+ |      16 |     417 |      248 |     20 |   500 |    +1.2% | -185.071 |   -20114.6 |   -84082.0 |    599 | u_mul.result\[26\]$_DFFE_PN0P_/D
    1822+ |      16 |     417 |      248 |     20 |   500 |    +1.2% | -185.071 |   -20114.6 |   -84082.0 |    599 | u_mul.result\[26\]$_DFFE_PN0P_/D
    1823+ |      16 |     417 |      248 |     20 |   500 |    +1.2% | -185.071 |   -20114.6 |   -84082.0 |    599 | u_mul.result\[26\]$_DFFE_PN0P_/D
    1824+ |      16 |     417 |      248 |     20 |   500 |    +1.2% | -185.071 |   -20114.6 |   -84082.0 |    599 | u_mul.result\[26\]$_DFFE_PN0P_/D
    1825+ |      16 |     417 |      248 |     20 |   500 |    +1.2% | -185.071 |   -20114.6 |   -84082.0 |    599 | u_mul.result\[26\]$_DFFE_PN0P_/D
    1826+ |      16 |     417 |      248 |     20 |   500 |    +1.2% | -185.071 |   -20114.6 |   -84082.0 |    599 | u_mul.result\[26\]$_DFFE_PN0P_/D
    1830+ |      16 |     420 |      248 |     20 |   500 |    +1.2% | -185.071 |   -20108.2 |   -84078.9 |    599 | u_mul.result\[26\]$_DFFE_PN0P_/D
    1832+ |      16 |     422 |      248 |     20 |   500 |    +1.2% | -185.071 |   -20107.4 |   -84074.0 |    599 | u_mul.result\[26\]$_DFFE_PN0P_/D
    1833+ |      16 |     422 |      248 |     20 |   500 |    +1.2% | -185.071 |   -20107.4 |   -84074.0 |    599 | u_mul.result\[26\]$_DFFE_PN0P_/D
    1834+ |      16 |     422 |      248 |     20 |   500 |    +1.2% | -185.071 |   -20107.4 |   -84074.0 |    599 | u_mul.result\[26\]$_DFFE_PN0P_/D
    1836+ |      16 |     423 |      248 |     20 |   500 |    +1.2% | -185.071 |   -19881.7 |   -84045.7 |    599 | u_mul.result\[26\]$_DFFE_PN0P_/D
    1839+ |      16 |     424 |      248 |     20 |   501 |    +1.2% | -185.071 |   -19881.7 |   -84040.5 |    599 | u_mul.result\[26\]$_DFFE_PN0P_/D
    1840+ |      16 |     424 |      248 |     20 |   501 |    +1.2% | -185.071 |   -19881.7 |   -84040.5 |    599 | u_mul.result\[26\]$_DFFE_PN0P_/D
    1842+ |      16 |     425 |      248 |     20 |   502 |    +1.2% | -185.071 |   -19881.7 |   -84040.4 |    599 | u_mul.result\[26\]$_DFFE_PN0P_/D
    1844+ |      16 |     425 |      248 |     20 |   503 |    +1.2% | -185.071 |   -19881.7 |   -84040.2 |    599 | u_mul.result\[26\]$_DFFE_PN0P_/D
    1845+ |      16 |     425 |      248 |     20 |   503 |    +1.2% | -185.071 |   -19881.7 |   -84040.2 |    599 | u_mul.result\[26\]$_DFFE_PN0P_/D
    1846+ |      16 |     425 |      248 |     20 |   503 |    +1.2% | -185.071 |   -19881.7 |   -84040.2 |    599 | u_mul.result\[26\]$_DFFE_PN0P_/D
    1848+ |      16 |     426 |      248 |     20 |   503 |    +1.2% | -185.071 |   -19829.4 |   -84035.4 |    599 | u_mul.result\[26\]$_DFFE_PN0P_/D
    1849+ |      16 |     426 |      248 |     20 |   503 |    +1.2% | -185.071 |   -19829.4 |   -84035.4 |    599 | u_mul.result\[26\]$_DFFE_PN0P_/D
    1850+ |      16 |     426 |      248 |     20 |   503 |    +1.2% | -185.071 |   -19829.4 |   -84035.4 |    599 | u_mul.result\[26\]$_DFFE_PN0P_/D
    1850+ |      16 |     426 |      248 |     20 |   503 |    +1.2% | -185.071 |   -19829.4 |   -84035.4 |    599 | u_mul.result\[26\]$_DFFE_PN0P_/D
    1851+ |      16 |     426 |      248 |     20 |   503 |    +1.2% | -185.071 |   -19829.4 |   -84035.4 |    599 | u_mul.result\[26\]$_DFFE_PN0P_/D
    1852+ |      16 |     426 |      248 |     20 |   503 |    +1.2% | -185.071 |   -19829.4 |   -84035.4 |    599 | u_mul.result\[26\]$_DFFE_PN0P_/D
    1853+ |      16 |     426 |      248 |     20 |   503 |    +1.2% | -185.071 |   -19829.4 |   -84035.4 |    599 | u_mul.result\[26\]$_DFFE_PN0P_/D
    1854+ |      16 |     426 |      248 |     20 |   503 |    +1.2% | -185.071 |   -19829.4 |   -84035.4 |    599 | u_mul.result\[26\]$_DFFE_PN0P_/D
    1855+ |      16 |     426 |      248 |     20 |   503 |    +1.2% | -185.071 |   -19829.4 |   -84035.4 |    599 | u_mul.result\[26\]$_DFFE_PN0P_/D
    1857+ |      16 |     427 |      248 |     20 |   503 |    +1.2% | -185.071 |   -19839.0 |   -84029.9 |    599 | u_mul.result\[26\]$_DFFE_PN0P_/D
    1860+ |      16 |     429 |      248 |     20 |   503 |    +1.2% | -185.071 |   -19736.5 |   -83999.1 |    599 | u_mul.result\[26\]$_DFFE_PN0P_/D
    1860+ |      16 |     429 |      248 |     20 |   503 |    +1.2% | -185.071 |   -19736.5 |   -83999.1 |    599 | u_mul.result\[26\]$_DFFE_PN0P_/D
    1861+ |      16 |     429 |      248 |     20 |   503 |    +1.2% | -185.071 |   -19736.5 |   -83999.1 |    599 | u_mul.result\[26\]$_DFFE_PN0P_/D
    1862+ |      16 |     429 |      248 |     20 |   503 |    +1.2% | -185.071 |   -19736.5 |   -83999.1 |    599 | u_mul.result\[26\]$_DFFE_PN0P_/D
    1863+ |      16 |     429 |      248 |     20 |   503 |    +1.2% | -185.071 |   -19736.5 |   -83999.1 |    599 | u_mul.result\[26\]$_DFFE_PN0P_/D
    1864+ |      16 |     429 |      248 |     20 |   503 |    +1.2% | -185.071 |   -19736.5 |   -83999.1 |    599 | u_mul.result\[26\]$_DFFE_PN0P_/D
    1865+ |      16 |     429 |      248 |     20 |   503 |    +1.2% | -185.071 |   -19736.5 |   -83999.1 |    599 | u_mul.result\[26\]$_DFFE_PN0P_/D
    1868+ |      16 |     431 |      248 |     20 |   503 |    +1.2% | -185.071 |   -19736.5 |   -83998.4 |    599 | u_mul.result\[26\]$_DFFE_PN0P_/D
    1869+ |      16 |     431 |      248 |     20 |   503 |    +1.2% | -185.071 |   -19736.5 |   -83998.4 |    599 | u_mul.result\[26\]$_DFFE_PN0P_/D
    1870+ |      16 |     431 |      248 |     20 |   503 |    +1.2% | -185.071 |   -19736.5 |   -83998.4 |    599 | u_mul.result\[26\]$_DFFE_PN0P_/D
    1870+ |      16 |     431 |      248 |     20 |   503 |    +1.2% | -185.071 |   -19736.5 |   -83998.4 |    599 | u_mul.result\[26\]$_DFFE_PN0P_/D
    1871+ |      16 |     431 |      248 |     20 |   503 |    +1.2% | -185.071 |   -19736.5 |   -83998.4 |    599 | u_mul.result\[26\]$_DFFE_PN0P_/D
    1872+ |      16 |     431 |      248 |     20 |   503 |    +1.2% | -185.071 |   -19736.5 |   -83998.4 |    599 | u_mul.result\[26\]$_DFFE_PN0P_/D
    1873+ |      16 |     431 |      248 |     20 |   503 |    +1.2% | -185.071 |   -19736.5 |   -83998.4 |    599 | u_mul.result\[26\]$_DFFE_PN0P_/D
    1874+ |      16 |     431 |      248 |     20 |   503 |    +1.2% | -185.071 |   -19736.5 |   -83998.4 |    599 | u_mul.result\[26\]$_DFFE_PN0P_/D
    1875+ |      16 |     431 |      248 |     20 |   503 |    +1.2% | -185.071 |   -19736.5 |   -83998.4 |    599 | u_mul.result\[26\]$_DFFE_PN0P_/D
    1876+ |      16 |     431 |      248 |     20 |   503 |    +1.2% | -185.071 |   -19736.5 |   -83998.4 |    599 | u_mul.result\[26\]$_DFFE_PN0P_/D
    1877+ |      16 |     431 |      248 |     20 |   503 |    +1.2% | -185.071 |   -19736.5 |   -83998.4 |    599 | u_mul.result\[26\]$_DFFE_PN0P_/D
    1878+ |      16 |     431 |      248 |     20 |   503 |    +1.2% | -185.071 |   -19736.5 |   -83998.4 |    599 | u_mul.result\[26\]$_DFFE_PN0P_/D
    1880+ |      16 |     431 |      248 |     20 |   504 |    +1.2% | -185.071 |   -19736.5 |   -83996.1 |    599 | u_mul.result\[26\]$_DFFE_PN0P_/D
    1880+ |      16 |     431 |      248 |     20 |   504 |    +1.2% | -185.071 |   -19736.5 |   -83996.1 |    599 | u_mul.result\[26\]$_DFFE_PN0P_/D
    1882+ |      16 |     431 |      248 |     20 |   505 |    +1.2% | -185.071 |   -19736.5 |   -83994.1 |    599 | u_mul.result\[26\]$_DFFE_PN0P_/D
    1884+ |      16 |     431 |      248 |     20 |   506 |    +1.2% | -185.071 |   -19736.5 |   -83991.9 |    599 | u_mul.result\[26\]$_DFFE_PN0P_/D
    1886+ |      16 |     431 |      248 |     20 |   507 |    +1.2% | -185.071 |   -19736.5 |   -83989.6 |    599 | u_mul.result\[26\]$_DFFE_PN0P_/D
    1888+ |      16 |     431 |      248 |     20 |   508 |    +1.2% | -185.071 |   -19736.5 |   -83987.4 |    599 | u_mul.result\[26\]$_DFFE_PN0P_/D
    1890+ |      16 |     431 |      248 |     20 |   509 |    +1.2% | -185.071 |   -19736.5 |   -83985.0 |    599 | u_mul.result\[26\]$_DFFE_PN0P_/D
    1890+ |      16 |     431 |      248 |     20 |   509 |    +1.2% | -185.071 |   -19736.5 |   -83985.0 |    599 | u_mul.result\[26\]$_DFFE_PN0P_/D
    1891+ |      16 |     431 |      248 |     20 |   509 |    +1.2% | -185.071 |   -19736.5 |   -83985.0 |    599 | u_mul.result\[26\]$_DFFE_PN0P_/D
    1893+ |      16 |     431 |      248 |     20 |   510 |    +1.2% | -185.071 |   -19736.5 |   -83982.8 |    599 | u_mul.result\[26\]$_DFFE_PN0P_/D
    1895+ |      16 |     431 |      248 |     20 |   511 |    +1.2% | -185.071 |   -19736.5 |   -83980.8 |    599 | u_mul.result\[26\]$_DFFE_PN0P_/D
    1896+ |      16 |     431 |      248 |     20 |   511 |    +1.2% | -185.071 |   -19736.5 |   -83980.8 |    599 | u_mul.result\[26\]$_DFFE_PN0P_/D
    1897+ |      16 |     431 |      248 |     20 |   511 |    +1.2% | -185.071 |   -19736.5 |   -83980.8 |    599 | u_mul.result\[26\]$_DFFE_PN0P_/D
    1899+ |      16 |     431 |      248 |     20 |   512 |    +1.2% | -185.071 |   -19736.5 |   -83978.6 |    599 | u_mul.result\[26\]$_DFFE_PN0P_/D
    1900+ |      16 |     431 |      248 |     20 |   512 |    +1.2% | -185.071 |   -19736.5 |   -83978.6 |    599 | u_mul.result\[26\]$_DFFE_PN0P_/D
    1901+ |      16 |     431 |      248 |     20 |   512 |    +1.2% | -185.071 |   -19736.5 |   -83978.6 |    599 | u_mul.result\[26\]$_DFFE_PN0P_/D
    1903+ |      16 |     432 |      248 |     20 |   512 |    +1.2% | -185.071 |   -19736.5 |   -83970.0 |    599 | u_mul.result\[26\]$_DFFE_PN0P_/D
    1905+ |      16 |     432 |      248 |     20 |   513 |    +1.2% | -185.071 |   -19736.5 |   -83967.6 |    599 | u_mul.result\[26\]$_DFFE_PN0P_/D
    1906+ |      16 |     432 |      248 |     20 |   513 |    +1.2% | -185.071 |   -19736.5 |   -83967.6 |    599 | u_mul.result\[26\]$_DFFE_PN0P_/D
    1908+ |      16 |     432 |      248 |     20 |   514 |    +1.2% | -185.071 |   -19736.5 |   -83965.6 |    599 | u_mul.result\[26\]$_DFFE_PN0P_/D
    1910+ |      16 |     432 |      248 |     20 |   515 |    +1.2% | -185.071 |   -19736.5 |   -83963.2 |    599 | u_mul.result\[26\]$_DFFE_PN0P_/D
    1910+ |      16 |     432 |      248 |     20 |   515 |    +1.2% | -185.071 |   -19736.5 |   -83963.2 |    599 | u_mul.result\[26\]$_DFFE_PN0P_/D
    1912+ |      16 |     432 |      248 |     20 |   516 |    +1.2% | -185.071 |   -19736.5 |   -83961.3 |    599 | u_mul.result\[26\]$_DFFE_PN0P_/D
    1913+ |      16 |     432 |      248 |     20 |   516 |    +1.2% | -185.071 |   -19736.5 |   -83961.3 |    599 | u_mul.result\[26\]$_DFFE_PN0P_/D
    1914+ |      16 |     432 |      248 |     20 |   516 |    +1.2% | -185.071 |   -19736.5 |   -83961.3 |    599 | u_mul.result\[26\]$_DFFE_PN0P_/D
    1916+ |      16 |     432 |      248 |     20 |   517 |    +1.2% | -185.071 |   -19736.5 |   -83959.0 |    599 | u_mul.result\[26\]$_DFFE_PN0P_/D
    1917+ |      16 |     432 |      248 |     20 |   517 |    +1.2% | -185.071 |   -19736.5 |   -83959.0 |    599 | u_mul.result\[26\]$_DFFE_PN0P_/D
    1918+ |      16 |     432 |      248 |     20 |   517 |    +1.2% | -185.071 |   -19736.5 |   -83959.0 |    599 | u_mul.result\[26\]$_DFFE_PN0P_/D
    1920+ |      16 |     432 |      248 |     20 |   518 |    +1.2% | -185.071 |   -19736.5 |   -83956.6 |    599 | u_mul.result\[26\]$_DFFE_PN0P_/D
    1920+ |      16 |     432 |      248 |     20 |   518 |    +1.2% | -185.071 |   -19736.5 |   -83956.6 |    599 | u_mul.result\[26\]$_DFFE_PN0P_/D
    1922+ |      16 |     433 |      248 |     20 |   518 |    +1.2% | -185.071 |   -19736.5 |   -83945.2 |    599 | u_mul.result\[26\]$_DFFE_PN0P_/D
    1923+ |      16 |     433 |      248 |     20 |   518 |    +1.2% | -185.071 |   -19736.5 |   -83945.2 |    599 | u_mul.result\[26\]$_DFFE_PN0P_/D
    1924+ |      16 |     433 |      248 |     20 |   518 |    +1.2% | -185.071 |   -19736.5 |   -83945.2 |    599 | u_mul.result\[26\]$_DFFE_PN0P_/D
    1925+ |      16 |     433 |      248 |     20 |   518 |    +1.2% | -185.071 |   -19736.5 |   -83945.2 |    599 | u_mul.result\[26\]$_DFFE_PN0P_/D
    1926+ |      16 |     433 |      248 |     20 |   518 |    +1.2% | -185.071 |   -19736.5 |   -83945.2 |    599 | u_mul.result\[26\]$_DFFE_PN0P_/D
    1927+ |      16 |     433 |      248 |     20 |   518 |    +1.2% | -185.071 |   -19736.5 |   -83945.2 |    599 | u_mul.result\[26\]$_DFFE_PN0P_/D
    1928+ |      16 |     433 |      248 |     20 |   518 |    +1.2% | -185.071 |   -19736.5 |   -83945.2 |    599 | u_mul.result\[26\]$_DFFE_PN0P_/D
    1929+ |      16 |     433 |      248 |     20 |   518 |    +1.2% | -185.071 |   -19736.5 |   -83945.2 |    599 | u_mul.result\[26\]$_DFFE_PN0P_/D
    1930+ |      16 |     433 |      248 |     20 |   518 |    +1.2% | -185.071 |   -19736.5 |   -83945.2 |    599 | u_mul.result\[26\]$_DFFE_PN0P_/D
    1930+ |      16 |     433 |      248 |     20 |   518 |    +1.2% | -185.071 |   -19736.5 |   -83945.2 |    599 | u_mul.result\[26\]$_DFFE_PN0P_/D
    1931+ |      16 |     433 |      248 |     20 |   518 |    +1.2% | -185.071 |   -19736.5 |   -83945.2 |    599 | u_mul.result\[26\]$_DFFE_PN0P_/D
    1932+ |      16 |     433 |      248 |     20 |   518 |    +1.2% | -185.071 |   -19736.5 |   -83945.2 |    599 | u_mul.result\[26\]$_DFFE_PN0P_/D
    1933+ |      16 |     433 |      248 |     20 |   518 |    +1.2% | -185.071 |   -19736.5 |   -83945.2 |    599 | u_mul.result\[26\]$_DFFE_PN0P_/D
    1934+ |      16 |     433 |      248 |     20 |   518 |    +1.2% | -185.071 |   -19736.5 |   -83945.2 |    599 | u_mul.result\[26\]$_DFFE_PN0P_/D
    1936+ |      16 |     433 |      248 |     20 |   519 |    +1.2% | -185.071 |   -19736.5 |   -83942.8 |    599 | u_mul.result\[26\]$_DFFE_PN0P_/D
    1937+ |      16 |     433 |      248 |     20 |   519 |    +1.2% | -185.071 |   -19736.5 |   -83942.8 |    599 | u_mul.result\[26\]$_DFFE_PN0P_/D
    1938+ |      16 |     433 |      248 |     20 |   519 |    +1.2% | -185.071 |   -19736.5 |   -83942.8 |    599 | u_mul.result\[26\]$_DFFE_PN0P_/D
    1939+ |      16 |     433 |      248 |     20 |   519 |    +1.2% | -185.071 |   -19736.5 |   -83942.8 |    599 | u_mul.result\[26\]$_DFFE_PN0P_/D
    1940+ |      16 |     433 |      248 |     20 |   519 |    +1.2% | -185.071 |   -19736.5 |   -83942.8 |    599 | u_mul.result\[26\]$_DFFE_PN0P_/D
    1940+ |      16 |     433 |      248 |     20 |   519 |    +1.2% | -185.071 |   -19736.5 |   -83942.8 |    599 | u_mul.result\[26\]$_DFFE_PN0P_/D
    1941+ |      16 |     433 |      248 |     20 |   519 |    +1.2% | -185.071 |   -19736.5 |   -83942.8 |    599 | u_mul.result\[26\]$_DFFE_PN0P_/D
    1942+ |      16 |     433 |      248 |     20 |   519 |    +1.2% | -185.071 |   -19736.5 |   -83942.8 |    599 | u_mul.result\[26\]$_DFFE_PN0P_/D
    1943+ |      16 |     433 |      248 |     20 |   519 |    +1.2% | -185.071 |   -19736.5 |   -83942.8 |    599 | u_mul.result\[26\]$_DFFE_PN0P_/D
    1944+ |      16 |     433 |      248 |     20 |   519 |    +1.2% | -185.071 |   -19736.5 |   -83942.8 |    599 | u_mul.result\[26\]$_DFFE_PN0P_/D
    1945+ |      16 |     433 |      248 |     20 |   519 |    +1.2% | -185.071 |   -19736.5 |   -83942.8 |    599 | u_mul.result\[26\]$_DFFE_PN0P_/D
    1946+ |      16 |     433 |      248 |     20 |   519 |    +1.2% | -185.071 |   -19736.5 |   -83942.8 |    599 | u_mul.result\[26\]$_DFFE_PN0P_/D
    1948+ |      16 |     433 |      248 |     20 |   520 |    +1.2% | -185.071 |   -19736.5 |   -83940.8 |    599 | u_mul.result\[26\]$_DFFE_PN0P_/D
    1949+ |      16 |     433 |      248 |     20 |   520 |    +1.2% | -185.071 |   -19736.5 |   -83940.8 |    599 | u_mul.result\[26\]$_DFFE_PN0P_/D
    1950+ |      16 |     433 |      248 |     20 |   520 |    +1.2% | -185.071 |   -19736.5 |   -83940.8 |    599 | u_mul.result\[26\]$_DFFE_PN0P_/D
    1950+ |      16 |     433 |      248 |     20 |   520 |    +1.2% | -185.071 |   -19736.5 |   -83940.8 |    599 | u_mul.result\[26\]$_DFFE_PN0P_/D
    1951+ |      16 |     433 |      248 |     20 |   520 |    +1.2% | -185.071 |   -19736.5 |   -83940.8 |    599 | u_mul.result\[26\]$_DFFE_PN0P_/D
    1953+ |      16 |     434 |      248 |     20 |   520 |    +1.2% | -185.071 |   -19736.5 |   -83933.0 |    599 | u_mul.result\[26\]$_DFFE_PN0P_/D
    1956+ |      16 |     436 |      248 |     20 |   520 |    +1.3% | -185.071 |   -19736.5 |   -83871.1 |    599 | u_mul.result\[26\]$_DFFE_PN0P_/D
    1957+ |      16 |     436 |      248 |     20 |   520 |    +1.3% | -185.071 |   -19736.5 |   -83871.1 |    599 | u_mul.result\[26\]$_DFFE_PN0P_/D
    1959+ |      16 |     436 |      248 |     20 |   521 |    +1.3% | -185.071 |   -19736.5 |   -83868.9 |    599 | u_mul.result\[26\]$_DFFE_PN0P_/D
    1960+ |      16 |     436 |      248 |     20 |   521 |    +1.3% | -185.071 |   -19736.5 |   -83868.9 |    599 | u_mul.result\[26\]$_DFFE_PN0P_/D
    1961+ |      16 |     436 |      248 |     20 |   522 |    +1.3% | -185.071 |   -19736.5 |   -83866.9 |    599 | u_mul.result\[26\]$_DFFE_PN0P_/D
    1962+ |      16 |     436 |      248 |     20 |   522 |    +1.3% | -185.071 |   -19736.5 |   -83866.9 |    599 | u_mul.result\[26\]$_DFFE_PN0P_/D
    1964+ |      16 |     437 |      248 |     20 |   522 |    +1.3% | -185.071 |   -19736.5 |   -83865.3 |    599 | u_mul.result\[26\]$_DFFE_PN0P_/D
    1965+ |      16 |     437 |      248 |     20 |   522 |    +1.3% | -185.071 |   -19736.5 |   -83865.3 |    599 | u_mul.result\[26\]$_DFFE_PN0P_/D
    1966+ |      16 |     437 |      248 |     20 |   522 |    +1.3% | -185.071 |   -19736.5 |   -83865.3 |    599 | u_mul.result\[26\]$_DFFE_PN0P_/D
    1968+ |      16 |     437 |      248 |     20 |   523 |    +1.3% | -185.071 |   -19736.5 |   -83864.0 |    599 | u_mul.result\[26\]$_DFFE_PN0P_/D
    1969+ |      16 |     437 |      248 |     20 |   523 |    +1.3% | -185.071 |   -19736.5 |   -83864.0 |    599 | u_mul.result\[26\]$_DFFE_PN0P_/D
    1970+ |      16 |     437 |      248 |     20 |   523 |    +1.3% | -185.071 |   -19736.5 |   -83864.0 |    599 | u_mul.result\[26\]$_DFFE_PN0P_/D
    1970+ |      16 |     437 |      248 |     20 |   523 |    +1.3% | -185.071 |   -19736.5 |   -83864.0 |    599 | u_mul.result\[26\]$_DFFE_PN0P_/D
    1972+ |      16 |     437 |      248 |     20 |   524 |    +1.3% | -185.071 |   -19736.5 |   -83862.0 |    599 | u_mul.result\[26\]$_DFFE_PN0P_/D
    1973+ |      16 |     437 |      248 |     20 |   524 |    +1.3% | -185.071 |   -19736.5 |   -83862.0 |    599 | u_mul.result\[26\]$_DFFE_PN0P_/D
    1976+ |      16 |     439 |      248 |     20 |   524 |    +1.3% | -185.071 |   -19736.5 |   -83859.7 |    599 | u_mul.result\[26\]$_DFFE_PN0P_/D
    1979+ |      16 |     440 |      248 |     20 |   525 |    +1.3% | -185.071 |   -19736.5 |   -83858.9 |    599 | u_mul.result\[26\]$_DFFE_PN0P_/D
    1980+ |      16 |     440 |      248 |     20 |   525 |    +1.3% | -185.071 |   -19736.5 |   -83858.9 |    599 | u_mul.result\[26\]$_DFFE_PN0P_/D
    1980+ |      16 |     440 |      248 |     20 |   525 |    +1.3% | -185.071 |   -19736.5 |   -83858.9 |    599 | u_mul.result\[26\]$_DFFE_PN0P_/D
    1982+ |      16 |     440 |      248 |     20 |   526 |    +1.3% | -185.071 |   -19741.0 |   -83858.6 |    599 | u_mul.result\[26\]$_DFFE_PN0P_/D
    1983+ |      16 |     440 |      248 |     20 |   526 |    +1.3% | -185.071 |   -19741.0 |   -83858.6 |    599 | u_mul.result\[26\]$_DFFE_PN0P_/D
    1984+ |      16 |     440 |      248 |     20 |   526 |    +1.3% | -185.071 |   -19741.0 |   -83858.6 |    599 | u_mul.result\[26\]$_DFFE_PN0P_/D
    1985+ |      16 |     440 |      248 |     20 |   526 |    +1.3% | -185.071 |   -19741.0 |   -83858.6 |    599 | u_mul.result\[26\]$_DFFE_PN0P_/D
    1987+ |      16 |     441 |      248 |     20 |   526 |    +1.3% | -185.071 |   -19741.0 |   -83854.9 |    599 | u_mul.result\[26\]$_DFFE_PN0P_/D
    1989+ |      16 |     441 |      248 |     20 |   527 |    +1.3% | -185.071 |   -19741.0 |   -83852.8 |    599 | u_mul.result\[26\]$_DFFE_PN0P_/D
    1990+ |      16 |     441 |      248 |     20 |   527 |    +1.3% | -185.071 |   -19741.0 |   -83852.8 |    599 | u_mul.result\[26\]$_DFFE_PN0P_/D
    1991+ |      16 |     442 |      248 |     20 |   527 |    +1.3% | -185.071 |   -19741.0 |   -83848.6 |    599 | u_mul.result\[26\]$_DFFE_PN0P_/D
    1992+ |      16 |     442 |      248 |     20 |   527 |    +1.3% | -185.071 |   -19741.0 |   -83848.6 |    599 | u_mul.result\[26\]$_DFFE_PN0P_/D
    1993+ |      16 |     442 |      248 |     20 |   527 |    +1.3% | -185.071 |   -19741.0 |   -83848.6 |    599 | u_mul.result\[26\]$_DFFE_PN0P_/D
    1994+ |      16 |     442 |      248 |     20 |   527 |    +1.3% | -185.071 |   -19741.0 |   -83848.6 |    599 | u_mul.result\[26\]$_DFFE_PN0P_/D
    1996+ |      16 |     442 |      248 |     20 |   528 |    +1.3% | -185.071 |   -19741.0 |   -83846.7 |    599 | u_mul.result\[26\]$_DFFE_PN0P_/D
    1997+ |      16 |     442 |      248 |     20 |   528 |    +1.3% | -185.071 |   -19741.0 |   -83846.7 |    599 | u_mul.result\[26\]$_DFFE_PN0P_/D
    1999+ |      16 |     442 |      248 |     20 |   529 |    +1.3% | -185.071 |   -19741.0 |   -83844.4 |    599 | u_mul.result\[26\]$_DFFE_PN0P_/D
    2000+ |      16 |     442 |      248 |     20 |   529 |    +1.3% | -185.071 |   -19741.0 |   -83844.4 |    599 | u_mul.result\[26\]$_DFFE_PN0P_/D
    final |      16 |     442 |      248 |     20 |   529 |    +1.3% | -185.071 |   -19741.0 |   -83844.4 |    599 | u_mul.result\[26\]$_DFFE_PN0P_/D
------------------------------------------------------------------------------------------------------------------------------
[INFO RSZ-0059] Removed 16 buffers.
[INFO RSZ-0040] Inserted 248 buffers.
[INFO RSZ-0051] Resized 442 instances: 442 up, 0 up match, 0 down, 0 VT
[INFO RSZ-0043] Swapped pins on 529 instances.
[INFO RSZ-0049] Cloned 20 instances.
[WARNING RSZ-0062] Unable to repair all setup violations.
[INFO RSZ-0046] Found 111 endpoints with hold violations.
Iteration | Resized | Buffers | Cloned Gates |   Area   |   WNS   |   TNS   | Endpoint
--------------------------------------------------------------------------------------
        0 |       0 |       0 |            0 |    +0.0% | -97.004 | -7345.779 | mem_rdata0[28]$_DFFE_PN0P_/D
       10 |       0 |      27 |            0 |    +0.1% | -92.409 | -6955.665 | mem_rdata0[4]$_DFFE_PN0P_/D
       20 |       0 |      57 |            0 |    +0.1% | -90.938 | -6410.380 | mem_rdata0[24]$_DFFE_PN0P_/D
       30 |       0 |      87 |            0 |    +0.2% | -89.501 | -5817.443 | mem_rdata0[15]$_DFFE_PN0P_/D
       40 |       0 |     121 |            0 |    +0.2% | -84.197 | -5286.633 | if_id_instr[30]$_DFFE_PN0P_/D
       50 |       0 |     163 |            0 |    +0.3% | -82.063 | -4757.586 | if_id_instr[13]$_DFFE_PN0P_/D
       60 |       0 |     205 |            0 |    +0.4% | -79.380 | -4332.272 | fbuf[6]$_DFFE_PN0P_/D
       70 |       0 |     264 |            0 |    +0.5% | -77.440 | -3842.313 | fbuf[4]$_DFFE_PN0P_/D
       80 |       0 |     322 |            0 |    +0.6% | -66.136 | -3395.898 | if_id_instr[17]$_DFFE_PN0P_/D
       90 |       0 |     369 |            0 |    +0.7% | -66.136 | -2798.587 | if_id_instr[17]$_DFFE_PN0P_/D
      100 |       0 |     407 |            0 |    +0.8% | -61.678 | -2329.903 | if_id_instr[16]$_DFFE_PN0P_/D
      110 |       0 |     439 |            0 |    +0.8% | -56.078 | -1794.460 | mem_rdata0[10]$_DFFE_PN0P_/D
      120 |       0 |     487 |            0 |    +0.9% | -47.346 | -953.220 | if_id_instr[22]$_DFFE_PN0P_/D
      130 |       0 |     526 |            0 |    +1.0% | -39.743 | -372.056 | if_id_instr[20]$_DFFE_PN0P_/D
      140 |       0 |     536 |            0 |    +1.0% | -23.679 | -243.566 | mem_rdata0[28]$_DFFE_PN0P_/D
      150 |       0 |     538 |            0 |    +1.0% | -19.956 | -219.887 | mem_rdata0[29]$_DFFE_PN0P_/D
      160 |       0 |     554 |            0 |    +1.1% |  -6.743 | -85.705 | mem_rdata0[3]$_DFFE_PN0P_/D
      170 |       0 |     564 |            0 |    +1.1% |  -4.613 | -28.390 | mem_rdata0[12]$_DFFE_PN0P_/D
      180 |       0 |     572 |            0 |    +1.1% |  -1.308 |  -1.715 | if_id_instr[8]$_DFFE_PN0P_/D
    final |       0 |     574 |            0 |    +1.1% |   0.189 |   0.000 | mem_rdata0[28]$_DFFE_PN0P_/D
--------------------------------------------------------------------------------------
[INFO RSZ-0032] Inserted 574 hold buffers.
Took 374 seconds: repair_timing -setup_margin 0 -hold_margin 0 -repair_tns 100 -verbose
detailed_placement
[INFO DPL-0006] Core area: 7521.05 um^2, Instances area: 3869.52 um^2, Utilization: 51.4%
[INFO DPL-0005] Diamond search max displacement: +/- 500 sites horizontally, +/- 100 rows vertically.
[INFO DPL-1101] Legalizing using diamond search.
Movements Summary
---------------------------------------
Total cells:                   33809
Diamond Move Success:          33809 (100.00%)
Diamond Move Failure:              0
Rip-up and replace Success:        0 (  0.00% of diamond failures)
Rip-up and replace Failure:        0
Total Placement Failures:          0
---------------------------------------
Placement Analysis
---------------------------------
total displacement        953.6 u
average displacement        0.0 u
max displacement            5.1 u
original HPWL          101566.0 u
legalized HPWL         102234.2 u
delta HPWL                    1 %

estimate_parasitics -placement
Report metrics stage 4, cts final...

==========================================================================
cts final report_design_area
--------------------------------------------------------------------------
Design area 3870 um^2 51% utilization.
write_db ./results/asap7/rv32imc_top/p900/4_1_cts.odb
write_sdc -no_timestamp ./results/asap7/rv32imc_top/p900/4_cts.sdc
Elapsed time: 7:10.74[h:]min:sec. CPU time: user 372.47 sys 218.39 (137%). Peak memory: 541504KB.
Log                       Ext     Elapsed/s Peak Memory/MB sha1sum result [0:20)
4_1_cts                   .odb          430            528 f1cec4eb33a6db195c4a
cp ./results/asap7/rv32imc_top/p900/4_1_cts.odb ./results/asap7/rv32imc_top/p900/4_cts.odb
/home/hatch/workspace/rv32imc-cpu/tools/orfs/flow/scripts/flow.sh 5_1_grt global_route
Running global_route.tcl, stage 5_1_grt
source /home/hatch/workspace/rv32imc-cpu/tools/orfs/flow/platforms/asap7/liberty_suppressions.tcl
read_liberty /home/hatch/workspace/rv32imc-cpu/tools/orfs/flow/platforms/asap7/lib/NLDM/asap7sc7p5t_AO_RVT_FF_nldm_211120.lib.gz
read_liberty /home/hatch/workspace/rv32imc-cpu/tools/orfs/flow/platforms/asap7/lib/NLDM/asap7sc7p5t_INVBUF_RVT_FF_nldm_220122.lib.gz
read_liberty /home/hatch/workspace/rv32imc-cpu/tools/orfs/flow/platforms/asap7/lib/NLDM/asap7sc7p5t_OA_RVT_FF_nldm_211120.lib.gz
read_liberty /home/hatch/workspace/rv32imc-cpu/tools/orfs/flow/platforms/asap7/lib/NLDM/asap7sc7p5t_SIMPLE_RVT_FF_nldm_211120.lib.gz
read_liberty /home/hatch/workspace/rv32imc-cpu/tools/orfs/flow/platforms/asap7/lib/NLDM/asap7sc7p5t_SEQ_RVT_FF_nldm_220123.lib
read_db ./results/asap7/rv32imc_top/p900/4_cts.odb
read_sdc ./results/asap7/rv32imc_top/p900/4_cts.sdc
source /home/hatch/workspace/rv32imc-cpu/tools/orfs/flow/platforms/asap7/setRC.tcl
pin_access
[INFO DRT-0149] Reading tech and libs.

Units:                1000
Number of layers:     21
Number of macros:     212
Number of vias:       14
Number of viarulegen: 11

[INFO DRT-0150] Reading design.

Design:                   rv32imc_top
Die area:                 ( 0 0 ) ( 90870 90870 )
Number of track patterns: 32
Number of DEF vias:       0
Number of components:     34935
Number of terminals:      234
Number of snets:          2
Number of nets:           36883

[INFO DRT-0167] List of default vias:
  Layer V2
    default via: VIA23
  Layer V3
    default via: VIA34
  Layer V4
    default via: VIA45
  Layer V5
    default via: VIA56
  Layer V6
    default via: VIA67
  Layer V7
    default via: VIA78
  Layer V8
    default via: VIA89
  Layer V9
    default via: VIA9Pad
[INFO DRT-0162] Library cell analysis.
[INFO DRT-0163] Instance analysis.
[INFO DRT-0164] Number of unique instances = 242.
[INFO DRT-0168] Init region query.
[INFO DRT-0024]   Complete Active.
[INFO DRT-0024]   Complete V0.
[INFO DRT-0024]   Complete M1.
[INFO DRT-0024]   Complete V1.
[INFO DRT-0024]   Complete M2.
[INFO DRT-0024]   Complete V2.
[INFO DRT-0024]   Complete M3.
[INFO DRT-0024]   Complete V3.
[INFO DRT-0024]   Complete M4.
[INFO DRT-0024]   Complete V4.
[INFO DRT-0024]   Complete M5.
[INFO DRT-0024]   Complete V5.
[INFO DRT-0024]   Complete M6.
[INFO DRT-0024]   Complete V6.
[INFO DRT-0024]   Complete M7.
[INFO DRT-0024]   Complete V7.
[INFO DRT-0024]   Complete M8.
[INFO DRT-0024]   Complete V8.
[INFO DRT-0024]   Complete M9.
[INFO DRT-0024]   Complete V9.
[INFO DRT-0024]   Complete Pad.
[INFO DRT-0033] Active shape region query size = 0.
[INFO DRT-0033] V0 shape region query size = 0.
[INFO DRT-0033] M1 shape region query size = 562139.
[INFO DRT-0033] V1 shape region query size = 830356.
[INFO DRT-0033] M2 shape region query size = 25588.
[INFO DRT-0033] V2 shape region query size = 15939.
[INFO DRT-0033] M3 shape region query size = 15939.
[INFO DRT-0033] V3 shape region query size = 10626.
[INFO DRT-0033] M4 shape region query size = 10741.
[INFO DRT-0033] V4 shape region query size = 10626.
[INFO DRT-0033] M5 shape region query size = 5991.
[INFO DRT-0033] V5 shape region query size = 1056.
[INFO DRT-0033] M6 shape region query size = 592.
[INFO DRT-0033] V6 shape region query size = 0.
[INFO DRT-0033] M7 shape region query size = 0.
[INFO DRT-0033] V7 shape region query size = 0.
[INFO DRT-0033] M8 shape region query size = 0.
[INFO DRT-0033] V8 shape region query size = 0.
[INFO DRT-0033] M9 shape region query size = 0.
[INFO DRT-0033] V9 shape region query size = 0.
[INFO DRT-0033] Pad shape region query size = 0.
[INFO DRT-0165] Start pin access.
[INFO DRT-0076]   Complete 1000 pins.
[INFO DRT-0078]   Complete 1326 pins.
[INFO DRT-0079]   Complete 100 unique inst patterns.
[INFO DRT-0079]   Complete 200 unique inst patterns.
[INFO DRT-0081]   Complete 242 unique inst patterns.
make[1]: *** [Makefile:613: do-5_1_grt] Terminated
make: *** [Makefile:631: do-grt] Terminated
[INFO DRT-0082]   Complete 10000 groups.
Terminated
