make: Entering directory '/home/hatch/workspace/rv32imc-cpu/tools/orfs/flow'
mkdir -p ./results/asap7/rv32imc_top/p1400/
echo 1.40 > ./results/asap7/rv32imc_top/p1400/clock_period.txt
/home/hatch/workspace/rv32imc-cpu/tools/orfs/flow/scripts/synth.sh /home/hatch/workspace/rv32imc-cpu/tools/orfs/flow/scripts/synth_canonicalize.tcl ./logs/asap7/rv32imc_top/p1400/1_1_yosys_canonicalize.log
Using ABC area script.
Extracting clock period from SDC file: ./results/asap7/rv32imc_top/p1400/clock_period.txt
Setting clock period to 1.40
1. Executing Liberty frontend: /home/hatch/workspace/rv32imc-cpu/tools/orfs/flow/platforms/asap7/lib/NLDM/asap7sc7p5t_AO_RVT_FF_nldm_211120.lib.gz
2. Executing Liberty frontend: /home/hatch/workspace/rv32imc-cpu/tools/orfs/flow/platforms/asap7/lib/NLDM/asap7sc7p5t_INVBUF_RVT_FF_nldm_220122.lib.gz
3. Executing Liberty frontend: /home/hatch/workspace/rv32imc-cpu/tools/orfs/flow/platforms/asap7/lib/NLDM/asap7sc7p5t_OA_RVT_FF_nldm_211120.lib.gz
4. Executing Liberty frontend: /home/hatch/workspace/rv32imc-cpu/tools/orfs/flow/platforms/asap7/lib/NLDM/asap7sc7p5t_SIMPLE_RVT_FF_nldm_211120.lib.gz
5. Executing Liberty frontend: /home/hatch/workspace/rv32imc-cpu/tools/orfs/flow/platforms/asap7/lib/NLDM/asap7sc7p5t_SEQ_RVT_FF_nldm_220123.lib
6. Executing Liberty frontend: /home/hatch/workspace/rv32imc-cpu/tools/orfs/flow/platforms/asap7/lib/NLDM/asap7sc7p5t_AO_RVT_FF_nldm_211120.lib.gz
7. Executing Liberty frontend: /home/hatch/workspace/rv32imc-cpu/tools/orfs/flow/platforms/asap7/lib/NLDM/asap7sc7p5t_INVBUF_RVT_FF_nldm_220122.lib.gz
8. Executing Liberty frontend: /home/hatch/workspace/rv32imc-cpu/tools/orfs/flow/platforms/asap7/lib/NLDM/asap7sc7p5t_OA_RVT_FF_nldm_211120.lib.gz
9. Executing Liberty frontend: /home/hatch/workspace/rv32imc-cpu/tools/orfs/flow/platforms/asap7/lib/NLDM/asap7sc7p5t_SIMPLE_RVT_FF_nldm_211120.lib.gz
10. Executing Liberty frontend: /home/hatch/workspace/rv32imc-cpu/tools/orfs/flow/platforms/asap7/lib/NLDM/asap7sc7p5t_SEQ_RVT_FF_nldm_220123.lib
11. Executing Verilog-2005 frontend: /home/hatch/workspace/rv32imc-cpu/rtl/alu.v
12. Executing Verilog-2005 frontend: /home/hatch/workspace/rv32imc-cpu/rtl/compressed_decoder.v
13. Executing Verilog-2005 frontend: /home/hatch/workspace/rv32imc-cpu/rtl/csr.v
14. Executing Verilog-2005 frontend: /home/hatch/workspace/rv32imc-cpu/rtl/mul_div.v
15. Executing Verilog-2005 frontend: /home/hatch/workspace/rv32imc-cpu/rtl/regfile.v
16. Executing Verilog-2005 frontend: /home/hatch/workspace/rv32imc-cpu/rtl/rv32imc_top.v
17. Executing Verilog-2005 frontend: /home/hatch/workspace/rv32imc-cpu/rtl/tb_extended.v
18. Executing Verilog-2005 frontend: /home/hatch/workspace/rv32imc-cpu/rtl/tb_smoke.v
19. Executing Verilog-2005 frontend: /home/hatch/workspace/rv32imc-cpu/tools/orfs/flow/platforms/asap7/yoSys/cells_clkgate_R.v
20. Executing HIERARCHY pass (managing design hierarchy).
21. Executing AST frontend in derive mode using pre-parsed AST for module `\rv32imc_top'.
21.1. Analyzing design hierarchy..
21.2. Executing AST frontend in derive mode using pre-parsed AST for module `\csr'.
21.3. Executing AST frontend in derive mode using pre-parsed AST for module `\divider'.
21.4. Executing AST frontend in derive mode using pre-parsed AST for module `\multiplier'.
21.5. Executing AST frontend in derive mode using pre-parsed AST for module `\alu'.
21.6. Executing AST frontend in derive mode using pre-parsed AST for module `\regfile'.
21.7. Executing AST frontend in derive mode using pre-parsed AST for module `\compressed_decoder'.
21.8. Analyzing design hierarchy..
21.9. Analyzing design hierarchy..
22. Executing OPT_CLEAN pass (remove unused cells and wires).
Warning: Ignoring module multiplier because it contains processes (run 'proc' command first).
Warning: Ignoring module divider because it contains processes (run 'proc' command first).
Warning: Ignoring module csr because it contains processes (run 'proc' command first).
Warning: Ignoring module rv32imc_top because it contains processes (run 'proc' command first).
Warning: Ignoring module compressed_decoder because it contains processes (run 'proc' command first).
Warning: Ignoring module regfile because it contains processes (run 'proc' command first).
Warning: Ignoring module alu because it contains processes (run 'proc' command first).
23. Executing RTLIL backend.
Warnings: 7 unique messages, 7 total
End of script. Logfile hash: 3ace14364f, time: 1.12s, user: 0.79s, system: 0.03s, MEM: 27.30 MB peak
Yosys 0.69+75 (git sha1 f0b945f63-dirty, Release, Clang /usr/bin/clang++ 21.1.8)
Time spent: 90% 12x read_liberty (0 sec), 5% 1x hierarchy (0 sec), ...
Elapsed time: 0:01.14[h:]min:sec. CPU time: user 0.82 sys 0.04 (75%). Peak memory: 29708KB.
Log                       Ext     Elapsed/s Peak Memory/MB sha1sum result [0:20)
1_1_yosys_canonicalize    .rtlil          1             29 df53b69f4322b325e2c3
/home/hatch/workspace/rv32imc-cpu/tools/orfs/flow/scripts/synth.sh /home/hatch/workspace/rv32imc-cpu/tools/orfs/flow/scripts/synth.tcl ./logs/asap7/rv32imc_top/p1400/1_2_yosys.log
Using ABC area script.
Extracting clock period from SDC file: ./results/asap7/rv32imc_top/p1400/clock_period.txt
Setting clock period to 1.40
1. Executing RTLIL frontend.
2. Executing HIERARCHY pass (managing design hierarchy).
2.1. Analyzing design hierarchy..
2.2. Analyzing design hierarchy..
3. Executing SYNTH pass.
3.1. Executing HIERARCHY pass (managing design hierarchy).
3.1.1. Analyzing design hierarchy..
3.1.2. Analyzing design hierarchy..
3.2. Executing PROC pass (convert processes to netlists).
3.2.1. Executing PROC_CLEAN pass (remove empty switches from decision trees).
3.2.2. Executing PROC_RMDEAD pass (remove dead branches from decision trees).
3.2.3. Executing PROC_PRUNE pass (remove redundant assignments in processes).
3.2.4. Executing PROC_INIT pass (extract init attributes).
3.2.5. Executing PROC_ARST pass (detect async resets in processes).
3.2.6. Executing PROC_ROM pass (convert switches to ROMs).
3.2.7. Executing PROC_MUX pass (convert decision trees to multiplexers).
3.2.8. Executing PROC_DLATCH pass (convert process syncs to latches).
3.2.9. Executing PROC_DFF pass (convert process syncs to FFs).
3.2.10. Executing PROC_MEMWR pass (convert process memory writes to cells).
3.2.11. Executing PROC_CLEAN pass (remove empty switches from decision trees).
3.2.12. Executing OPT_EXPR pass (perform const folding).
3.3. Executing CHECK pass (checking for obvious problems).
3.4. Executing FLATTEN pass (flatten design).
3.5. Executing OPT_EXPR pass (perform const folding).
3.6. Executing CHECK pass (checking for obvious problems).
3.7. Executing OPT_CLEAN pass (remove unused cells and wires).
3.8. Executing OPT pass (performing simple optimizations).
3.8.1. Executing OPT_EXPR pass (perform const folding).
3.8.2. Executing OPT_MERGE pass (detect identical cells).
3.8.3. Executing OPT_MUXTREE pass (detect dead branches in mux trees).
3.8.4. Executing OPT_REDUCE pass (consolidate $*mux and $reduce_* inputs).
3.8.5. Executing OPT_MERGE pass (detect identical cells).
3.8.6. Executing OPT_DFF pass (perform DFF optimizations).
3.8.7. Executing OPT_CLEAN pass (remove unused cells and wires).
3.8.8. Executing OPT_EXPR pass (perform const folding).
3.8.9. Rerunning OPT passes. (Maybe there is more to do..)
3.8.10. Executing OPT_MUXTREE pass (detect dead branches in mux trees).
3.8.11. Executing OPT_REDUCE pass (consolidate $*mux and $reduce_* inputs).
3.8.12. Executing OPT_MERGE pass (detect identical cells).
3.8.13. Executing OPT_DFF pass (perform DFF optimizations).
3.8.14. Executing OPT_CLEAN pass (remove unused cells and wires).
3.8.15. Executing OPT_EXPR pass (perform const folding).
3.8.16. Rerunning OPT passes. (Maybe there is more to do..)
3.8.17. Executing OPT_MUXTREE pass (detect dead branches in mux trees).
3.8.18. Executing OPT_REDUCE pass (consolidate $*mux and $reduce_* inputs).
3.8.19. Executing OPT_MERGE pass (detect identical cells).
3.8.20. Executing OPT_DFF pass (perform DFF optimizations).
3.8.21. Executing OPT_CLEAN pass (remove unused cells and wires).
3.8.22. Executing OPT_EXPR pass (perform const folding).
3.8.23. Finished fast OPT passes. (There is nothing left to do.)
3.9. Executing FSM pass (extract and optimize FSM).
3.9.1. Executing FSM_DETECT pass (finding FSMs in design).
3.9.2. Executing FSM_EXTRACT pass (extracting FSM from design).
3.9.3. Executing FSM_OPT pass (simple optimizations of FSMs).
3.9.4. Executing OPT_CLEAN pass (remove unused cells and wires).
3.9.5. Executing FSM_OPT pass (simple optimizations of FSMs).
3.9.6. Executing FSM_RECODE pass (re-assigning FSM state encoding).
3.9.7. Executing FSM_INFO pass (dumping all available information on FSM cells).
3.9.8. Executing FSM_MAP pass (mapping FSMs to basic logic).
3.10. Executing OPT pass (performing simple optimizations).
3.10.1. Executing OPT_EXPR pass (perform const folding).
3.10.2. Executing OPT_MERGE pass (detect identical cells).
3.10.3. Executing OPT_MUXTREE pass (detect dead branches in mux trees).
3.10.4. Executing OPT_REDUCE pass (consolidate $*mux and $reduce_* inputs).
3.10.5. Executing OPT_MERGE pass (detect identical cells).
3.10.6. Executing OPT_DFF pass (perform DFF optimizations).
3.10.7. Executing OPT_CLEAN pass (remove unused cells and wires).
3.10.8. Executing OPT_EXPR pass (perform const folding).
3.10.9. Rerunning OPT passes. (Maybe there is more to do..)
3.10.10. Executing OPT_MUXTREE pass (detect dead branches in mux trees).
3.10.11. Executing OPT_REDUCE pass (consolidate $*mux and $reduce_* inputs).
3.10.12. Executing OPT_MERGE pass (detect identical cells).
3.10.13. Executing OPT_DFF pass (perform DFF optimizations).
3.10.14. Executing OPT_CLEAN pass (remove unused cells and wires).
3.10.15. Executing OPT_EXPR pass (perform const folding).
3.10.16. Rerunning OPT passes. (Maybe there is more to do..)
3.10.17. Executing OPT_MUXTREE pass (detect dead branches in mux trees).
3.10.18. Executing OPT_REDUCE pass (consolidate $*mux and $reduce_* inputs).
3.10.19. Executing OPT_MERGE pass (detect identical cells).
3.10.20. Executing OPT_DFF pass (perform DFF optimizations).
3.10.21. Executing OPT_CLEAN pass (remove unused cells and wires).
3.10.22. Executing OPT_EXPR pass (perform const folding).
3.10.23. Finished fast OPT passes. (There is nothing left to do.)
3.11. Executing WREDUCE pass (reducing word size of cells).
3.12. Executing PEEPOPT pass (run peephole optimizers).
3.13. Executing OPT_CLEAN pass (remove unused cells and wires).
3.14. Executing ALUMACC pass (create $alu and $macc cells).
3.15. Executing SHARE pass (SAT-based resource sharing).
3.16. Executing OPT pass (performing simple optimizations).
3.16.1. Executing OPT_EXPR pass (perform const folding).
3.16.2. Executing OPT_MERGE pass (detect identical cells).
3.16.3. Executing OPT_MUXTREE pass (detect dead branches in mux trees).
3.16.4. Executing OPT_REDUCE pass (consolidate $*mux and $reduce_* inputs).
3.16.5. Executing OPT_MERGE pass (detect identical cells).
3.16.6. Executing OPT_DFF pass (perform DFF optimizations).
3.16.7. Executing OPT_CLEAN pass (remove unused cells and wires).
3.16.8. Executing OPT_EXPR pass (perform const folding).
3.16.9. Rerunning OPT passes. (Maybe there is more to do..)
3.16.10. Executing OPT_MUXTREE pass (detect dead branches in mux trees).
3.16.11. Executing OPT_REDUCE pass (consolidate $*mux and $reduce_* inputs).
3.16.12. Executing OPT_MERGE pass (detect identical cells).
3.16.13. Executing OPT_DFF pass (perform DFF optimizations).
3.16.14. Executing OPT_CLEAN pass (remove unused cells and wires).
3.16.15. Executing OPT_EXPR pass (perform const folding).
3.16.16. Finished fast OPT passes. (There is nothing left to do.)
3.17. Executing MEMORY pass.
3.17.1. Executing OPT_MEM pass (optimize memories).
3.17.2. Executing OPT_MEM_PRIORITY pass (removing unnecessary memory write priority relations).
3.17.3. Executing OPT_MEM_FEEDBACK pass (finding memory read-to-write feedback paths).
3.17.4. Executing MEMORY_BMUX2ROM pass (converting muxes to ROMs).
3.17.5. Executing MEMORY_DFF pass (merging $dff cells to $memrd).
3.17.6. Executing OPT_CLEAN pass (remove unused cells and wires).
3.17.7. Executing MEMORY_SHARE pass (consolidating $memrd/$memwr cells).
3.17.8. Executing OPT_MEM_WIDEN pass (optimize memories where all ports are wide).
3.17.9. Executing OPT_CLEAN pass (remove unused cells and wires).
3.17.10. Executing MEMORY_COLLECT pass (generating $mem cells).
3.18. Executing OPT_CLEAN pass (remove unused cells and wires).
4. Executing SYNTH pass.
4.1. Executing OPT pass (performing simple optimizations).
4.1.1. Executing OPT_EXPR pass (perform const folding).
4.1.2. Executing OPT_MERGE pass (detect identical cells).
4.1.3. Executing OPT_DFF pass (perform DFF optimizations).
4.1.4. Executing OPT_CLEAN pass (remove unused cells and wires).
4.1.5. Rerunning OPT passes. (Removed registers in this run.)
4.1.6. Executing OPT_EXPR pass (perform const folding).
4.1.7. Executing OPT_MERGE pass (detect identical cells).
4.1.8. Executing OPT_DFF pass (perform DFF optimizations).
4.1.9. Executing OPT_CLEAN pass (remove unused cells and wires).
4.1.10. Finished fast OPT passes.
4.2. Executing MEMORY_MAP pass (converting memories to logic and flip-flops).
4.3. Executing OPT pass (performing simple optimizations).
4.3.1. Executing OPT_EXPR pass (perform const folding).
4.3.2. Executing OPT_MERGE pass (detect identical cells).
4.3.3. Executing OPT_MUXTREE pass (detect dead branches in mux trees).
4.3.4. Executing OPT_REDUCE pass (consolidate $*mux and $reduce_* inputs).
4.3.5. Executing OPT_MERGE pass (detect identical cells).
4.3.6. Executing OPT_SHARE pass.
4.3.7. Executing OPT_DFF pass (perform DFF optimizations).
4.3.8. Executing OPT_CLEAN pass (remove unused cells and wires).
4.3.9. Executing OPT_EXPR pass (perform const folding).
4.3.10. Rerunning OPT passes. (Maybe there is more to do..)
4.3.11. Executing OPT_MUXTREE pass (detect dead branches in mux trees).
4.3.12. Executing OPT_REDUCE pass (consolidate $*mux and $reduce_* inputs).
4.3.13. Executing OPT_MERGE pass (detect identical cells).
4.3.14. Executing OPT_SHARE pass.
4.3.15. Executing OPT_DFF pass (perform DFF optimizations).
4.3.16. Executing OPT_CLEAN pass (remove unused cells and wires).
4.3.17. Executing OPT_EXPR pass (perform const folding).
4.3.18. Rerunning OPT passes. (Maybe there is more to do..)
4.3.19. Executing OPT_MUXTREE pass (detect dead branches in mux trees).
4.3.20. Executing OPT_REDUCE pass (consolidate $*mux and $reduce_* inputs).
4.3.21. Executing OPT_MERGE pass (detect identical cells).
4.3.22. Executing OPT_SHARE pass.
4.3.23. Executing OPT_DFF pass (perform DFF optimizations).
4.3.24. Executing OPT_CLEAN pass (remove unused cells and wires).
4.3.25. Executing OPT_EXPR pass (perform const folding).
4.3.26. Rerunning OPT passes. (Maybe there is more to do..)
4.3.27. Executing OPT_MUXTREE pass (detect dead branches in mux trees).
4.3.28. Executing OPT_REDUCE pass (consolidate $*mux and $reduce_* inputs).
4.3.29. Executing OPT_MERGE pass (detect identical cells).
4.3.30. Executing OPT_SHARE pass.
4.3.31. Executing OPT_DFF pass (perform DFF optimizations).
4.3.32. Executing OPT_CLEAN pass (remove unused cells and wires).
4.3.33. Executing OPT_EXPR pass (perform const folding).
4.3.34. Finished fast OPT passes. (There is nothing left to do.)
4.4. Executing TECHMAP pass (map to technology primitives).
4.4.1. Executing Verilog-2005 frontend: /home/hatch/workspace/rv32imc-cpu/tools/oss-cad-suite/lib/../share/yosys/techmap.v
4.4.2. Executing Verilog-2005 frontend: /home/hatch/workspace/rv32imc-cpu/tools/orfs/flow/platforms/common/lcu_kogge_stone.v
4.4.3. Continuing TECHMAP pass.
4.4.61. Executing OPT_MUXTREE pass (detect dead branches in mux trees).
4.4.62. Executing OPT_EXPR pass (perform const folding).
4.5. Executing OPT pass (performing simple optimizations).
4.5.1. Executing OPT_EXPR pass (perform const folding).
4.5.2. Executing OPT_MERGE pass (detect identical cells).
4.5.3. Executing OPT_DFF pass (perform DFF optimizations).
4.5.4. Executing OPT_CLEAN pass (remove unused cells and wires).
4.5.5. Rerunning OPT passes. (Removed registers in this run.)
4.5.6. Executing OPT_EXPR pass (perform const folding).
4.5.7. Executing OPT_MERGE pass (detect identical cells).
4.5.8. Executing OPT_DFF pass (perform DFF optimizations).
4.5.9. Executing OPT_CLEAN pass (remove unused cells and wires).
4.5.10. Finished fast OPT passes.
4.6. Executing HIERARCHY pass (managing design hierarchy).
4.6.1. Analyzing design hierarchy..
4.6.2. Analyzing design hierarchy..
4.7. Printing statistics.
4.8. Executing CHECK pass (checking for obvious problems).
5. Executing OPT pass (performing simple optimizations).
5.1. Executing OPT_EXPR pass (perform const folding).
5.2. Executing OPT_MERGE pass (detect identical cells).
5.3. Executing OPT_MUXTREE pass (detect dead branches in mux trees).
5.4. Executing OPT_REDUCE pass (consolidate $*mux and $reduce_* inputs).
5.5. Executing OPT_MERGE pass (detect identical cells).
5.6. Executing OPT_DFF pass (perform DFF optimizations).
5.7. Executing OPT_CLEAN pass (remove unused cells and wires).
5.8. Executing OPT_EXPR pass (perform const folding).
5.9. Rerunning OPT passes. (Maybe there is more to do..)
5.10. Executing OPT_MUXTREE pass (detect dead branches in mux trees).
5.11. Executing OPT_REDUCE pass (consolidate $*mux and $reduce_* inputs).
5.12. Executing OPT_MERGE pass (detect identical cells).
5.13. Executing OPT_DFF pass (perform DFF optimizations).
5.14. Executing OPT_CLEAN pass (remove unused cells and wires).
5.15. Executing OPT_EXPR pass (perform const folding).
5.16. Finished fast OPT passes. (There is nothing left to do.)
6. Executing EXTRACT_FA pass (find and extract full/half adders).
7. Executing TECHMAP pass (map to technology primitives).
7.1. Executing Verilog-2005 frontend: /home/hatch/workspace/rv32imc-cpu/tools/orfs/flow/platforms/asap7/yoSys/cells_adders_R.v
7.2. Continuing TECHMAP pass.
8. Executing TECHMAP pass (map to technology primitives).
8.1. Executing Verilog-2005 frontend: /home/hatch/workspace/rv32imc-cpu/tools/oss-cad-suite/lib/../share/yosys/techmap.v
8.2. Continuing TECHMAP pass.
9. Executing OPT pass (performing simple optimizations).
9.1. Executing OPT_EXPR pass (perform const folding).
9.2. Executing OPT_MERGE pass (detect identical cells).
9.3. Executing OPT_DFF pass (perform DFF optimizations).
9.4. Executing OPT_CLEAN pass (remove unused cells and wires).
9.5. Finished fast OPT passes.
10. Executing DFFLEGALIZE pass (convert FFs and LATCHes to types supported by the target).
11. Executing TECHMAP pass (map to technology primitives).
11.1. Executing Verilog-2005 frontend: /home/hatch/workspace/rv32imc-cpu/tools/orfs/flow/platforms/asap7/yoSys/cells_latch_R.v
11.2. Continuing TECHMAP pass.
12. Executing DFFLIBMAP pass (mapping DFF/DLATCH cells to sequential cells from liberty file).
12.1. Executing DFFLEGALIZE pass (convert FFs and LATCHes to types supported by the target).
13. Executing OPT pass (performing simple optimizations).
13.1. Executing OPT_EXPR pass (perform const folding).
13.2. Executing OPT_MERGE pass (detect identical cells).
13.3. Executing OPT_MUXTREE pass (detect dead branches in mux trees).
13.4. Executing OPT_REDUCE pass (consolidate $*mux and $reduce_* inputs).
13.5. Executing OPT_MERGE pass (detect identical cells).
13.6. Executing OPT_DFF pass (perform DFF optimizations).
13.7. Executing OPT_CLEAN pass (remove unused cells and wires).
13.8. Executing OPT_EXPR pass (perform const folding).
13.9. Rerunning OPT passes. (Maybe there is more to do..)
13.10. Executing OPT_MUXTREE pass (detect dead branches in mux trees).
13.11. Executing OPT_REDUCE pass (consolidate $*mux and $reduce_* inputs).
13.12. Executing OPT_MERGE pass (detect identical cells).
13.13. Executing OPT_DFF pass (perform DFF optimizations).
13.14. Executing OPT_CLEAN pass (remove unused cells and wires).
13.15. Executing OPT_EXPR pass (perform const folding).
13.16. Finished fast OPT passes. (There is nothing left to do.)
14. Executing SETUNDEF pass (replace undef values with defined constants).
abc -script /home/hatch/workspace/rv32imc-cpu/tools/orfs/flow/scripts/abc_area.script -liberty /home/hatch/workspace/rv32imc-cpu/tools/orfs/flow/platforms/asap7/lib/NLDM/asap7sc7p5t_AO_RVT_FF_nldm_211120.lib.gz -liberty /home/hatch/workspace/rv32imc-cpu/tools/orfs/flow/platforms/asap7/lib/NLDM/asap7sc7p5t_INVBUF_RVT_FF_nldm_220122.lib.gz -liberty /home/hatch/workspace/rv32imc-cpu/tools/orfs/flow/platforms/asap7/lib/NLDM/asap7sc7p5t_OA_RVT_FF_nldm_211120.lib.gz -liberty /home/hatch/workspace/rv32imc-cpu/tools/orfs/flow/platforms/asap7/lib/NLDM/asap7sc7p5t_SIMPLE_RVT_FF_nldm_211120.lib.gz -liberty /home/hatch/workspace/rv32imc-cpu/tools/orfs/flow/platforms/asap7/lib/NLDM/asap7sc7p5t_SEQ_RVT_FF_nldm_220123.lib -dont_use *x1p*_ASAP7* -dont_use *xp*_ASAP7* -dont_use SDF* -dont_use ICG* -constr ./objects/asap7/rv32imc_top/p1400/abc.constr -D 1.4
15. Executing ABC pass (technology mapping using ABC).
15.1. Summary of detected clock domains:
15.2. Extracting gate netlist of module `\rv32imc_top' to `<abc-temp-dir>/input.blif'..
15.2.1. Executed ABC.
15.2.2. Re-integrating ABC results.
Took 20 seconds: abc -script /home/hatch/workspace/rv32imc-cpu/tools/orfs/flow/scripts/abc_area.script -liberty /home/hatch/workspace/rv32imc-cpu/tools/orfs/flow/platforms/asap7/lib/NLDM/asap7sc7p5t_AO_RVT_FF_nldm_211120.lib.gz -liberty /home/hatch/workspace/rv32imc-cpu/tools/orfs/flow/platforms/asap7/lib/NLDM/asap7sc7p5t_INVBUF_RVT_FF_nldm_220122.lib.gz -liberty /home/hatch/workspace/rv32imc-cpu/tools/orfs/flow/platforms/asap7/lib/NLDM/asap7sc7p5t_OA_RVT_FF_nldm_211120.lib.gz -liberty /home/hatch/workspace/rv32imc-cpu/tools/orfs/flow/platforms/asap7/lib/NLDM/asap7sc7p5t_SIMPLE_RVT_FF_nldm_211120.lib.gz -liberty /home/hatch/workspace/rv32imc-cpu/tools/orfs/flow/platforms/asap7/lib/NLDM/asap7sc7p5t_SEQ_RVT_FF_nldm_220123.lib -dont_use *x1p*_ASAP7* -dont_use *xp*_ASAP7* -dont_use SDF* -dont_use ICG* -constr ./objects/asap7/rv32imc_top/p1400/abc.constr -D 1.4
16. Executing SPLITNETS pass (splitting up multi-bit signals).
17. Executing OPT_CLEAN pass (remove unused cells and wires).
18. Executing HILOMAP pass (mapping to constant drivers).
19. Executing INSBUF pass (insert buffer cells for connected wires).
20. Executing CHECK pass (checking for obvious problems).
21. Printing statistics.
22. Executing CHECK pass (checking for obvious problems).
23. Executing Verilog backend.
23.1. Executing BMUXMAP pass.
23.2. Executing DEMUXMAP pass.
End of script. Logfile hash: 68b9816496, time: 39.98s, user: 18.16s, system: 0.48s, MEM: 210.73 MB peak
Yosys 0.69+75 (git sha1 f0b945f63-dirty, Release, Clang /usr/bin/clang++ 21.1.8)
Time spent: 50% 1x abc (18 sec), 17% 1x extract_fa (6 sec), ...
Elapsed time: 0:40.09[h:]min:sec. CPU time: user 35.95 sys 0.81 (91%). Peak memory: 288884KB.
Log                       Ext     Elapsed/s Peak Memory/MB sha1sum result [0:20)
1_2_yosys                 .v             40            282 7a434de8b2bb78b4fffe
cp /home/hatch/workspace/rv32imc-cpu/pnr_asap7/design/rv32imc_top//constraint.sdc results/asap7/rv32imc_top/p1400/1_2_yosys.sdc
touch -r /home/hatch/workspace/rv32imc-cpu/pnr_asap7/design/rv32imc_top//constraint.sdc results/asap7/rv32imc_top/p1400/1_2_yosys.sdc
/home/hatch/workspace/rv32imc-cpu/tools/orfs/flow/scripts/flow.sh 1_synth synth_odb
Running synth_odb.tcl, stage 1_synth
source /home/hatch/workspace/rv32imc-cpu/tools/orfs/flow/platforms/asap7/liberty_suppressions.tcl
read_liberty /home/hatch/workspace/rv32imc-cpu/tools/orfs/flow/platforms/asap7/lib/NLDM/asap7sc7p5t_AO_RVT_FF_nldm_211120.lib.gz
read_liberty /home/hatch/workspace/rv32imc-cpu/tools/orfs/flow/platforms/asap7/lib/NLDM/asap7sc7p5t_INVBUF_RVT_FF_nldm_220122.lib.gz
read_liberty /home/hatch/workspace/rv32imc-cpu/tools/orfs/flow/platforms/asap7/lib/NLDM/asap7sc7p5t_OA_RVT_FF_nldm_211120.lib.gz
read_liberty /home/hatch/workspace/rv32imc-cpu/tools/orfs/flow/platforms/asap7/lib/NLDM/asap7sc7p5t_SIMPLE_RVT_FF_nldm_211120.lib.gz
read_liberty /home/hatch/workspace/rv32imc-cpu/tools/orfs/flow/platforms/asap7/lib/NLDM/asap7sc7p5t_SEQ_RVT_FF_nldm_220123.lib
[INFO ODB-0227] LEF file: /home/hatch/workspace/rv32imc-cpu/tools/orfs/flow/platforms/asap7/lef/asap7_tech_1x_201209.lef, created 30 layers, 9 vias
[INFO ODB-0227] LEF file: /home/hatch/workspace/rv32imc-cpu/tools/orfs/flow/platforms/asap7/lef/asap7sc7p5t_28_R_1x_220121a.lef, created 212 library cells
link_design rv32imc_top
read_sdc ./results/asap7/rv32imc_top/p1400/1_2_yosys.sdc
source /home/hatch/workspace/rv32imc-cpu/tools/orfs/flow/platforms/asap7/setRC.tcl
eliminate_dead_logic
Removed 0 unused instances and 0 unused nets.
Design area 3396 um^2 100% utilization.
write_db ./results/asap7/rv32imc_top/p1400/1_synth.odb
write_sdc -no_timestamp ./results/asap7/rv32imc_top/p1400/1_synth.sdc
Elapsed time: 0:03.38[h:]min:sec. CPU time: user 3.15 sys 0.14 (97%). Peak memory: 269316KB.
Log                       Ext     Elapsed/s Peak Memory/MB sha1sum result [0:20)
1_synth                   .odb            3            263 8073f72d4e02cb27666b
1_synth                   .sdc                             e493d16fd40b0a591cf0
/home/hatch/workspace/rv32imc-cpu/tools/orfs/flow/scripts/flow.sh 2_1_floorplan floorplan
Running floorplan.tcl, stage 2_1_floorplan
source /home/hatch/workspace/rv32imc-cpu/tools/orfs/flow/platforms/asap7/liberty_suppressions.tcl
read_liberty /home/hatch/workspace/rv32imc-cpu/tools/orfs/flow/platforms/asap7/lib/NLDM/asap7sc7p5t_AO_RVT_FF_nldm_211120.lib.gz
read_liberty /home/hatch/workspace/rv32imc-cpu/tools/orfs/flow/platforms/asap7/lib/NLDM/asap7sc7p5t_INVBUF_RVT_FF_nldm_220122.lib.gz
read_liberty /home/hatch/workspace/rv32imc-cpu/tools/orfs/flow/platforms/asap7/lib/NLDM/asap7sc7p5t_OA_RVT_FF_nldm_211120.lib.gz
read_liberty /home/hatch/workspace/rv32imc-cpu/tools/orfs/flow/platforms/asap7/lib/NLDM/asap7sc7p5t_SIMPLE_RVT_FF_nldm_211120.lib.gz
read_liberty /home/hatch/workspace/rv32imc-cpu/tools/orfs/flow/platforms/asap7/lib/NLDM/asap7sc7p5t_SEQ_RVT_FF_nldm_220123.lib
read_db ./results/asap7/rv32imc_top/p1400/1_synth.odb
read_sdc ./results/asap7/rv32imc_top/p1400/1_synth.sdc
source /home/hatch/workspace/rv32imc-cpu/tools/orfs/flow/platforms/asap7/setRC.tcl

==========================================================================
Floorplan check_setup
--------------------------------------------------------------------------
Warning: There is 1 input port missing set_input_delay.
number instances in verilog is 29834
initialize_floorplan -utilization 45 -aspect_ratio 1 -core_space 2 -site asap7sc7p5t
[INFO IFP-0107] Defining die area using utilization: 45.00% and aspect ratio: 1.
[WARNING IFP-0028] Core area lower left (2.000, 2.000) snapped to (2.052, 2.160).
[INFO IFP-0001] Added 321 rows of 1607 site asap7sc7p5t.
[INFO IFP-0100] Die BBox:  (  0.000  0.000 ) ( 90.870 90.870 ) um
[INFO IFP-0101] Core BBox: (  2.052  2.160 ) ( 88.830 88.830 ) um
[INFO IFP-0102] Core area:                         7521.049 um^2
[INFO IFP-0103] Total instances area:              3395.915 um^2
[INFO IFP-0104] Effective utilization:                0.452
[INFO IFP-0105] Number of instances:                  29834
source /home/hatch/workspace/rv32imc-cpu/tools/orfs/flow/platforms/asap7/openRoad/make_tracks.tcl
source /home/hatch/workspace/rv32imc-cpu/tools/orfs/flow/platforms/asap7/fastroute.tcl
set_dont_use "*x1p*_ASAP7* *xp*_ASAP7* SDF* ICG*"
repair_tie_fanout -separation 0 asap7sc7p5t_SIMPLE_RVT_FF_nldm_250407/TIELOx1_ASAP7_75t_R/L
[INFO RSZ-0042] Inserted 2 tie TIELOx1_ASAP7_75t_R instances.
repair_tie_fanout -separation 0 asap7sc7p5t_SIMPLE_RVT_FF_nldm_250407/TIEHIx1_ASAP7_75t_R/H
[INFO RSZ-0042] Inserted 748 tie TIEHIx1_ASAP7_75t_R instances.
repair_timing -setup_margin 0 -hold_margin 0 -repair_tns 100 -setup -skip_last_gasp -sequence unbuffer,sizeup,swap,vt_swap -verbose
[WARNING EST-0027] no estimated parasitics. Using wire load models.
[INFO RSZ-0100] Repair move sequence: UnbufferMove SizeUpMove SwapPinsMove 
[INFO RSZ-0094] Found 2405 endpoints with setup violations.
[INFO RSZ-0099] Repairing 2405 out of 2405 (100.00%) violating endpoints...
   Iter   | Removed | Resized | Inserted | Cloned |  Pin  |   Area   |    WNS   |   StTNS    |   EnTNS    |  Viol  |  Worst  
          | Buffers |  Gates  | Buffers  |  Gates | Swaps |          |          |            |            | Endpts | St/EnPt 
------------------------------------------------------------------------------------------------------------------------------
       0* |       0 |       0 |        0 |      0 |     0 |    +0.0% | -943.282 |  -582800.3 | -1027699.4 |   2405 | u_mul.result\[28\]$_DFFE_PN0P_/D
      10* |       0 |       7 |        0 |      0 |     2 |    +0.0% | -864.772 |  -582047.2 | -1026550.8 |   2405 | u_mul.result\[28\]$_DFFE_PN0P_/D
      20* |       0 |      13 |        0 |      0 |     6 |    +0.0% | -854.990 |  -581854.3 | -1026398.0 |   2405 | u_mul.result\[28\]$_DFFE_PN0P_/D
      30* |       0 |      20 |        0 |      0 |     9 |    +0.0% | -839.406 |  -581800.2 | -1026213.4 |   2405 | u_mul.result\[28\]$_DFFE_PN0P_/D
      40* |       0 |      25 |        0 |      0 |    14 |    +0.0% | -829.343 |  -581772.7 | -1026133.6 |   2405 | u_mul.result\[28\]$_DFFE_PN0P_/D
      50* |       0 |      25 |        0 |      0 |    24 |    +0.0% | -822.633 |  -581734.4 | -1026119.8 |   2405 | u_mul.result\[28\]$_DFFE_PN0P_/D
      54* |       0 |      25 |        0 |      0 |    21 |    +0.0% | -822.266 |  -581733.2 | -1026118.5 |   2405 | u_mul.result\[28\]$_DFFE_PN0P_/D
      60* |       0 |      26 |        0 |      0 |    25 |    +0.0% | -822.740 |  -581720.5 | -1026113.6 |   2405 | u_mul.result\[28\]$_DFFE_PN0P_/D
      68* |       0 |      25 |        0 |      0 |    21 |    +0.0% | -822.266 |  -581733.2 | -1026118.5 |   2405 | u_mul.result\[28\]$_DFFE_PN0P_/D
      70* |       0 |      25 |        0 |      0 |    22 |    +0.0% | -822.564 |  -581734.1 | -1026120.1 |   2405 | u_mul.result\[28\]$_DFFE_PN0P_/D
      71* |       0 |      25 |        0 |      0 |    21 |    +0.0% | -822.266 |  -581733.2 | -1026118.5 |   2405 | u_mul.result\[28\]$_DFFE_PN0P_/D
      80* |       0 |      26 |        0 |      0 |    28 |    +0.0% | -822.266 |  -581732.8 | -1026113.6 |   2405 | u_mul.result\[28\]$_DFFE_PN0P_/D
      82* |       0 |      27 |        0 |      0 |    28 |    +0.0% | -822.266 |  -581732.8 | -1026113.3 |   2405 | u_mul.result\[28\]$_DFFE_PN0P_/D
      90* |       0 |      29 |        0 |      0 |    33 |    +0.0% | -822.263 |  -581732.8 | -1026109.6 |   2405 | u_mul.result\[28\]$_DFFE_PN0P_/D
      94* |       0 |      31 |        0 |      0 |    34 |    +0.0% | -822.263 |  -581732.8 | -1026107.8 |   2405 | u_mul.result\[28\]$_DFFE_PN0P_/D
     100* |       0 |      31 |        0 |      0 |    39 |    +0.0% | -822.854 |  -581736.9 | -1026106.6 |   2405 | u_mul.result\[28\]$_DFFE_PN0P_/D
     101* |       0 |      31 |        0 |      0 |    34 |    +0.0% | -822.263 |  -581732.8 | -1026107.8 |   2405 | u_mul.result\[28\]$_DFFE_PN0P_/D
     110* |       0 |      35 |        0 |      0 |    38 |    +0.0% | -822.273 |  -581733.8 | -1026105.6 |   2405 | u_mul.result\[28\]$_DFFE_PN0P_/D
     110* |       0 |      33 |        0 |      0 |    35 |    +0.0% | -822.263 |  -581738.6 | -1026108.1 |   2405 | u_mul.result\[28\]$_DFFE_PN0P_/D
     120* |       0 |      35 |        0 |      0 |    42 |    +0.0% | -823.077 |  -581625.1 | -1026108.5 |   2405 | u_mul.result\[28\]$_DFFE_PN0P_/D
     130* |       0 |      35 |        0 |      0 |    52 |    +0.0% | -823.077 |  -581637.8 | -1026109.3 |   2405 | u_mul.result\[28\]$_DFFE_PN0P_/D
     131* |       0 |      33 |        0 |      0 |    35 |    +0.0% | -822.263 |  -581738.6 | -1026108.1 |   2405 | u_mul.result\[28\]$_DFFE_PN0P_/D
     140* |       0 |      37 |        0 |      0 |    39 |    +0.0% | -822.082 |  -581578.8 | -1021726.1 |   2405 | u_mul.result\[28\]$_DFFE_PN0P_/D
     143* |       0 |      38 |        0 |      0 |    40 |    +0.0% | -822.082 |  -581545.3 | -1020311.9 |   2405 | u_mul.result\[28\]$_DFFE_PN0P_/D
     150* |       0 |      44 |        0 |      0 |    40 |    +0.0% | -822.092 |  -581512.8 | -1020305.1 |   2405 | u_mul.result\[28\]$_DFFE_PN0P_/D
     160* |       0 |      50 |        0 |      0 |    44 |    +0.1% | -821.768 |  -581492.1 | -1020253.1 |   2405 | u_mul.result\[28\]$_DFFE_PN0P_/D
     161* |       0 |      51 |        0 |      0 |    44 |    +0.1% | -821.768 |  -581426.0 | -1018130.1 |   2405 | u_mul.result\[28\]$_DFFE_PN0P_/D
     169* |       0 |      54 |        0 |      0 |    47 |    +0.1% | -821.766 |  -581313.4 | -1015220.3 |   2405 | u_mul.result\[28\]$_DFFE_PN0P_/D
     170* |       0 |      54 |        0 |      0 |    47 |    +0.1% | -821.766 |  -581313.4 | -1015220.3 |   2405 | u_mul.result\[28\]$_DFFE_PN0P_/D
     174* |       0 |      56 |        0 |      0 |    49 |    +0.1% | -821.765 |  -581157.4 | -1015190.2 |   2405 | u_mul.result\[28\]$_DFFE_PN0P_/D
     178* |       0 |      56 |        0 |      0 |    49 |    +0.1% | -821.765 |  -581157.4 | -1015190.2 |   2405 | u_mul.result\[28\]$_DFFE_PN0P_/D
     180* |       0 |      57 |        0 |      0 |    49 |    +0.1% | -821.765 |  -581149.6 | -1015190.1 |   2405 | u_mul.result\[28\]$_DFFE_PN0P_/D
     190* |       0 |      64 |        0 |      0 |    52 |    +0.1% | -821.765 |  -581114.1 | -1015186.8 |   2405 | u_mul.result\[28\]$_DFFE_PN0P_/D
     200* |       0 |      71 |        0 |      0 |    55 |    +0.1% | -821.774 |  -581085.4 | -1015183.7 |   2405 | u_mul.result\[28\]$_DFFE_PN0P_/D
     210* |       0 |      80 |        0 |      0 |    56 |    +0.1% | -821.807 |  -581062.1 | -1015181.4 |   2405 | u_mul.result\[28\]$_DFFE_PN0P_/D
     220* |       0 |      86 |        0 |      0 |    60 |    +0.1% | -821.807 |  -581048.2 | -1015179.9 |   2405 | u_mul.result\[28\]$_DFFE_PN0P_/D
     230* |       0 |      94 |        0 |      0 |    62 |    +0.1% | -821.807 |  -581023.1 | -1015178.6 |   2405 | u_mul.result\[28\]$_DFFE_PN0P_/D
     240* |       0 |     103 |        0 |      0 |    63 |    +0.1% | -821.827 |  -581010.2 | -1015177.8 |   2405 | u_mul.result\[28\]$_DFFE_PN0P_/D
     240* |       0 |      64 |        0 |      0 |    52 |    +0.1% | -821.765 |  -581114.1 | -1015186.8 |   2405 | u_mul.result\[28\]$_DFFE_PN0P_/D
     242* |       0 |      64 |        0 |      0 |    52 |    +0.1% | -821.765 |  -581114.1 | -1015186.8 |   2405 | u_mul.result\[28\]$_DFFE_PN0P_/D
     245* |       0 |      64 |        0 |      0 |    52 |    +0.1% | -821.765 |  -581114.1 | -1015186.8 |   2405 | u_mul.result\[28\]$_DFFE_PN0P_/D
     250* |       0 |      68 |        0 |      0 |    52 |    +0.1% | -821.765 |  -580990.1 | -1012811.5 |   2405 | u_mul.result\[28\]$_DFFE_PN0P_/D
     260* |       0 |      73 |        0 |      0 |    57 |    +0.1% | -821.765 |  -580720.4 | -1009321.6 |   2405 | u_mul.result\[28\]$_DFFE_PN0P_/D
     270* |       0 |      80 |        0 |      0 |    60 |    +0.1% | -821.613 |  -580659.6 | -1008375.2 |   2405 | u_mul.result\[28\]$_DFFE_PN0P_/D
     280* |       0 |      87 |        0 |      0 |    63 |    +0.1% | -821.613 |  -580592.3 | -1006057.7 |   2405 | u_mul.result\[28\]$_DFFE_PN0P_/D
     290* |       0 |      94 |        0 |      0 |    66 |    +0.1% | -821.646 |  -580480.9 | -1004719.9 |   2405 | u_mul.result\[28\]$_DFFE_PN0P_/D
     300* |       0 |     101 |        0 |      0 |    69 |    +0.1% | -821.646 |  -580403.0 | -1003638.7 |   2405 | u_mul.result\[28\]$_DFFE_PN0P_/D
     310* |       0 |     109 |        0 |      0 |    71 |    +0.1% | -821.666 |  -580292.1 | -1002812.9 |   2405 | u_mul.result\[28\]$_DFFE_PN0P_/D
     320* |       0 |     118 |        0 |      0 |    72 |    +0.1% | -821.605 |  -580297.7 | -1002819.3 |   2405 | u_mul.result\[28\]$_DFFE_PN0P_/D
     330* |       0 |     125 |        0 |      0 |    75 |    +0.1% | -821.605 |  -580258.6 | -1001073.2 |   2405 | u_mul.result\[28\]$_DFFE_PN0P_/D
     340* |       0 |     134 |        0 |      0 |    76 |    +0.1% | -821.414 |  -580243.4 |  -999790.1 |   2405 | u_mul.result\[28\]$_DFFE_PN0P_/D
     350* |       0 |     142 |        0 |      0 |    78 |    +0.1% | -821.414 |  -580236.1 |  -999889.8 |   2405 | u_mul.result\[28\]$_DFFE_PN0P_/D
     360* |       0 |     146 |        0 |      0 |    84 |    +0.1% | -821.414 |  -580242.1 |  -996679.9 |   2405 | u_mul.result\[28\]$_DFFE_PN0P_/D
     370* |       0 |     152 |        0 |      0 |    88 |    +0.1% | -821.414 |  -580106.5 |  -995619.6 |   2405 | u_mul.result\[28\]$_DFFE_PN0P_/D
     380* |       0 |     157 |        0 |      0 |    93 |    +0.2% | -821.414 |  -580257.9 |  -995499.2 |   2405 | u_mul.result\[28\]$_DFFE_PN0P_/D
     390* |       0 |     157 |        0 |      0 |   103 |    +0.2% | -821.414 |  -580594.1 |  -996493.2 |   2405 | u_mul.result\[28\]$_DFFE_PN0P_/D
     394* |       0 |     154 |        0 |      0 |    88 |    +0.2% | -821.414 |  -580098.4 |  -995619.2 |   2405 | u_mul.result\[28\]$_DFFE_PN0P_/D
     397* |       0 |     154 |        0 |      0 |    90 |    +0.2% | -821.414 |  -580112.8 |  -995621.4 |   2405 | u_mul.result\[28\]$_DFFE_PN0P_/D
     400* |       0 |     156 |        0 |      0 |    90 |    +0.2% | -821.414 |  -579135.3 |  -995559.1 |   2405 | u_mul.result\[28\]$_DFFE_PN0P_/D
     410* |       0 |     161 |        0 |      0 |    95 |    +0.2% | -821.414 |  -580037.9 |  -997169.6 |   2405 | u_mul.result\[28\]$_DFFE_PN0P_/D
     411* |       0 |     160 |        0 |      0 |    91 |    +0.2% | -821.414 |  -579439.4 |  -995957.5 |   2405 | u_mul.result\[28\]$_DFFE_PN0P_/D
     417* |       0 |     162 |        0 |      0 |    94 |    +0.2% | -821.414 |  -579475.3 |  -995919.0 |   2405 | u_mul.result\[28\]$_DFFE_PN0P_/D
     419* |       0 |     163 |        0 |      0 |    94 |    +0.2% | -821.414 |  -579477.1 |  -995921.5 |   2405 | u_mul.result\[28\]$_DFFE_PN0P_/D
     420* |       0 |     163 |        0 |      0 |    94 |    +0.2% | -821.414 |  -579477.1 |  -995921.5 |   2405 | u_mul.result\[28\]$_DFFE_PN0P_/D
     421* |       0 |     164 |        0 |      0 |    94 |    +0.2% | -821.414 |  -579478.9 |  -995923.9 |   2405 | u_mul.result\[28\]$_DFFE_PN0P_/D
     423* |       0 |     165 |        0 |      0 |    94 |    +0.2% | -821.414 |  -579480.8 |  -995925.9 |   2405 | u_mul.result\[28\]$_DFFE_PN0P_/D
     425* |       0 |     166 |        0 |      0 |    94 |    +0.2% | -821.414 |  -579482.6 |  -995928.3 |   2405 | u_mul.result\[28\]$_DFFE_PN0P_/D
     427* |       0 |     167 |        0 |      0 |    94 |    +0.2% | -821.414 |  -579484.4 |  -995930.2 |   2405 | u_mul.result\[28\]$_DFFE_PN0P_/D
     429* |       0 |     168 |        0 |      0 |    94 |    +0.2% | -821.414 |  -579486.1 |  -995932.4 |   2405 | u_mul.result\[28\]$_DFFE_PN0P_/D
     430* |       0 |     168 |        0 |      0 |    94 |    +0.2% | -821.414 |  -579486.1 |  -995932.4 |   2405 | u_mul.result\[28\]$_DFFE_PN0P_/D
     431* |       0 |     169 |        0 |      0 |    94 |    +0.2% | -821.414 |  -579487.9 |  -995934.2 |   2405 | u_mul.result\[28\]$_DFFE_PN0P_/D
     433* |       0 |     170 |        0 |      0 |    94 |    +0.2% | -821.414 |  -579491.1 |  -995936.2 |   2405 | u_mul.result\[28\]$_DFFE_PN0P_/D
     440* |       0 |     175 |        0 |      0 |    95 |    +0.2% | -821.414 |  -579192.1 |  -995706.5 |   2405 | u_mul.result\[28\]$_DFFE_PN0P_/D
     446* |       0 |     181 |        0 |      0 |    95 |    +0.2% | -821.414 |  -579141.8 |  -995435.9 |   2405 | u_mul.result\[28\]$_DFFE_PN0P_/D
     447* |       0 |     181 |        0 |      0 |    95 |    +0.2% | -821.414 |  -579141.8 |  -995435.9 |   2405 | u_mul.result\[28\]$_DFFE_PN0P_/D
     450* |       0 |     183 |        0 |      0 |    95 |    +0.2% | -821.414 |  -579399.6 |  -995383.6 |   2405 | u_mul.result\[28\]$_DFFE_PN0P_/D
     454* |       0 |     184 |        0 |      0 |    98 |    +0.2% | -821.414 |  -579763.7 |  -995389.9 |   2405 | u_mul.result\[28\]$_DFFE_PN0P_/D
     460* |       0 |     189 |        0 |      0 |    98 |    +0.2% | -821.414 |  -579763.7 |  -995346.1 |   2405 | u_mul.result\[28\]$_DFFE_PN0P_/D
     463* |       0 |     191 |        0 |      0 |    99 |    +0.2% | -821.414 |  -579766.8 |  -995377.2 |   2405 | u_mul.result\[28\]$_DFFE_PN0P_/D
     469* |       0 |     194 |        0 |      0 |   101 |    +0.2% | -821.414 |  -580094.6 |  -995308.2 |   2405 | u_mul.result\[28\]$_DFFE_PN0P_/D
     470* |       0 |     194 |        0 |      0 |   101 |    +0.2% | -821.414 |  -580094.6 |  -995308.2 |   2405 | u_mul.result\[28\]$_DFFE_PN0P_/D
     472* |       0 |     194 |        0 |      0 |   103 |    +0.2% | -821.414 |  -580094.6 |  -995306.9 |   2405 | u_mul.result\[28\]$_DFFE_PN0P_/D
     475* |       0 |     194 |        0 |      0 |   105 |    +0.2% | -821.414 |  -580094.6 |  -995305.5 |   2405 | u_mul.result\[28\]$_DFFE_PN0P_/D
     478* |       0 |     194 |        0 |      0 |   107 |    +0.2% | -821.414 |  -580094.6 |  -995304.2 |   2405 | u_mul.result\[28\]$_DFFE_PN0P_/D
     480* |       0 |     194 |        0 |      0 |   108 |    +0.2% | -821.414 |  -580094.6 |  -995302.4 |   2405 | u_mul.result\[28\]$_DFFE_PN0P_/D
     481* |       0 |     194 |        0 |      0 |   109 |    +0.2% | -821.414 |  -580094.6 |  -995302.7 |   2405 | u_mul.result\[28\]$_DFFE_PN0P_/D
     484* |       0 |     194 |        0 |      0 |   111 |    +0.2% | -821.414 |  -580094.6 |  -995301.3 |   2405 | u_mul.result\[28\]$_DFFE_PN0P_/D
     487* |       0 |     194 |        0 |      0 |   113 |    +0.2% | -821.414 |  -580094.6 |  -995299.9 |   2405 | u_mul.result\[28\]$_DFFE_PN0P_/D
     490* |       0 |     196 |        0 |      0 |   113 |    +0.2% | -821.414 |  -580337.5 |  -995247.3 |   2405 | u_mul.result\[28\]$_DFFE_PN0P_/D
     493* |       0 |     197 |        0 |      0 |   115 |    +0.2% | -821.414 |  -580471.3 |  -995230.4 |   2405 | u_mul.result\[28\]$_DFFE_PN0P_/D
     496* |       0 |     198 |        0 |      0 |   116 |    +0.2% | -821.414 |  -580471.3 |  -995233.3 |   2405 | u_mul.result\[28\]$_DFFE_PN0P_/D
     499* |       0 |     198 |        0 |      0 |   118 |    +0.2% | -821.414 |  -580471.3 |  -995232.0 |   2405 | u_mul.result\[28\]$_DFFE_PN0P_/D
     500* |       0 |     198 |        0 |      0 |   118 |    +0.2% | -821.414 |  -580471.3 |  -995232.0 |   2405 | u_mul.result\[28\]$_DFFE_PN0P_/D
     502* |       0 |     198 |        0 |      0 |   120 |    +0.2% | -821.414 |  -580471.3 |  -995230.6 |   2405 | u_mul.result\[28\]$_DFFE_PN0P_/D
     505* |       0 |     198 |        0 |      0 |   122 |    +0.2% | -821.414 |  -580471.3 |  -995229.2 |   2405 | u_mul.result\[28\]$_DFFE_PN0P_/D
     508* |       0 |     198 |        0 |      0 |   124 |    +0.2% | -821.414 |  -580471.3 |  -995227.9 |   2405 | u_mul.result\[28\]$_DFFE_PN0P_/D
     510* |       0 |     198 |        0 |      0 |   125 |    +0.2% | -821.414 |  -580471.3 |  -995226.2 |   2405 | u_mul.result\[28\]$_DFFE_PN0P_/D
     511* |       0 |     198 |        0 |      0 |   126 |    +0.2% | -821.414 |  -580471.3 |  -995226.4 |   2405 | u_mul.result\[28\]$_DFFE_PN0P_/D
     514* |       0 |     198 |        0 |      0 |   128 |    +0.2% | -821.414 |  -580471.3 |  -995225.1 |   2405 | u_mul.result\[28\]$_DFFE_PN0P_/D
     517* |       0 |     198 |        0 |      0 |   130 |    +0.2% | -821.414 |  -580471.3 |  -995223.9 |   2405 | u_mul.result\[28\]$_DFFE_PN0P_/D
     520* |       0 |     198 |        0 |      0 |   132 |    +0.2% | -821.414 |  -580471.3 |  -995222.6 |   2405 | u_mul.result\[28\]$_DFFE_PN0P_/D
     520* |       0 |     198 |        0 |      0 |   132 |    +0.2% | -821.414 |  -580471.3 |  -995222.6 |   2405 | u_mul.result\[28\]$_DFFE_PN0P_/D
     523* |       0 |     198 |        0 |      0 |   134 |    +0.2% | -821.414 |  -580471.3 |  -995221.4 |   2405 | u_mul.result\[28\]$_DFFE_PN0P_/D
     529* |       0 |     201 |        0 |      0 |   136 |    +0.2% | -821.414 |  -578638.3 |  -995150.9 |   2405 | u_mul.result\[28\]$_DFFE_PN0P_/D
     530* |       0 |     201 |        0 |      0 |   136 |    +0.2% | -821.414 |  -578638.3 |  -995150.9 |   2405 | u_mul.result\[28\]$_DFFE_PN0P_/D
     532* |       0 |     201 |        0 |      0 |   138 |    +0.2% | -821.414 |  -578638.3 |  -995149.8 |   2405 | u_mul.result\[28\]$_DFFE_PN0P_/D
     535* |       0 |     201 |        0 |      0 |   140 |    +0.2% | -821.414 |  -578638.3 |  -995148.5 |   2405 | u_mul.result\[28\]$_DFFE_PN0P_/D
     538* |       0 |     201 |        0 |      0 |   142 |    +0.2% | -821.414 |  -578638.3 |  -995147.4 |   2405 | u_mul.result\[28\]$_DFFE_PN0P_/D
     540* |       0 |     201 |        0 |      0 |   143 |    +0.2% | -821.414 |  -578638.3 |  -995145.8 |   2405 | u_mul.result\[28\]$_DFFE_PN0P_/D
     541* |       0 |     201 |        0 |      0 |   144 |    +0.2% | -821.414 |  -578638.3 |  -995146.2 |   2405 | u_mul.result\[28\]$_DFFE_PN0P_/D
     544* |       0 |     201 |        0 |      0 |   146 |    +0.2% | -821.414 |  -578638.3 |  -995145.0 |   2405 | u_mul.result\[28\]$_DFFE_PN0P_/D
     547* |       0 |     201 |        0 |      0 |   148 |    +0.2% | -821.414 |  -578638.3 |  -995143.9 |   2405 | u_mul.result\[28\]$_DFFE_PN0P_/D
     550* |       0 |     201 |        0 |      0 |   150 |    +0.2% | -821.414 |  -578638.3 |  -995142.6 |   2405 | u_mul.result\[28\]$_DFFE_PN0P_/D
     550* |       0 |     201 |        0 |      0 |   150 |    +0.2% | -821.414 |  -578638.3 |  -995142.6 |   2405 | u_mul.result\[28\]$_DFFE_PN0P_/D
     553* |       0 |     201 |        0 |      0 |   152 |    +0.2% | -821.414 |  -578638.3 |  -995141.5 |   2405 | u_mul.result\[28\]$_DFFE_PN0P_/D
     556* |       0 |     201 |        0 |      0 |   154 |    +0.2% | -821.414 |  -578638.3 |  -995140.2 |   2405 | u_mul.result\[28\]$_DFFE_PN0P_/D
     559* |       0 |     201 |        0 |      0 |   156 |    +0.2% | -821.414 |  -578638.3 |  -995139.1 |   2405 | u_mul.result\[28\]$_DFFE_PN0P_/D
     560* |       0 |     201 |        0 |      0 |   156 |    +0.2% | -821.414 |  -578638.3 |  -995139.1 |   2405 | u_mul.result\[28\]$_DFFE_PN0P_/D
     562* |       0 |     201 |        0 |      0 |   158 |    +0.2% | -821.414 |  -578638.3 |  -995137.9 |   2405 | u_mul.result\[28\]$_DFFE_PN0P_/D
     565* |       0 |     201 |        0 |      0 |   160 |    +0.2% | -821.414 |  -578638.3 |  -995136.7 |   2405 | u_mul.result\[28\]$_DFFE_PN0P_/D
     568* |       0 |     201 |        0 |      0 |   162 |    +0.2% | -821.414 |  -578638.3 |  -995135.4 |   2405 | u_mul.result\[28\]$_DFFE_PN0P_/D
     570* |       0 |     201 |        0 |      0 |   163 |    +0.2% | -821.414 |  -578638.3 |  -995133.9 |   2405 | u_mul.result\[28\]$_DFFE_PN0P_/D
     571* |       0 |     201 |        0 |      0 |   164 |    +0.2% | -821.414 |  -578638.3 |  -995134.3 |   2405 | u_mul.result\[28\]$_DFFE_PN0P_/D
     574* |       0 |     201 |        0 |      0 |   166 |    +0.2% | -821.414 |  -578638.3 |  -995133.1 |   2405 | u_mul.result\[28\]$_DFFE_PN0P_/D
     577* |       0 |     201 |        0 |      0 |   168 |    +0.2% | -821.414 |  -578638.3 |  -995131.7 |   2405 | u_mul.result\[28\]$_DFFE_PN0P_/D
     580* |       0 |     201 |        0 |      0 |   170 |    +0.2% | -821.414 |  -578638.3 |  -995130.3 |   2405 | u_mul.result\[28\]$_DFFE_PN0P_/D
     580* |       0 |     201 |        0 |      0 |   170 |    +0.2% | -821.414 |  -578638.3 |  -995130.3 |   2405 | u_mul.result\[28\]$_DFFE_PN0P_/D
     583* |       0 |     201 |        0 |      0 |   172 |    +0.2% | -821.414 |  -578638.3 |  -995129.1 |   2405 | u_mul.result\[28\]$_DFFE_PN0P_/D
     586* |       0 |     201 |        0 |      0 |   174 |    +0.2% | -821.414 |  -578638.3 |  -995127.8 |   2405 | u_mul.result\[28\]$_DFFE_PN0P_/D
     589* |       0 |     201 |        0 |      0 |   176 |    +0.2% | -821.414 |  -578638.3 |  -995126.6 |   2405 | u_mul.result\[28\]$_DFFE_PN0P_/D
     590* |       0 |     201 |        0 |      0 |   176 |    +0.2% | -821.414 |  -578638.3 |  -995126.6 |   2405 | u_mul.result\[28\]$_DFFE_PN0P_/D
     592* |       0 |     201 |        0 |      0 |   178 |    +0.2% | -821.414 |  -578638.3 |  -995125.2 |   2405 | u_mul.result\[28\]$_DFFE_PN0P_/D
     595* |       0 |     202 |        0 |      0 |   179 |    +0.2% | -821.414 |  -578638.3 |  -995126.9 |   2405 | u_mul.result\[28\]$_DFFE_PN0P_/D
     598* |       0 |     203 |        0 |      0 |   180 |    +0.2% | -821.414 |  -578638.3 |  -995129.1 |   2405 | u_mul.result\[28\]$_DFFE_PN0P_/D
     600* |       0 |     204 |        0 |      0 |   180 |    +0.2% | -821.414 |  -578638.3 |  -995129.7 |   2405 | u_mul.result\[28\]$_DFFE_PN0P_/D
     601* |       0 |     204 |        0 |      0 |   180 |    +0.2% | -821.414 |  -578638.3 |  -995129.7 |   2405 | u_mul.result\[28\]$_DFFE_PN0P_/D
     604* |       0 |     205 |        0 |      0 |   180 |    +0.2% | -821.414 |  -578638.3 |  -995130.6 |   2405 | u_mul.result\[28\]$_DFFE_PN0P_/D
     610* |       0 |     209 |        0 |      0 |   181 |    +0.2% | -821.414 |  -578534.1 |  -995132.9 |   2405 | u_mul.result\[28\]$_DFFE_PN0P_/D
     610* |       0 |     209 |        0 |      0 |   180 |    +0.2% | -821.414 |  -578534.1 |  -995132.2 |   2405 | u_mul.result\[28\]$_DFFE_PN0P_/D
     613* |       0 |     210 |        0 |      0 |   180 |    +0.2% | -821.414 |  -578536.1 |  -995133.8 |   2405 | u_mul.result\[28\]$_DFFE_PN0P_/D
     616* |       0 |     211 |        0 |      0 |   180 |    +0.2% | -821.414 |  -578539.8 |  -995135.0 |   2405 | u_mul.result\[28\]$_DFFE_PN0P_/D
     619* |       0 |     212 |        0 |      0 |   180 |    +0.2% | -821.414 |  -578539.8 |  -995136.4 |   2405 | u_mul.result\[28\]$_DFFE_PN0P_/D
     620* |       0 |     212 |        0 |      0 |   180 |    +0.2% | -821.414 |  -578539.8 |  -995136.4 |   2405 | u_mul.result\[28\]$_DFFE_PN0P_/D
     622* |       0 |     213 |        0 |      0 |   180 |    +0.2% | -821.414 |  -578539.8 |  -995137.8 |   2405 | u_mul.result\[28\]$_DFFE_PN0P_/D
     625* |       0 |     214 |        0 |      0 |   180 |    +0.2% | -821.414 |  -578539.8 |  -995139.2 |   2405 | u_mul.result\[28\]$_DFFE_PN0P_/D
     628* |       0 |     215 |        0 |      0 |   180 |    +0.2% | -821.414 |  -578539.8 |  -995140.7 |   2405 | u_mul.result\[28\]$_DFFE_PN0P_/D
     630* |       0 |     216 |        0 |      0 |   180 |    +0.2% | -821.414 |  -578539.8 |  -995141.9 |   2405 | u_mul.result\[28\]$_DFFE_PN0P_/D
     631* |       0 |     216 |        0 |      0 |   180 |    +0.2% | -821.414 |  -578539.8 |  -995141.9 |   2405 | u_mul.result\[28\]$_DFFE_PN0P_/D
     634* |       0 |     217 |        0 |      0 |   180 |    +0.2% | -821.414 |  -578539.8 |  -995143.2 |   2405 | u_mul.result\[28\]$_DFFE_PN0P_/D
     637* |       0 |     218 |        0 |      0 |   180 |    +0.2% | -821.414 |  -578543.4 |  -995144.7 |   2405 | u_mul.result\[28\]$_DFFE_PN0P_/D
     640* |       0 |     219 |        0 |      0 |   181 |    +0.2% | -821.414 |  -578543.4 |  -995146.6 |   2405 | u_mul.result\[28\]$_DFFE_PN0P_/D
     640* |       0 |     219 |        0 |      0 |   180 |    +0.2% | -821.414 |  -578543.4 |  -995145.9 |   2405 | u_mul.result\[28\]$_DFFE_PN0P_/D
     643* |       0 |     220 |        0 |      0 |   180 |    +0.2% | -821.414 |  -578543.4 |  -995147.1 |   2405 | u_mul.result\[28\]$_DFFE_PN0P_/D
     650* |       0 |     225 |        0 |      0 |   181 |    +0.3% | -821.414 |  -579575.1 |  -995186.4 |   2405 | u_mul.result\[28\]$_DFFE_PN0P_/D
     653* |       0 |     228 |        0 |      0 |   181 |    +0.3% | -821.414 |  -579578.2 |  -995191.5 |   2405 | u_mul.result\[28\]$_DFFE_PN0P_/D
     660* |       0 |     234 |        0 |      0 |   181 |    +0.3% | -821.414 |  -579881.6 |  -995140.7 |   2405 | u_mul.result\[28\]$_DFFE_PN0P_/D
     660* |       0 |     234 |        0 |      0 |   181 |    +0.3% | -821.414 |  -579881.6 |  -995140.7 |   2405 | u_mul.result\[28\]$_DFFE_PN0P_/D
     662* |       0 |     235 |        0 |      0 |   181 |    +0.3% | -821.414 |  -579881.6 |  -995141.9 |   2405 | u_mul.result\[28\]$_DFFE_PN0P_/D
     664* |       0 |     236 |        0 |      0 |   181 |    +0.3% | -821.414 |  -579881.6 |  -995143.2 |   2405 | u_mul.result\[28\]$_DFFE_PN0P_/D
     666* |       0 |     237 |        0 |      0 |   181 |    +0.3% | -821.414 |  -579881.6 |  -995148.3 |   2405 | u_mul.result\[28\]$_DFFE_PN0P_/D
     670* |       0 |     240 |        0 |      0 |   181 |    +0.3% | -821.414 |  -579867.4 |  -995147.2 |   2405 | u_mul.result\[28\]$_DFFE_PN0P_/D
     670* |       0 |     240 |        0 |      0 |   181 |    +0.3% | -821.414 |  -579867.4 |  -995147.2 |   2405 | u_mul.result\[28\]$_DFFE_PN0P_/D
     672* |       0 |     241 |        0 |      0 |   181 |    +0.3% | -821.414 |  -579867.4 |  -995152.1 |   2405 | u_mul.result\[28\]$_DFFE_PN0P_/D
     675* |       0 |     242 |        0 |      0 |   181 |    +0.3% | -821.414 |  -579867.4 |  -995156.5 |   2405 | u_mul.result\[28\]$_DFFE_PN0P_/D
     678* |       0 |     243 |        0 |      0 |   181 |    +0.3% | -821.414 |  -579867.4 |  -995160.7 |   2405 | u_mul.result\[28\]$_DFFE_PN0P_/D
     680* |       0 |     244 |        0 |      0 |   181 |    +0.3% | -821.414 |  -579871.0 |  -995165.4 |   2405 | u_mul.result\[28\]$_DFFE_PN0P_/D
     680* |       0 |     244 |        0 |      0 |   181 |    +0.3% | -821.414 |  -579871.0 |  -995165.4 |   2405 | u_mul.result\[28\]$_DFFE_PN0P_/D
     682* |       0 |     245 |        0 |      0 |   181 |    +0.3% | -821.414 |  -579875.0 |  -995170.6 |   2405 | u_mul.result\[28\]$_DFFE_PN0P_/D
     685* |       0 |     246 |        0 |      0 |   181 |    +0.3% | -821.414 |  -579875.0 |  -995174.9 |   2405 | u_mul.result\[28\]$_DFFE_PN0P_/D
     688* |       0 |     248 |        0 |      0 |   181 |    +0.3% | -821.414 |  -580603.4 |  -995285.4 |   2405 | u_mul.result\[28\]$_DFFE_PN0P_/D
     690* |       0 |     249 |        0 |      0 |   181 |    +0.3% | -821.414 |  -580606.9 |  -995290.2 |   2405 | u_mul.result\[28\]$_DFFE_PN0P_/D
     691* |       0 |     249 |        0 |      0 |   181 |    +0.3% | -821.414 |  -580606.9 |  -995290.2 |   2405 | u_mul.result\[28\]$_DFFE_PN0P_/D
     693* |       0 |     250 |        0 |      0 |   181 |    +0.3% | -821.414 |  -580606.9 |  -995288.5 |   2405 | u_mul.result\[28\]$_DFFE_PN0P_/D
     696* |       0 |     251 |        0 |      0 |   181 |    +0.3% | -821.414 |  -580610.2 |  -995292.8 |   2405 | u_mul.result\[28\]$_DFFE_PN0P_/D
     699* |       0 |     252 |        0 |      0 |   181 |    +0.3% | -821.414 |  -580613.3 |  -995297.0 |   2405 | u_mul.result\[28\]$_DFFE_PN0P_/D
     700* |       0 |     252 |        0 |      0 |   181 |    +0.3% | -821.414 |  -580613.3 |  -995297.0 |   2405 | u_mul.result\[28\]$_DFFE_PN0P_/D
     702* |       0 |     253 |        0 |      0 |   181 |    +0.3% | -821.414 |  -580616.4 |  -995301.2 |   2405 | u_mul.result\[28\]$_DFFE_PN0P_/D
     705* |       0 |     255 |        0 |      0 |   181 |    +0.3% | -821.414 |  -581329.4 |  -995410.6 |   2405 | u_mul.result\[28\]$_DFFE_PN0P_/D
     707* |       0 |     256 |        0 |      0 |   181 |    +0.3% | -821.414 |  -581357.8 |  -995408.6 |   2405 | u_mul.result\[28\]$_DFFE_PN0P_/D
     710* |       0 |     258 |        0 |      0 |   181 |    +0.3% | -821.414 |  -580559.1 |  -995365.9 |   2405 | u_mul.result\[28\]$_DFFE_PN0P_/D
     712* |       0 |     260 |        0 |      0 |   181 |    +0.3% | -821.414 |  -580699.4 |  -995361.4 |   2405 | u_mul.result\[28\]$_DFFE_PN0P_/D
     714* |       0 |     261 |        0 |      0 |   181 |    +0.3% | -821.414 |  -580699.4 |  -995366.2 |   2405 | u_mul.result\[28\]$_DFFE_PN0P_/D
     716* |       0 |     262 |        0 |      0 |   181 |    +0.3% | -821.414 |  -580716.7 |  -995370.8 |   2405 | u_mul.result\[28\]$_DFFE_PN0P_/D
     718* |       0 |     263 |        0 |      0 |   181 |    +0.3% | -821.414 |  -580716.7 |  -995375.7 |   2405 | u_mul.result\[28\]$_DFFE_PN0P_/D
     720* |       0 |     264 |        0 |      0 |   181 |    +0.3% | -821.414 |  -580717.1 |  -995356.8 |   2405 | u_mul.result\[28\]$_DFFE_PN0P_/D
     727* |       0 |     269 |        0 |      0 |   182 |    +0.3% | -821.414 |  -580683.8 |  -995351.7 |   2405 | u_mul.result\[28\]$_DFFE_PN0P_/D
     730* |       0 |     271 |        0 |      0 |   182 |    +0.3% | -821.414 |  -580683.2 |  -995306.9 |   2405 | u_mul.result\[28\]$_DFFE_PN0P_/D
     740* |       0 |     279 |        0 |      0 |   184 |    +0.3% | -821.414 |  -580664.9 |  -995152.1 |   2405 | u_mul.result\[28\]$_DFFE_PN0P_/D
     740* |       0 |     279 |        0 |      0 |   184 |    +0.3% | -821.414 |  -580664.9 |  -995152.1 |   2405 | u_mul.result\[28\]$_DFFE_PN0P_/D
     743* |       0 |     280 |        0 |      0 |   185 |    +0.3% | -821.414 |  -580678.6 |  -995150.8 |   2405 | u_mul.result\[28\]$_DFFE_PN0P_/D
     747* |       0 |     281 |        0 |      0 |   186 |    +0.4% | -821.414 |  -580684.8 |  -995151.2 |   2405 | u_mul.result\[28\]$_DFFE_PN0P_/D
     750* |       0 |     282 |        0 |      0 |   187 |    +0.4% | -821.414 |  -580691.2 |  -995153.6 |   2405 | u_mul.result\[28\]$_DFFE_PN0P_/D
     751* |       0 |     282 |        0 |      0 |   187 |    +0.4% | -821.414 |  -580691.2 |  -995153.6 |   2405 | u_mul.result\[28\]$_DFFE_PN0P_/D
     755* |       0 |     282 |        0 |      0 |   187 |    +0.4% | -821.414 |  -580691.2 |  -995153.6 |   2405 | u_mul.result\[28\]$_DFFE_PN0P_/D
     760* |       0 |     286 |        0 |      0 |   187 |    +0.4% | -821.414 |  -580690.6 |  -995051.1 |   2405 | u_mul.result\[28\]$_DFFE_PN0P_/D
     764* |       0 |     289 |        0 |      0 |   188 |    +0.4% | -821.414 |  -580690.8 |  -995075.8 |   2405 | u_mul.result\[28\]$_DFFE_PN0P_/D
     767* |       0 |     290 |        0 |      0 |   189 |    +0.4% | -821.414 |  -580704.2 |  -995074.1 |   2405 | u_mul.result\[28\]$_DFFE_PN0P_/D
     770* |       0 |     291 |        0 |      0 |   190 |    +0.4% | -821.414 |  -580711.8 |  -995073.5 |   2405 | u_mul.result\[28\]$_DFFE_PN0P_/D
     771* |       0 |     291 |        0 |      0 |   190 |    +0.4% | -821.414 |  -580711.8 |  -995073.5 |   2405 | u_mul.result\[28\]$_DFFE_PN0P_/D
     780* |       0 |     298 |        0 |      0 |   191 |    +0.4% | -821.414 |  -580708.9 |  -994987.0 |   2405 | u_mul.result\[28\]$_DFFE_PN0P_/D
     780* |       0 |     298 |        0 |      0 |   191 |    +0.4% | -821.414 |  -580708.9 |  -994987.0 |   2405 | u_mul.result\[28\]$_DFFE_PN0P_/D
     783* |       0 |     299 |        0 |      0 |   192 |    +0.4% | -821.414 |  -580707.3 |  -994985.2 |   2405 | u_mul.result\[28\]$_DFFE_PN0P_/D
     787* |       0 |     300 |        0 |      0 |   193 |    +0.4% | -821.414 |  -580705.7 |  -994984.1 |   2405 | u_mul.result\[28\]$_DFFE_PN0P_/D
     790* |       0 |     301 |        0 |      0 |   194 |    +0.4% | -821.414 |  -580704.0 |  -994985.2 |   2405 | u_mul.result\[28\]$_DFFE_PN0P_/D
     791* |       0 |     301 |        0 |      0 |   194 |    +0.4% | -821.414 |  -580704.0 |  -994985.2 |   2405 | u_mul.result\[28\]$_DFFE_PN0P_/D
     795* |       0 |     302 |        0 |      0 |   195 |    +0.4% | -821.414 |  -580702.4 |  -994987.6 |   2405 | u_mul.result\[28\]$_DFFE_PN0P_/D
     799* |       0 |     302 |        0 |      0 |   195 |    +0.4% | -821.414 |  -580702.4 |  -994987.6 |   2405 | u_mul.result\[28\]$_DFFE_PN0P_/D
     800* |       0 |     302 |        0 |      0 |   195 |    +0.4% | -821.414 |  -580702.4 |  -994987.6 |   2405 | u_mul.result\[28\]$_DFFE_PN0P_/D
     807* |       0 |     307 |        0 |      0 |   196 |    +0.4% | -821.414 |  -580699.6 |  -994911.5 |   2405 | u_mul.result\[28\]$_DFFE_PN0P_/D
     810* |       0 |     308 |        0 |      0 |   197 |    +0.4% | -821.414 |  -580698.0 |  -994884.9 |   2405 | u_mul.result\[28\]$_DFFE_PN0P_/D
     812* |       0 |     310 |        0 |      0 |   197 |    +0.4% | -821.414 |  -580697.9 |  -994897.2 |   2405 | u_mul.result\[28\]$_DFFE_PN0P_/D
     815* |       0 |     311 |        0 |      0 |   198 |    +0.4% | -821.414 |  -580696.2 |  -994895.4 |   2405 | u_mul.result\[28\]$_DFFE_PN0P_/D
     818* |       0 |     312 |        0 |      0 |   199 |    +0.4% | -821.414 |  -580694.6 |  -994894.1 |   2405 | u_mul.result\[28\]$_DFFE_PN0P_/D
     820* |       0 |     312 |        0 |      0 |   200 |    +0.4% | -821.414 |  -580694.9 |  -994893.9 |   2405 | u_mul.result\[28\]$_DFFE_PN0P_/D
     822* |       0 |     313 |        0 |      0 |   200 |    +0.4% | -821.414 |  -580697.9 |  -994893.1 |   2405 | u_mul.result\[28\]$_DFFE_PN0P_/D
     826* |       0 |     314 |        0 |      0 |   201 |    +0.4% | -821.414 |  -580696.3 |  -994892.8 |   2405 | u_mul.result\[28\]$_DFFE_PN0P_/D
     830* |       0 |     315 |        0 |      0 |   203 |    +0.4% | -821.414 |  -580694.6 |  -994894.8 |   2405 | u_mul.result\[28\]$_DFFE_PN0P_/D
     830* |       0 |     315 |        0 |      0 |   202 |    +0.4% | -821.414 |  -580694.6 |  -994894.3 |   2405 | u_mul.result\[28\]$_DFFE_PN0P_/D
     834* |       0 |     316 |        0 |      0 |   203 |    +0.4% | -821.414 |  -580693.0 |  -994897.3 |   2405 | u_mul.result\[28\]$_DFFE_PN0P_/D
     838* |       0 |     316 |        0 |      0 |   203 |    +0.4% | -821.414 |  -580693.0 |  -994897.3 |   2405 | u_mul.result\[28\]$_DFFE_PN0P_/D
     840* |       0 |     316 |        0 |      0 |   204 |    +0.4% | -821.414 |  -580691.4 |  -994899.2 |   2405 | u_mul.result\[28\]$_DFFE_PN0P_/D
     842* |       0 |     316 |        0 |      0 |   203 |    +0.4% | -821.414 |  -580693.0 |  -994897.3 |   2405 | u_mul.result\[28\]$_DFFE_PN0P_/D
     846* |       0 |     316 |        0 |      0 |   203 |    +0.4% | -821.414 |  -580693.0 |  -994897.3 |   2405 | u_mul.result\[28\]$_DFFE_PN0P_/D
     850* |       0 |     317 |        0 |      0 |   205 |    +0.5% | -821.414 |  -580691.3 |  -994902.9 |   2405 | u_mul.result\[28\]$_DFFE_PN0P_/D
     850* |       0 |     316 |        0 |      0 |   203 |    +0.4% | -821.414 |  -580693.0 |  -994897.3 |   2405 | u_mul.result\[28\]$_DFFE_PN0P_/D
     854* |       0 |     317 |        0 |      0 |   204 |    +0.5% | -821.414 |  -580691.3 |  -994899.6 |   2405 | u_mul.result\[28\]$_DFFE_PN0P_/D
     858* |       0 |     318 |        0 |      0 |   205 |    +0.5% | -821.414 |  -580691.6 |  -994903.2 |   2405 | u_mul.result\[28\]$_DFFE_PN0P_/D
     860* |       0 |     318 |        0 |      0 |   206 |    +0.5% | -821.414 |  -580690.0 |  -994905.1 |   2405 | u_mul.result\[28\]$_DFFE_PN0P_/D
     862* |       0 |     318 |        0 |      0 |   205 |    +0.5% | -821.414 |  -580691.6 |  -994903.2 |   2405 | u_mul.result\[28\]$_DFFE_PN0P_/D
     866* |       0 |     319 |        0 |      0 |   206 |    +0.5% | -821.414 |  -580690.3 |  -994904.7 |   2405 | u_mul.result\[28\]$_DFFE_PN0P_/D
     870* |       0 |     320 |        0 |      0 |   208 |    +0.5% | -821.414 |  -580690.6 |  -994910.4 |   2405 | u_mul.result\[28\]$_DFFE_PN0P_/D
     870* |       0 |     319 |        0 |      0 |   206 |    +0.5% | -821.414 |  -580690.3 |  -994904.7 |   2405 | u_mul.result\[28\]$_DFFE_PN0P_/D
     874* |       0 |     320 |        0 |      0 |   207 |    +0.5% | -821.414 |  -580689.1 |  -994907.5 |   2405 | u_mul.result\[28\]$_DFFE_PN0P_/D
     878* |       0 |     320 |        0 |      0 |   207 |    +0.5% | -821.414 |  -580689.1 |  -994907.5 |   2405 | u_mul.result\[28\]$_DFFE_PN0P_/D
     880* |       0 |     320 |        0 |      0 |   208 |    +0.5% | -821.414 |  -580687.5 |  -994909.4 |   2405 | u_mul.result\[28\]$_DFFE_PN0P_/D
     882* |       0 |     320 |        0 |      0 |   207 |    +0.5% | -821.414 |  -580689.1 |  -994907.5 |   2405 | u_mul.result\[28\]$_DFFE_PN0P_/D
     886* |       0 |     320 |        0 |      0 |   207 |    +0.5% | -821.414 |  -580689.1 |  -994907.5 |   2405 | u_mul.result\[28\]$_DFFE_PN0P_/D
     890* |       0 |     321 |        0 |      0 |   209 |    +0.5% | -821.414 |  -580687.8 |  -994913.1 |   2405 | u_mul.result\[28\]$_DFFE_PN0P_/D
     890* |       0 |     320 |        0 |      0 |   207 |    +0.5% | -821.414 |  -580689.1 |  -994907.5 |   2405 | u_mul.result\[28\]$_DFFE_PN0P_/D
     894* |       0 |     320 |        0 |      0 |   207 |    +0.5% | -821.414 |  -580689.1 |  -994907.5 |   2405 | u_mul.result\[28\]$_DFFE_PN0P_/D
     898* |       0 |     320 |        0 |      0 |   207 |    +0.5% | -821.414 |  -580689.1 |  -994907.5 |   2405 | u_mul.result\[28\]$_DFFE_PN0P_/D
     900* |       0 |     320 |        0 |      0 |   208 |    +0.5% | -821.414 |  -580687.5 |  -994909.6 |   2405 | u_mul.result\[28\]$_DFFE_PN0P_/D
     902* |       0 |     320 |        0 |      0 |   207 |    +0.5% | -821.414 |  -580689.1 |  -994907.5 |   2405 | u_mul.result\[28\]$_DFFE_PN0P_/D
     909* |       0 |     325 |        0 |      0 |   208 |    +0.5% | -821.414 |  -580697.8 |  -994880.9 |   2405 | u_mul.result\[28\]$_DFFE_PN0P_/D
     910* |       0 |     325 |        0 |      0 |   208 |    +0.5% | -821.414 |  -580697.8 |  -994880.9 |   2405 | u_mul.result\[28\]$_DFFE_PN0P_/D
     911* |       0 |     325 |        0 |      0 |   209 |    +0.5% | -821.414 |  -580697.3 |  -994880.2 |   2405 | u_mul.result\[28\]$_DFFE_PN0P_/D
     920* |       0 |     333 |        0 |      0 |   209 |    +0.5% | -821.414 |  -580764.6 |  -994624.2 |   2405 | u_mul.result\[28\]$_DFFE_PN0P_/D
     922* |       0 |     334 |        0 |      0 |   210 |    +0.5% | -821.414 |  -580764.0 |  -994648.2 |   2405 | u_mul.result\[28\]$_DFFE_PN0P_/D
     930* |       0 |     340 |        0 |      0 |   211 |    +0.5% | -821.414 |  -581643.8 |  -995427.5 |   2405 | u_mul.result\[28\]$_DFFE_PN0P_/D
     932* |       0 |     341 |        0 |      0 |   211 |    +0.5% | -821.414 |  -581642.4 |  -995421.1 |   2405 | u_mul.result\[28\]$_DFFE_PN0P_/D
     935* |       0 |     342 |        0 |      0 |   211 |    +0.5% | -821.414 |  -581642.4 |  -995423.3 |   2405 | u_mul.result\[28\]$_DFFE_PN0P_/D
     938* |       0 |     343 |        0 |      0 |   211 |    +0.5% | -821.414 |  -581642.4 |  -995425.5 |   2405 | u_mul.result\[28\]$_DFFE_PN0P_/D
     940* |       0 |     344 |        0 |      0 |   211 |    +0.5% | -821.414 |  -581642.4 |  -995427.6 |   2405 | u_mul.result\[28\]$_DFFE_PN0P_/D
     941* |       0 |     344 |        0 |      0 |   211 |    +0.5% | -821.414 |  -581642.4 |  -995427.6 |   2405 | u_mul.result\[28\]$_DFFE_PN0P_/D
     949* |       0 |     350 |        0 |      0 |   212 |    +0.5% | -821.414 |  -581642.7 |  -995501.8 |   2405 | u_mul.result\[28\]$_DFFE_PN0P_/D
     950* |       0 |     350 |        0 |      0 |   212 |    +0.5% | -821.414 |  -581642.7 |  -995501.8 |   2405 | u_mul.result\[28\]$_DFFE_PN0P_/D
     951* |       0 |     350 |        0 |      0 |   213 |    +0.5% | -821.414 |  -581642.1 |  -995500.9 |   2405 | u_mul.result\[28\]$_DFFE_PN0P_/D
     954* |       0 |     351 |        0 |      0 |   213 |    +0.5% | -821.414 |  -581642.1 |  -995502.9 |   2405 | u_mul.result\[28\]$_DFFE_PN0P_/D
     957* |       0 |     352 |        0 |      0 |   213 |    +0.5% | -821.414 |  -581642.1 |  -995504.8 |   2405 | u_mul.result\[28\]$_DFFE_PN0P_/D
     960* |       0 |     353 |        0 |      0 |   214 |    +0.5% | -821.414 |  -581642.1 |  -995506.8 |   2405 | u_mul.result\[28\]$_DFFE_PN0P_/D
     960* |       0 |     353 |        0 |      0 |   213 |    +0.5% | -821.414 |  -581642.1 |  -995506.9 |   2405 | u_mul.result\[28\]$_DFFE_PN0P_/D
     963* |       0 |     354 |        0 |      0 |   213 |    +0.5% | -821.414 |  -581642.1 |  -995508.8 |   2405 | u_mul.result\[28\]$_DFFE_PN0P_/D
     966* |       0 |     355 |        0 |      0 |   213 |    +0.5% | -821.414 |  -581642.1 |  -995510.6 |   2405 | u_mul.result\[28\]$_DFFE_PN0P_/D
     969* |       0 |     356 |        0 |      0 |   213 |    +0.5% | -821.414 |  -581642.1 |  -995512.4 |   2405 | u_mul.result\[28\]$_DFFE_PN0P_/D
     970* |       0 |     356 |        0 |      0 |   213 |    +0.5% | -821.414 |  -581642.1 |  -995512.4 |   2405 | u_mul.result\[28\]$_DFFE_PN0P_/D
     974* |       0 |     359 |        0 |      0 |   214 |    +0.5% | -821.414 |  -581624.2 |  -995579.9 |   2405 | u_mul.result\[28\]$_DFFE_PN0P_/D
     979* |       0 |     362 |        0 |      0 |   215 |    +0.5% | -821.414 |  -581604.4 |  -995514.1 |   2405 | u_mul.result\[28\]$_DFFE_PN0P_/D
     980* |       0 |     362 |        0 |      0 |   215 |    +0.5% | -821.414 |  -581604.4 |  -995514.1 |   2405 | u_mul.result\[28\]$_DFFE_PN0P_/D
     981* |       0 |     362 |        0 |      0 |   216 |    +0.5% | -821.414 |  -581604.4 |  -995513.6 |   2405 | u_mul.result\[28\]$_DFFE_PN0P_/D
     988* |       0 |     367 |        0 |      0 |   217 |    +0.5% | -821.414 |  -581608.9 |  -995428.1 |   2405 | u_mul.result\[28\]$_DFFE_PN0P_/D
     990* |       0 |     367 |        0 |      0 |   218 |    +0.5% | -821.414 |  -581608.9 |  -995428.9 |   2405 | u_mul.result\[28\]$_DFFE_PN0P_/D
     990* |       0 |     367 |        0 |      0 |   217 |    +0.5% | -821.414 |  -581608.9 |  -995428.1 |   2405 | u_mul.result\[28\]$_DFFE_PN0P_/D
     992* |       0 |     367 |        0 |      0 |   218 |    +0.5% | -821.414 |  -581608.9 |  -995427.9 |   2405 | u_mul.result\[28\]$_DFFE_PN0P_/D
     994* |       0 |     367 |        0 |      0 |   218 |    +0.5% | -821.414 |  -581608.9 |  -995427.9 |   2405 | u_mul.result\[28\]$_DFFE_PN0P_/D
     996* |       0 |     367 |        0 |      0 |   218 |    +0.5% | -821.414 |  -581608.9 |  -995427.9 |   2405 | u_mul.result\[28\]$_DFFE_PN0P_/D
     998* |       0 |     367 |        0 |      0 |   219 |    +0.5% | -821.414 |  -581608.9 |  -995427.6 |   2405 | u_mul.result\[28\]$_DFFE_PN0P_/D
    1000* |       0 |     367 |        0 |      0 |   220 |    +0.5% | -821.414 |  -581608.3 |  -995428.1 |   2405 | u_mul.result\[28\]$_DFFE_PN0P_/D
    1000* |       0 |     367 |        0 |      0 |   220 |    +0.5% | -821.414 |  -581608.3 |  -995428.1 |   2405 | u_mul.result\[28\]$_DFFE_PN0P_/D
    1002* |       0 |     367 |        0 |      0 |   220 |    +0.5% | -821.414 |  -581608.3 |  -995428.1 |   2405 | u_mul.result\[28\]$_DFFE_PN0P_/D
    1004* |       0 |     367 |        0 |      0 |   220 |    +0.5% | -821.414 |  -581608.3 |  -995428.1 |   2405 | u_mul.result\[28\]$_DFFE_PN0P_/D
    1009* |       0 |     370 |        0 |      0 |   221 |    +0.5% | -821.414 |  -581615.9 |  -995454.1 |   2405 | u_mul.result\[28\]$_DFFE_PN0P_/D
    1010* |       0 |     370 |        0 |      0 |   221 |    +0.5% | -821.414 |  -581615.9 |  -995454.1 |   2405 | u_mul.result\[28\]$_DFFE_PN0P_/D
    1011* |       0 |     370 |        0 |      0 |   222 |    +0.5% | -821.414 |  -581615.9 |  -995454.4 |   2405 | u_mul.result\[28\]$_DFFE_PN0P_/D
    1013* |       0 |     370 |        0 |      0 |   223 |    +0.5% | -821.414 |  -581615.9 |  -995454.4 |   2405 | u_mul.result\[28\]$_DFFE_PN0P_/D
    1015* |       0 |     370 |        0 |      0 |   224 |    +0.5% | -821.414 |  -581615.9 |  -995454.7 |   2405 | u_mul.result\[28\]$_DFFE_PN0P_/D
    1017* |       0 |     370 |        0 |      0 |   225 |    +0.5% | -821.414 |  -581615.9 |  -995454.9 |   2405 | u_mul.result\[28\]$_DFFE_PN0P_/D
    1020* |       0 |     372 |        0 |      0 |   225 |    +0.5% | -821.414 |  -581385.9 |  -995367.7 |   2405 | u_mul.result\[28\]$_DFFE_PN0P_/D
    1024* |       0 |     375 |        0 |      0 |   225 |    +0.5% | -821.414 |  -581325.2 |  -995386.4 |   2405 | u_mul.result\[28\]$_DFFE_PN0P_/D
    1030* |       0 |     380 |        0 |      0 |   225 |    +0.5% | -821.414 |  -581028.6 |  -995305.4 |   2405 | u_mul.result\[28\]$_DFFE_PN0P_/D
    1031* |       0 |     380 |        0 |      0 |   225 |    +0.5% | -821.414 |  -581028.6 |  -995305.4 |   2405 | u_mul.result\[28\]$_DFFE_PN0P_/D
    1033* |       0 |     380 |        0 |      0 |   226 |    +0.5% | -821.414 |  -581027.2 |  -995305.6 |   2405 | u_mul.result\[28\]$_DFFE_PN0P_/D
    1039* |       0 |     384 |        0 |      0 |   227 |    +0.5% | -821.414 |  -580747.4 |  -995218.8 |   2405 | u_mul.result\[28\]$_DFFE_PN0P_/D
    1040* |       0 |     384 |        0 |      0 |   227 |    +0.5% | -821.414 |  -580747.4 |  -995218.8 |   2405 | u_mul.result\[28\]$_DFFE_PN0P_/D
    1041* |       0 |     384 |        0 |      0 |   228 |    +0.5% | -821.414 |  -580739.2 |  -995218.7 |   2405 | u_mul.result\[28\]$_DFFE_PN0P_/D
    1043* |       0 |     384 |        0 |      0 |   228 |    +0.5% | -821.414 |  -580739.2 |  -995218.7 |   2405 | u_mul.result\[28\]$_DFFE_PN0P_/D
    1045* |       0 |     384 |        0 |      0 |   228 |    +0.5% | -821.414 |  -580739.2 |  -995218.7 |   2405 | u_mul.result\[28\]$_DFFE_PN0P_/D
    1048* |       0 |     385 |        0 |      0 |   229 |    +0.5% | -821.414 |  -580686.4 |  -995216.1 |   2405 | u_mul.result\[28\]$_DFFE_PN0P_/D
    1050* |       0 |     385 |        0 |      0 |   230 |    +0.5% | -821.414 |  -580687.8 |  -995217.2 |   2405 | u_mul.result\[28\]$_DFFE_PN0P_/D
    1050* |       0 |     385 |        0 |      0 |   229 |    +0.5% | -821.414 |  -580686.4 |  -995216.1 |   2405 | u_mul.result\[28\]$_DFFE_PN0P_/D
    1052* |       0 |     385 |        0 |      0 |   229 |    +0.5% | -821.414 |  -580686.4 |  -995216.1 |   2405 | u_mul.result\[28\]$_DFFE_PN0P_/D
    1054* |       0 |     385 |        0 |      0 |   230 |    +0.5% | -821.414 |  -580672.3 |  -995216.3 |   2405 | u_mul.result\[28\]$_DFFE_PN0P_/D
    1056* |       0 |     385 |        0 |      0 |   231 |    +0.5% | -821.414 |  -580660.9 |  -995216.3 |   2405 | u_mul.result\[28\]$_DFFE_PN0P_/D
    1058* |       0 |     385 |        0 |      0 |   232 |    +0.5% | -821.414 |  -580650.7 |  -995216.5 |   2405 | u_mul.result\[28\]$_DFFE_PN0P_/D
    1060* |       0 |     385 |        0 |      0 |   233 |    +0.5% | -821.414 |  -580642.4 |  -995216.8 |   2405 | u_mul.result\[28\]$_DFFE_PN0P_/D
    1060* |       0 |     385 |        0 |      0 |   233 |    +0.5% | -821.414 |  -580642.4 |  -995216.8 |   2405 | u_mul.result\[28\]$_DFFE_PN0P_/D
    1062* |       0 |     385 |        0 |      0 |   234 |    +0.5% | -821.414 |  -580635.3 |  -995216.9 |   2405 | u_mul.result\[28\]$_DFFE_PN0P_/D
    1064* |       0 |     385 |        0 |      0 |   235 |    +0.5% | -821.414 |  -580621.1 |  -995217.0 |   2405 | u_mul.result\[28\]$_DFFE_PN0P_/D
    1066* |       0 |     385 |        0 |      0 |   236 |    +0.5% | -821.414 |  -580608.4 |  -995217.2 |   2405 | u_mul.result\[28\]$_DFFE_PN0P_/D
    1068* |       0 |     385 |        0 |      0 |   237 |    +0.5% | -821.414 |  -580590.9 |  -995217.3 |   2405 | u_mul.result\[28\]$_DFFE_PN0P_/D
    1070* |       0 |     385 |        0 |      0 |   238 |    +0.5% | -821.414 |  -580577.5 |  -995217.6 |   2405 | u_mul.result\[28\]$_DFFE_PN0P_/D
    1070* |       0 |     385 |        0 |      0 |   238 |    +0.5% | -821.414 |  -580577.5 |  -995217.6 |   2405 | u_mul.result\[28\]$_DFFE_PN0P_/D
    1072* |       0 |     385 |        0 |      0 |   239 |    +0.5% | -821.414 |  -580571.2 |  -995217.6 |   2405 | u_mul.result\[28\]$_DFFE_PN0P_/D
    1074* |       0 |     385 |        0 |      0 |   240 |    +0.5% | -821.414 |  -580557.2 |  -995217.9 |   2405 | u_mul.result\[28\]$_DFFE_PN0P_/D
    1076* |       0 |     385 |        0 |      0 |   241 |    +0.5% | -821.414 |  -580550.8 |  -995218.0 |   2405 | u_mul.result\[28\]$_DFFE_PN0P_/D
    1078* |       0 |     385 |        0 |      0 |   242 |    +0.5% | -821.414 |  -580542.9 |  -995218.1 |   2405 | u_mul.result\[28\]$_DFFE_PN0P_/D
    1080* |       0 |     386 |        0 |      0 |   242 |    +0.5% | -821.414 |  -580425.0 |  -995152.2 |   2405 | u_mul.result\[28\]$_DFFE_PN0P_/D
    1085* |       0 |     390 |        0 |      0 |   243 |    +0.6% | -821.414 |  -580347.4 |  -995131.6 |   2405 | u_mul.result\[28\]$_DFFE_PN0P_/D
    1087* |       0 |     390 |        0 |      0 |   243 |    +0.6% | -821.414 |  -580347.4 |  -995131.6 |   2405 | u_mul.result\[28\]$_DFFE_PN0P_/D
    1089* |       0 |     390 |        0 |      0 |   244 |    +0.6% | -821.414 |  -580336.4 |  -995131.9 |   2405 | u_mul.result\[28\]$_DFFE_PN0P_/D
    1090* |       0 |     390 |        0 |      0 |   244 |    +0.6% | -821.414 |  -580336.4 |  -995131.9 |   2405 | u_mul.result\[28\]$_DFFE_PN0P_/D
    1095* |       0 |     394 |        0 |      0 |   244 |    +0.6% | -821.414 |  -579908.6 |  -995035.3 |   2405 | u_mul.result\[28\]$_DFFE_PN0P_/D
    1097* |       0 |     394 |        0 |      0 |   244 |    +0.6% | -821.414 |  -579908.6 |  -995035.3 |   2405 | u_mul.result\[28\]$_DFFE_PN0P_/D
    1099* |       0 |     394 |        0 |      0 |   245 |    +0.6% | -821.414 |  -579908.0 |  -995035.4 |   2405 | u_mul.result\[28\]$_DFFE_PN0P_/D
    1100* |       0 |     394 |        0 |      0 |   245 |    +0.6% | -821.414 |  -579908.0 |  -995035.4 |   2405 | u_mul.result\[28\]$_DFFE_PN0P_/D
    1101* |       0 |     394 |        0 |      0 |   246 |    +0.6% | -821.414 |  -579906.6 |  -995035.5 |   2405 | u_mul.result\[28\]$_DFFE_PN0P_/D
    1103* |       0 |     394 |        0 |      0 |   247 |    +0.6% | -821.414 |  -579903.6 |  -995035.6 |   2405 | u_mul.result\[28\]$_DFFE_PN0P_/D
    1106* |       0 |     395 |        0 |      0 |   247 |    +0.6% | -821.414 |  -579846.8 |  -995044.4 |   2405 | u_mul.result\[28\]$_DFFE_PN0P_/D
    1108* |       0 |     395 |        0 |      0 |   248 |    +0.6% | -821.414 |  -579839.7 |  -995044.8 |   2405 | u_mul.result\[28\]$_DFFE_PN0P_/D
    1110* |       0 |     395 |        0 |      0 |   249 |    +0.6% | -821.414 |  -579837.8 |  -995045.1 |   2405 | u_mul.result\[28\]$_DFFE_PN0P_/D
    1110* |       0 |     395 |        0 |      0 |   249 |    +0.6% | -821.414 |  -579837.8 |  -995045.1 |   2405 | u_mul.result\[28\]$_DFFE_PN0P_/D
    1112* |       0 |     395 |        0 |      0 |   249 |    +0.6% | -821.414 |  -579837.8 |  -995045.1 |   2405 | u_mul.result\[28\]$_DFFE_PN0P_/D
    1114* |       0 |     395 |        0 |      0 |   250 |    +0.6% | -821.414 |  -579836.7 |  -995045.3 |   2405 | u_mul.result\[28\]$_DFFE_PN0P_/D
    1116* |       0 |     395 |        0 |      0 |   251 |    +0.6% | -821.414 |  -579835.4 |  -995045.5 |   2405 | u_mul.result\[28\]$_DFFE_PN0P_/D
    1118* |       0 |     395 |        0 |      0 |   252 |    +0.6% | -821.414 |  -579828.8 |  -995045.8 |   2405 | u_mul.result\[28\]$_DFFE_PN0P_/D
    1120* |       0 |     395 |        0 |      0 |   253 |    +0.6% | -821.414 |  -579830.9 |  -995046.9 |   2405 | u_mul.result\[28\]$_DFFE_PN0P_/D
    1120* |       0 |     395 |        0 |      0 |   252 |    +0.6% | -821.414 |  -579828.8 |  -995045.8 |   2405 | u_mul.result\[28\]$_DFFE_PN0P_/D
    1122* |       0 |     395 |        0 |      0 |   253 |    +0.6% | -821.414 |  -579828.2 |  -995046.1 |   2405 | u_mul.result\[28\]$_DFFE_PN0P_/D
    1124* |       0 |     395 |        0 |      0 |   254 |    +0.6% | -821.414 |  -579827.7 |  -995046.3 |   2405 | u_mul.result\[28\]$_DFFE_PN0P_/D
    1126* |       0 |     395 |        0 |      0 |   255 |    +0.6% | -821.414 |  -579822.6 |  -995046.7 |   2405 | u_mul.result\[28\]$_DFFE_PN0P_/D
    1128* |       0 |     395 |        0 |      0 |   256 |    +0.6% | -821.414 |  -579822.0 |  -995046.9 |   2405 | u_mul.result\[28\]$_DFFE_PN0P_/D
    1130* |       0 |     395 |        0 |      0 |   257 |    +0.6% | -821.414 |  -579816.3 |  -995047.1 |   2405 | u_mul.result\[28\]$_DFFE_PN0P_/D
    1130* |       0 |     395 |        0 |      0 |   257 |    +0.6% | -821.414 |  -579816.3 |  -995047.1 |   2405 | u_mul.result\[28\]$_DFFE_PN0P_/D
    1132* |       0 |     395 |        0 |      0 |   257 |    +0.6% | -821.414 |  -579816.3 |  -995047.1 |   2405 | u_mul.result\[28\]$_DFFE_PN0P_/D
    1134* |       0 |     395 |        0 |      0 |   258 |    +0.6% | -821.414 |  -579809.9 |  -995047.4 |   2405 | u_mul.result\[28\]$_DFFE_PN0P_/D
    1136* |       0 |     395 |        0 |      0 |   258 |    +0.6% | -821.414 |  -579809.9 |  -995047.4 |   2405 | u_mul.result\[28\]$_DFFE_PN0P_/D
    1138* |       0 |     395 |        0 |      0 |   258 |    +0.6% | -821.414 |  -579809.9 |  -995047.4 |   2405 | u_mul.result\[28\]$_DFFE_PN0P_/D
    1140* |       0 |     395 |        0 |      0 |   259 |    +0.6% | -821.414 |  -579809.4 |  -995048.0 |   2405 | u_mul.result\[28\]$_DFFE_PN0P_/D
    1140* |       0 |     395 |        0 |      0 |   258 |    +0.6% | -821.414 |  -579809.9 |  -995047.4 |   2405 | u_mul.result\[28\]$_DFFE_PN0P_/D
    1142* |       0 |     395 |        0 |      0 |   258 |    +0.6% | -821.414 |  -579809.9 |  -995047.4 |   2405 | u_mul.result\[28\]$_DFFE_PN0P_/D
    1144* |       0 |     395 |        0 |      0 |   258 |    +0.6% | -821.414 |  -579809.9 |  -995047.4 |   2405 | u_mul.result\[28\]$_DFFE_PN0P_/D
    1146* |       0 |     395 |        0 |      0 |   258 |    +0.6% | -821.414 |  -579809.9 |  -995047.4 |   2405 | u_mul.result\[28\]$_DFFE_PN0P_/D
    1148* |       0 |     395 |        0 |      0 |   258 |    +0.6% | -821.414 |  -579809.9 |  -995047.4 |   2405 | u_mul.result\[28\]$_DFFE_PN0P_/D
    1150* |       0 |     395 |        0 |      0 |   259 |    +0.6% | -821.414 |  -579809.8 |  -995046.8 |   2405 | u_mul.result\[28\]$_DFFE_PN0P_/D
    1150* |       0 |     395 |        0 |      0 |   259 |    +0.6% | -821.414 |  -579809.8 |  -995046.8 |   2405 | u_mul.result\[28\]$_DFFE_PN0P_/D
    1152* |       0 |     395 |        0 |      0 |   260 |    +0.6% | -821.414 |  -579809.4 |  -995046.2 |   2405 | u_mul.result\[28\]$_DFFE_PN0P_/D
    1158* |       0 |     399 |        0 |      0 |   261 |    +0.6% | -821.414 |  -579740.1 |  -994756.2 |   2405 | u_mul.result\[28\]$_DFFE_PN0P_/D
    1160* |       0 |     399 |        0 |      0 |   262 |    +0.6% | -821.414 |  -579740.1 |  -994755.9 |   2405 | u_mul.result\[28\]$_DFFE_PN0P_/D
    1160* |       0 |     399 |        0 |      0 |   262 |    +0.6% | -821.414 |  -579740.1 |  -994755.9 |   2405 | u_mul.result\[28\]$_DFFE_PN0P_/D
    1162* |       0 |     399 |        0 |      0 |   263 |    +0.6% | -821.414 |  -579740.1 |  -994755.6 |   2405 | u_mul.result\[28\]$_DFFE_PN0P_/D
    1164* |       0 |     399 |        0 |      0 |   264 |    +0.6% | -821.414 |  -579739.4 |  -994755.4 |   2405 | u_mul.result\[28\]$_DFFE_PN0P_/D
    1166* |       0 |     399 |        0 |      0 |   265 |    +0.6% | -821.414 |  -579738.4 |  -994754.2 |   2405 | u_mul.result\[28\]$_DFFE_PN0P_/D
    1168* |       0 |     399 |        0 |      0 |   266 |    +0.6% | -821.414 |  -579737.8 |  -994754.1 |   2405 | u_mul.result\[28\]$_DFFE_PN0P_/D
    1170* |       0 |     400 |        0 |      0 |   266 |    +0.6% | -821.414 |  -579469.8 |  -994724.6 |   2405 | u_mul.result\[28\]$_DFFE_PN0P_/D
    1174* |       0 |     403 |        0 |      0 |   266 |    +0.6% | -821.414 |  -579800.7 |  -994749.9 |   2405 | u_mul.result\[28\]$_DFFE_PN0P_/D
    1177* |       0 |     404 |        0 |      0 |   266 |    +0.6% | -821.414 |  -579800.7 |  -994752.1 |   2405 | u_mul.result\[28\]$_DFFE_PN0P_/D
    1180* |       0 |     405 |        0 |      0 |   267 |    +0.6% | -821.414 |  -579800.7 |  -994753.9 |   2405 | u_mul.result\[28\]$_DFFE_PN0P_/D
    1180* |       0 |     405 |        0 |      0 |   266 |    +0.6% | -821.414 |  -579800.7 |  -994754.1 |   2405 | u_mul.result\[28\]$_DFFE_PN0P_/D
    1183* |       0 |     406 |        0 |      0 |   266 |    +0.6% | -821.414 |  -579800.7 |  -994755.9 |   2405 | u_mul.result\[28\]$_DFFE_PN0P_/D
    1186* |       0 |     407 |        0 |      0 |   266 |    +0.6% | -821.414 |  -579800.7 |  -994757.3 |   2405 | u_mul.result\[28\]$_DFFE_PN0P_/D
    1189* |       0 |     408 |        0 |      0 |   266 |    +0.6% | -821.414 |  -579805.7 |  -994758.6 |   2405 | u_mul.result\[28\]$_DFFE_PN0P_/D
    1190* |       0 |     408 |        0 |      0 |   266 |    +0.6% | -821.414 |  -579805.7 |  -994758.6 |   2405 | u_mul.result\[28\]$_DFFE_PN0P_/D
    1191* |       0 |     408 |        0 |      0 |   266 |    +0.6% | -821.414 |  -579805.7 |  -994758.6 |   2405 | u_mul.result\[28\]$_DFFE_PN0P_/D
    1198* |       0 |     413 |        0 |      0 |   266 |    +0.6% | -821.414 |  -579805.8 |  -994728.2 |   2405 | u_mul.result\[28\]$_DFFE_PN0P_/D
    1200* |       0 |     413 |        0 |      0 |   267 |    +0.6% | -821.414 |  -579805.8 |  -994729.2 |   2405 | u_mul.result\[28\]$_DFFE_PN0P_/D
    1200* |       0 |     413 |        0 |      0 |   266 |    +0.6% | -821.414 |  -579805.8 |  -994728.2 |   2405 | u_mul.result\[28\]$_DFFE_PN0P_/D
    1202* |       0 |     413 |        0 |      0 |   266 |    +0.6% | -821.414 |  -579805.8 |  -994728.2 |   2405 | u_mul.result\[28\]$_DFFE_PN0P_/D
    1204* |       0 |     413 |        0 |      0 |   266 |    +0.6% | -821.414 |  -579805.8 |  -994728.2 |   2405 | u_mul.result\[28\]$_DFFE_PN0P_/D
    1206* |       0 |     413 |        0 |      0 |   266 |    +0.6% | -821.414 |  -579805.8 |  -994728.2 |   2405 | u_mul.result\[28\]$_DFFE_PN0P_/D
    1208* |       0 |     413 |        0 |      0 |   266 |    +0.6% | -821.414 |  -579805.8 |  -994728.2 |   2405 | u_mul.result\[28\]$_DFFE_PN0P_/D
    1210* |       0 |     413 |        0 |      0 |   267 |    +0.6% | -821.414 |  -579805.8 |  -994729.2 |   2405 | u_mul.result\[28\]$_DFFE_PN0P_/D
    1210* |       0 |     413 |        0 |      0 |   266 |    +0.6% | -821.414 |  -579805.8 |  -994728.2 |   2405 | u_mul.result\[28\]$_DFFE_PN0P_/D
    1212* |       0 |     413 |        0 |      0 |   266 |    +0.6% | -821.414 |  -579805.8 |  -994728.2 |   2405 | u_mul.result\[28\]$_DFFE_PN0P_/D
    1217* |       0 |     416 |        0 |      0 |   266 |    +0.6% | -821.414 |  -579805.8 |  -994783.9 |   2405 | u_mul.result\[28\]$_DFFE_PN0P_/D
    1220* |       0 |     418 |        0 |      0 |   266 |    +0.6% | -821.414 |  -579805.8 |  -994698.4 |   2405 | u_mul.result\[28\]$_DFFE_PN0P_/D
    1221* |       0 |     418 |        0 |      0 |   266 |    +0.6% | -821.414 |  -579805.8 |  -994698.4 |   2405 | u_mul.result\[28\]$_DFFE_PN0P_/D
    1223* |       0 |     418 |        0 |      0 |   266 |    +0.6% | -821.414 |  -579805.8 |  -994698.4 |   2405 | u_mul.result\[28\]$_DFFE_PN0P_/D
    1225* |       0 |     418 |        0 |      0 |   266 |    +0.6% | -821.414 |  -579805.8 |  -994698.4 |   2405 | u_mul.result\[28\]$_DFFE_PN0P_/D
    1227* |       0 |     418 |        0 |      0 |   266 |    +0.6% | -821.414 |  -579805.8 |  -994698.4 |   2405 | u_mul.result\[28\]$_DFFE_PN0P_/D
    1230* |       0 |     419 |        0 |      0 |   267 |    +0.6% | -821.414 |  -579805.8 |  -994700.6 |   2405 | u_mul.result\[28\]$_DFFE_PN0P_/D
    1230* |       0 |     419 |        0 |      0 |   266 |    +0.6% | -821.414 |  -579805.8 |  -994699.7 |   2405 | u_mul.result\[28\]$_DFFE_PN0P_/D
    1232* |       0 |     419 |        0 |      0 |   266 |    +0.6% | -821.414 |  -579805.8 |  -994699.7 |   2405 | u_mul.result\[28\]$_DFFE_PN0P_/D
    1234* |       0 |     419 |        0 |      0 |   266 |    +0.6% | -821.414 |  -579805.8 |  -994699.7 |   2405 | u_mul.result\[28\]$_DFFE_PN0P_/D
    1236* |       0 |     419 |        0 |      0 |   266 |    +0.6% | -821.414 |  -579805.8 |  -994699.7 |   2405 | u_mul.result\[28\]$_DFFE_PN0P_/D
    1238* |       0 |     419 |        0 |      0 |   266 |    +0.6% | -821.414 |  -579805.8 |  -994699.7 |   2405 | u_mul.result\[28\]$_DFFE_PN0P_/D
    1240* |       0 |     419 |        0 |      0 |   267 |    +0.6% | -821.414 |  -579805.8 |  -994700.6 |   2405 | u_mul.result\[28\]$_DFFE_PN0P_/D
    1240* |       0 |     419 |        0 |      0 |   266 |    +0.6% | -821.414 |  -579805.8 |  -994699.7 |   2405 | u_mul.result\[28\]$_DFFE_PN0P_/D
    1245* |       0 |     422 |        0 |      0 |   266 |    +0.6% | -821.414 |  -579805.8 |  -994674.6 |   2405 | u_mul.result\[28\]$_DFFE_PN0P_/D
    1247* |       0 |     422 |        0 |      0 |   266 |    +0.6% | -821.414 |  -579805.8 |  -994674.6 |   2405 | u_mul.result\[28\]$_DFFE_PN0P_/D
    1249* |       0 |     422 |        0 |      0 |   266 |    +0.6% | -821.414 |  -579805.8 |  -994674.6 |   2405 | u_mul.result\[28\]$_DFFE_PN0P_/D
    1250* |       0 |     422 |        0 |      0 |   266 |    +0.6% | -821.414 |  -579805.8 |  -994674.6 |   2405 | u_mul.result\[28\]$_DFFE_PN0P_/D
    1251* |       0 |     422 |        0 |      0 |   266 |    +0.6% | -821.414 |  -579805.8 |  -994674.6 |   2405 | u_mul.result\[28\]$_DFFE_PN0P_/D
    1253* |       0 |     422 |        0 |      0 |   266 |    +0.6% | -821.414 |  -579805.8 |  -994674.6 |   2405 | u_mul.result\[28\]$_DFFE_PN0P_/D
    1255* |       0 |     422 |        0 |      0 |   266 |    +0.6% | -821.414 |  -579805.8 |  -994674.6 |   2405 | u_mul.result\[28\]$_DFFE_PN0P_/D
    1257* |       0 |     422 |        0 |      0 |   266 |    +0.6% | -821.414 |  -579805.8 |  -994674.6 |   2405 | u_mul.result\[28\]$_DFFE_PN0P_/D
    1259* |       0 |     422 |        0 |      0 |   266 |    +0.6% | -821.414 |  -579805.8 |  -994674.6 |   2405 | u_mul.result\[28\]$_DFFE_PN0P_/D
    1260* |       0 |     422 |        0 |      0 |   266 |    +0.6% | -821.414 |  -579805.8 |  -994674.6 |   2405 | u_mul.result\[28\]$_DFFE_PN0P_/D
    1261* |       0 |     422 |        0 |      0 |   266 |    +0.6% | -821.414 |  -579805.8 |  -994674.6 |   2405 | u_mul.result\[28\]$_DFFE_PN0P_/D
    1263* |       0 |     422 |        0 |      0 |   266 |    +0.6% | -821.414 |  -579805.8 |  -994674.6 |   2405 | u_mul.result\[28\]$_DFFE_PN0P_/D
    1265* |       0 |     422 |        0 |      0 |   266 |    +0.6% | -821.414 |  -579805.8 |  -994674.6 |   2405 | u_mul.result\[28\]$_DFFE_PN0P_/D
    1267* |       0 |     422 |        0 |      0 |   267 |    +0.6% | -821.414 |  -579805.8 |  -994674.8 |   2405 | u_mul.result\[28\]$_DFFE_PN0P_/D
    1269* |       0 |     422 |        0 |      0 |   268 |    +0.6% | -821.414 |  -579805.8 |  -994675.0 |   2405 | u_mul.result\[28\]$_DFFE_PN0P_/D
    1270* |       0 |     422 |        0 |      0 |   268 |    +0.6% | -821.414 |  -579805.8 |  -994675.0 |   2405 | u_mul.result\[28\]$_DFFE_PN0P_/D
    1271* |       0 |     422 |        0 |      0 |   269 |    +0.6% | -821.414 |  -579805.8 |  -994675.1 |   2405 | u_mul.result\[28\]$_DFFE_PN0P_/D
    1273* |       0 |     422 |        0 |      0 |   270 |    +0.6% | -821.414 |  -579805.8 |  -994675.4 |   2405 | u_mul.result\[28\]$_DFFE_PN0P_/D
    1278* |       0 |     425 |        0 |      0 |   271 |    +0.6% | -821.414 |  -579808.1 |  -994703.7 |   2405 | u_mul.result\[28\]$_DFFE_PN0P_/D
    1280* |       0 |     425 |        0 |      0 |   272 |    +0.6% | -821.414 |  -579808.1 |  -994703.6 |   2405 | u_mul.result\[28\]$_DFFE_PN0P_/D
    1280* |       0 |     425 |        0 |      0 |   272 |    +0.6% | -821.414 |  -579808.1 |  -994703.6 |   2405 | u_mul.result\[28\]$_DFFE_PN0P_/D
    1282* |       0 |     425 |        0 |      0 |   273 |    +0.6% | -821.414 |  -579808.1 |  -994703.3 |   2405 | u_mul.result\[28\]$_DFFE_PN0P_/D
    1284* |       0 |     425 |        0 |      0 |   274 |    +0.6% | -821.414 |  -579808.1 |  -994703.6 |   2405 | u_mul.result\[28\]$_DFFE_PN0P_/D
    1286* |       0 |     425 |        0 |      0 |   275 |    +0.6% | -821.414 |  -579808.1 |  -994703.4 |   2405 | u_mul.result\[28\]$_DFFE_PN0P_/D
    1290* |       0 |     427 |        0 |      0 |   276 |    +0.6% | -821.414 |  -579808.1 |  -994657.4 |   2405 | u_mul.result\[28\]$_DFFE_PN0P_/D
    1290* |       0 |     427 |        0 |      0 |   276 |    +0.6% | -821.414 |  -579808.1 |  -994657.4 |   2405 | u_mul.result\[28\]$_DFFE_PN0P_/D
    1292* |       0 |     427 |        0 |      0 |   277 |    +0.6% | -821.414 |  -579808.1 |  -994657.5 |   2405 | u_mul.result\[28\]$_DFFE_PN0P_/D
    1294* |       0 |     427 |        0 |      0 |   278 |    +0.6% | -821.414 |  -579808.1 |  -994657.6 |   2405 | u_mul.result\[28\]$_DFFE_PN0P_/D
    1296* |       0 |     427 |        0 |      0 |   279 |    +0.6% | -821.414 |  -579808.1 |  -994657.9 |   2405 | u_mul.result\[28\]$_DFFE_PN0P_/D
    1298* |       0 |     427 |        0 |      0 |   280 |    +0.6% | -821.414 |  -579808.1 |  -994658.1 |   2405 | u_mul.result\[28\]$_DFFE_PN0P_/D
    1300* |       0 |     427 |        0 |      0 |   281 |    +0.6% | -821.414 |  -579808.1 |  -994658.3 |   2405 | u_mul.result\[28\]$_DFFE_PN0P_/D
    1300* |       0 |     427 |        0 |      0 |   281 |    +0.6% | -821.414 |  -579808.1 |  -994658.3 |   2405 | u_mul.result\[28\]$_DFFE_PN0P_/D
    1305* |       0 |     430 |        0 |      0 |   282 |    +0.6% | -821.414 |  -579829.9 |  -994684.9 |   2405 | u_mul.result\[28\]$_DFFE_PN0P_/D
    1307* |       0 |     430 |        0 |      0 |   283 |    +0.6% | -821.414 |  -579829.9 |  -994684.7 |   2405 | u_mul.result\[28\]$_DFFE_PN0P_/D
    1309* |       0 |     430 |        0 |      0 |   284 |    +0.6% | -821.414 |  -579829.9 |  -994684.6 |   2405 | u_mul.result\[28\]$_DFFE_PN0P_/D
    1310* |       0 |     430 |        0 |      0 |   284 |    +0.6% | -821.414 |  -579829.9 |  -994684.6 |   2405 | u_mul.result\[28\]$_DFFE_PN0P_/D
    1311* |       0 |     430 |        0 |      0 |   285 |    +0.6% | -821.414 |  -579829.9 |  -994684.9 |   2405 | u_mul.result\[28\]$_DFFE_PN0P_/D
    1313* |       0 |     430 |        0 |      0 |   286 |    +0.6% | -821.414 |  -579829.9 |  -994684.8 |   2405 | u_mul.result\[28\]$_DFFE_PN0P_/D
    1315* |       0 |     430 |        0 |      0 |   287 |    +0.6% | -821.414 |  -579829.9 |  -994685.0 |   2405 | u_mul.result\[28\]$_DFFE_PN0P_/D
    1317* |       0 |     430 |        0 |      0 |   288 |    +0.6% | -821.414 |  -579829.9 |  -994685.2 |   2405 | u_mul.result\[28\]$_DFFE_PN0P_/D
    1319* |       0 |     430 |        0 |      0 |   289 |    +0.6% | -821.414 |  -579829.9 |  -994685.5 |   2405 | u_mul.result\[28\]$_DFFE_PN0P_/D
    1320* |       0 |     430 |        0 |      0 |   289 |    +0.6% | -821.414 |  -579829.9 |  -994685.5 |   2405 | u_mul.result\[28\]$_DFFE_PN0P_/D
    1321* |       0 |     430 |        0 |      0 |   290 |    +0.6% | -821.414 |  -579829.9 |  -994685.7 |   2405 | u_mul.result\[28\]$_DFFE_PN0P_/D
    1323* |       0 |     430 |        0 |      0 |   291 |    +0.6% | -821.414 |  -579829.9 |  -994685.8 |   2405 | u_mul.result\[28\]$_DFFE_PN0P_/D
    1326* |       0 |     431 |        0 |      0 |   291 |    +0.6% | -821.414 |  -579839.6 |  -994687.2 |   2405 | u_mul.result\[28\]$_DFFE_PN0P_/D
    1328* |       0 |     431 |        0 |      0 |   292 |    +0.6% | -821.414 |  -579839.1 |  -994687.3 |   2405 | u_mul.result\[28\]$_DFFE_PN0P_/D
    1330* |       0 |     432 |        0 |      0 |   292 |    +0.6% | -821.414 |  -579839.1 |  -994646.6 |   2405 | u_mul.result\[28\]$_DFFE_PN0P_/D
    1332* |       0 |     433 |        0 |      0 |   293 |    +0.6% | -821.414 |  -579839.1 |  -994642.6 |   2405 | u_mul.result\[28\]$_DFFE_PN0P_/D
    1339* |       0 |     438 |        0 |      0 |   294 |    +0.6% | -821.414 |  -579860.8 |  -994620.3 |   2405 | u_mul.result\[28\]$_DFFE_PN0P_/D
    1340* |       0 |     438 |        0 |      0 |   294 |    +0.6% | -821.414 |  -579860.8 |  -994620.3 |   2405 | u_mul.result\[28\]$_DFFE_PN0P_/D
    1341* |       0 |     438 |        0 |      0 |   295 |    +0.6% | -821.414 |  -579860.8 |  -994620.4 |   2405 | u_mul.result\[28\]$_DFFE_PN0P_/D
    1343* |       0 |     438 |        0 |      0 |   296 |    +0.6% | -821.414 |  -579860.8 |  -994620.7 |   2405 | u_mul.result\[28\]$_DFFE_PN0P_/D
    1345* |       0 |     438 |        0 |      0 |   297 |    +0.6% | -821.414 |  -579860.8 |  -994620.9 |   2405 | u_mul.result\[28\]$_DFFE_PN0P_/D
    1347* |       0 |     438 |        0 |      0 |   298 |    +0.6% | -821.414 |  -579860.8 |  -994621.1 |   2405 | u_mul.result\[28\]$_DFFE_PN0P_/D
    1349* |       0 |     438 |        0 |      0 |   299 |    +0.6% | -821.414 |  -579860.8 |  -994621.4 |   2405 | u_mul.result\[28\]$_DFFE_PN0P_/D
    1350* |       0 |     438 |        0 |      0 |   299 |    +0.6% | -821.414 |  -579860.8 |  -994621.4 |   2405 | u_mul.result\[28\]$_DFFE_PN0P_/D
    1354* |       0 |     441 |        0 |      0 |   300 |    +0.6% | -821.414 |  -579827.9 |  -994596.4 |   2405 | u_mul.result\[28\]$_DFFE_PN0P_/D
    1356* |       0 |     441 |        0 |      0 |   301 |    +0.6% | -821.414 |  -579827.9 |  -994596.7 |   2405 | u_mul.result\[28\]$_DFFE_PN0P_/D
    1358* |       0 |     441 |        0 |      0 |   302 |    +0.6% | -821.414 |  -579827.9 |  -994596.9 |   2405 | u_mul.result\[28\]$_DFFE_PN0P_/D
    1360* |       0 |     441 |        0 |      0 |   303 |    +0.6% | -821.414 |  -579827.9 |  -994597.1 |   2405 | u_mul.result\[28\]$_DFFE_PN0P_/D
    1360* |       0 |     441 |        0 |      0 |   303 |    +0.6% | -821.414 |  -579827.9 |  -994597.1 |   2405 | u_mul.result\[28\]$_DFFE_PN0P_/D
    1362* |       0 |     441 |        0 |      0 |   304 |    +0.6% | -821.414 |  -579827.9 |  -994597.2 |   2405 | u_mul.result\[28\]$_DFFE_PN0P_/D
    1364* |       0 |     441 |        0 |      0 |   305 |    +0.6% | -821.414 |  -579827.9 |  -994597.5 |   2405 | u_mul.result\[28\]$_DFFE_PN0P_/D
    1366* |       0 |     441 |        0 |      0 |   306 |    +0.6% | -821.414 |  -579827.9 |  -994597.7 |   2405 | u_mul.result\[28\]$_DFFE_PN0P_/D
    1368* |       0 |     441 |        0 |      0 |   307 |    +0.6% | -821.414 |  -579827.9 |  -994597.8 |   2405 | u_mul.result\[28\]$_DFFE_PN0P_/D
    1370* |       0 |     441 |        0 |      0 |   308 |    +0.6% | -821.414 |  -579827.9 |  -994598.1 |   2405 | u_mul.result\[28\]$_DFFE_PN0P_/D
    1370* |       0 |     441 |        0 |      0 |   308 |    +0.6% | -821.414 |  -579827.9 |  -994598.1 |   2405 | u_mul.result\[28\]$_DFFE_PN0P_/D
    1372* |       0 |     441 |        0 |      0 |   309 |    +0.6% | -821.414 |  -579827.9 |  -994598.3 |   2405 | u_mul.result\[28\]$_DFFE_PN0P_/D
    1374* |       0 |     441 |        0 |      0 |   310 |    +0.6% | -821.414 |  -579827.9 |  -994598.5 |   2405 | u_mul.result\[28\]$_DFFE_PN0P_/D
    1376* |       0 |     441 |        0 |      0 |   311 |    +0.6% | -821.414 |  -579827.9 |  -994598.8 |   2405 | u_mul.result\[28\]$_DFFE_PN0P_/D
    1378* |       0 |     441 |        0 |      0 |   312 |    +0.6% | -821.414 |  -579827.9 |  -994598.9 |   2405 | u_mul.result\[28\]$_DFFE_PN0P_/D
    1380* |       0 |     441 |        0 |      0 |   313 |    +0.6% | -821.414 |  -579827.9 |  -994599.1 |   2405 | u_mul.result\[28\]$_DFFE_PN0P_/D
    1380* |       0 |     441 |        0 |      0 |   313 |    +0.6% | -821.414 |  -579827.9 |  -994599.1 |   2405 | u_mul.result\[28\]$_DFFE_PN0P_/D
    1382* |       0 |     441 |        0 |      0 |   314 |    +0.6% | -821.414 |  -579827.9 |  -994599.3 |   2405 | u_mul.result\[28\]$_DFFE_PN0P_/D
    1384* |       0 |     441 |        0 |      0 |   315 |    +0.6% | -821.414 |  -579827.9 |  -994599.6 |   2405 | u_mul.result\[28\]$_DFFE_PN0P_/D
    1386* |       0 |     441 |        0 |      0 |   316 |    +0.6% | -821.414 |  -579827.9 |  -994599.6 |   2405 | u_mul.result\[28\]$_DFFE_PN0P_/D
    1388* |       0 |     441 |        0 |      0 |   317 |    +0.6% | -821.414 |  -579827.9 |  -994599.9 |   2405 | u_mul.result\[28\]$_DFFE_PN0P_/D
    1390* |       0 |     441 |        0 |      0 |   318 |    +0.6% | -821.414 |  -579827.9 |  -994600.1 |   2405 | u_mul.result\[28\]$_DFFE_PN0P_/D
    1390* |       0 |     441 |        0 |      0 |   318 |    +0.6% | -821.414 |  -579827.9 |  -994600.1 |   2405 | u_mul.result\[28\]$_DFFE_PN0P_/D
    1392* |       0 |     441 |        0 |      0 |   318 |    +0.6% | -821.414 |  -579827.9 |  -994600.1 |   2405 | u_mul.result\[28\]$_DFFE_PN0P_/D
    1394* |       0 |     441 |        0 |      0 |   319 |    +0.6% | -821.414 |  -579827.4 |  -994600.3 |   2405 | u_mul.result\[28\]$_DFFE_PN0P_/D
    1396* |       0 |     441 |        0 |      0 |   320 |    +0.6% | -821.414 |  -579826.9 |  -994600.4 |   2405 | u_mul.result\[28\]$_DFFE_PN0P_/D
    1397* |       0 |     441 |        0 |      0 |   320 |    +0.6% | -821.414 |  -579826.9 |  -994600.4 |   2405 | u_mul.result\[28\]$_DFFE_PN0P_/D
    1400* |       0 |     442 |        0 |      0 |   321 |    +0.6% | -821.414 |  -579826.9 |  -994604.4 |   2405 | u_mul.result\[28\]$_DFFE_PN0P_/D
    1400* |       0 |     442 |        0 |      0 |   320 |    +0.6% | -821.414 |  -579826.9 |  -994605.0 |   2405 | u_mul.result\[28\]$_DFFE_PN0P_/D
    1400* |       0 |     442 |        0 |      0 |   320 |    +0.6% | -821.414 |  -579826.9 |  -994605.0 |   2405 | u_mul.result\[28\]$_DFFE_PN0P_/D
    final |       0 |     442 |        0 |      0 |   320 |    +0.6% | -821.414 |  -579826.9 |  -994605.0 |   2405 | u_mul.result\[28\]$_DFFE_PN0P_/D
------------------------------------------------------------------------------------------------------------------------------
[INFO RSZ-0051] Resized 442 instances: 442 up, 0 up match, 0 down, 0 VT
[INFO RSZ-0043] Swapped pins on 320 instances.
[WARNING RSZ-0062] Unable to repair all setup violations.
Took 68 seconds: repair_timing -setup_margin 0 -hold_margin 0 -repair_tns 100 -setup -skip_last_gasp -sequence unbuffer,sizeup,swap,vt_swap -verbose
Default units for flow
 time 1ps
 capacitance 1fF
 resistance 1kohm
 voltage 1v
 current 1mA
 power 1pW
 distance 1um
   Layer   | Unit Resistance | Unit Capacitance 
           |       (kohm/um) |          (fF/um)
------------------------------------------------
        M1 |        7.04e-02 |         1.00e-10
        M2 |        2.97e-02 |         1.75e-01
        M3 |        3.13e-02 |         1.56e-01
        M4 |        1.80e-02 |         1.78e-01
        M5 |        1.90e-02 |         1.64e-01
        M6 |        1.19e-02 |         1.87e-01
        M7 |        1.25e-02 |         1.63e-01
        M8 |        8.45e-03 |         1.04e-01
        M9 |        8.90e-03 |         9.28e-02
       Pad |        0.00e+00 |         0.00e+00
------------------------------------------------

   Layer   | Via Resistance 
           |         (kohm) 
----------------------------
        V1 |       1.72e-02 
        V2 |       1.72e-02 
        V3 |       1.72e-02 
        V4 |       1.18e-02 
        V5 |       1.18e-02 
        V6 |       8.20e-03 
        V7 |       8.20e-03 
        V8 |       6.30e-03 
        V9 |       6.30e-03 
----------------------------
Report metrics stage 2, floorplan final...

==========================================================================
floorplan final report_design_area
--------------------------------------------------------------------------
Design area 3450 um^2 46% utilization.
write_db ./results/asap7/rv32imc_top/p1400/2_1_floorplan.odb
write_sdc -no_timestamp ./results/asap7/rv32imc_top/p1400/2_1_floorplan.sdc
Elapsed time: 1:18.51[h:]min:sec. CPU time: user 71.36 sys 32.14 (131%). Peak memory: 330628KB.
Log                       Ext     Elapsed/s Peak Memory/MB sha1sum result [0:20)
2_1_floorplan             .odb           78            322 adb7c85bddc77764d92b
2_1_floorplan             .sdc                             e493d16fd40b0a591cf0
/home/hatch/workspace/rv32imc-cpu/tools/orfs/flow/scripts/flow.sh 2_2_floorplan_macro macro_place
Running macro_place.tcl, stage 2_2_floorplan_macro
source /home/hatch/workspace/rv32imc-cpu/tools/orfs/flow/platforms/asap7/liberty_suppressions.tcl
read_liberty /home/hatch/workspace/rv32imc-cpu/tools/orfs/flow/platforms/asap7/lib/NLDM/asap7sc7p5t_AO_RVT_FF_nldm_211120.lib.gz
read_liberty /home/hatch/workspace/rv32imc-cpu/tools/orfs/flow/platforms/asap7/lib/NLDM/asap7sc7p5t_INVBUF_RVT_FF_nldm_220122.lib.gz
read_liberty /home/hatch/workspace/rv32imc-cpu/tools/orfs/flow/platforms/asap7/lib/NLDM/asap7sc7p5t_OA_RVT_FF_nldm_211120.lib.gz
read_liberty /home/hatch/workspace/rv32imc-cpu/tools/orfs/flow/platforms/asap7/lib/NLDM/asap7sc7p5t_SIMPLE_RVT_FF_nldm_211120.lib.gz
read_liberty /home/hatch/workspace/rv32imc-cpu/tools/orfs/flow/platforms/asap7/lib/NLDM/asap7sc7p5t_SEQ_RVT_FF_nldm_220123.lib
read_db ./results/asap7/rv32imc_top/p1400/2_1_floorplan.odb
read_sdc ./results/asap7/rv32imc_top/p1400/2_1_floorplan.sdc
source /home/hatch/workspace/rv32imc-cpu/tools/orfs/flow/platforms/asap7/setRC.tcl
No macros found: Skipping macro_placement
Design area 3450 um^2 46% utilization.
write_db ./results/asap7/rv32imc_top/p1400/2_2_floorplan_macro.odb
Elapsed time: 0:02.57[h:]min:sec. CPU time: user 2.43 sys 0.13 (99%). Peak memory: 241396KB.
Log                       Ext     Elapsed/s Peak Memory/MB sha1sum result [0:20)
2_2_floorplan_macro       .odb            2            235 adb7c85bddc77764d92b
/home/hatch/workspace/rv32imc-cpu/tools/orfs/flow/scripts/flow.sh 2_3_floorplan_tapcell tapcell
Running tapcell.tcl, stage 2_3_floorplan_tapcell
source /home/hatch/workspace/rv32imc-cpu/tools/orfs/flow/platforms/asap7/liberty_suppressions.tcl
read_liberty /home/hatch/workspace/rv32imc-cpu/tools/orfs/flow/platforms/asap7/lib/NLDM/asap7sc7p5t_AO_RVT_FF_nldm_211120.lib.gz
read_liberty /home/hatch/workspace/rv32imc-cpu/tools/orfs/flow/platforms/asap7/lib/NLDM/asap7sc7p5t_INVBUF_RVT_FF_nldm_220122.lib.gz
read_liberty /home/hatch/workspace/rv32imc-cpu/tools/orfs/flow/platforms/asap7/lib/NLDM/asap7sc7p5t_OA_RVT_FF_nldm_211120.lib.gz
read_liberty /home/hatch/workspace/rv32imc-cpu/tools/orfs/flow/platforms/asap7/lib/NLDM/asap7sc7p5t_SIMPLE_RVT_FF_nldm_211120.lib.gz
read_liberty /home/hatch/workspace/rv32imc-cpu/tools/orfs/flow/platforms/asap7/lib/NLDM/asap7sc7p5t_SEQ_RVT_FF_nldm_220123.lib
read_db ./results/asap7/rv32imc_top/p1400/2_2_floorplan_macro.odb
read_sdc ./results/asap7/rv32imc_top/p1400/2_1_floorplan.sdc
source /home/hatch/workspace/rv32imc-cpu/tools/orfs/flow/platforms/asap7/setRC.tcl
Tap and End Cap cell insertion
  TAP Cell          : TAPCELL_ASAP7_75t_R
  ENDCAP Cell       : TAPCELL_ASAP7_75t_R
  Halo Around Macro : 2 2
  TAP Cell Distance : 25
[INFO TAP-0004] Inserted 642 endcaps.
[INFO TAP-0005] Inserted 484 tapcells.
Design area 3483 um^2 46% utilization.
write_db ./results/asap7/rv32imc_top/p1400/2_3_floorplan_tapcell.odb
Elapsed time: 0:02.56[h:]min:sec. CPU time: user 2.41 sys 0.13 (99%). Peak memory: 224524KB.
Log                       Ext     Elapsed/s Peak Memory/MB sha1sum result [0:20)
2_3_floorplan_tapcell     .odb            2            219 dcea7e7ab8b5a94e10d8
/home/hatch/workspace/rv32imc-cpu/tools/orfs/flow/scripts/flow.sh 2_4_floorplan_pdn pdn
Running pdn.tcl, stage 2_4_floorplan_pdn
source /home/hatch/workspace/rv32imc-cpu/tools/orfs/flow/platforms/asap7/liberty_suppressions.tcl
read_liberty /home/hatch/workspace/rv32imc-cpu/tools/orfs/flow/platforms/asap7/lib/NLDM/asap7sc7p5t_AO_RVT_FF_nldm_211120.lib.gz
read_liberty /home/hatch/workspace/rv32imc-cpu/tools/orfs/flow/platforms/asap7/lib/NLDM/asap7sc7p5t_INVBUF_RVT_FF_nldm_220122.lib.gz
read_liberty /home/hatch/workspace/rv32imc-cpu/tools/orfs/flow/platforms/asap7/lib/NLDM/asap7sc7p5t_OA_RVT_FF_nldm_211120.lib.gz
read_liberty /home/hatch/workspace/rv32imc-cpu/tools/orfs/flow/platforms/asap7/lib/NLDM/asap7sc7p5t_SIMPLE_RVT_FF_nldm_211120.lib.gz
read_liberty /home/hatch/workspace/rv32imc-cpu/tools/orfs/flow/platforms/asap7/lib/NLDM/asap7sc7p5t_SEQ_RVT_FF_nldm_220123.lib
read_db ./results/asap7/rv32imc_top/p1400/2_3_floorplan_tapcell.odb
read_sdc ./results/asap7/rv32imc_top/p1400/2_1_floorplan.sdc
source /home/hatch/workspace/rv32imc-cpu/tools/orfs/flow/platforms/asap7/setRC.tcl
[INFO PDN-0001] Inserting grid: top
Design area 3483 um^2 46% utilization.
write_db ./results/asap7/rv32imc_top/p1400/2_4_floorplan_pdn.odb
Elapsed time: 0:03.11[h:]min:sec. CPU time: user 2.87 sys 0.20 (98%). Peak memory: 248640KB.
Log                       Ext     Elapsed/s Peak Memory/MB sha1sum result [0:20)
2_4_floorplan_pdn         .odb            3            242 71bcad5575c94b43db7f
cp ./results/asap7/rv32imc_top/p1400/2_4_floorplan_pdn.odb ./results/asap7/rv32imc_top/p1400/2_floorplan.odb
cp ./results/asap7/rv32imc_top/p1400/2_1_floorplan.sdc ./results/asap7/rv32imc_top/p1400/2_floorplan.sdc
/home/hatch/workspace/rv32imc-cpu/tools/orfs/flow/scripts/flow.sh 3_1_place_gp_skip_io global_place_skip_io
Running global_place_skip_io.tcl, stage 3_1_place_gp_skip_io
source /home/hatch/workspace/rv32imc-cpu/tools/orfs/flow/platforms/asap7/liberty_suppressions.tcl
read_liberty /home/hatch/workspace/rv32imc-cpu/tools/orfs/flow/platforms/asap7/lib/NLDM/asap7sc7p5t_AO_RVT_FF_nldm_211120.lib.gz
read_liberty /home/hatch/workspace/rv32imc-cpu/tools/orfs/flow/platforms/asap7/lib/NLDM/asap7sc7p5t_INVBUF_RVT_FF_nldm_220122.lib.gz
read_liberty /home/hatch/workspace/rv32imc-cpu/tools/orfs/flow/platforms/asap7/lib/NLDM/asap7sc7p5t_OA_RVT_FF_nldm_211120.lib.gz
read_liberty /home/hatch/workspace/rv32imc-cpu/tools/orfs/flow/platforms/asap7/lib/NLDM/asap7sc7p5t_SIMPLE_RVT_FF_nldm_211120.lib.gz
read_liberty /home/hatch/workspace/rv32imc-cpu/tools/orfs/flow/platforms/asap7/lib/NLDM/asap7sc7p5t_SEQ_RVT_FF_nldm_220123.lib
read_db ./results/asap7/rv32imc_top/p1400/2_floorplan.odb
read_sdc ./results/asap7/rv32imc_top/p1400/2_floorplan.sdc
source /home/hatch/workspace/rv32imc-cpu/tools/orfs/flow/platforms/asap7/setRC.tcl
global_placement -skip_io -density 0.6 -pad_left 0 -pad_right 0
[INFO GPL-0001] ---- Initialize GPL Main Data Structures
[INFO GPL-0002] DBU: 1000
[INFO GPL-0003] SiteSize: (  0.054  0.270 ) um
[INFO GPL-0004] CoreBBox: (  2.052  2.160 ) ( 88.830 88.830 ) um
[INFO GPL-0036] Movable instances area:       3449.876 um^2
[INFO GPL-0037] Total instances area:         3482.710 um^2
[INFO GPL-0035] Pin density area adjust:       263.109 um^2
[INFO GPL-0032] ---- Initialize Region: Top-level
[INFO GPL-0006] Number of instances:             31708
[INFO GPL-0007] Movable instances:               30582
[INFO GPL-0008] Fixed instances:                  1126
[INFO GPL-0009] Dummy instances:                     0
[INFO GPL-0010] Number of nets:                  33761
[INFO GPL-0011] Number of pins:                  98871
[INFO GPL-0012] Die BBox:  (  0.000  0.000 ) ( 90.870 90.870 ) um
[INFO GPL-0013] Core BBox: (  2.052  2.160 ) ( 88.830 88.830 ) um
[INFO GPL-0016] Core area:                    7521.049 um^2
[INFO GPL-0014] Region name: top-level.
[INFO GPL-0015] Region area:                  7521.049 um^2
[INFO GPL-0017] Fixed instances area:           32.834 um^2
[INFO GPL-0018] Movable instances area:       3712.985 um^2
[INFO GPL-0019] Utilization:                    49.584 %
[INFO GPL-0020] Standard cells area:          3712.985 um^2
[INFO GPL-0021] Large instances area:            0.000 um^2
[INFO GPL-0005] ---- Execute Conjugate Gradient Initial Placement.
[INFO GPL-0051] Source of initial instance position counters:
	Odb location = 0	Core center = 30582	Region center = 0
[INFO GPL-0033] ---- Initialize Nesterov Region: Top-level
[INFO GPL-0023] Placement target density:       0.6000
[INFO GPL-0024] Movable insts average area:      0.121 um^2
[INFO GPL-0025] Ideal bin area:                  0.202 um^2
[INFO GPL-0026] Ideal bin count:                 37168
[INFO GPL-0027] Total bin area:               7521.049 um^2
[INFO GPL-0028] Bin count (X, Y):         128 ,    128
[INFO GPL-0029] Bin size (W * H):       0.678 *  0.677 um
[INFO GPL-0030] Number of bins:                  16384
[INFO GPL-0084] ---- Execute Nesterov Global Placement.
[INFO GPL-0031] HPWL: Half-Perimeter Wirelength
Iteration | Overflow |     HPWL (um) |  HPWL(%) |   Penalty | Group
---------------------------------------------------------------
        0 |   0.9961 |  2.297453e+04 |   +0.00% |  8.15e-14 |      
       10 |   0.9971 |  5.514932e+03 |  -76.00% |  1.33e-13 |      
       20 |   0.9971 |  5.131162e+03 |   -6.96% |  2.16e-13 |      
       30 |   0.9971 |  5.040143e+03 |   -1.77% |  3.52e-13 |      
       40 |   0.9971 |  5.000820e+03 |   -0.78% |  5.74e-13 |      
       50 |   0.9970 |  4.986378e+03 |   -0.29% |  9.35e-13 |      
       60 |   0.9969 |  4.987165e+03 |   +0.02% |  1.52e-12 |      
       70 |   0.9968 |  5.006240e+03 |   +0.38% |  2.48e-12 |      
       80 |   0.9968 |  5.065411e+03 |   +1.18% |  4.04e-12 |      
       90 |   0.9967 |  5.238852e+03 |   +3.42% |  6.58e-12 |      
      100 |   0.9963 |  5.669463e+03 |   +8.22% |  1.07e-11 |      
      110 |   0.9955 |  6.448943e+03 |  +13.75% |  1.75e-11 |      
      120 |   0.9943 |  7.823084e+03 |  +21.31% |  2.84e-11 |      
      130 |   0.9918 |  9.755876e+03 |  +24.71% |  4.63e-11 |      
      140 |   0.9879 |  1.209778e+04 |  +24.01% |  7.54e-11 |      
      150 |   0.9824 |  1.510450e+04 |  +24.85% |  1.23e-10 |      
      160 |   0.9747 |  1.917765e+04 |  +26.97% |  2.00e-10 |      
      170 |   0.9634 |  2.384587e+04 |  +24.34% |  3.26e-10 |      
      180 |   0.9488 |  2.881000e+04 |  +20.82% |  5.30e-10 |      
      190 |   0.9306 |  3.440938e+04 |  +19.44% |  8.63e-10 |      
      200 |   0.9075 |  3.964225e+04 |  +15.21% |  1.40e-09 |      
      210 |   0.8807 |  4.582430e+04 |  +15.59% |  2.29e-09 |      
      220 |   0.8495 |  5.224299e+04 |  +14.01% |  3.72e-09 |      
      230 |   0.8159 |  5.869433e+04 |  +12.35% |  6.06e-09 |      
      240 |   0.7810 |  6.543663e+04 |  +11.49% |  9.86e-09 |      
      250 |   0.7440 |  7.199197e+04 |  +10.02% |  1.61e-08 |      
      260 |   0.7017 |  7.847760e+04 |   +9.01% |  2.61e-08 |      
      270 |   0.6573 |  8.435024e+04 |   +7.48% |  4.25e-08 |      
      280 |   0.6107 |  8.973080e+04 |   +6.38% |  6.92e-08 |      
      290 |   0.5612 |  9.435865e+04 |   +5.16% |  1.13e-07 |      
      300 |   0.5079 |  9.915466e+04 |   +5.08% |  1.84e-07 |      
      310 |   0.4525 |  1.032309e+05 |   +4.11% |  2.99e-07 |      
      320 |   0.3965 |  1.061333e+05 |   +2.81% |  4.87e-07 |      
      330 |   0.3500 |  1.078732e+05 |   +1.64% |  7.92e-07 |      
      340 |   0.3090 |  1.094182e+05 |   +1.43% |  1.19e-06 |      
      350 |   0.2775 |  1.102868e+05 |   +0.79% |  1.75e-06 |      
      360 |   0.2459 |  1.108349e+05 |   +0.50% |  2.58e-06 |      
      370 |   0.2176 |  1.115325e+05 |   +0.63% |  3.81e-06 |      
      380 |   0.1906 |  1.117566e+05 |   +0.20% |  5.61e-06 |      
      390 |   0.1658 |  1.120003e+05 |   +0.22% |  8.26e-06 |      
      400 |   0.1433 |  1.120848e+05 |   +0.08% |  1.22e-05 |      
      410 |   0.1252 |  1.121555e+05 |   +0.06% |  1.79e-05 |      
      420 |   0.1075 |  1.122359e+05 |   +0.07% |  2.64e-05 |      
      425 |   0.0990 |  1.122634e+05 |          |  3.33e-05 |      
---------------------------------------------------------------
[INFO GPL-1001] Global placement finished at iteration 425
[INFO GPL-1002] Placed Cell Area             3712.9853
[INFO GPL-1003] Available Free Area          7488.2151
[INFO GPL-1004] Minimum Feasible Density        0.5000 (cell_area / free_area)
[INFO GPL-1006]   Suggested Target Densities:
[INFO GPL-1007]     - For 90% usage of free space: 0.5509
[INFO GPL-1008]     - For 80% usage of free space: 0.6198
[INFO GPL-1009]     - For 50% usage of free space: 0.9917
[INFO GPL-1014] Final placement area: 3712.99 (+0.00%)
Took 15 seconds: global_placement -skip_io -density 0.6 -pad_left 0 -pad_right 0
Design area 3483 um^2 46% utilization.
write_db ./results/asap7/rv32imc_top/p1400/3_1_place_gp_skip_io.odb
Elapsed time: 0:17.58[h:]min:sec. CPU time: user 24.00 sys 0.19 (137%). Peak memory: 283728KB.
Log                       Ext     Elapsed/s Peak Memory/MB sha1sum result [0:20)
3_1_place_gp_skip_io      .odb           17            277 82a5539a20efbc1afffa
/home/hatch/workspace/rv32imc-cpu/tools/orfs/flow/scripts/flow.sh 3_2_place_iop io_placement
Running io_placement.tcl, stage 3_2_place_iop
source /home/hatch/workspace/rv32imc-cpu/tools/orfs/flow/platforms/asap7/liberty_suppressions.tcl
read_liberty /home/hatch/workspace/rv32imc-cpu/tools/orfs/flow/platforms/asap7/lib/NLDM/asap7sc7p5t_AO_RVT_FF_nldm_211120.lib.gz
read_liberty /home/hatch/workspace/rv32imc-cpu/tools/orfs/flow/platforms/asap7/lib/NLDM/asap7sc7p5t_INVBUF_RVT_FF_nldm_220122.lib.gz
read_liberty /home/hatch/workspace/rv32imc-cpu/tools/orfs/flow/platforms/asap7/lib/NLDM/asap7sc7p5t_OA_RVT_FF_nldm_211120.lib.gz
read_liberty /home/hatch/workspace/rv32imc-cpu/tools/orfs/flow/platforms/asap7/lib/NLDM/asap7sc7p5t_SIMPLE_RVT_FF_nldm_211120.lib.gz
read_liberty /home/hatch/workspace/rv32imc-cpu/tools/orfs/flow/platforms/asap7/lib/NLDM/asap7sc7p5t_SEQ_RVT_FF_nldm_220123.lib
read_db ./results/asap7/rv32imc_top/p1400/3_1_place_gp_skip_io.odb
read_sdc ./results/asap7/rv32imc_top/p1400/2_floorplan.sdc
source /home/hatch/workspace/rv32imc-cpu/tools/orfs/flow/platforms/asap7/setRC.tcl
place_pins -hor_layers M4 -ver_layers M5
Found 0 macro blocks.
Using 2 tracks default min distance between IO pins.
[INFO PPL-0001] Number of available slots 3724
[INFO PPL-0002] Number of I/O             232
[INFO PPL-0003] Number of I/O w/sink      232
[INFO PPL-0004] Number of I/O w/o sink    0
[INFO PPL-0005] Slots per section         200
[INFO PPL-0008] Successfully assigned pins to sections.
[INFO PPL-0012] I/O nets HPWL: 6431.45 um.
Design area 3483 um^2 46% utilization.
write_db ./results/asap7/rv32imc_top/p1400/3_2_place_iop.odb
Elapsed time: 0:02.70[h:]min:sec. CPU time: user 2.51 sys 0.15 (98%). Peak memory: 245364KB.
Log                       Ext     Elapsed/s Peak Memory/MB sha1sum result [0:20)
3_2_place_iop             .odb            2            239 2d4b8ad373d5529869a9
/home/hatch/workspace/rv32imc-cpu/tools/orfs/flow/scripts/flow.sh 3_3_place_gp global_place
Running global_place.tcl, stage 3_3_place_gp
source /home/hatch/workspace/rv32imc-cpu/tools/orfs/flow/platforms/asap7/liberty_suppressions.tcl
read_liberty /home/hatch/workspace/rv32imc-cpu/tools/orfs/flow/platforms/asap7/lib/NLDM/asap7sc7p5t_AO_RVT_FF_nldm_211120.lib.gz
read_liberty /home/hatch/workspace/rv32imc-cpu/tools/orfs/flow/platforms/asap7/lib/NLDM/asap7sc7p5t_INVBUF_RVT_FF_nldm_220122.lib.gz
read_liberty /home/hatch/workspace/rv32imc-cpu/tools/orfs/flow/platforms/asap7/lib/NLDM/asap7sc7p5t_OA_RVT_FF_nldm_211120.lib.gz
read_liberty /home/hatch/workspace/rv32imc-cpu/tools/orfs/flow/platforms/asap7/lib/NLDM/asap7sc7p5t_SIMPLE_RVT_FF_nldm_211120.lib.gz
read_liberty /home/hatch/workspace/rv32imc-cpu/tools/orfs/flow/platforms/asap7/lib/NLDM/asap7sc7p5t_SEQ_RVT_FF_nldm_220123.lib
read_db ./results/asap7/rv32imc_top/p1400/3_2_place_iop.odb
read_sdc ./results/asap7/rv32imc_top/p1400/2_floorplan.sdc
source /home/hatch/workspace/rv32imc-cpu/tools/orfs/flow/platforms/asap7/setRC.tcl
[INFO RSZ-0026] Removed 1737 buffers.
Perform port buffering...
[INFO RSZ-0027] Inserted 65 BUFx2_ASAP7_75t_R input buffers.
[INFO RSZ-0028] Inserted 164 BUFx2_ASAP7_75t_R output buffers.
global_placement -density 0.6 -pad_left 0 -pad_right 0 -routability_driven -timing_driven -force_center_initial_place -min_phi_coef 0.95 -max_phi_coef 1.05
[INFO GPL-0001] ---- Initialize GPL Main Data Structures
[INFO GPL-0002] DBU: 1000
[INFO GPL-0003] SiteSize: (  0.054  0.270 ) um
[INFO GPL-0004] CoreBBox: (  2.052  2.160 ) ( 88.830 88.830 ) um
[INFO GPL-0036] Movable instances area:       3325.173 um^2
[INFO GPL-0037] Total instances area:         3358.007 um^2
[INFO GPL-0035] Pin density area adjust:       255.698 um^2
[INFO GPL-0032] ---- Initialize Region: Top-level
[INFO GPL-0006] Number of instances:             30200
[INFO GPL-0007] Movable instances:               29074
[INFO GPL-0008] Fixed instances:                  1126
[INFO GPL-0009] Dummy instances:                     0
[INFO GPL-0010] Number of nets:                  32253
[INFO GPL-0011] Number of pins:                  96087
[INFO GPL-0012] Die BBox:  (  0.000  0.000 ) ( 90.870 90.870 ) um
[INFO GPL-0013] Core BBox: (  2.052  2.160 ) ( 88.830 88.830 ) um
[INFO GPL-0016] Core area:                    7521.049 um^2
[INFO GPL-0014] Region name: top-level.
[INFO GPL-0015] Region area:                  7521.049 um^2
[INFO GPL-0017] Fixed instances area:           32.834 um^2
[INFO GPL-0018] Movable instances area:       3580.871 um^2
[INFO GPL-0019] Utilization:                    47.820 %
[INFO GPL-0020] Standard cells area:          3580.871 um^2
[INFO GPL-0021] Large instances area:            0.000 um^2
[INFO GPL-0005] ---- Execute Conjugate Gradient Initial Placement.
[INFO GPL-0051] Source of initial instance position counters:
	Odb location = 0	Core center = 29074	Region center = 0
[InitialPlace]  Iter: 1 conjugate gradient residual: 0.00263810 HPWL: 119419053
[InitialPlace]  Iter: 2 conjugate gradient residual: 0.00012809 HPWL: 46910574
[InitialPlace]  Iter: 3 conjugate gradient residual: 0.00043622 HPWL: 46082893
[InitialPlace]  Iter: 4 conjugate gradient residual: 0.00021045 HPWL: 45965754
[InitialPlace]  Iter: 5 conjugate gradient residual: 0.00019577 HPWL: 45618597
[InitialPlace]  Iter: 6 conjugate gradient residual: 0.00015407 HPWL: 45397832
[InitialPlace]  Iter: 7 conjugate gradient residual: 0.00013951 HPWL: 45189551
[InitialPlace]  Iter: 8 conjugate gradient residual: 0.00005321 HPWL: 45148232
[InitialPlace]  Iter: 9 conjugate gradient residual: 0.00009851 HPWL: 45059786
[InitialPlace]  Iter: 10 conjugate gradient residual: 0.00002672 HPWL: 45097804
[InitialPlace]  Iter: 11 conjugate gradient residual: 0.00004010 HPWL: 45043188
[InitialPlace]  Iter: 12 conjugate gradient residual: 0.00004606 HPWL: 45103744
[InitialPlace]  Iter: 13 conjugate gradient residual: 0.00002512 HPWL: 45053589
[InitialPlace]  Iter: 14 conjugate gradient residual: 0.00002145 HPWL: 45114039
[InitialPlace]  Iter: 15 conjugate gradient residual: 0.00002082 HPWL: 45070382
[InitialPlace]  Iter: 16 conjugate gradient residual: 0.00001247 HPWL: 45124639
[InitialPlace]  Iter: 17 conjugate gradient residual: 0.00001640 HPWL: 45080964
[InitialPlace]  Iter: 18 conjugate gradient residual: 0.00000919 HPWL: 45137130
[INFO GPL-0033] ---- Initialize Nesterov Region: Top-level
[INFO GPL-0023] Placement target density:       0.6000
[INFO GPL-0024] Movable insts average area:      0.123 um^2
[INFO GPL-0025] Ideal bin area:                  0.205 um^2
[INFO GPL-0026] Ideal bin count:                 36639
[INFO GPL-0027] Total bin area:               7521.049 um^2
[INFO GPL-0028] Bin count (X, Y):         128 ,    128
[INFO GPL-0029] Bin size (W * H):       0.678 *  0.677 um
[INFO GPL-0030] Number of bins:                  16384
[INFO GPL-0084] ---- Execute Nesterov Global Placement.
[INFO GPL-0031] HPWL: Half-Perimeter Wirelength
Iteration | Overflow |     HPWL (um) |  HPWL(%) |   Penalty | Group
---------------------------------------------------------------
        0 |   0.9688 |  3.370601e+04 |   +0.00% |  1.45e-13 |      
       10 |   0.9586 |  2.346864e+04 |  -30.37% |  2.37e-13 |      
       20 |   0.9485 |  2.464683e+04 |   +5.02% |  3.85e-13 |      
       30 |   0.9424 |  2.518753e+04 |   +2.19% |  6.28e-13 |      
       40 |   0.9403 |  2.535403e+04 |   +0.66% |  1.02e-12 |      
       50 |   0.9399 |  2.548428e+04 |   +0.51% |  1.66e-12 |      
       60 |   0.9397 |  2.524525e+04 |   -0.94% |  2.71e-12 |      
       70 |   0.9399 |  2.489163e+04 |   -1.40% |  4.42e-12 |      
       80 |   0.9391 |  2.492135e+04 |   +0.12% |  7.20e-12 |      
       90 |   0.9380 |  2.522209e+04 |   +1.21% |  1.17e-11 |      
      100 |   0.9373 |  2.557525e+04 |   +1.40% |  1.91e-11 |      
      110 |   0.9354 |  2.598819e+04 |   +1.61% |  3.11e-11 |      
      120 |   0.9335 |  2.659681e+04 |   +2.34% |  5.07e-11 |      
      130 |   0.9304 |  2.764477e+04 |   +3.94% |  8.25e-11 |      
      140 |   0.9254 |  2.931690e+04 |   +6.05% |  1.34e-10 |      
      150 |   0.9181 |  3.157095e+04 |   +7.69% |  2.19e-10 |      
      160 |   0.9085 |  3.447572e+04 |   +9.20% |  3.56e-10 |      
      170 |   0.8955 |  3.816482e+04 |  +10.70% |  5.80e-10 |      
      180 |   0.8770 |  4.281584e+04 |  +12.19% |  9.44e-10 |      
      190 |   0.8527 |  4.801282e+04 |  +12.14% |  1.54e-09 |      
      200 |   0.8241 |  5.338401e+04 |  +11.19% |  2.50e-09 |      
      210 |   0.7919 |  5.779550e+04 |   +8.26% |  4.08e-09 |      
      220 |   0.7572 |  6.126515e+04 |   +6.00% |  6.64e-09 |      
      230 |   0.7204 |  6.443413e+04 |   +5.17% |  1.08e-08 |      
      240 |   0.6802 |  6.812460e+04 |   +5.73% |  1.76e-08 |      
      250 |   0.6410 |  7.232078e+04 |   +6.16% |  2.86e-08 |      
[INFO GPL-0100] Timing-driven iteration 1/2, virtual: false.
[INFO GPL-0101]    Iter: 253, overflow: 0.633, keep resizer changes at: 1, HPWL: 72900550
Iteration |   Area    | Resized | Buffers | Nets repaired | Remaining
---------------------------------------------------------------------
        0 |     +0.0% |       0 |       0 |             0 |     32253
    final |     +2.6% |      73 |     290 |           107 |         0
---------------------------------------------------------------------
[INFO RSZ-0034] Found 102 slew violations.
[INFO RSZ-0036] Found 44 capacitance violations.
[INFO RSZ-0039] Resized 73 instances.
[INFO RSZ-0038] Inserted 290 buffers in 107 nets.
   Iter   |    Area   | Removed | Inserted |   Pins
          |           | Buffers | Buffers  | Remaining
-------------------------------------------------------
        0 |     +0.0% |       0 |        0 |     31437
     3100 |     +1.4% |      26 |      582 |     28337
     6200 |     +2.2% |      32 |      888 |     25237
     9300 |     +2.8% |      35 |     1122 |     22137
    12400 |     +3.6% |      74 |     1550 |     19037
    15500 |     +4.0% |     151 |     1941 |     15937
    18600 |     +4.2% |     154 |     2042 |     12837
    21700 |     +5.0% |     213 |     2449 |      9737
    24800 |     +6.2% |     233 |     2972 |      6637
    27900 |     +9.5% |     242 |     4277 |      3537
    31000 |    +14.1% |     276 |     6070 |       437
    final |    +14.8% |     290 |     6364 |         0
-------------------------------------------------------
[INFO GPL-0106] Timing-driven: worst slack -8.7016316e-10
[INFO GPL-0107] Timing-driven: repair_design delta area: 594.986 um^2 (+16.62%)
[INFO GPL-0108] Timing-driven: repair_design, gpl delta gcells: 6364 (+21.89%)
[INFO GPL-0109] Timing-driven: repair_design, gcells created: 6654, deleted: 290
[INFO GPL-0110] Timing-driven: new target density: 0.6794563
[INFO GPL-0038] Routability snapshot saved at iter = 259
      258 |   0.5996 |  8.708924e+04 |          |           |      
Iteration | Overflow |     HPWL (um) |  HPWL(%) |   Penalty | Group
---------------------------------------------------------------
      260 |   0.5897 |  8.772760e+04 |  +21.30% |  4.66e-08 |      
      270 |   0.5502 |  8.820623e+04 |   +0.55% |  7.59e-08 |      
      280 |   0.5053 |  9.056214e+04 |   +2.67% |  1.24e-07 |      
      290 |   0.4596 |  9.349069e+04 |   +3.23% |  2.01e-07 |      
      300 |   0.4106 |  9.618450e+04 |   +2.88% |  3.28e-07 |      
      310 |   0.3660 |  9.893486e+04 |   +2.86% |  5.33e-07 |      
      320 |   0.3281 |  9.925737e+04 |   +0.33% |  8.35e-07 |      
      330 |   0.2985 |  9.926972e+04 |   +0.01% |  1.23e-06 |      
[INFO GPL-0040] Routability iteration: 1
[WARNING GRT-0281] Net clk has a large fanout of 2242 terminals.
[INFO GPL-0041] Total routing overflow: 0.0550
[INFO GPL-0042] Number of overflowed tiles: 1 (0.00%)
[INFO GPL-0043] Average top 0.5% routing congestion: 0.8300
[INFO GPL-0044] Average top 1.0% routing congestion: 0.7960
[INFO GPL-0045] Average top 2.0% routing congestion: 0.7584
[INFO GPL-0046] Average top 5.0% routing congestion: 0.7033
[INFO GPL-0047] Routability iteration weighted routing congestion: 0.8130
[INFO GPL-0050] Weighted routing congestion is lower than target routing congestion(1.0100), end routability optimization.
[INFO GPL-0090] Routability finished. Target routing congestion achieved succesfully.
Iteration | Overflow |     HPWL (um) |  HPWL(%) |   Penalty | Group
---------------------------------------------------------------
      340 |   0.2738 |  9.951204e+04 |   +0.24% |  1.81e-06 |      
      350 |   0.2425 |  9.959361e+04 |   +0.08% |  2.67e-06 |      
      360 |   0.2195 |  9.884576e+04 |   -0.75% |  3.93e-06 |      
      370 |   0.1947 |  9.862248e+04 |   -0.23% |  5.79e-06 |      
[INFO GPL-0100] Timing-driven iteration 2/2, virtual: false.
[INFO GPL-0101]    Iter: 371, overflow: 0.195, keep resizer changes at: 1, HPWL: 98622477
Iteration |   Area    | Resized | Buffers | Nets repaired | Remaining
---------------------------------------------------------------------
        0 |     +0.0% |       0 |       0 |             0 |     38617
    final |     +0.0% |       0 |       1 |             1 |         0
---------------------------------------------------------------------
[INFO RSZ-0034] Found 1 slew violations.
[INFO RSZ-0038] Inserted 1 buffers in 1 nets.
   Iter   |    Area   | Removed | Inserted |   Pins
          |           | Buffers | Buffers  | Remaining
-------------------------------------------------------
        0 |     +0.0% |       0 |        0 |     31437
     3100 |     +0.1% |     582 |      615 |     28337
     6200 |     +0.2% |     888 |      987 |     25237
     9300 |     +0.4% |    1122 |     1284 |     22137
    12400 |     +0.7% |    1550 |     1833 |     19037
    15500 |     +1.1% |    1941 |     2370 |     15937
    18600 |     +1.2% |    2042 |     2493 |     12837
    21700 |     +1.2% |    2449 |     2912 |      9737
    24800 |     +1.4% |    2973 |     3491 |      6637
    27900 |     +1.3% |    4278 |     4729 |      3537
    31000 |     +1.2% |    6071 |     6456 |       437
    final |     +1.2% |    6365 |     6772 |         0
-------------------------------------------------------
[INFO GPL-0106] Timing-driven: worst slack -8.6967317e-10
[INFO GPL-0107] Timing-driven: repair_design delta area: 49.280 um^2 (+1.18%)
[INFO GPL-0108] Timing-driven: repair_design, gpl delta gcells: 408 (+1.15%)
[INFO GPL-0109] Timing-driven: repair_design, gcells created: 6773, deleted: 6365
[INFO GPL-0110] Timing-driven: new target density: 0.6860374
Iteration | Overflow |     HPWL (um) |  HPWL(%) |   Penalty | Group
---------------------------------------------------------------
      380 |   0.1738 |  1.035466e+05 |   +4.99% |  8.52e-06 |      
      390 |   0.1485 |  1.023576e+05 |   -1.15% |  1.26e-05 |      
      400 |   0.1298 |  1.015881e+05 |   -0.75% |  1.85e-05 |      
      410 |   0.1109 |  1.011675e+05 |   -0.41% |  2.73e-05 |      
      417 |   0.0994 |  1.009828e+05 |          |  3.72e-05 |      
---------------------------------------------------------------
[INFO GPL-1001] Global placement finished at iteration 417
[INFO GPL-1017] Routability mode iteration count: 71
[INFO GPL-1005] Routability final weighted congestion: 0.7414
[INFO GPL-1002] Placed Cell Area             4225.1377
[INFO GPL-1003] Available Free Area          7488.2151
[INFO GPL-1004] Minimum Feasible Density        0.4800 (cell_area / free_area)
[INFO GPL-1006]   Suggested Target Densities:
[INFO GPL-1007]     - For 90% usage of free space: 0.6269
[INFO GPL-1008]     - For 80% usage of free space: 0.7053
[INFO GPL-1011] Original area (um^2): 3580.87
[INFO GPL-1012] Total routability artificial inflation: 0.00 (+0.00%)
[INFO GPL-1013] Total timing-driven delta area: 644.27 (+17.99%)
[INFO GPL-1014] Final placement area: 4225.14 (+17.99%)
Took 79 seconds: global_placement -density 0.6 -pad_left 0 -pad_right 0 -routability_driven -timing_driven -force_center_initial_place -min_phi_coef 0.95 -max_phi_coef 1.05
estimate_parasitics -placement
Report metrics stage 3, global place...

==========================================================================
global place report_design_area
--------------------------------------------------------------------------
Design area 4004 um^2 53% utilization.
write_db ./results/asap7/rv32imc_top/p1400/3_3_place_gp.odb
Elapsed time: 1:34.26[h:]min:sec. CPU time: user 95.07 sys 26.15 (128%). Peak memory: 754600KB.
Log                       Ext     Elapsed/s Peak Memory/MB sha1sum result [0:20)
3_3_place_gp              .odb           94            736 33fc375219e9b32bd6e4
/home/hatch/workspace/rv32imc-cpu/tools/orfs/flow/scripts/flow.sh 3_4_place_resized resize
Running resize.tcl, stage 3_4_place_resized
source /home/hatch/workspace/rv32imc-cpu/tools/orfs/flow/platforms/asap7/liberty_suppressions.tcl
read_liberty /home/hatch/workspace/rv32imc-cpu/tools/orfs/flow/platforms/asap7/lib/NLDM/asap7sc7p5t_AO_RVT_FF_nldm_211120.lib.gz
read_liberty /home/hatch/workspace/rv32imc-cpu/tools/orfs/flow/platforms/asap7/lib/NLDM/asap7sc7p5t_INVBUF_RVT_FF_nldm_220122.lib.gz
read_liberty /home/hatch/workspace/rv32imc-cpu/tools/orfs/flow/platforms/asap7/lib/NLDM/asap7sc7p5t_OA_RVT_FF_nldm_211120.lib.gz
read_liberty /home/hatch/workspace/rv32imc-cpu/tools/orfs/flow/platforms/asap7/lib/NLDM/asap7sc7p5t_SIMPLE_RVT_FF_nldm_211120.lib.gz
read_liberty /home/hatch/workspace/rv32imc-cpu/tools/orfs/flow/platforms/asap7/lib/NLDM/asap7sc7p5t_SEQ_RVT_FF_nldm_220123.lib
read_db ./results/asap7/rv32imc_top/p1400/3_3_place_gp.odb
read_sdc ./results/asap7/rv32imc_top/p1400/2_floorplan.sdc
source /home/hatch/workspace/rv32imc-cpu/tools/orfs/flow/platforms/asap7/setRC.tcl
estimate_parasitics -placement
Perform buffer insertion and gate resizing...
repair_design -verbose
Iteration |   Area    | Resized | Buffers | Nets repaired | Remaining
---------------------------------------------------------------------
        0 |     +0.0% |       0 |       0 |             0 |     39025
     1000 |     +0.0% |       0 |       0 |             0 |     38025
     2000 |     +0.0% |       0 |       0 |             0 |     37025
     3000 |     +0.0% |       0 |       0 |             0 |     36025
     4000 |     +0.0% |       0 |       0 |             0 |     35025
     5000 |     +0.0% |       0 |       0 |             0 |     34025
     6000 |     +0.0% |       0 |       0 |             0 |     33025
     7000 |     +0.0% |       0 |       0 |             0 |     32025
     8000 |     +0.0% |       0 |       0 |             0 |     31025
     9000 |     +0.0% |       0 |       0 |             0 |     30025
    10000 |     +0.0% |       0 |       0 |             0 |     29025
    11000 |     +0.0% |       0 |       0 |             0 |     28025
    12000 |     +0.0% |       0 |       0 |             0 |     27025
    13000 |     +0.0% |       0 |       0 |             0 |     26025
    14000 |     +0.0% |       0 |       0 |             0 |     25025
    15000 |     +0.0% |       0 |       0 |             0 |     24025
    16000 |     +0.0% |       0 |       0 |             0 |     23025
    17000 |     +0.0% |       0 |       0 |             0 |     22025
    18000 |     +0.0% |       0 |       0 |             0 |     21025
    19000 |     +0.0% |       0 |       0 |             0 |     20025
    20000 |     +0.0% |       0 |       0 |             0 |     19025
    21000 |     +0.0% |       0 |       0 |             0 |     18025
    22000 |     +0.0% |       0 |       0 |             0 |     17025
    23000 |     +0.0% |       0 |       0 |             0 |     16025
    24000 |     +0.0% |       0 |       0 |             0 |     15025
    25000 |     +0.0% |       0 |       0 |             0 |     14025
    26000 |     +0.0% |       0 |       0 |             0 |     13025
    27000 |     +0.0% |       0 |       0 |             0 |     12025
    28000 |     +0.0% |       0 |       0 |             0 |     11025
    29000 |     +0.0% |       0 |       0 |             0 |     10025
    30000 |     +0.0% |       0 |       0 |             0 |      9025
    31000 |     +0.0% |       0 |       0 |             0 |      8025
    32000 |     +0.0% |       0 |       0 |             0 |      7025
    33000 |     +0.0% |       0 |       0 |             0 |      6025
    34000 |     +0.0% |       0 |       0 |             0 |      5025
    35000 |     +0.0% |       0 |       0 |             0 |      4025
    36000 |     +0.0% |       0 |       0 |             0 |      3025
    37000 |     +0.0% |       0 |       0 |             0 |      2025
    38000 |     +0.0% |       0 |       0 |             0 |      1025
    39000 |     +0.0% |       0 |       0 |             0 |        25
    final |     +0.0% |       0 |       0 |             0 |         0
---------------------------------------------------------------------
Took 9 seconds: repair_design -verbose
Floating nets: 
Report metrics stage 3, resizer...

==========================================================================
resizer report_design_area
--------------------------------------------------------------------------
Design area 4004 um^2 53% utilization.
Instance count before 36972, after 36972
Pin count before 109399, after 109399
write_db ./results/asap7/rv32imc_top/p1400/3_4_place_resized.odb
Elapsed time: 0:27.69[h:]min:sec. CPU time: user 25.82 sys 5.89 (114%). Peak memory: 362632KB.
Log                       Ext     Elapsed/s Peak Memory/MB sha1sum result [0:20)
3_4_place_resized         .odb           27            354 33fc375219e9b32bd6e4
/home/hatch/workspace/rv32imc-cpu/tools/orfs/flow/scripts/flow.sh 3_5_place_dp detail_place
Running detail_place.tcl, stage 3_5_place_dp
source /home/hatch/workspace/rv32imc-cpu/tools/orfs/flow/platforms/asap7/liberty_suppressions.tcl
read_liberty /home/hatch/workspace/rv32imc-cpu/tools/orfs/flow/platforms/asap7/lib/NLDM/asap7sc7p5t_AO_RVT_FF_nldm_211120.lib.gz
read_liberty /home/hatch/workspace/rv32imc-cpu/tools/orfs/flow/platforms/asap7/lib/NLDM/asap7sc7p5t_INVBUF_RVT_FF_nldm_220122.lib.gz
read_liberty /home/hatch/workspace/rv32imc-cpu/tools/orfs/flow/platforms/asap7/lib/NLDM/asap7sc7p5t_OA_RVT_FF_nldm_211120.lib.gz
read_liberty /home/hatch/workspace/rv32imc-cpu/tools/orfs/flow/platforms/asap7/lib/NLDM/asap7sc7p5t_SIMPLE_RVT_FF_nldm_211120.lib.gz
read_liberty /home/hatch/workspace/rv32imc-cpu/tools/orfs/flow/platforms/asap7/lib/NLDM/asap7sc7p5t_SEQ_RVT_FF_nldm_220123.lib
read_db ./results/asap7/rv32imc_top/p1400/3_4_place_resized.odb
read_sdc ./results/asap7/rv32imc_top/p1400/2_floorplan.sdc
source /home/hatch/workspace/rv32imc-cpu/tools/orfs/flow/platforms/asap7/setRC.tcl
detailed_placement
[INFO DPL-0006] Core area: 7521.05 um^2, Instances area: 4003.61 um^2, Utilization: 53.2%
[INFO DPL-0005] Diamond search max displacement: +/- 500 sites horizontally, +/- 100 rows vertically.
[INFO DPL-1101] Legalizing using diamond search.
Movements Summary
---------------------------------------
Total cells:                   35846
Diamond Move Success:          35846 (100.00%)
Diamond Move Failure:              0
Rip-up and replace Success:        0 (  0.00% of diamond failures)
Rip-up and replace Failure:        0
Total Placement Failures:          0
---------------------------------------
Placement Analysis
---------------------------------
total displacement       8360.0 u
average displacement        0.2 u
max displacement            1.0 u
original HPWL          101029.1 u
legalized HPWL         107467.5 u
delta HPWL                    6 %

improve_placement -max_displacement "5 1"
Detailed placement improvement.
[INFO DPL-0401] Setting random seed to 1.
[INFO DPL-0402] Setting maximum displacement 5 1 to 1350 270 units.
[INFO DPL-0320] Collected 1358 fixed cells.
[INFO DPL-0318] Collected 35846 single height cells.
[INFO DPL-0321] Collected 0 wide cells.
[INFO DPL-0322] Image (2052, 2160) - (88830, 88830)
[INFO DPL-0310] Assigned 35846 cells into segments.  Movement in X-direction is 0.000000, movement in Y-direction is 0.000000.
[INFO DPL-0313] Found 0 cells in wrong regions.
[INFO DPL-0315] Found 0 row alignment problems.
[INFO DPL-0314] Found 0 site alignment problems.
[INFO DPL-0311] Found 0 overlaps between adjacent cells.
[INFO DPL-0312] Found 0 edge spacing violations and 0 padding violations.
[INFO DPL-0303] Running algorithm for independent set matching.
[INFO DPL-0300] Set matching objective is wirelength.
[INFO DPL-0301] Pass   1 of matching; objective is 1.074417e+08.
[INFO DPL-0302] End of matching; objective is 1.071473e+08, improvement is 0.27 percent.
[INFO DPL-0303] Running algorithm for global swaps.
[INFO DPL-0306] Pass   1 of global swaps; hpwl is 1.063328e+08.
[INFO DPL-0307] End of global swaps; objective is 1.063328e+08, improvement is 0.76 percent.
[INFO DPL-0303] Running algorithm for vertical swaps.
[INFO DPL-0308] Pass   1 of vertical swaps; hpwl is 1.060722e+08.
[INFO DPL-0309] End of vertical swaps; objective is 1.060722e+08, improvement is 0.25 percent.
[INFO DPL-0303] Running algorithm for reordering.
[INFO DPL-0304] Pass   1 of reordering; objective is 1.058320e+08.
[INFO DPL-0305] End of reordering; objective is 1.058320e+08, improvement is 0.23 percent.
[INFO DPL-0303] Running algorithm for random improvement.
[INFO DPL-0324] Random improver is using random generator.
[INFO DPL-0325] Random improver is using hpwl objective.
[INFO DPL-0326] Random improver cost string is (a).
[INFO DPL-0332] End of pass, Generator random called 716920 times.
[INFO DPL-0335] Generator random, Cumulative attempts 716920, swaps 115153, moves 166742 since last reset.
[INFO DPL-0333] End of pass, Objective hpwl, Initial cost 1.056261e+08, Scratch cost 1.049441e+08, Incremental cost 1.049441e+08, Mismatch? N
[INFO DPL-0338] End of pass, Total cost is 1.049441e+08.
[INFO DPL-0327] Pass   1 of random improver; improvement in cost is 0.65 percent.
[INFO DPL-0328] End of random improver; improvement is 0.645677 percent.
[INFO DPL-0380] Cell flipping.
[INFO DPL-0382] Changed 0 cell orientations for row compatibility.
[INFO DPL-0383] Performed 11566 cell flips.
[INFO DPL-0384] End of flipping; objective is 1.031257e+08, improvement is 1.93 percent.
[INFO DPL-0313] Found 0 cells in wrong regions.
[INFO DPL-0315] Found 0 row alignment problems.
[INFO DPL-0314] Found 0 site alignment problems.
[INFO DPL-0311] Found 0 overlaps between adjacent cells.
[INFO DPL-0312] Found 0 edge spacing violations and 0 padding violations.
Detailed Improvement Results
------------------------------------------
Original HPWL           107467.5 u (   50995.8,    56471.8)
Final HPWL              102965.4 u (   48158.3,    54807.2)
Delta HPWL                  -4.2 % (      -5.6,       -2.9)

Took 8 seconds: improve_placement -max_displacement "5 1"
optimize_mirroring
[INFO DPL-0020] Mirrored 5713 instances
[INFO DPL-0021] HPWL before          102965.4 u
[INFO DPL-0022] HPWL after           102794.9 u
[INFO DPL-0023] HPWL delta               -0.2 %
[INFO FLW-0012] Placement violations .
estimate_parasitics -placement
Report metrics stage 3, detailed place...

==========================================================================
detailed place report_design_area
--------------------------------------------------------------------------
Design area 4004 um^2 53% utilization.
write_db ./results/asap7/rv32imc_top/p1400/3_5_place_dp.odb
write_sdc -no_timestamp ./results/asap7/rv32imc_top/p1400/3_place.sdc
Elapsed time: 0:32.56[h:]min:sec. CPU time: user 30.66 sys 5.61 (111%). Peak memory: 414824KB.
Log                       Ext     Elapsed/s Peak Memory/MB sha1sum result [0:20)
3_5_place_dp              .odb           32            405 7ca0305b0841f5b6c93c
cp ./results/asap7/rv32imc_top/p1400/3_5_place_dp.odb ./results/asap7/rv32imc_top/p1400/3_place.odb
/home/hatch/workspace/rv32imc-cpu/tools/orfs/flow/scripts/flow.sh 4_1_cts cts
Running cts.tcl, stage 4_1_cts
source /home/hatch/workspace/rv32imc-cpu/tools/orfs/flow/platforms/asap7/liberty_suppressions.tcl
read_liberty /home/hatch/workspace/rv32imc-cpu/tools/orfs/flow/platforms/asap7/lib/NLDM/asap7sc7p5t_AO_RVT_FF_nldm_211120.lib.gz
read_liberty /home/hatch/workspace/rv32imc-cpu/tools/orfs/flow/platforms/asap7/lib/NLDM/asap7sc7p5t_INVBUF_RVT_FF_nldm_220122.lib.gz
read_liberty /home/hatch/workspace/rv32imc-cpu/tools/orfs/flow/platforms/asap7/lib/NLDM/asap7sc7p5t_OA_RVT_FF_nldm_211120.lib.gz
read_liberty /home/hatch/workspace/rv32imc-cpu/tools/orfs/flow/platforms/asap7/lib/NLDM/asap7sc7p5t_SIMPLE_RVT_FF_nldm_211120.lib.gz
read_liberty /home/hatch/workspace/rv32imc-cpu/tools/orfs/flow/platforms/asap7/lib/NLDM/asap7sc7p5t_SEQ_RVT_FF_nldm_220123.lib
read_db ./results/asap7/rv32imc_top/p1400/3_place.odb
read_sdc ./results/asap7/rv32imc_top/p1400/3_place.sdc
source /home/hatch/workspace/rv32imc-cpu/tools/orfs/flow/platforms/asap7/setRC.tcl
clock_tree_synthesis -sink_clustering_enable -repair_clock_nets
[INFO CTS-0050] Root buffer is BUFx16f_ASAP7_75t_R.
[INFO CTS-0051] Sink buffer is BUFx24_ASAP7_75t_R.
[INFO CTS-0052] The following clock buffers will be used for CTS:
                    BUFx16f_ASAP7_75t_R
                    BUFx24_ASAP7_75t_R
[INFO CTS-0049] Characterization buffer is BUFx24_ASAP7_75t_R.
[INFO CTS-0007] Net "clk" found for clock "core_clk".
[INFO CTS-0010]  Clock net "clk" has 2241 sinks.
[INFO CTS-0008] TritonCTS found 1 clock nets.
[INFO CTS-0097] Characterization used 2 buffer(s) types.
[INFO CTS-0201] 0 blockages from hard placement blockages and placed macros will be used.
[INFO CTS-0027] Generating H-Tree topology for net clk.
[INFO CTS-0028]  Total number of sinks: 2241.
[INFO CTS-0090]  Sinks will be clustered based on buffer max cap.
[INFO CTS-0030]  Number of static layers: 0.
[INFO CTS-0020]  Wire segment unit: 1350  dbu (1 um).
[INFO CTS-0206] Best clustering solution was found from max clustering size of 24 and max clustering diameter of 27.
[INFO CTS-0019]  Total number of sinks after clustering: 118.
[INFO CTS-0024]  Normalized sink region: [(3.01678, 3.02381), (62.743, 64.3039)].
[INFO CTS-0025]     Width:  59.7262.
[INFO CTS-0026]     Height: 61.2801.
 Level 1
    Direction: Vertical
    Sinks per sub-region: 59
    Sub-region size: 59.7262 X 30.6400
[INFO CTS-0034]     Segment length (rounded): 16.
 Level 2
    Direction: Horizontal
    Sinks per sub-region: 30
    Sub-region size: 29.8631 X 30.6400
[INFO CTS-0034]     Segment length (rounded): 14.
 Level 3
    Direction: Vertical
    Sinks per sub-region: 15
    Sub-region size: 29.8631 X 15.3200
[INFO CTS-0034]     Segment length (rounded): 8.
 Level 4
    Direction: Horizontal
    Sinks per sub-region: 8
    Sub-region size: 14.9315 X 15.3200
[INFO CTS-0034]     Segment length (rounded): 8.
[INFO CTS-0032]  Stop criterion found. Max number of sinks is 15.
[INFO CTS-0035]  Number of sinks covered: 118.
[INFO CTS-0018]     Created 139 clock buffers.
[INFO CTS-0012]     Minimum number of buffers in the clock path: 4.
[INFO CTS-0013]     Maximum number of buffers in the clock path: 4.
[INFO CTS-0015]     Created 139 clock nets.
[INFO CTS-0016]     Fanout distribution for the current clock = 5:4, 6:4, 7:2, 8:4, 9:2, 10:2, 11:2, 12:2, 13:3, 14:1, 15:2, 16:3, 17:13, 18:10, 19:21, 20:18, 21:20, 22:11, 23:8, 24:2..
[INFO CTS-0017]     Max level of the clock tree: 4.
[INFO CTS-0098] Clock net "clk"
[INFO CTS-0099]  Sinks 2350
[INFO CTS-0100]  Leaf buffers 118
[INFO CTS-0101]  Average sink wire length 149.00 um
[INFO CTS-0102]  Path depth 3 - 4
[INFO CTS-0207]  Dummy loads inserted 109
Took 8 seconds: clock_tree_synthesis -sink_clustering_enable -repair_clock_nets
estimate_parasitics -placement
detailed_placement
[INFO DPL-0006] Core area: 7521.05 um^2, Instances area: 4083.61 um^2, Utilization: 54.3%
[INFO DPL-0005] Diamond search max displacement: +/- 500 sites horizontally, +/- 100 rows vertically.
[INFO DPL-1101] Legalizing using diamond search.
Movements Summary
---------------------------------------
Total cells:                   36094
Diamond Move Success:          36094 (100.00%)
Diamond Move Failure:              0
Rip-up and replace Success:        0 (  0.00% of diamond failures)
Rip-up and replace Failure:        0
Total Placement Failures:          0
---------------------------------------
Placement Analysis
---------------------------------
total displacement        407.1 u
average displacement        0.0 u
max displacement            1.1 u
original HPWL          104969.9 u
legalized HPWL         107691.5 u
delta HPWL                    3 %

estimate_parasitics -placement
repair_timing -setup_margin 0 -hold_margin 0 -repair_tns 100 -verbose
[INFO RSZ-0100] Repair move sequence: UnbufferMove SizeUpMove SwapPinsMove BufferMove CloneMove SplitLoadMove 
[INFO RSZ-0094] Found 2405 endpoints with setup violations.
[INFO RSZ-0099] Repairing 2405 out of 2405 (100.00%) violating endpoints...
   Iter   | Removed | Resized | Inserted | Cloned |  Pin  |   Area   |    WNS   |   StTNS    |   EnTNS    |  Viol  |  Worst  
          | Buffers |  Gates  | Buffers  |  Gates | Swaps |          |          |            |            | Endpts | St/EnPt 
------------------------------------------------------------------------------------------------------------------------------
       0* |       0 |       0 |        0 |      0 |     0 |    +0.0% | -864.709 |  -642241.9 | -1060713.8 |   2405 | u_mul.result\[30\]$_DFFE_PN0P_/D
      10* |       0 |       0 |        1 |      0 |     8 |    +0.0% | -861.506 |  -642289.6 | -1060656.8 |   2405 | u_mul.result\[30\]$_DFFE_PN0P_/D
      20* |       0 |       1 |        9 |      0 |    13 |    +0.0% | -858.023 |  -642347.1 | -1060729.4 |   2405 | u_mul.result\[30\]$_DFFE_PN0P_/D
      30* |       0 |       4 |       16 |      0 |    15 |    +0.0% | -856.096 |  -642183.2 | -1060681.0 |   2405 | u_mul.result\[30\]$_DFFE_PN0P_/D
      40* |       0 |       9 |       18 |      0 |    18 |    +0.0% | -852.487 |  -642155.4 | -1060631.8 |   2405 | u_mul.result\[30\]$_DFFE_PN0P_/D
      50* |       0 |      12 |       21 |      0 |    22 |    +0.1% | -851.649 |  -642098.6 | -1060642.2 |   2405 | u_mul.result\[30\]$_DFFE_PN0P_/D
      60* |       0 |      13 |       22 |      0 |    30 |    +0.1% | -851.419 |  -642077.4 | -1060652.6 |   2405 | u_mul.result\[26\]$_DFFE_PN0P_/D
      70* |       0 |      16 |       28 |      0 |    34 |    +0.1% | -849.663 |  -642040.2 | -1060639.1 |   2405 | u_mul.result\[26\]$_DFFE_PN0P_/D
      80* |       0 |      19 |       35 |      0 |    38 |    +0.1% | -848.556 |  -642015.2 | -1060631.9 |   2405 | u_mul.result\[26\]$_DFFE_PN0P_/D
      82* |       0 |      19 |       35 |      0 |    38 |    +0.1% | -848.556 |  -642015.2 | -1060631.9 |   2405 | u_mul.result\[26\]$_DFFE_PN0P_/D
      83* |       0 |      19 |       35 |      0 |    38 |    +0.1% | -848.556 |  -642015.2 | -1060631.9 |   2405 | u_mul.result\[26\]$_DFFE_PN0P_/D
      86* |       0 |      19 |       35 |      0 |    38 |    +0.1% | -848.556 |  -642015.2 | -1060631.9 |   2405 | u_mul.result\[26\]$_DFFE_PN0P_/D
      90* |       0 |      19 |       35 |      0 |    41 |    +0.1% | -848.556 |  -642012.2 | -1060629.2 |   2405 | u_mul.result\[26\]$_DFFE_PN0P_/D
     100* |       0 |      19 |       39 |      0 |    47 |    +0.1% | -848.556 |  -641966.5 | -1060594.8 |   2405 | u_mul.result\[26\]$_DFFE_PN0P_/D
     110* |       0 |      19 |       40 |      0 |    56 |    +0.1% | -848.556 |  -641971.8 | -1060592.9 |   2405 | u_mul.result\[26\]$_DFFE_PN0P_/D
     120* |       0 |      22 |       41 |      0 |    62 |    +0.1% | -848.556 |  -641929.6 | -1060585.2 |   2405 | u_mul.result\[26\]$_DFFE_PN0P_/D
     130* |       0 |      24 |       42 |      0 |    69 |    +0.1% | -848.556 |  -641921.9 | -1060582.1 |   2405 | u_mul.result\[26\]$_DFFE_PN0P_/D
     140* |       0 |      25 |       45 |      0 |    76 |    +0.1% | -848.556 |  -641929.5 | -1060593.0 |   2405 | u_mul.result\[26\]$_DFFE_PN0P_/D
     150* |       0 |      30 |       49 |      0 |    79 |    +0.1% | -848.556 |  -641895.6 | -1060558.9 |   2405 | u_mul.result\[26\]$_DFFE_PN0P_/D
     160* |       0 |      31 |       49 |      0 |    88 |    +0.1% | -848.556 |  -641886.4 | -1060543.8 |   2405 | u_mul.result\[26\]$_DFFE_PN0P_/D
     170* |       0 |      33 |       50 |      0 |    95 |    +0.2% | -848.934 |  -641885.4 | -1060522.6 |   2405 | u_mul.result\[26\]$_DFFE_PN0P_/D
     180* |       0 |      34 |       54 |      0 |   100 |    +0.2% | -848.934 |  -641879.1 | -1060520.6 |   2405 | u_mul.result\[26\]$_DFFE_PN0P_/D
     190* |       0 |      36 |       54 |      1 |   107 |    +0.2% | -848.934 |  -641917.6 | -1060560.8 |   2405 | u_mul.result\[26\]$_DFFE_PN0P_/D
     200* |       0 |      40 |       56 |      1 |   111 |    +0.2% | -848.934 |  -641910.4 | -1060551.8 |   2405 | u_mul.result\[26\]$_DFFE_PN0P_/D
     205* |       0 |      31 |       49 |      0 |    83 |    +0.1% | -848.556 |  -641895.1 | -1060538.8 |   2405 | u_mul.result\[26\]$_DFFE_PN0P_/D
     207* |       0 |      31 |       49 |      0 |    84 |    +0.1% | -848.556 |  -641895.1 | -1060538.2 |   2405 | u_mul.result\[26\]$_DFFE_PN0P_/D
     210* |       0 |      33 |       49 |      0 |    84 |    +0.2% | -848.556 |  -641895.1 | -1060507.9 |   2405 | u_mul.result\[26\]$_DFFE_PN0P_/D
     220* |       0 |      34 |       50 |      0 |    92 |    +0.2% | -848.557 |  -641895.1 | -1060496.8 |   2405 | u_mul.result\[26\]$_DFFE_PN0P_/D
     230* |       1 |      36 |       54 |      0 |    95 |    +0.2% | -848.557 |  -641886.3 | -1060457.2 |   2405 | u_mul.result\[26\]$_DFFE_PN0P_/D
     240* |       1 |      37 |       57 |      0 |   101 |    +0.2% | -848.557 |  -641881.1 | -1060451.5 |   2405 | u_mul.result\[26\]$_DFFE_PN0P_/D
     250* |       1 |      41 |       61 |      0 |   104 |    +0.2% | -848.935 |  -641877.0 | -1060418.5 |   2405 | u_mul.result\[26\]$_DFFE_PN0P_/D
     260* |       1 |      44 |       64 |      1 |   108 |    +0.2% | -848.935 |  -641900.8 | -1060474.9 |   2405 | u_mul.result\[26\]$_DFFE_PN0P_/D
     265* |       1 |      40 |       60 |      0 |   104 |    +0.2% | -848.557 |  -641876.7 | -1060439.0 |   2405 | u_mul.result\[26\]$_DFFE_PN0P_/D
     270* |       1 |      41 |       61 |      0 |   106 |    +0.2% | -848.935 |  -641877.0 | -1060421.8 |   2405 | u_mul.result\[26\]$_DFFE_PN0P_/D
     280* |       2 |      43 |       61 |      0 |   113 |    +0.2% | -848.935 |  -641859.4 | -1060416.8 |   2405 | u_mul.result\[26\]$_DFFE_PN0P_/D
     290* |       2 |      47 |       62 |      0 |   118 |    +0.2% | -848.935 |  -641847.6 | -1060420.1 |   2405 | u_mul.result\[26\]$_DFFE_PN0P_/D
     300* |       2 |      51 |       64 |      1 |   122 |    +0.2% | -848.935 |  -641862.6 | -1060505.5 |   2405 | u_mul.result\[26\]$_DFFE_PN0P_/D
     310* |       2 |      58 |       65 |      1 |   124 |    +0.2% | -848.935 |  -641857.1 | -1060463.4 |   2405 | u_mul.result\[26\]$_DFFE_PN0P_/D
     311* |       1 |      40 |       60 |      0 |   104 |    +0.2% | -848.557 |  -641876.7 | -1060439.0 |   2405 | u_mul.result\[26\]$_DFFE_PN0P_/D
     320* |       1 |      40 |       60 |      0 |   112 |    +0.2% | -848.557 |  -641891.8 | -1060447.2 |   2405 | u_mul.result\[26\]$_DFFE_PN0P_/D
     330* |       2 |      41 |       61 |      0 |   119 |    +0.2% | -848.557 |  -641868.2 | -1060420.2 |   2405 | u_mul.result\[26\]$_DFFE_PN0P_/D
     340* |       2 |      46 |       63 |      0 |   122 |    +0.2% | -848.935 |  -641871.8 | -1060401.9 |   2405 | u_mul.result\[26\]$_DFFE_PN0P_/D
     350* |       2 |      49 |       65 |      0 |   128 |    +0.2% | -849.164 |  -641869.2 | -1060368.2 |   2405 | u_mul.result\[26\]$_DFFE_PN0P_/D
     360* |       2 |      56 |       65 |      0 |   131 |    +0.2% | -849.164 |  -641870.4 | -1060360.2 |   2405 | u_mul.result\[26\]$_DFFE_PN0P_/D
     370* |       2 |      61 |       65 |      0 |   136 |    +0.2% | -849.164 |  -641872.6 | -1060350.5 |   2405 | u_mul.result\[26\]$_DFFE_PN0P_/D
     380* |       2 |      64 |       71 |      0 |   140 |    +0.2% | -849.164 |  -641860.9 | -1060358.0 |   2405 | u_mul.result\[26\]$_DFFE_PN0P_/D
     388* |       2 |      45 |       63 |      0 |   121 |    +0.2% | -848.557 |  -641871.4 | -1060412.0 |   2405 | u_mul.result\[26\]$_DFFE_PN0P_/D
     390* |       2 |      45 |       63 |      0 |   122 |    +0.2% | -848.557 |  -641870.7 | -1060411.4 |   2405 | u_mul.result\[26\]$_DFFE_PN0P_/D
     400* |       2 |      47 |       65 |      0 |   128 |    +0.2% | -848.557 |  -641777.9 | -1060404.4 |   2405 | u_mul.result\[26\]$_DFFE_PN0P_/D
     410* |       2 |      48 |       65 |      0 |   137 |    +0.2% | -848.557 |  -641772.1 | -1060426.0 |   2405 | u_mul.result\[26\]$_DFFE_PN0P_/D
     420* |       2 |      53 |       67 |      0 |   141 |    +0.2% | -848.935 |  -641754.1 | -1060369.8 |   2405 | u_mul.result\[26\]$_DFFE_PN0P_/D
     430* |       2 |      56 |       70 |      0 |   145 |    +0.2% | -848.935 |  -641741.3 | -1060335.0 |   2405 | u_mul.result\[26\]$_DFFE_PN0P_/D
     440* |       2 |      60 |       71 |      0 |   150 |    +0.2% | -849.164 |  -641714.9 | -1060316.4 |   2405 | u_mul.result\[26\]$_DFFE_PN0P_/D
     450* |       2 |      64 |       73 |      0 |   154 |    +0.2% | -849.164 |  -641697.0 | -1060325.4 |   2405 | u_mul.result\[26\]$_DFFE_PN0P_/D
     453* |       2 |      48 |       65 |      0 |   130 |    +0.2% | -848.557 |  -641777.9 | -1060407.9 |   2405 | u_mul.result\[26\]$_DFFE_PN0P_/D
     460* |       2 |      53 |       65 |      0 |   131 |    +0.2% | -848.935 |  -641772.1 | -1060346.9 |   2405 | u_mul.result\[26\]$_DFFE_PN0P_/D
     470* |       2 |      58 |       69 |      0 |   132 |    +0.2% | -848.935 |  -641727.0 | -1060325.6 |   2405 | u_mul.result\[26\]$_DFFE_PN0P_/D
     480* |       2 |      66 |       71 |      0 |   132 |    +0.2% | -849.250 |  -641706.4 | -1060305.5 |   2405 | u_mul.result\[26\]$_DFFE_PN0P_/D
     490* |       2 |      70 |       72 |      0 |   137 |    +0.2% | -849.250 |  -641706.4 | -1060305.4 |   2405 | u_mul.result\[26\]$_DFFE_PN0P_/D
     500* |       3 |      72 |       75 |      0 |   142 |    +0.2% | -850.356 |  -641706.6 | -1060315.5 |   2405 | u_mul.result\[26\]$_DFFE_PN0P_/D
     505* |       2 |      48 |       65 |      0 |   131 |    +0.2% | -848.557 |  -641772.7 | -1060405.5 |   2405 | u_mul.result\[26\]$_DFFE_PN0P_/D
     509* |       2 |      48 |       65 |      0 |   134 |    +0.2% | -848.557 |  -641772.7 | -1060404.9 |   2405 | u_mul.result\[26\]$_DFFE_PN0P_/D
     510* |       2 |      48 |       65 |      0 |   134 |    +0.2% | -848.557 |  -641772.7 | -1060404.9 |   2405 | u_mul.result\[26\]$_DFFE_PN0P_/D
     520* |       2 |      49 |       67 |      0 |   141 |    +0.2% | -848.557 |  -641777.6 | -1060387.4 |   2405 | u_mul.result\[26\]$_DFFE_PN0P_/D
     530* |       2 |      49 |       70 |      0 |   148 |    +0.2% | -848.557 |  -641777.9 | -1060365.8 |   2405 | u_mul.result\[26\]$_DFFE_PN0P_/D
     540* |       2 |      53 |       72 |      0 |   152 |    +0.2% | -848.935 |  -641778.2 | -1060315.8 |   2405 | u_mul.result\[26\]$_DFFE_PN0P_/D
     550* |       2 |      58 |       72 |      0 |   157 |    +0.2% | -848.935 |  -641780.2 | -1060298.5 |   2405 | u_mul.result\[26\]$_DFFE_PN0P_/D
     557* |       2 |      49 |       70 |      0 |   147 |    +0.2% | -848.557 |  -641777.9 | -1060365.2 |   2405 | u_mul.result\[26\]$_DFFE_PN0P_/D
     560* |       2 |      51 |       70 |      0 |   147 |    +0.2% | -848.935 |  -641776.8 | -1060325.4 |   2405 | u_mul.result\[26\]$_DFFE_PN0P_/D
     570* |       2 |      59 |       72 |      0 |   147 |    +0.2% | -848.935 |  -641747.5 | -1060301.4 |   2405 | u_mul.result\[26\]$_DFFE_PN0P_/D
     580* |       2 |      66 |       74 |      0 |   148 |    +0.2% | -849.250 |  -641736.2 | -1060275.1 |   2405 | u_mul.result\[26\]$_DFFE_PN0P_/D
     590* |       2 |      71 |       79 |      0 |   149 |    +0.3% | -849.250 |  -641725.6 | -1060266.9 |   2405 | u_mul.result\[26\]$_DFFE_PN0P_/D
     600* |       2 |      73 |       82 |      0 |   154 |    +0.3% | -849.250 |  -641716.8 | -1060305.1 |   2405 | u_mul.result\[26\]$_DFFE_PN0P_/D
     608* |       2 |      49 |       70 |      0 |   147 |    +0.2% | -848.557 |  -641777.9 | -1060365.2 |   2405 | u_mul.result\[26\]$_DFFE_PN0P_/D
     610* |       2 |      49 |       72 |      0 |   147 |    +0.2% | -848.557 |  -641774.2 | -1060364.9 |   2405 | u_mul.result\[26\]$_DFFE_PN0P_/D
     620* |       2 |      52 |       77 |      1 |   148 |    +0.2% | -848.557 |  -641765.9 | -1060362.1 |   2405 | u_mul.result\[26\]$_DFFE_PN0P_/D
     629* |       2 |      55 |       77 |      1 |   153 |    +0.2% | -848.557 |  -641767.2 | -1060360.0 |   2405 | u_mul.result\[26\]$_DFFE_PN0P_/D
     630* |       2 |      55 |       77 |      1 |   153 |    +0.2% | -848.557 |  -641767.2 | -1060360.0 |   2405 | u_mul.result\[26\]$_DFFE_PN0P_/D
     640* |       2 |      56 |       79 |      1 |   160 |    +0.2% | -848.557 |  -641770.0 | -1060364.5 |   2405 | u_mul.result\[26\]$_DFFE_PN0P_/D
     650* |       2 |      59 |       83 |      1 |   165 |    +0.3% | -848.557 |  -641758.2 | -1060361.2 |   2405 | u_mul.result\[26\]$_DFFE_PN0P_/D
     660* |       2 |      66 |       84 |      1 |   167 |    +0.3% | -848.935 |  -641756.6 | -1060330.5 |   2405 | u_mul.result\[26\]$_DFFE_PN0P_/D
     669* |       2 |      59 |       83 |      1 |   163 |    +0.3% | -848.557 |  -641758.2 | -1060359.9 |   2405 | u_mul.result\[26\]$_DFFE_PN0P_/D
     670* |       2 |      59 |       83 |      1 |   163 |    +0.3% | -848.557 |  -641758.2 | -1060359.9 |   2405 | u_mul.result\[26\]$_DFFE_PN0P_/D
     680* |       2 |      63 |       87 |      1 |   166 |    +0.3% | -849.164 |  -641746.9 | -1060290.2 |   2405 | u_mul.result\[26\]$_DFFE_PN0P_/D
     690* |       2 |      64 |       89 |      1 |   174 |    +0.3% | -849.163 |  -641739.0 | -1060278.6 |   2405 | u_mul.result\[26\]$_DFFE_PN0P_/D
     700* |       2 |      68 |       93 |      1 |   178 |    +0.3% | -849.163 |  -641725.3 | -1060257.0 |   2405 | u_mul.result\[26\]$_DFFE_PN0P_/D
     710* |       2 |      71 |       96 |      1 |   183 |    +0.3% | -850.268 |  -641714.0 | -1060261.5 |   2405 | u_mul.result\[26\]$_DFFE_PN0P_/D
     720* |       3 |      73 |       98 |      1 |   188 |    +0.3% | -850.268 |  -641703.0 | -1060266.2 |   2405 | u_mul.result\[26\]$_DFFE_PN0P_/D
     728* |       2 |      61 |       87 |      1 |   166 |    +0.3% | -848.557 |  -641744.5 | -1060324.6 |   2405 | u_mul.result\[26\]$_DFFE_PN0P_/D
     730* |       2 |      61 |       87 |      1 |   167 |    +0.3% | -848.557 |  -641745.2 | -1060325.0 |   2405 | u_mul.result\[26\]$_DFFE_PN0P_/D
     740* |       2 |      63 |       88 |      1 |   174 |    +0.3% | -848.557 |  -641746.2 | -1060349.1 |   2405 | u_mul.result\[26\]$_DFFE_PN0P_/D
     750* |       2 |      70 |       88 |      1 |   177 |    +0.3% | -848.557 |  -641747.4 | -1060324.0 |   2405 | u_mul.result\[26\]$_DFFE_PN0P_/D
     760* |       2 |      73 |       90 |      1 |   182 |    +0.3% | -848.557 |  -641735.9 | -1060315.4 |   2405 | u_mul.result\[26\]$_DFFE_PN0P_/D
     770* |       2 |      75 |       91 |      1 |   189 |    +0.3% | -848.557 |  -641735.9 | -1060316.2 |   2405 | u_mul.result\[26\]$_DFFE_PN0P_/D
     780* |       2 |      80 |       93 |      1 |   192 |    +0.3% | -848.935 |  -641737.3 | -1060290.2 |   2405 | u_mul.result\[26\]$_DFFE_PN0P_/D
     782* |       2 |      75 |       92 |      1 |   189 |    +0.3% | -848.557 |  -641735.9 | -1060315.6 |   2405 | u_mul.result\[26\]$_DFFE_PN0P_/D
     790* |       2 |      81 |       92 |      1 |   190 |    +0.3% | -849.164 |  -641734.6 | -1060267.8 |   2405 | u_mul.result\[26\]$_DFFE_PN0P_/D
     800* |       2 |      87 |       92 |      1 |   194 |    +0.3% | -849.164 |  -641740.0 | -1060260.4 |   2405 | u_mul.result\[26\]$_DFFE_PN0P_/D
     810* |       2 |      90 |       94 |      1 |   200 |    +0.3% | -849.163 |  -641714.4 | -1060243.9 |   2405 | u_mul.result\[26\]$_DFFE_PN0P_/D
     820* |       2 |      93 |       98 |      1 |   204 |    +0.3% | -850.268 |  -641707.4 | -1060255.8 |   2405 | u_mul.result\[26\]$_DFFE_PN0P_/D
     830* |       3 |      95 |       98 |      1 |   211 |    +0.3% | -850.268 |  -641704.9 | -1060258.9 |   2405 | u_mul.result\[26\]$_DFFE_PN0P_/D
     836* |       2 |      78 |       92 |      1 |   189 |    +0.3% | -848.557 |  -641732.0 | -1060311.6 |   2405 | u_mul.result\[26\]$_DFFE_PN0P_/D
     840* |       2 |      80 |       94 |      1 |   189 |    +0.3% | -849.163 |  -641711.9 | -1060257.4 |   2405 | u_mul.result\[26\]$_DFFE_PN0P_/D
     850* |       2 |      86 |       97 |      1 |   191 |    +0.3% | -850.268 |  -641711.6 | -1060251.9 |   2405 | u_mul.result\[26\]$_DFFE_PN0P_/D
     860* |       3 |      93 |       99 |      1 |   192 |    +0.3% | -850.268 |  -641697.3 | -1060247.6 |   2405 | u_mul.result\[26\]$_DFFE_PN0P_/D
     870* |       3 |      94 |      100 |      1 |   200 |    +0.3% | -850.268 |  -641697.3 | -1060251.8 |   2405 | u_mul.result\[26\]$_DFFE_PN0P_/D
     880* |       3 |     100 |      101 |      1 |   203 |    +0.3% | -850.269 |  -641698.1 | -1060256.1 |   2405 | u_mul.result\[26\]$_DFFE_PN0P_/D
     888* |       2 |      78 |       94 |      1 |   189 |    +0.3% | -848.555 |  -641708.9 | -1060306.2 |   2405 | u_mul.result\[26\]$_DFFE_PN0P_/D
     890* |       2 |      78 |       95 |      1 |   189 |    +0.3% | -848.555 |  -641708.9 | -1060303.1 |   2405 | u_mul.result\[26\]$_DFFE_PN0P_/D
     900* |       2 |      79 |      101 |      1 |   194 |    +0.3% | -848.514 |  -641706.9 | -1060291.2 |   2405 | u_mul.result\[26\]$_DFFE_PN0P_/D
     910* |       2 |      82 |      101 |      1 |   201 |    +0.3% | -848.514 |  -641707.6 | -1060287.5 |   2405 | u_mul.result\[26\]$_DFFE_PN0P_/D
     920* |       2 |      87 |      101 |      1 |   206 |    +0.3% | -848.892 |  -641708.0 | -1060253.6 |   2405 | u_mul.result\[26\]$_DFFE_PN0P_/D
     920* |       2 |      82 |      101 |      1 |   201 |    +0.3% | -848.514 |  -641707.6 | -1060287.5 |   2405 | u_mul.result\[26\]$_DFFE_PN0P_/D
     930* |       2 |      89 |      101 |      1 |   203 |    +0.3% | -849.121 |  -641691.6 | -1060213.4 |   2405 | u_mul.result\[26\]$_DFFE_PN0P_/D
     940* |       3 |      96 |      101 |      1 |   205 |    +0.3% | -849.121 |  -641661.5 | -1060206.9 |   2405 | u_mul.result\[26\]$_DFFE_PN0P_/D
     950* |       3 |     102 |      105 |      1 |   206 |    +0.4% | -850.227 |  -641648.1 | -1060223.6 |   2405 | u_mul.result\[26\]$_DFFE_PN0P_/D
     960* |       3 |     106 |      109 |      1 |   208 |    +0.4% | -850.313 |  -641644.0 | -1060230.6 |   2405 | u_mul.result\[26\]$_DFFE_PN0P_/D
     970* |       3 |     109 |      111 |      1 |   213 |    +0.4% | -850.313 |  -641644.0 | -1060228.8 |   2405 | u_mul.result\[26\]$_DFFE_PN0P_/D
     973* |       2 |      83 |      101 |      1 |   202 |    +0.3% | -848.514 |  -641705.5 | -1060276.2 |   2405 | u_mul.result\[26\]$_DFFE_PN0P_/D
     979* |       3 |      84 |      102 |      1 |   204 |    +0.3% | -848.514 |  -641705.5 | -1060263.9 |   2405 | u_mul.result\[26\]$_DFFE_PN0P_/D
     980* |       3 |      84 |      102 |      1 |   204 |    +0.3% | -848.514 |  -641705.5 | -1060263.9 |   2405 | u_mul.result\[26\]$_DFFE_PN0P_/D
     990* |       3 |      91 |      103 |      1 |   206 |    +0.3% | -848.892 |  -641700.6 | -1060230.0 |   2405 | u_mul.result\[26\]$_DFFE_PN0P_/D
    1000* |       4 |      96 |      108 |      1 |   207 |    +0.3% | -848.892 |  -641668.4 | -1060254.2 |   2405 | u_mul.result\[26\]$_DFFE_PN0P_/D
    1010* |       4 |     104 |      110 |      1 |   208 |    +0.4% | -848.892 |  -641463.9 | -1059415.2 |   2405 | u_mul.result\[26\]$_DFFE_PN0P_/D
    1020* |       5 |     108 |      112 |      1 |   211 |    +0.4% | -848.892 |  -641295.9 | -1057804.0 |   2405 | u_mul.result\[26\]$_DFFE_PN0P_/D
    1024* |       3 |      86 |      103 |      1 |   205 |    +0.3% | -848.514 |  -641706.1 | -1060259.9 |   2405 | u_mul.result\[26\]$_DFFE_PN0P_/D
    1030* |       3 |      87 |      107 |      1 |   206 |    +0.3% | -848.514 |  -641159.2 | -1055531.0 |   2405 | u_mul.result\[26\]$_DFFE_PN0P_/D
    1040* |       3 |      89 |      110 |      1 |   212 |    +0.3% | -848.514 |  -640700.4 | -1053502.1 |   2405 | u_mul.result\[26\]$_DFFE_PN0P_/D
    1050* |       3 |      94 |      111 |      1 |   216 |    +0.3% | -848.514 |  -638855.2 | -1052575.0 |   2405 | u_mul.result\[26\]$_DFFE_PN0P_/D
make[1]: *** wait: No child processes.  Stop.
make[1]: *** Waiting for unfinished jobs....
make[1]: *** wait: No child processes.  Stop.
make: *** [Makefile:572: results/asap7/rv32imc_top/p1400/4_1_cts.odb] Error 2
Terminated
