make: Entering directory '/home/hatch/workspace/rv32imc-cpu/tools/orfs/flow'
mkdir -p ./results/asap7/rv32imc_top/p960/
echo 960 > ./results/asap7/rv32imc_top/p960/clock_period.txt
/home/hatch/workspace/rv32imc-cpu/tools/orfs/flow/scripts/synth.sh /home/hatch/workspace/rv32imc-cpu/tools/orfs/flow/scripts/synth_canonicalize.tcl ./logs/asap7/rv32imc_top/p960/1_1_yosys_canonicalize.log
Using ABC area script.
Extracting clock period from SDC file: ./results/asap7/rv32imc_top/p960/clock_period.txt
Setting clock period to 960
1. Executing Liberty frontend: /home/hatch/workspace/rv32imc-cpu/tools/orfs/flow/platforms/asap7/lib/NLDM/asap7sc7p5t_AO_RVT_FF_nldm_211120.lib.gz
2. Executing Liberty frontend: /home/hatch/workspace/rv32imc-cpu/tools/orfs/flow/platforms/asap7/lib/NLDM/asap7sc7p5t_INVBUF_RVT_FF_nldm_220122.lib.gz
3. Executing Liberty frontend: /home/hatch/workspace/rv32imc-cpu/tools/orfs/flow/platforms/asap7/lib/NLDM/asap7sc7p5t_OA_RVT_FF_nldm_211120.lib.gz
4. Executing Liberty frontend: /home/hatch/workspace/rv32imc-cpu/tools/orfs/flow/platforms/asap7/lib/NLDM/asap7sc7p5t_SIMPLE_RVT_FF_nldm_211120.lib.gz
5. Executing Liberty frontend: /home/hatch/workspace/rv32imc-cpu/tools/orfs/flow/platforms/asap7/lib/NLDM/asap7sc7p5t_SEQ_RVT_FF_nldm_220123.lib
6. Executing Liberty frontend: /home/hatch/workspace/rv32imc-cpu/tools/orfs/flow/platforms/asap7/lib/NLDM/asap7sc7p5t_AO_RVT_FF_nldm_211120.lib.gz
7. Executing Liberty frontend: /home/hatch/workspace/rv32imc-cpu/tools/orfs/flow/platforms/asap7/lib/NLDM/asap7sc7p5t_INVBUF_RVT_FF_nldm_220122.lib.gz
8. Executing Liberty frontend: /home/hatch/workspace/rv32imc-cpu/tools/orfs/flow/platforms/asap7/lib/NLDM/asap7sc7p5t_OA_RVT_FF_nldm_211120.lib.gz
9. Executing Liberty frontend: /home/hatch/workspace/rv32imc-cpu/tools/orfs/flow/platforms/asap7/lib/NLDM/asap7sc7p5t_SIMPLE_RVT_FF_nldm_211120.lib.gz
10. Executing Liberty frontend: /home/hatch/workspace/rv32imc-cpu/tools/orfs/flow/platforms/asap7/lib/NLDM/asap7sc7p5t_SEQ_RVT_FF_nldm_220123.lib
11. Executing Verilog-2005 frontend: /home/hatch/workspace/rv32imc-cpu/rtl/alu.v
12. Executing Verilog-2005 frontend: /home/hatch/workspace/rv32imc-cpu/rtl/compressed_decoder.v
13. Executing Verilog-2005 frontend: /home/hatch/workspace/rv32imc-cpu/rtl/csr.v
14. Executing Verilog-2005 frontend: /home/hatch/workspace/rv32imc-cpu/rtl/mul_div.v
15. Executing Verilog-2005 frontend: /home/hatch/workspace/rv32imc-cpu/rtl/regfile.v
16. Executing Verilog-2005 frontend: /home/hatch/workspace/rv32imc-cpu/rtl/rv32imc_top.v
17. Executing Verilog-2005 frontend: /home/hatch/workspace/rv32imc-cpu/rtl/tb_extended.v
18. Executing Verilog-2005 frontend: /home/hatch/workspace/rv32imc-cpu/rtl/tb_smoke.v
19. Executing Verilog-2005 frontend: /home/hatch/workspace/rv32imc-cpu/tools/orfs/flow/platforms/asap7/yoSys/cells_clkgate_R.v
20. Executing HIERARCHY pass (managing design hierarchy).
21. Executing AST frontend in derive mode using pre-parsed AST for module `\rv32imc_top'.
21.1. Analyzing design hierarchy..
21.2. Executing AST frontend in derive mode using pre-parsed AST for module `\csr'.
21.3. Executing AST frontend in derive mode using pre-parsed AST for module `\divider'.
21.4. Executing AST frontend in derive mode using pre-parsed AST for module `\multiplier'.
21.5. Executing AST frontend in derive mode using pre-parsed AST for module `\alu'.
21.6. Executing AST frontend in derive mode using pre-parsed AST for module `\regfile'.
21.7. Executing AST frontend in derive mode using pre-parsed AST for module `\compressed_decoder'.
21.8. Analyzing design hierarchy..
21.9. Analyzing design hierarchy..
22. Executing OPT_CLEAN pass (remove unused cells and wires).
Warning: Ignoring module multiplier because it contains processes (run 'proc' command first).
Warning: Ignoring module divider because it contains processes (run 'proc' command first).
Warning: Ignoring module csr because it contains processes (run 'proc' command first).
Warning: Ignoring module rv32imc_top because it contains processes (run 'proc' command first).
Warning: Ignoring module compressed_decoder because it contains processes (run 'proc' command first).
Warning: Ignoring module regfile because it contains processes (run 'proc' command first).
Warning: Ignoring module alu because it contains processes (run 'proc' command first).
23. Executing RTLIL backend.
Warnings: 7 unique messages, 7 total
End of script. Logfile hash: 72a5a3e931, time: 0.89s, user: 0.76s, system: 0.03s, MEM: 27.29 MB peak
Yosys 0.69+75 (git sha1 f0b945f63-dirty, Release, Clang /usr/bin/clang++ 21.1.8)
Time spent: 89% 12x read_liberty (0 sec), 5% 1x hierarchy (0 sec), ...
Elapsed time: 0:00.91[h:]min:sec. CPU time: user 0.79 sys 0.04 (90%). Peak memory: 29884KB.
Log                       Ext     Elapsed/s Peak Memory/MB sha1sum result [0:20)
1_1_yosys_canonicalize    .rtlil          0             29 df53b69f4322b325e2c3
/home/hatch/workspace/rv32imc-cpu/tools/orfs/flow/scripts/synth.sh /home/hatch/workspace/rv32imc-cpu/tools/orfs/flow/scripts/synth.tcl ./logs/asap7/rv32imc_top/p960/1_2_yosys.log
Using ABC area script.
Extracting clock period from SDC file: ./results/asap7/rv32imc_top/p960/clock_period.txt
Setting clock period to 960
1. Executing RTLIL frontend.
2. Executing HIERARCHY pass (managing design hierarchy).
2.1. Analyzing design hierarchy..
2.2. Analyzing design hierarchy..
3. Executing SYNTH pass.
3.1. Executing HIERARCHY pass (managing design hierarchy).
3.1.1. Analyzing design hierarchy..
3.1.2. Analyzing design hierarchy..
3.2. Executing PROC pass (convert processes to netlists).
3.2.1. Executing PROC_CLEAN pass (remove empty switches from decision trees).
3.2.2. Executing PROC_RMDEAD pass (remove dead branches from decision trees).
3.2.3. Executing PROC_PRUNE pass (remove redundant assignments in processes).
3.2.4. Executing PROC_INIT pass (extract init attributes).
3.2.5. Executing PROC_ARST pass (detect async resets in processes).
3.2.6. Executing PROC_ROM pass (convert switches to ROMs).
3.2.7. Executing PROC_MUX pass (convert decision trees to multiplexers).
3.2.8. Executing PROC_DLATCH pass (convert process syncs to latches).
3.2.9. Executing PROC_DFF pass (convert process syncs to FFs).
3.2.10. Executing PROC_MEMWR pass (convert process memory writes to cells).
3.2.11. Executing PROC_CLEAN pass (remove empty switches from decision trees).
3.2.12. Executing OPT_EXPR pass (perform const folding).
3.3. Executing CHECK pass (checking for obvious problems).
3.4. Executing FLATTEN pass (flatten design).
3.5. Executing OPT_EXPR pass (perform const folding).
3.6. Executing CHECK pass (checking for obvious problems).
3.7. Executing OPT_CLEAN pass (remove unused cells and wires).
3.8. Executing OPT pass (performing simple optimizations).
3.8.1. Executing OPT_EXPR pass (perform const folding).
3.8.2. Executing OPT_MERGE pass (detect identical cells).
3.8.3. Executing OPT_MUXTREE pass (detect dead branches in mux trees).
3.8.4. Executing OPT_REDUCE pass (consolidate $*mux and $reduce_* inputs).
3.8.5. Executing OPT_MERGE pass (detect identical cells).
3.8.6. Executing OPT_DFF pass (perform DFF optimizations).
3.8.7. Executing OPT_CLEAN pass (remove unused cells and wires).
3.8.8. Executing OPT_EXPR pass (perform const folding).
3.8.9. Rerunning OPT passes. (Maybe there is more to do..)
3.8.10. Executing OPT_MUXTREE pass (detect dead branches in mux trees).
3.8.11. Executing OPT_REDUCE pass (consolidate $*mux and $reduce_* inputs).
3.8.12. Executing OPT_MERGE pass (detect identical cells).
3.8.13. Executing OPT_DFF pass (perform DFF optimizations).
3.8.14. Executing OPT_CLEAN pass (remove unused cells and wires).
3.8.15. Executing OPT_EXPR pass (perform const folding).
3.8.16. Rerunning OPT passes. (Maybe there is more to do..)
3.8.17. Executing OPT_MUXTREE pass (detect dead branches in mux trees).
3.8.18. Executing OPT_REDUCE pass (consolidate $*mux and $reduce_* inputs).
3.8.19. Executing OPT_MERGE pass (detect identical cells).
3.8.20. Executing OPT_DFF pass (perform DFF optimizations).
3.8.21. Executing OPT_CLEAN pass (remove unused cells and wires).
3.8.22. Executing OPT_EXPR pass (perform const folding).
3.8.23. Finished fast OPT passes. (There is nothing left to do.)
3.9. Executing FSM pass (extract and optimize FSM).
3.9.1. Executing FSM_DETECT pass (finding FSMs in design).
3.9.2. Executing FSM_EXTRACT pass (extracting FSM from design).
3.9.3. Executing FSM_OPT pass (simple optimizations of FSMs).
3.9.4. Executing OPT_CLEAN pass (remove unused cells and wires).
3.9.5. Executing FSM_OPT pass (simple optimizations of FSMs).
3.9.6. Executing FSM_RECODE pass (re-assigning FSM state encoding).
3.9.7. Executing FSM_INFO pass (dumping all available information on FSM cells).
3.9.8. Executing FSM_MAP pass (mapping FSMs to basic logic).
3.10. Executing OPT pass (performing simple optimizations).
3.10.1. Executing OPT_EXPR pass (perform const folding).
3.10.2. Executing OPT_MERGE pass (detect identical cells).
3.10.3. Executing OPT_MUXTREE pass (detect dead branches in mux trees).
3.10.4. Executing OPT_REDUCE pass (consolidate $*mux and $reduce_* inputs).
3.10.5. Executing OPT_MERGE pass (detect identical cells).
3.10.6. Executing OPT_DFF pass (perform DFF optimizations).
3.10.7. Executing OPT_CLEAN pass (remove unused cells and wires).
3.10.8. Executing OPT_EXPR pass (perform const folding).
3.10.9. Rerunning OPT passes. (Maybe there is more to do..)
3.10.10. Executing OPT_MUXTREE pass (detect dead branches in mux trees).
3.10.11. Executing OPT_REDUCE pass (consolidate $*mux and $reduce_* inputs).
3.10.12. Executing OPT_MERGE pass (detect identical cells).
3.10.13. Executing OPT_DFF pass (perform DFF optimizations).
3.10.14. Executing OPT_CLEAN pass (remove unused cells and wires).
3.10.15. Executing OPT_EXPR pass (perform const folding).
3.10.16. Rerunning OPT passes. (Maybe there is more to do..)
3.10.17. Executing OPT_MUXTREE pass (detect dead branches in mux trees).
3.10.18. Executing OPT_REDUCE pass (consolidate $*mux and $reduce_* inputs).
3.10.19. Executing OPT_MERGE pass (detect identical cells).
3.10.20. Executing OPT_DFF pass (perform DFF optimizations).
3.10.21. Executing OPT_CLEAN pass (remove unused cells and wires).
3.10.22. Executing OPT_EXPR pass (perform const folding).
3.10.23. Finished fast OPT passes. (There is nothing left to do.)
3.11. Executing WREDUCE pass (reducing word size of cells).
3.12. Executing PEEPOPT pass (run peephole optimizers).
3.13. Executing OPT_CLEAN pass (remove unused cells and wires).
3.14. Executing ALUMACC pass (create $alu and $macc cells).
3.15. Executing SHARE pass (SAT-based resource sharing).
3.16. Executing OPT pass (performing simple optimizations).
3.16.1. Executing OPT_EXPR pass (perform const folding).
3.16.2. Executing OPT_MERGE pass (detect identical cells).
3.16.3. Executing OPT_MUXTREE pass (detect dead branches in mux trees).
3.16.4. Executing OPT_REDUCE pass (consolidate $*mux and $reduce_* inputs).
3.16.5. Executing OPT_MERGE pass (detect identical cells).
3.16.6. Executing OPT_DFF pass (perform DFF optimizations).
3.16.7. Executing OPT_CLEAN pass (remove unused cells and wires).
3.16.8. Executing OPT_EXPR pass (perform const folding).
3.16.9. Rerunning OPT passes. (Maybe there is more to do..)
3.16.10. Executing OPT_MUXTREE pass (detect dead branches in mux trees).
3.16.11. Executing OPT_REDUCE pass (consolidate $*mux and $reduce_* inputs).
3.16.12. Executing OPT_MERGE pass (detect identical cells).
3.16.13. Executing OPT_DFF pass (perform DFF optimizations).
3.16.14. Executing OPT_CLEAN pass (remove unused cells and wires).
3.16.15. Executing OPT_EXPR pass (perform const folding).
3.16.16. Finished fast OPT passes. (There is nothing left to do.)
3.17. Executing MEMORY pass.
3.17.1. Executing OPT_MEM pass (optimize memories).
3.17.2. Executing OPT_MEM_PRIORITY pass (removing unnecessary memory write priority relations).
3.17.3. Executing OPT_MEM_FEEDBACK pass (finding memory read-to-write feedback paths).
3.17.4. Executing MEMORY_BMUX2ROM pass (converting muxes to ROMs).
3.17.5. Executing MEMORY_DFF pass (merging $dff cells to $memrd).
3.17.6. Executing OPT_CLEAN pass (remove unused cells and wires).
3.17.7. Executing MEMORY_SHARE pass (consolidating $memrd/$memwr cells).
3.17.8. Executing OPT_MEM_WIDEN pass (optimize memories where all ports are wide).
3.17.9. Executing OPT_CLEAN pass (remove unused cells and wires).
3.17.10. Executing MEMORY_COLLECT pass (generating $mem cells).
3.18. Executing OPT_CLEAN pass (remove unused cells and wires).
4. Executing SYNTH pass.
4.1. Executing OPT pass (performing simple optimizations).
4.1.1. Executing OPT_EXPR pass (perform const folding).
4.1.2. Executing OPT_MERGE pass (detect identical cells).
4.1.3. Executing OPT_DFF pass (perform DFF optimizations).
4.1.4. Executing OPT_CLEAN pass (remove unused cells and wires).
4.1.5. Rerunning OPT passes. (Removed registers in this run.)
4.1.6. Executing OPT_EXPR pass (perform const folding).
4.1.7. Executing OPT_MERGE pass (detect identical cells).
4.1.8. Executing OPT_DFF pass (perform DFF optimizations).
4.1.9. Executing OPT_CLEAN pass (remove unused cells and wires).
4.1.10. Finished fast OPT passes.
4.2. Executing MEMORY_MAP pass (converting memories to logic and flip-flops).
4.3. Executing OPT pass (performing simple optimizations).
4.3.1. Executing OPT_EXPR pass (perform const folding).
4.3.2. Executing OPT_MERGE pass (detect identical cells).
4.3.3. Executing OPT_MUXTREE pass (detect dead branches in mux trees).
4.3.4. Executing OPT_REDUCE pass (consolidate $*mux and $reduce_* inputs).
4.3.5. Executing OPT_MERGE pass (detect identical cells).
4.3.6. Executing OPT_SHARE pass.
4.3.7. Executing OPT_DFF pass (perform DFF optimizations).
4.3.8. Executing OPT_CLEAN pass (remove unused cells and wires).
4.3.9. Executing OPT_EXPR pass (perform const folding).
4.3.10. Rerunning OPT passes. (Maybe there is more to do..)
4.3.11. Executing OPT_MUXTREE pass (detect dead branches in mux trees).
4.3.12. Executing OPT_REDUCE pass (consolidate $*mux and $reduce_* inputs).
4.3.13. Executing OPT_MERGE pass (detect identical cells).
4.3.14. Executing OPT_SHARE pass.
4.3.15. Executing OPT_DFF pass (perform DFF optimizations).
4.3.16. Executing OPT_CLEAN pass (remove unused cells and wires).
4.3.17. Executing OPT_EXPR pass (perform const folding).
4.3.18. Rerunning OPT passes. (Maybe there is more to do..)
4.3.19. Executing OPT_MUXTREE pass (detect dead branches in mux trees).
4.3.20. Executing OPT_REDUCE pass (consolidate $*mux and $reduce_* inputs).
4.3.21. Executing OPT_MERGE pass (detect identical cells).
4.3.22. Executing OPT_SHARE pass.
4.3.23. Executing OPT_DFF pass (perform DFF optimizations).
4.3.24. Executing OPT_CLEAN pass (remove unused cells and wires).
4.3.25. Executing OPT_EXPR pass (perform const folding).
4.3.26. Rerunning OPT passes. (Maybe there is more to do..)
4.3.27. Executing OPT_MUXTREE pass (detect dead branches in mux trees).
4.3.28. Executing OPT_REDUCE pass (consolidate $*mux and $reduce_* inputs).
4.3.29. Executing OPT_MERGE pass (detect identical cells).
4.3.30. Executing OPT_SHARE pass.
4.3.31. Executing OPT_DFF pass (perform DFF optimizations).
4.3.32. Executing OPT_CLEAN pass (remove unused cells and wires).
4.3.33. Executing OPT_EXPR pass (perform const folding).
4.3.34. Finished fast OPT passes. (There is nothing left to do.)
4.4. Executing TECHMAP pass (map to technology primitives).
4.4.1. Executing Verilog-2005 frontend: /home/hatch/workspace/rv32imc-cpu/tools/oss-cad-suite/lib/../share/yosys/techmap.v
4.4.2. Executing Verilog-2005 frontend: /home/hatch/workspace/rv32imc-cpu/tools/orfs/flow/platforms/common/lcu_kogge_stone.v
4.4.3. Continuing TECHMAP pass.
4.4.61. Executing OPT_MUXTREE pass (detect dead branches in mux trees).
4.4.62. Executing OPT_EXPR pass (perform const folding).
4.5. Executing OPT pass (performing simple optimizations).
4.5.1. Executing OPT_EXPR pass (perform const folding).
4.5.2. Executing OPT_MERGE pass (detect identical cells).
4.5.3. Executing OPT_DFF pass (perform DFF optimizations).
4.5.4. Executing OPT_CLEAN pass (remove unused cells and wires).
4.5.5. Rerunning OPT passes. (Removed registers in this run.)
4.5.6. Executing OPT_EXPR pass (perform const folding).
4.5.7. Executing OPT_MERGE pass (detect identical cells).
4.5.8. Executing OPT_DFF pass (perform DFF optimizations).
4.5.9. Executing OPT_CLEAN pass (remove unused cells and wires).
4.5.10. Finished fast OPT passes.
4.6. Executing HIERARCHY pass (managing design hierarchy).
4.6.1. Analyzing design hierarchy..
4.6.2. Analyzing design hierarchy..
4.7. Printing statistics.
4.8. Executing CHECK pass (checking for obvious problems).
5. Executing OPT pass (performing simple optimizations).
5.1. Executing OPT_EXPR pass (perform const folding).
5.2. Executing OPT_MERGE pass (detect identical cells).
5.3. Executing OPT_MUXTREE pass (detect dead branches in mux trees).
5.4. Executing OPT_REDUCE pass (consolidate $*mux and $reduce_* inputs).
5.5. Executing OPT_MERGE pass (detect identical cells).
5.6. Executing OPT_DFF pass (perform DFF optimizations).
5.7. Executing OPT_CLEAN pass (remove unused cells and wires).
5.8. Executing OPT_EXPR pass (perform const folding).
5.9. Rerunning OPT passes. (Maybe there is more to do..)
5.10. Executing OPT_MUXTREE pass (detect dead branches in mux trees).
5.11. Executing OPT_REDUCE pass (consolidate $*mux and $reduce_* inputs).
5.12. Executing OPT_MERGE pass (detect identical cells).
5.13. Executing OPT_DFF pass (perform DFF optimizations).
5.14. Executing OPT_CLEAN pass (remove unused cells and wires).
5.15. Executing OPT_EXPR pass (perform const folding).
5.16. Finished fast OPT passes. (There is nothing left to do.)
6. Executing EXTRACT_FA pass (find and extract full/half adders).
7. Executing TECHMAP pass (map to technology primitives).
7.1. Executing Verilog-2005 frontend: /home/hatch/workspace/rv32imc-cpu/tools/orfs/flow/platforms/asap7/yoSys/cells_adders_R.v
7.2. Continuing TECHMAP pass.
8. Executing TECHMAP pass (map to technology primitives).
8.1. Executing Verilog-2005 frontend: /home/hatch/workspace/rv32imc-cpu/tools/oss-cad-suite/lib/../share/yosys/techmap.v
8.2. Continuing TECHMAP pass.
9. Executing OPT pass (performing simple optimizations).
9.1. Executing OPT_EXPR pass (perform const folding).
9.2. Executing OPT_MERGE pass (detect identical cells).
9.3. Executing OPT_DFF pass (perform DFF optimizations).
9.4. Executing OPT_CLEAN pass (remove unused cells and wires).
9.5. Finished fast OPT passes.
10. Executing DFFLEGALIZE pass (convert FFs and LATCHes to types supported by the target).
11. Executing TECHMAP pass (map to technology primitives).
11.1. Executing Verilog-2005 frontend: /home/hatch/workspace/rv32imc-cpu/tools/orfs/flow/platforms/asap7/yoSys/cells_latch_R.v
11.2. Continuing TECHMAP pass.
12. Executing DFFLIBMAP pass (mapping DFF/DLATCH cells to sequential cells from liberty file).
12.1. Executing DFFLEGALIZE pass (convert FFs and LATCHes to types supported by the target).
13. Executing OPT pass (performing simple optimizations).
13.1. Executing OPT_EXPR pass (perform const folding).
13.2. Executing OPT_MERGE pass (detect identical cells).
13.3. Executing OPT_MUXTREE pass (detect dead branches in mux trees).
13.4. Executing OPT_REDUCE pass (consolidate $*mux and $reduce_* inputs).
13.5. Executing OPT_MERGE pass (detect identical cells).
13.6. Executing OPT_DFF pass (perform DFF optimizations).
13.7. Executing OPT_CLEAN pass (remove unused cells and wires).
13.8. Executing OPT_EXPR pass (perform const folding).
13.9. Rerunning OPT passes. (Maybe there is more to do..)
13.10. Executing OPT_MUXTREE pass (detect dead branches in mux trees).
13.11. Executing OPT_REDUCE pass (consolidate $*mux and $reduce_* inputs).
13.12. Executing OPT_MERGE pass (detect identical cells).
13.13. Executing OPT_DFF pass (perform DFF optimizations).
13.14. Executing OPT_CLEAN pass (remove unused cells and wires).
13.15. Executing OPT_EXPR pass (perform const folding).
13.16. Finished fast OPT passes. (There is nothing left to do.)
14. Executing SETUNDEF pass (replace undef values with defined constants).
abc -script /home/hatch/workspace/rv32imc-cpu/tools/orfs/flow/scripts/abc_area.script -liberty /home/hatch/workspace/rv32imc-cpu/tools/orfs/flow/platforms/asap7/lib/NLDM/asap7sc7p5t_AO_RVT_FF_nldm_211120.lib.gz -liberty /home/hatch/workspace/rv32imc-cpu/tools/orfs/flow/platforms/asap7/lib/NLDM/asap7sc7p5t_INVBUF_RVT_FF_nldm_220122.lib.gz -liberty /home/hatch/workspace/rv32imc-cpu/tools/orfs/flow/platforms/asap7/lib/NLDM/asap7sc7p5t_OA_RVT_FF_nldm_211120.lib.gz -liberty /home/hatch/workspace/rv32imc-cpu/tools/orfs/flow/platforms/asap7/lib/NLDM/asap7sc7p5t_SIMPLE_RVT_FF_nldm_211120.lib.gz -liberty /home/hatch/workspace/rv32imc-cpu/tools/orfs/flow/platforms/asap7/lib/NLDM/asap7sc7p5t_SEQ_RVT_FF_nldm_220123.lib -dont_use *x1p*_ASAP7* -dont_use *xp*_ASAP7* -dont_use SDF* -dont_use ICG* -constr ./objects/asap7/rv32imc_top/p960/abc.constr -D 960
15. Executing ABC pass (technology mapping using ABC).
15.1. Summary of detected clock domains:
15.2. Extracting gate netlist of module `\rv32imc_top' to `<abc-temp-dir>/input.blif'..
15.2.1. Executed ABC.
15.2.2. Re-integrating ABC results.
Took 19 seconds: abc -script /home/hatch/workspace/rv32imc-cpu/tools/orfs/flow/scripts/abc_area.script -liberty /home/hatch/workspace/rv32imc-cpu/tools/orfs/flow/platforms/asap7/lib/NLDM/asap7sc7p5t_AO_RVT_FF_nldm_211120.lib.gz -liberty /home/hatch/workspace/rv32imc-cpu/tools/orfs/flow/platforms/asap7/lib/NLDM/asap7sc7p5t_INVBUF_RVT_FF_nldm_220122.lib.gz -liberty /home/hatch/workspace/rv32imc-cpu/tools/orfs/flow/platforms/asap7/lib/NLDM/asap7sc7p5t_OA_RVT_FF_nldm_211120.lib.gz -liberty /home/hatch/workspace/rv32imc-cpu/tools/orfs/flow/platforms/asap7/lib/NLDM/asap7sc7p5t_SIMPLE_RVT_FF_nldm_211120.lib.gz -liberty /home/hatch/workspace/rv32imc-cpu/tools/orfs/flow/platforms/asap7/lib/NLDM/asap7sc7p5t_SEQ_RVT_FF_nldm_220123.lib -dont_use *x1p*_ASAP7* -dont_use *xp*_ASAP7* -dont_use SDF* -dont_use ICG* -constr ./objects/asap7/rv32imc_top/p960/abc.constr -D 960
16. Executing SPLITNETS pass (splitting up multi-bit signals).
17. Executing OPT_CLEAN pass (remove unused cells and wires).
18. Executing HILOMAP pass (mapping to constant drivers).
19. Executing INSBUF pass (insert buffer cells for connected wires).
20. Executing CHECK pass (checking for obvious problems).
21. Printing statistics.
22. Executing CHECK pass (checking for obvious problems).
23. Executing Verilog backend.
23.1. Executing BMUXMAP pass.
23.2. Executing DEMUXMAP pass.
End of script. Logfile hash: ef92a8300c, time: 35.74s, user: 17.78s, system: 0.43s, MEM: 209.82 MB peak
Yosys 0.69+75 (git sha1 f0b945f63-dirty, Release, Clang /usr/bin/clang++ 21.1.8)
Time spent: 51% 1x abc (18 sec), 16% 1x extract_fa (6 sec), ...
Elapsed time: 0:35.84[h:]min:sec. CPU time: user 35.25 sys 1.00 (101%). Peak memory: 288944KB.
Log                       Ext     Elapsed/s Peak Memory/MB sha1sum result [0:20)
1_2_yosys                 .v             35            282 7a434de8b2bb78b4fffe
cp /home/hatch/workspace/rv32imc-cpu/pnr_asap7/design/rv32imc_top//constraint.sdc results/asap7/rv32imc_top/p960/1_2_yosys.sdc
touch -r /home/hatch/workspace/rv32imc-cpu/pnr_asap7/design/rv32imc_top//constraint.sdc results/asap7/rv32imc_top/p960/1_2_yosys.sdc
OpenROAD 26Q2-1164-g08f67ee5ec 
Features included (+) or not (-): +GPU +GUI +Python
This program is licensed under the BSD-3 license. See the LICENSE file for details.
Components of this program may be licensed under more restrictive licenses which must be honored.
[INFO ORD-0030] Using 2 thread(s).
mkdir -p ./objects/asap7/rv32imc_top/p960
/home/hatch/workspace/rv32imc-cpu/tools/orfs/flow/scripts/flow.sh 1_synth synth_odb
Running synth_odb.tcl, stage 1_synth
source /home/hatch/workspace/rv32imc-cpu/tools/orfs/flow/platforms/asap7/liberty_suppressions.tcl
read_liberty /home/hatch/workspace/rv32imc-cpu/tools/orfs/flow/platforms/asap7/lib/NLDM/asap7sc7p5t_AO_RVT_FF_nldm_211120.lib.gz
read_liberty /home/hatch/workspace/rv32imc-cpu/tools/orfs/flow/platforms/asap7/lib/NLDM/asap7sc7p5t_INVBUF_RVT_FF_nldm_220122.lib.gz
read_liberty /home/hatch/workspace/rv32imc-cpu/tools/orfs/flow/platforms/asap7/lib/NLDM/asap7sc7p5t_OA_RVT_FF_nldm_211120.lib.gz
read_liberty /home/hatch/workspace/rv32imc-cpu/tools/orfs/flow/platforms/asap7/lib/NLDM/asap7sc7p5t_SIMPLE_RVT_FF_nldm_211120.lib.gz
read_liberty /home/hatch/workspace/rv32imc-cpu/tools/orfs/flow/platforms/asap7/lib/NLDM/asap7sc7p5t_SEQ_RVT_FF_nldm_220123.lib
[INFO ODB-0227] LEF file: /home/hatch/workspace/rv32imc-cpu/tools/orfs/flow/platforms/asap7/lef/asap7_tech_1x_201209.lef, created 30 layers, 9 vias
[INFO ODB-0227] LEF file: /home/hatch/workspace/rv32imc-cpu/tools/orfs/flow/platforms/asap7/lef/asap7sc7p5t_28_R_1x_220121a.lef, created 212 library cells
link_design rv32imc_top
read_sdc ./results/asap7/rv32imc_top/p960/1_2_yosys.sdc
source /home/hatch/workspace/rv32imc-cpu/tools/orfs/flow/platforms/asap7/setRC.tcl
eliminate_dead_logic
Removed 0 unused instances and 0 unused nets.
Design area 3396 um^2 100% utilization.
write_db ./results/asap7/rv32imc_top/p960/1_synth.odb
write_sdc -no_timestamp ./results/asap7/rv32imc_top/p960/1_synth.sdc
Elapsed time: 0:03.23[h:]min:sec. CPU time: user 3.01 sys 0.17 (98%). Peak memory: 269252KB.
Log                       Ext     Elapsed/s Peak Memory/MB sha1sum result [0:20)
1_synth                   .odb            3            262 8073f72d4e02cb27666b
1_synth                   .sdc                             0a886cd0d9f67b19b2d9
/home/hatch/workspace/rv32imc-cpu/tools/orfs/flow/scripts/flow.sh 2_1_floorplan floorplan
Running floorplan.tcl, stage 2_1_floorplan
source /home/hatch/workspace/rv32imc-cpu/tools/orfs/flow/platforms/asap7/liberty_suppressions.tcl
read_liberty /home/hatch/workspace/rv32imc-cpu/tools/orfs/flow/platforms/asap7/lib/NLDM/asap7sc7p5t_AO_RVT_FF_nldm_211120.lib.gz
read_liberty /home/hatch/workspace/rv32imc-cpu/tools/orfs/flow/platforms/asap7/lib/NLDM/asap7sc7p5t_INVBUF_RVT_FF_nldm_220122.lib.gz
read_liberty /home/hatch/workspace/rv32imc-cpu/tools/orfs/flow/platforms/asap7/lib/NLDM/asap7sc7p5t_OA_RVT_FF_nldm_211120.lib.gz
read_liberty /home/hatch/workspace/rv32imc-cpu/tools/orfs/flow/platforms/asap7/lib/NLDM/asap7sc7p5t_SIMPLE_RVT_FF_nldm_211120.lib.gz
read_liberty /home/hatch/workspace/rv32imc-cpu/tools/orfs/flow/platforms/asap7/lib/NLDM/asap7sc7p5t_SEQ_RVT_FF_nldm_220123.lib
read_db ./results/asap7/rv32imc_top/p960/1_synth.odb
read_sdc ./results/asap7/rv32imc_top/p960/1_synth.sdc
source /home/hatch/workspace/rv32imc-cpu/tools/orfs/flow/platforms/asap7/setRC.tcl

==========================================================================
Floorplan check_setup
--------------------------------------------------------------------------
Warning: There is 1 input port missing set_input_delay.
number instances in verilog is 29834
initialize_floorplan -utilization 45 -aspect_ratio 1 -core_space 2 -site asap7sc7p5t
[INFO IFP-0107] Defining die area using utilization: 45.00% and aspect ratio: 1.
[WARNING IFP-0028] Core area lower left (2.000, 2.000) snapped to (2.052, 2.160).
[INFO IFP-0001] Added 321 rows of 1607 site asap7sc7p5t.
[INFO IFP-0100] Die BBox:  (  0.000  0.000 ) ( 90.870 90.870 ) um
[INFO IFP-0101] Core BBox: (  2.052  2.160 ) ( 88.830 88.830 ) um
[INFO IFP-0102] Core area:                         7521.049 um^2
[INFO IFP-0103] Total instances area:              3395.915 um^2
[INFO IFP-0104] Effective utilization:                0.452
[INFO IFP-0105] Number of instances:                  29834
source /home/hatch/workspace/rv32imc-cpu/tools/orfs/flow/platforms/asap7/openRoad/make_tracks.tcl
source /home/hatch/workspace/rv32imc-cpu/tools/orfs/flow/platforms/asap7/fastroute.tcl
set_dont_use "*x1p*_ASAP7* *xp*_ASAP7* SDF* ICG*"
repair_tie_fanout -separation 0 asap7sc7p5t_SIMPLE_RVT_FF_nldm_250407/TIELOx1_ASAP7_75t_R/L
[INFO RSZ-0042] Inserted 2 tie TIELOx1_ASAP7_75t_R instances.
repair_tie_fanout -separation 0 asap7sc7p5t_SIMPLE_RVT_FF_nldm_250407/TIEHIx1_ASAP7_75t_R/H
[INFO RSZ-0042] Inserted 748 tie TIEHIx1_ASAP7_75t_R instances.
repair_timing -setup_margin 0 -hold_margin 0 -repair_tns 100 -setup -skip_last_gasp -sequence unbuffer,sizeup,swap,vt_swap -verbose
[WARNING EST-0027] no estimated parasitics. Using wire load models.
[INFO RSZ-0100] Repair move sequence: UnbufferMove SizeUpMove SwapPinsMove 
[INFO RSZ-0094] Found 1 endpoints with setup violations.
[INFO RSZ-0099] Repairing 1 out of 1 (100.00%) violating endpoints...
   Iter   | Removed | Resized | Inserted | Cloned |  Pin  |   Area   |    WNS   |   StTNS    |   EnTNS    |  Viol  |  Worst  
          | Buffers |  Gates  | Buffers  |  Gates | Swaps |          |          |            |            | Endpts | St/EnPt 
------------------------------------------------------------------------------------------------------------------------------
       0* |       0 |       0 |        0 |      0 |     0 |    +0.0% |   -5.222 |       -5.2 |       -5.2 |      1 | u_mul.result\[28\]$_DFFE_PN0P_/D
       2* |       0 |       1 |        0 |      0 |     0 |    +0.0% |    0.175 |        0.0 |        0.0 |      1 | u_mul.result\[28\]$_DFFE_PN0P_/D
       2* |       0 |       1 |        0 |      0 |     0 |    +0.0% |    0.175 |        0.0 |        0.0 |      1 | u_mul.result\[28\]$_DFFE_PN0P_/D
    final |       0 |       1 |        0 |      0 |     0 |    +0.0% |    0.175 |        0.0 |        0.0 |      0 | u_mul.result\[28\]$_DFFE_PN0P_/D
------------------------------------------------------------------------------------------------------------------------------
[INFO RSZ-0051] Resized 1 instances: 1 up, 0 up match, 0 down, 0 VT
Default units for flow
 time 1ps
 capacitance 1fF
 resistance 1kohm
 voltage 1v
 current 1mA
 power 1pW
 distance 1um
   Layer   | Unit Resistance | Unit Capacitance 
           |       (kohm/um) |          (fF/um)
------------------------------------------------
        M1 |        7.04e-02 |         1.00e-10
        M2 |        2.97e-02 |         1.75e-01
        M3 |        3.13e-02 |         1.56e-01
        M4 |        1.80e-02 |         1.78e-01
        M5 |        1.90e-02 |         1.64e-01
        M6 |        1.19e-02 |         1.87e-01
        M7 |        1.25e-02 |         1.63e-01
        M8 |        8.45e-03 |         1.04e-01
        M9 |        8.90e-03 |         9.28e-02
       Pad |        0.00e+00 |         0.00e+00
------------------------------------------------

   Layer   | Via Resistance 
           |         (kohm) 
----------------------------
        V1 |       1.72e-02 
        V2 |       1.72e-02 
        V3 |       1.72e-02 
        V4 |       1.18e-02 
        V5 |       1.18e-02 
        V6 |       8.20e-03 
        V7 |       8.20e-03 
        V8 |       6.30e-03 
        V9 |       6.30e-03 
----------------------------
Report metrics stage 2, floorplan final...

==========================================================================
floorplan final report_design_area
--------------------------------------------------------------------------
Design area 3429 um^2 46% utilization.
write_db ./results/asap7/rv32imc_top/p960/2_1_floorplan.odb
write_sdc -no_timestamp ./results/asap7/rv32imc_top/p960/2_1_floorplan.sdc
Elapsed time: 0:13.07[h:]min:sec. CPU time: user 12.32 sys 1.76 (107%). Peak memory: 330656KB.
Log                       Ext     Elapsed/s Peak Memory/MB sha1sum result [0:20)
2_1_floorplan             .odb           13            322 3d452c8a6db2b084acfc
2_1_floorplan             .sdc                             0a886cd0d9f67b19b2d9
/home/hatch/workspace/rv32imc-cpu/tools/orfs/flow/scripts/flow.sh 2_2_floorplan_macro macro_place
Running macro_place.tcl, stage 2_2_floorplan_macro
source /home/hatch/workspace/rv32imc-cpu/tools/orfs/flow/platforms/asap7/liberty_suppressions.tcl
read_liberty /home/hatch/workspace/rv32imc-cpu/tools/orfs/flow/platforms/asap7/lib/NLDM/asap7sc7p5t_AO_RVT_FF_nldm_211120.lib.gz
read_liberty /home/hatch/workspace/rv32imc-cpu/tools/orfs/flow/platforms/asap7/lib/NLDM/asap7sc7p5t_INVBUF_RVT_FF_nldm_220122.lib.gz
read_liberty /home/hatch/workspace/rv32imc-cpu/tools/orfs/flow/platforms/asap7/lib/NLDM/asap7sc7p5t_OA_RVT_FF_nldm_211120.lib.gz
read_liberty /home/hatch/workspace/rv32imc-cpu/tools/orfs/flow/platforms/asap7/lib/NLDM/asap7sc7p5t_SIMPLE_RVT_FF_nldm_211120.lib.gz
read_liberty /home/hatch/workspace/rv32imc-cpu/tools/orfs/flow/platforms/asap7/lib/NLDM/asap7sc7p5t_SEQ_RVT_FF_nldm_220123.lib
read_db ./results/asap7/rv32imc_top/p960/2_1_floorplan.odb
read_sdc ./results/asap7/rv32imc_top/p960/2_1_floorplan.sdc
source /home/hatch/workspace/rv32imc-cpu/tools/orfs/flow/platforms/asap7/setRC.tcl
No macros found: Skipping macro_placement
Design area 3429 um^2 46% utilization.
write_db ./results/asap7/rv32imc_top/p960/2_2_floorplan_macro.odb
Elapsed time: 0:02.52[h:]min:sec. CPU time: user 2.40 sys 0.12 (99%). Peak memory: 241904KB.
Log                       Ext     Elapsed/s Peak Memory/MB sha1sum result [0:20)
2_2_floorplan_macro       .odb            2            236 3d452c8a6db2b084acfc
/home/hatch/workspace/rv32imc-cpu/tools/orfs/flow/scripts/flow.sh 2_3_floorplan_tapcell tapcell
Running tapcell.tcl, stage 2_3_floorplan_tapcell
source /home/hatch/workspace/rv32imc-cpu/tools/orfs/flow/platforms/asap7/liberty_suppressions.tcl
read_liberty /home/hatch/workspace/rv32imc-cpu/tools/orfs/flow/platforms/asap7/lib/NLDM/asap7sc7p5t_AO_RVT_FF_nldm_211120.lib.gz
read_liberty /home/hatch/workspace/rv32imc-cpu/tools/orfs/flow/platforms/asap7/lib/NLDM/asap7sc7p5t_INVBUF_RVT_FF_nldm_220122.lib.gz
read_liberty /home/hatch/workspace/rv32imc-cpu/tools/orfs/flow/platforms/asap7/lib/NLDM/asap7sc7p5t_OA_RVT_FF_nldm_211120.lib.gz
read_liberty /home/hatch/workspace/rv32imc-cpu/tools/orfs/flow/platforms/asap7/lib/NLDM/asap7sc7p5t_SIMPLE_RVT_FF_nldm_211120.lib.gz
read_liberty /home/hatch/workspace/rv32imc-cpu/tools/orfs/flow/platforms/asap7/lib/NLDM/asap7sc7p5t_SEQ_RVT_FF_nldm_220123.lib
read_db ./results/asap7/rv32imc_top/p960/2_2_floorplan_macro.odb
read_sdc ./results/asap7/rv32imc_top/p960/2_1_floorplan.sdc
source /home/hatch/workspace/rv32imc-cpu/tools/orfs/flow/platforms/asap7/setRC.tcl
Tap and End Cap cell insertion
  TAP Cell          : TAPCELL_ASAP7_75t_R
  ENDCAP Cell       : TAPCELL_ASAP7_75t_R
  Halo Around Macro : 2 2
  TAP Cell Distance : 25
[INFO TAP-0004] Inserted 642 endcaps.
[INFO TAP-0005] Inserted 484 tapcells.
Design area 3461 um^2 46% utilization.
write_db ./results/asap7/rv32imc_top/p960/2_3_floorplan_tapcell.odb
Elapsed time: 0:02.46[h:]min:sec. CPU time: user 2.33 sys 0.11 (99%). Peak memory: 224516KB.
Log                       Ext     Elapsed/s Peak Memory/MB sha1sum result [0:20)
2_3_floorplan_tapcell     .odb            2            219 fc1ce57fe619634275f5
/home/hatch/workspace/rv32imc-cpu/tools/orfs/flow/scripts/flow.sh 2_4_floorplan_pdn pdn
Running pdn.tcl, stage 2_4_floorplan_pdn
source /home/hatch/workspace/rv32imc-cpu/tools/orfs/flow/platforms/asap7/liberty_suppressions.tcl
read_liberty /home/hatch/workspace/rv32imc-cpu/tools/orfs/flow/platforms/asap7/lib/NLDM/asap7sc7p5t_AO_RVT_FF_nldm_211120.lib.gz
read_liberty /home/hatch/workspace/rv32imc-cpu/tools/orfs/flow/platforms/asap7/lib/NLDM/asap7sc7p5t_INVBUF_RVT_FF_nldm_220122.lib.gz
read_liberty /home/hatch/workspace/rv32imc-cpu/tools/orfs/flow/platforms/asap7/lib/NLDM/asap7sc7p5t_OA_RVT_FF_nldm_211120.lib.gz
read_liberty /home/hatch/workspace/rv32imc-cpu/tools/orfs/flow/platforms/asap7/lib/NLDM/asap7sc7p5t_SIMPLE_RVT_FF_nldm_211120.lib.gz
read_liberty /home/hatch/workspace/rv32imc-cpu/tools/orfs/flow/platforms/asap7/lib/NLDM/asap7sc7p5t_SEQ_RVT_FF_nldm_220123.lib
read_db ./results/asap7/rv32imc_top/p960/2_3_floorplan_tapcell.odb
read_sdc ./results/asap7/rv32imc_top/p960/2_1_floorplan.sdc
source /home/hatch/workspace/rv32imc-cpu/tools/orfs/flow/platforms/asap7/setRC.tcl
[INFO PDN-0001] Inserting grid: top
Design area 3461 um^2 46% utilization.
write_db ./results/asap7/rv32imc_top/p960/2_4_floorplan_pdn.odb
Elapsed time: 0:03.29[h:]min:sec. CPU time: user 2.77 sys 0.20 (90%). Peak memory: 248588KB.
Log                       Ext     Elapsed/s Peak Memory/MB sha1sum result [0:20)
2_4_floorplan_pdn         .odb            3            242 c7c9812296992fbb3520
cp ./results/asap7/rv32imc_top/p960/2_4_floorplan_pdn.odb ./results/asap7/rv32imc_top/p960/2_floorplan.odb
cp ./results/asap7/rv32imc_top/p960/2_1_floorplan.sdc ./results/asap7/rv32imc_top/p960/2_floorplan.sdc
/home/hatch/workspace/rv32imc-cpu/tools/orfs/flow/scripts/flow.sh 3_1_place_gp_skip_io global_place_skip_io
Running global_place_skip_io.tcl, stage 3_1_place_gp_skip_io
source /home/hatch/workspace/rv32imc-cpu/tools/orfs/flow/platforms/asap7/liberty_suppressions.tcl
read_liberty /home/hatch/workspace/rv32imc-cpu/tools/orfs/flow/platforms/asap7/lib/NLDM/asap7sc7p5t_AO_RVT_FF_nldm_211120.lib.gz
read_liberty /home/hatch/workspace/rv32imc-cpu/tools/orfs/flow/platforms/asap7/lib/NLDM/asap7sc7p5t_INVBUF_RVT_FF_nldm_220122.lib.gz
read_liberty /home/hatch/workspace/rv32imc-cpu/tools/orfs/flow/platforms/asap7/lib/NLDM/asap7sc7p5t_OA_RVT_FF_nldm_211120.lib.gz
read_liberty /home/hatch/workspace/rv32imc-cpu/tools/orfs/flow/platforms/asap7/lib/NLDM/asap7sc7p5t_SIMPLE_RVT_FF_nldm_211120.lib.gz
read_liberty /home/hatch/workspace/rv32imc-cpu/tools/orfs/flow/platforms/asap7/lib/NLDM/asap7sc7p5t_SEQ_RVT_FF_nldm_220123.lib
read_db ./results/asap7/rv32imc_top/p960/2_floorplan.odb
read_sdc ./results/asap7/rv32imc_top/p960/2_floorplan.sdc
source /home/hatch/workspace/rv32imc-cpu/tools/orfs/flow/platforms/asap7/setRC.tcl
global_placement -skip_io -density 0.6 -pad_left 0 -pad_right 0
[INFO GPL-0001] ---- Initialize GPL Main Data Structures
[INFO GPL-0002] DBU: 1000
[INFO GPL-0003] SiteSize: (  0.054  0.270 ) um
[INFO GPL-0004] CoreBBox: (  2.052  2.160 ) ( 88.830 88.830 ) um
[INFO GPL-0036] Movable instances area:       3428.647 um^2
[INFO GPL-0037] Total instances area:         3461.482 um^2
[INFO GPL-0035] Pin density area adjust:       259.244 um^2
[INFO GPL-0032] ---- Initialize Region: Top-level
[INFO GPL-0006] Number of instances:             31708
[INFO GPL-0007] Movable instances:               30582
[INFO GPL-0008] Fixed instances:                  1126
[INFO GPL-0009] Dummy instances:                     0
[INFO GPL-0010] Number of nets:                  33761
[INFO GPL-0011] Number of pins:                  98871
[INFO GPL-0012] Die BBox:  (  0.000  0.000 ) ( 90.870 90.870 ) um
[INFO GPL-0013] Core BBox: (  2.052  2.160 ) ( 88.830 88.830 ) um
[INFO GPL-0016] Core area:                    7521.049 um^2
[INFO GPL-0014] Region name: top-level.
[INFO GPL-0015] Region area:                  7521.049 um^2
[INFO GPL-0017] Fixed instances area:           32.834 um^2
[INFO GPL-0018] Movable instances area:       3687.891 um^2
[INFO GPL-0019] Utilization:                    49.249 %
[INFO GPL-0020] Standard cells area:          3687.891 um^2
[INFO GPL-0021] Large instances area:            0.000 um^2
[INFO GPL-0005] ---- Execute Conjugate Gradient Initial Placement.
[INFO GPL-0051] Source of initial instance position counters:
	Odb location = 0	Core center = 30582	Region center = 0
[INFO GPL-0033] ---- Initialize Nesterov Region: Top-level
[INFO GPL-0023] Placement target density:       0.6000
[INFO GPL-0024] Movable insts average area:      0.121 um^2
[INFO GPL-0025] Ideal bin area:                  0.201 um^2
[INFO GPL-0026] Ideal bin count:                 37421
[INFO GPL-0027] Total bin area:               7521.049 um^2
[INFO GPL-0028] Bin count (X, Y):         128 ,    128
[INFO GPL-0029] Bin size (W * H):       0.678 *  0.677 um
[INFO GPL-0030] Number of bins:                  16384
[INFO GPL-0084] ---- Execute Nesterov Global Placement.
[INFO GPL-0031] HPWL: Half-Perimeter Wirelength
Iteration | Overflow |     HPWL (um) |  HPWL(%) |   Penalty | Group
---------------------------------------------------------------
        0 |   0.9961 |  2.297635e+04 |   +0.00% |  8.26e-14 |      
       10 |   0.9971 |  5.512589e+03 |  -76.01% |  1.35e-13 |      
       20 |   0.9971 |  5.129319e+03 |   -6.95% |  2.19e-13 |      
       30 |   0.9971 |  5.038728e+03 |   -1.77% |  3.57e-13 |      
       40 |   0.9971 |  4.998994e+03 |   -0.79% |  5.82e-13 |      
       50 |   0.9970 |  4.985182e+03 |   -0.28% |  9.48e-13 |      
       60 |   0.9969 |  4.985941e+03 |   +0.02% |  1.54e-12 |      
       70 |   0.9968 |  5.005422e+03 |   +0.39% |  2.51e-12 |      
       80 |   0.9967 |  5.064937e+03 |   +1.19% |  4.10e-12 |      
       90 |   0.9967 |  5.239522e+03 |   +3.45% |  6.67e-12 |      
      100 |   0.9963 |  5.678498e+03 |   +8.38% |  1.09e-11 |      
      110 |   0.9955 |  6.483915e+03 |  +14.18% |  1.77e-11 |      
      120 |   0.9942 |  7.885764e+03 |  +21.62% |  2.88e-11 |      
      130 |   0.9917 |  9.829526e+03 |  +24.65% |  4.69e-11 |      
      140 |   0.9876 |  1.216339e+04 |  +23.74% |  7.64e-11 |      
      150 |   0.9826 |  1.514188e+04 |  +24.49% |  1.24e-10 |      
      160 |   0.9751 |  1.915399e+04 |  +26.50% |  2.03e-10 |      
      170 |   0.9637 |  2.384596e+04 |  +24.50% |  3.30e-10 |      
      180 |   0.9489 |  2.880228e+04 |  +20.78% |  5.37e-10 |      
      190 |   0.9305 |  3.441846e+04 |  +19.50% |  8.75e-10 |      
      200 |   0.9074 |  3.964292e+04 |  +15.18% |  1.42e-09 |      
      210 |   0.8800 |  4.577927e+04 |  +15.48% |  2.32e-09 |      
      220 |   0.8494 |  5.217002e+04 |  +13.96% |  3.77e-09 |      
      230 |   0.8157 |  5.859684e+04 |  +12.32% |  6.14e-09 |      
      240 |   0.7806 |  6.533560e+04 |  +11.50% |  9.99e-09 |      
      250 |   0.7428 |  7.175811e+04 |   +9.83% |  1.63e-08 |      
      260 |   0.7015 |  7.817563e+04 |   +8.94% |  2.65e-08 |      
      270 |   0.6570 |  8.409917e+04 |   +7.58% |  4.31e-08 |      
      280 |   0.6101 |  8.950851e+04 |   +6.43% |  7.02e-08 |      
      290 |   0.5610 |  9.419204e+04 |   +5.23% |  1.14e-07 |      
      300 |   0.5074 |  9.903234e+04 |   +5.14% |  1.86e-07 |      
      310 |   0.4522 |  1.028610e+05 |   +3.87% |  3.03e-07 |      
      320 |   0.3963 |  1.055670e+05 |   +2.63% |  4.93e-07 |      
      330 |   0.3476 |  1.073665e+05 |   +1.70% |  8.03e-07 |      
      340 |   0.3083 |  1.087906e+05 |   +1.33% |  1.19e-06 |      
      350 |   0.2787 |  1.096175e+05 |   +0.76% |  1.76e-06 |      
      360 |   0.2460 |  1.102292e+05 |   +0.56% |  2.59e-06 |      
      370 |   0.2165 |  1.109564e+05 |   +0.66% |  3.82e-06 |      
      380 |   0.1893 |  1.111670e+05 |   +0.19% |  5.63e-06 |      
      390 |   0.1665 |  1.114492e+05 |   +0.25% |  8.29e-06 |      
      400 |   0.1447 |  1.115743e+05 |   +0.11% |  1.22e-05 |      
      410 |   0.1247 |  1.116423e+05 |   +0.06% |  1.80e-05 |      
      420 |   0.1080 |  1.117227e+05 |   +0.07% |  2.65e-05 |      
      425 |   0.0996 |  1.117588e+05 |          |  3.34e-05 |      
---------------------------------------------------------------
[INFO GPL-1001] Global placement finished at iteration 425
[INFO GPL-1002] Placed Cell Area             3687.8914
[INFO GPL-1003] Available Free Area          7488.2151
[INFO GPL-1004] Minimum Feasible Density        0.5000 (cell_area / free_area)
[INFO GPL-1006]   Suggested Target Densities:
[INFO GPL-1007]     - For 90% usage of free space: 0.5472
[INFO GPL-1008]     - For 80% usage of free space: 0.6156
[INFO GPL-1009]     - For 50% usage of free space: 0.9850
[INFO GPL-1014] Final placement area: 3687.89 (+0.00%)
Took 15 seconds: global_placement -skip_io -density 0.6 -pad_left 0 -pad_right 0
Design area 3461 um^2 46% utilization.
write_db ./results/asap7/rv32imc_top/p960/3_1_place_gp_skip_io.odb
Elapsed time: 0:17.70[h:]min:sec. CPU time: user 24.47 sys 0.21 (139%). Peak memory: 284188KB.
Log                       Ext     Elapsed/s Peak Memory/MB sha1sum result [0:20)
3_1_place_gp_skip_io      .odb           17            277 7857e17ad0cdffc5e949
/home/hatch/workspace/rv32imc-cpu/tools/orfs/flow/scripts/flow.sh 3_2_place_iop io_placement
Running io_placement.tcl, stage 3_2_place_iop
source /home/hatch/workspace/rv32imc-cpu/tools/orfs/flow/platforms/asap7/liberty_suppressions.tcl
read_liberty /home/hatch/workspace/rv32imc-cpu/tools/orfs/flow/platforms/asap7/lib/NLDM/asap7sc7p5t_AO_RVT_FF_nldm_211120.lib.gz
read_liberty /home/hatch/workspace/rv32imc-cpu/tools/orfs/flow/platforms/asap7/lib/NLDM/asap7sc7p5t_INVBUF_RVT_FF_nldm_220122.lib.gz
read_liberty /home/hatch/workspace/rv32imc-cpu/tools/orfs/flow/platforms/asap7/lib/NLDM/asap7sc7p5t_OA_RVT_FF_nldm_211120.lib.gz
read_liberty /home/hatch/workspace/rv32imc-cpu/tools/orfs/flow/platforms/asap7/lib/NLDM/asap7sc7p5t_SIMPLE_RVT_FF_nldm_211120.lib.gz
read_liberty /home/hatch/workspace/rv32imc-cpu/tools/orfs/flow/platforms/asap7/lib/NLDM/asap7sc7p5t_SEQ_RVT_FF_nldm_220123.lib
read_db ./results/asap7/rv32imc_top/p960/3_1_place_gp_skip_io.odb
read_sdc ./results/asap7/rv32imc_top/p960/2_floorplan.sdc
source /home/hatch/workspace/rv32imc-cpu/tools/orfs/flow/platforms/asap7/setRC.tcl
place_pins -hor_layers M4 -ver_layers M5
Found 0 macro blocks.
Using 2 tracks default min distance between IO pins.
[INFO PPL-0001] Number of available slots 3724
[INFO PPL-0002] Number of I/O             232
[INFO PPL-0003] Number of I/O w/sink      232
[INFO PPL-0004] Number of I/O w/o sink    0
[INFO PPL-0005] Slots per section         200
[INFO PPL-0008] Successfully assigned pins to sections.
[INFO PPL-0012] I/O nets HPWL: 6429.00 um.
Design area 3461 um^2 46% utilization.
write_db ./results/asap7/rv32imc_top/p960/3_2_place_iop.odb
Elapsed time: 0:02.61[h:]min:sec. CPU time: user 2.45 sys 0.14 (99%). Peak memory: 245192KB.
Log                       Ext     Elapsed/s Peak Memory/MB sha1sum result [0:20)
3_2_place_iop             .odb            2            239 13c47a5e49011fae9ed1
/home/hatch/workspace/rv32imc-cpu/tools/orfs/flow/scripts/flow.sh 3_3_place_gp global_place
Running global_place.tcl, stage 3_3_place_gp
source /home/hatch/workspace/rv32imc-cpu/tools/orfs/flow/platforms/asap7/liberty_suppressions.tcl
read_liberty /home/hatch/workspace/rv32imc-cpu/tools/orfs/flow/platforms/asap7/lib/NLDM/asap7sc7p5t_AO_RVT_FF_nldm_211120.lib.gz
read_liberty /home/hatch/workspace/rv32imc-cpu/tools/orfs/flow/platforms/asap7/lib/NLDM/asap7sc7p5t_INVBUF_RVT_FF_nldm_220122.lib.gz
read_liberty /home/hatch/workspace/rv32imc-cpu/tools/orfs/flow/platforms/asap7/lib/NLDM/asap7sc7p5t_OA_RVT_FF_nldm_211120.lib.gz
read_liberty /home/hatch/workspace/rv32imc-cpu/tools/orfs/flow/platforms/asap7/lib/NLDM/asap7sc7p5t_SIMPLE_RVT_FF_nldm_211120.lib.gz
read_liberty /home/hatch/workspace/rv32imc-cpu/tools/orfs/flow/platforms/asap7/lib/NLDM/asap7sc7p5t_SEQ_RVT_FF_nldm_220123.lib
read_db ./results/asap7/rv32imc_top/p960/3_2_place_iop.odb
read_sdc ./results/asap7/rv32imc_top/p960/2_floorplan.sdc
source /home/hatch/workspace/rv32imc-cpu/tools/orfs/flow/platforms/asap7/setRC.tcl
[INFO RSZ-0026] Removed 1737 buffers.
Perform port buffering...
[INFO RSZ-0027] Inserted 65 BUFx2_ASAP7_75t_R input buffers.
[INFO RSZ-0028] Inserted 164 BUFx2_ASAP7_75t_R output buffers.
global_placement -density 0.6 -pad_left 0 -pad_right 0 -routability_driven -timing_driven -force_center_initial_place -min_phi_coef 0.95 -max_phi_coef 1.05
[INFO GPL-0001] ---- Initialize GPL Main Data Structures
[INFO GPL-0002] DBU: 1000
[INFO GPL-0003] SiteSize: (  0.054  0.270 ) um
[INFO GPL-0004] CoreBBox: (  2.052  2.160 ) ( 88.830 88.830 ) um
[INFO GPL-0036] Movable instances area:       3315.652 um^2
[INFO GPL-0037] Total instances area:         3348.487 um^2
[INFO GPL-0035] Pin density area adjust:       258.839 um^2
[INFO GPL-0032] ---- Initialize Region: Top-level
[INFO GPL-0006] Number of instances:             30200
[INFO GPL-0007] Movable instances:               29074
[INFO GPL-0008] Fixed instances:                  1126
[INFO GPL-0009] Dummy instances:                     0
[INFO GPL-0010] Number of nets:                  32253
[INFO GPL-0011] Number of pins:                  96087
[INFO GPL-0012] Die BBox:  (  0.000  0.000 ) ( 90.870 90.870 ) um
[INFO GPL-0013] Core BBox: (  2.052  2.160 ) ( 88.830 88.830 ) um
[INFO GPL-0016] Core area:                    7521.049 um^2
[INFO GPL-0014] Region name: top-level.
[INFO GPL-0015] Region area:                  7521.049 um^2
[INFO GPL-0017] Fixed instances area:           32.834 um^2
[INFO GPL-0018] Movable instances area:       3574.491 um^2
[INFO GPL-0019] Utilization:                    47.735 %
[INFO GPL-0020] Standard cells area:          3574.491 um^2
[INFO GPL-0021] Large instances area:            0.000 um^2
[INFO GPL-0005] ---- Execute Conjugate Gradient Initial Placement.
[INFO GPL-0051] Source of initial instance position counters:
	Odb location = 0	Core center = 29074	Region center = 0
[InitialPlace]  Iter: 1 conjugate gradient residual: 0.00298431 HPWL: 118788655
[InitialPlace]  Iter: 2 conjugate gradient residual: 0.00048474 HPWL: 46957799
[InitialPlace]  Iter: 3 conjugate gradient residual: 0.00058275 HPWL: 46096484
[InitialPlace]  Iter: 4 conjugate gradient residual: 0.00030689 HPWL: 45942911
[InitialPlace]  Iter: 5 conjugate gradient residual: 0.00129025 HPWL: 45458116
[InitialPlace]  Iter: 6 conjugate gradient residual: 0.00024175 HPWL: 45588904
[InitialPlace]  Iter: 7 conjugate gradient residual: 0.00034032 HPWL: 44958237
[InitialPlace]  Iter: 8 conjugate gradient residual: 0.00003577 HPWL: 44904907
[InitialPlace]  Iter: 9 conjugate gradient residual: 0.00013739 HPWL: 44677349
[InitialPlace]  Iter: 10 conjugate gradient residual: 0.00003423 HPWL: 44722808
[InitialPlace]  Iter: 11 conjugate gradient residual: 0.00005869 HPWL: 44610611
[InitialPlace]  Iter: 12 conjugate gradient residual: 0.00001550 HPWL: 44643374
[InitialPlace]  Iter: 13 conjugate gradient residual: 0.00001683 HPWL: 44560339
[InitialPlace]  Iter: 14 conjugate gradient residual: 0.00001368 HPWL: 44601342
[InitialPlace]  Iter: 15 conjugate gradient residual: 0.00000889 HPWL: 44546140
[INFO GPL-0033] ---- Initialize Nesterov Region: Top-level
[INFO GPL-0023] Placement target density:       0.6000
[INFO GPL-0024] Movable insts average area:      0.123 um^2
[INFO GPL-0025] Ideal bin area:                  0.205 um^2
[INFO GPL-0026] Ideal bin count:                 36704
[INFO GPL-0027] Total bin area:               7521.049 um^2
[INFO GPL-0028] Bin count (X, Y):         128 ,    128
[INFO GPL-0029] Bin size (W * H):       0.678 *  0.677 um
[INFO GPL-0030] Number of bins:                  16384
[INFO GPL-0084] ---- Execute Nesterov Global Placement.
[INFO GPL-0031] HPWL: Half-Perimeter Wirelength
Iteration | Overflow |     HPWL (um) |  HPWL(%) |   Penalty | Group
---------------------------------------------------------------
        0 |   0.9745 |  3.303562e+04 |   +0.00% |  1.33e-13 |      
       10 |   0.9592 |  2.302264e+04 |  -30.31% |  2.17e-13 |      
       20 |   0.9491 |  2.418789e+04 |   +5.06% |  3.54e-13 |      
       30 |   0.9437 |  2.478702e+04 |   +2.48% |  5.76e-13 |      
       40 |   0.9403 |  2.503897e+04 |   +1.02% |  9.39e-13 |      
       50 |   0.9390 |  2.533269e+04 |   +1.17% |  1.53e-12 |      
       60 |   0.9388 |  2.517140e+04 |   -0.64% |  2.49e-12 |      
       70 |   0.9384 |  2.483988e+04 |   -1.32% |  4.06e-12 |      
       80 |   0.9373 |  2.490119e+04 |   +0.25% |  6.61e-12 |      
       90 |   0.9359 |  2.526623e+04 |   +1.47% |  1.08e-11 |      
      100 |   0.9343 |  2.568642e+04 |   +1.66% |  1.75e-11 |      
      110 |   0.9325 |  2.610657e+04 |   +1.64% |  2.86e-11 |      
      120 |   0.9308 |  2.664365e+04 |   +2.06% |  4.65e-11 |      
      130 |   0.9279 |  2.756561e+04 |   +3.46% |  7.57e-11 |      
      140 |   0.9237 |  2.908331e+04 |   +5.51% |  1.23e-10 |      
      150 |   0.9169 |  3.123933e+04 |   +7.41% |  2.01e-10 |      
      160 |   0.9082 |  3.400515e+04 |   +8.85% |  3.27e-10 |      
      170 |   0.8964 |  3.757010e+04 |  +10.48% |  5.33e-10 |      
      180 |   0.8794 |  4.206512e+04 |  +11.96% |  8.67e-10 |      
      190 |   0.8559 |  4.733713e+04 |  +12.53% |  1.41e-09 |      
      200 |   0.8269 |  5.273275e+04 |  +11.40% |  2.30e-09 |      
      210 |   0.7951 |  5.735065e+04 |   +8.76% |  3.74e-09 |      
      220 |   0.7610 |  6.070922e+04 |   +5.86% |  6.09e-09 |      
      230 |   0.7257 |  6.374328e+04 |   +5.00% |  9.92e-09 |      
      240 |   0.6862 |  6.757885e+04 |   +6.02% |  1.62e-08 |      
      250 |   0.6455 |  7.213829e+04 |   +6.75% |  2.63e-08 |      
[INFO GPL-0100] Timing-driven iteration 1/2, virtual: false.
[INFO GPL-0101]    Iter: 254, overflow: 0.635, keep resizer changes at: 1, HPWL: 73219658
Iteration |   Area    | Resized | Buffers | Nets repaired | Remaining
---------------------------------------------------------------------
        0 |     +0.0% |       0 |       0 |             0 |     32253
    final |     +2.5% |      75 |     273 |           100 |         0
---------------------------------------------------------------------
[INFO RSZ-0034] Found 97 slew violations.
[INFO RSZ-0036] Found 36 capacitance violations.
[INFO RSZ-0039] Resized 75 instances.
[INFO RSZ-0038] Inserted 273 buffers in 100 nets.
   Iter   |    Area   | Removed | Inserted |   Pins
          |           | Buffers | Buffers  | Remaining
-------------------------------------------------------
        0 |     +0.0% |       0 |        0 |     31437
     3100 |     +1.1% |      24 |      454 |     28337
     6200 |     +1.5% |      30 |      625 |     25237
     9300 |     +1.7% |      32 |      714 |     22137
    12400 |     +1.7% |      70 |      844 |     19037
    15500 |     +1.5% |     151 |      993 |     15937
    18600 |     +1.5% |     155 |     1020 |     12837
    21700 |     +1.2% |     214 |     1091 |      9737
    24800 |     +1.5% |     233 |     1290 |      6637
    27900 |     +2.7% |     242 |     1767 |      3537
    31000 |     +4.3% |     261 |     2413 |       437
    final |     +4.2% |     273 |     2422 |         0
-------------------------------------------------------
[INFO GPL-0106] Timing-driven: worst slack 4.1753816e-11
[INFO GPL-0107] Timing-driven: repair_design delta area: 226.649 um^2 (+6.34%)
[INFO GPL-0108] Timing-driven: repair_design, gpl delta gcells: 2422 (+8.33%)
[INFO GPL-0109] Timing-driven: repair_design, gcells created: 2695, deleted: 273
[INFO GPL-0110] Timing-driven: new target density: 0.6302674
Iteration | Overflow |     HPWL (um) |  HPWL(%) |   Penalty | Group
---------------------------------------------------------------
      260 |   0.6090 |  7.803568e+04 |   +8.18% |  4.28e-08 |      
[INFO GPL-0038] Routability snapshot saved at iter = 264
      263 |   0.5982 |  7.856545e+04 |          |           |      
      270 |   0.5698 |  7.968368e+04 |   +2.11% |  6.97e-08 |      
      280 |   0.5221 |  8.223107e+04 |   +3.20% |  1.14e-07 |      
      290 |   0.4699 |  8.516742e+04 |   +3.57% |  1.85e-07 |      
      300 |   0.4266 |  8.718404e+04 |   +2.37% |  3.01e-07 |      
      310 |   0.3816 |  8.990789e+04 |   +3.12% |  4.90e-07 |      
      320 |   0.3407 |  9.055444e+04 |   +0.72% |  7.90e-07 |      
      330 |   0.3097 |  9.084980e+04 |   +0.33% |  1.16e-06 |      
[INFO GPL-0040] Routability iteration: 1
[WARNING GRT-0281] Net clk has a large fanout of 2242 terminals.
[INFO GPL-0041] Total routing overflow: 0.0000
[INFO GPL-0042] Number of overflowed tiles: 0 (0.00%)
[INFO GPL-0043] Average top 0.5% routing congestion: 0.8011
[INFO GPL-0044] Average top 1.0% routing congestion: 0.7703
[INFO GPL-0045] Average top 2.0% routing congestion: 0.7348
[INFO GPL-0046] Average top 5.0% routing congestion: 0.6849
[INFO GPL-0047] Routability iteration weighted routing congestion: 0.7857
[INFO GPL-0050] Weighted routing congestion is lower than target routing congestion(1.0100), end routability optimization.
[INFO GPL-0090] Routability finished. Target routing congestion achieved succesfully.
Iteration | Overflow |     HPWL (um) |  HPWL(%) |   Penalty | Group
---------------------------------------------------------------
      340 |   0.2834 |  9.103083e+04 |   +0.20% |  1.72e-06 |      
      350 |   0.2541 |  9.081370e+04 |   -0.24% |  2.53e-06 |      
      360 |   0.2290 |  9.023479e+04 |   -0.64% |  3.72e-06 |      
      370 |   0.2050 |  9.008065e+04 |   -0.17% |  5.48e-06 |      
[INFO GPL-0100] Timing-driven iteration 2/2, virtual: false.
[INFO GPL-0101]    Iter: 376, overflow: 0.193, keep resizer changes at: 1, HPWL: 90117506
Iteration |   Area    | Resized | Buffers | Nets repaired | Remaining
---------------------------------------------------------------------
        0 |     +0.0% |       0 |       0 |             0 |     34675
    final |     +0.0% |       0 |       0 |             0 |         0
---------------------------------------------------------------------
   Iter   |    Area   | Removed | Inserted |   Pins
          |           | Buffers | Buffers  | Remaining
-------------------------------------------------------
        0 |     +0.0% |       0 |        0 |     31437
     3100 |     -1.0% |     454 |       83 |     28337
     6200 |     -1.3% |     625 |      134 |     25237
     9300 |     -1.5% |     714 |      154 |     22137
    12400 |     -1.6% |     844 |      226 |     19037
    15500 |     -1.7% |     993 |      320 |     15937
    18600 |     -1.8% |    1020 |      329 |     12837
    21700 |     -1.7% |    1091 |      411 |      9737
    24800 |     -2.1% |    1290 |      454 |      6637
    27900 |     -3.2% |    1767 |      499 |      3537
    31000 |     -4.4% |    2413 |      683 |       437
    final |     -4.3% |    2422 |      698 |         0
-------------------------------------------------------
[INFO GPL-0106] Timing-driven: worst slack 5.8464344e-12
[INFO GPL-0107] Timing-driven: repair_design delta area: -155.539 um^2 (-4.09%)
[INFO GPL-0108] Timing-driven: repair_design, gpl delta gcells: -1724 (-5.47%)
[INFO GPL-0109] Timing-driven: repair_design, gcells created: 698, deleted: 2422
[INFO GPL-0110] Timing-driven: new target density: 0.6094961
Iteration | Overflow |     HPWL (um) |  HPWL(%) |   Penalty | Group
---------------------------------------------------------------
      380 |   0.1840 |  1.038585e+05 |  +15.29% |  8.07e-06 |      
      390 |   0.1614 |  9.466240e+04 |   -8.85% |  1.19e-05 |      
      400 |   0.1428 |  9.260044e+04 |   -2.18% |  1.75e-05 |      
      410 |   0.1238 |  9.153544e+04 |   -1.15% |  2.58e-05 |      
      420 |   0.1058 |  9.102005e+04 |   -0.56% |  3.80e-05 |      
      423 |   0.0999 |  9.086757e+04 |          |  4.44e-05 |      
---------------------------------------------------------------
[INFO GPL-1001] Global placement finished at iteration 423
[INFO GPL-1017] Routability mode iteration count: 71
[INFO GPL-1005] Routability final weighted congestion: 0.7427
[INFO GPL-1002] Placed Cell Area             3645.6002
[INFO GPL-1003] Available Free Area          7488.2151
[INFO GPL-1004] Minimum Feasible Density        0.4800 (cell_area / free_area)
[INFO GPL-1006]   Suggested Target Densities:
[INFO GPL-1007]     - For 90% usage of free space: 0.5409
[INFO GPL-1008]     - For 80% usage of free space: 0.6086
[INFO GPL-1009]     - For 50% usage of free space: 0.9737
[INFO GPL-1011] Original area (um^2): 3574.49
[INFO GPL-1012] Total routability artificial inflation: 0.00 (+0.00%)
[INFO GPL-1013] Total timing-driven delta area: 71.11 (+1.99%)
[INFO GPL-1014] Final placement area: 3645.60 (+1.99%)
Took 68 seconds: global_placement -density 0.6 -pad_left 0 -pad_right 0 -routability_driven -timing_driven -force_center_initial_place -min_phi_coef 0.95 -max_phi_coef 1.05
estimate_parasitics -placement
Report metrics stage 3, global place...

==========================================================================
global place report_design_area
--------------------------------------------------------------------------
Design area 3421 um^2 45% utilization.
write_db ./results/asap7/rv32imc_top/p960/3_3_place_gp.odb
Elapsed time: 1:26.79[h:]min:sec. CPU time: user 85.70 sys 21.06 (123%). Peak memory: 729564KB.
Log                       Ext     Elapsed/s Peak Memory/MB sha1sum result [0:20)
3_3_place_gp              .odb           86            712 cf676a3c0c0b904d8a54
/home/hatch/workspace/rv32imc-cpu/tools/orfs/flow/scripts/flow.sh 3_4_place_resized resize
Running resize.tcl, stage 3_4_place_resized
source /home/hatch/workspace/rv32imc-cpu/tools/orfs/flow/platforms/asap7/liberty_suppressions.tcl
read_liberty /home/hatch/workspace/rv32imc-cpu/tools/orfs/flow/platforms/asap7/lib/NLDM/asap7sc7p5t_AO_RVT_FF_nldm_211120.lib.gz
read_liberty /home/hatch/workspace/rv32imc-cpu/tools/orfs/flow/platforms/asap7/lib/NLDM/asap7sc7p5t_INVBUF_RVT_FF_nldm_220122.lib.gz
read_liberty /home/hatch/workspace/rv32imc-cpu/tools/orfs/flow/platforms/asap7/lib/NLDM/asap7sc7p5t_OA_RVT_FF_nldm_211120.lib.gz
read_liberty /home/hatch/workspace/rv32imc-cpu/tools/orfs/flow/platforms/asap7/lib/NLDM/asap7sc7p5t_SIMPLE_RVT_FF_nldm_211120.lib.gz
read_liberty /home/hatch/workspace/rv32imc-cpu/tools/orfs/flow/platforms/asap7/lib/NLDM/asap7sc7p5t_SEQ_RVT_FF_nldm_220123.lib
read_db ./results/asap7/rv32imc_top/p960/3_3_place_gp.odb
read_sdc ./results/asap7/rv32imc_top/p960/2_floorplan.sdc
source /home/hatch/workspace/rv32imc-cpu/tools/orfs/flow/platforms/asap7/setRC.tcl
estimate_parasitics -placement
Perform buffer insertion and gate resizing...
repair_design -verbose
Iteration |   Area    | Resized | Buffers | Nets repaired | Remaining
---------------------------------------------------------------------
        0 |     +0.0% |       0 |       0 |             0 |     32951
     1000 |     +0.0% |       0 |       0 |             0 |     31951
     2000 |     +0.0% |       0 |       0 |             0 |     30951
     3000 |     +0.0% |       0 |       0 |             0 |     29951
     4000 |     +0.0% |       0 |       0 |             0 |     28951
     5000 |     +0.0% |       0 |       0 |             0 |     27951
     6000 |     +0.0% |       0 |       0 |             0 |     26951
     7000 |     +0.0% |       0 |       0 |             0 |     25951
     8000 |     +0.0% |       0 |       0 |             0 |     24951
     9000 |     +0.0% |       0 |       0 |             0 |     23951
    10000 |     +0.0% |       0 |       0 |             0 |     22951
    11000 |     +0.0% |       0 |       0 |             0 |     21951
    12000 |     +0.0% |       0 |       0 |             0 |     20951
    13000 |     +0.0% |       0 |       0 |             0 |     19951
    14000 |     +0.0% |       0 |       0 |             0 |     18951
    15000 |     +0.0% |       0 |       0 |             0 |     17951
    16000 |     +0.0% |       0 |       0 |             0 |     16951
    17000 |     +0.0% |       0 |       0 |             0 |     15951
    18000 |     +0.0% |       0 |       0 |             0 |     14951
    19000 |     +0.0% |       0 |       0 |             0 |     13951
    20000 |     +0.0% |       0 |       0 |             0 |     12951
    21000 |     +0.0% |       0 |       0 |             0 |     11951
    22000 |     +0.0% |       0 |       0 |             0 |     10951
    23000 |     +0.0% |       0 |       0 |             0 |      9951
    24000 |     +0.0% |       0 |       0 |             0 |      8951
    25000 |     +0.0% |       0 |       0 |             0 |      7951
    26000 |     +0.0% |       0 |       0 |             0 |      6951
    27000 |     +0.0% |       0 |       0 |             0 |      5951
    28000 |     +0.0% |       0 |       0 |             0 |      4951
    29000 |     +0.0% |       0 |       0 |             0 |      3951
    30000 |     +0.0% |       0 |       0 |             0 |      2951
    31000 |     +0.0% |       0 |       0 |             0 |      1951
    32000 |     +0.0% |       0 |       0 |             0 |       951
    final |     +0.0% |       0 |       0 |             0 |         0
---------------------------------------------------------------------
Took 8 seconds: repair_design -verbose
Floating nets: 
Report metrics stage 3, resizer...

==========================================================================
resizer report_design_area
--------------------------------------------------------------------------
Design area 3421 um^2 45% utilization.
Instance count before 30898, after 30898
Pin count before 97251, after 97251
write_db ./results/asap7/rv32imc_top/p960/3_4_place_resized.odb
Elapsed time: 0:28.46[h:]min:sec. CPU time: user 26.47 sys 5.73 (113%). Peak memory: 434884KB.
Log                       Ext     Elapsed/s Peak Memory/MB sha1sum result [0:20)
3_4_place_resized         .odb           28            424 cf676a3c0c0b904d8a54
/home/hatch/workspace/rv32imc-cpu/tools/orfs/flow/scripts/flow.sh 3_5_place_dp detail_place
Running detail_place.tcl, stage 3_5_place_dp
source /home/hatch/workspace/rv32imc-cpu/tools/orfs/flow/platforms/asap7/liberty_suppressions.tcl
read_liberty /home/hatch/workspace/rv32imc-cpu/tools/orfs/flow/platforms/asap7/lib/NLDM/asap7sc7p5t_AO_RVT_FF_nldm_211120.lib.gz
read_liberty /home/hatch/workspace/rv32imc-cpu/tools/orfs/flow/platforms/asap7/lib/NLDM/asap7sc7p5t_INVBUF_RVT_FF_nldm_220122.lib.gz
read_liberty /home/hatch/workspace/rv32imc-cpu/tools/orfs/flow/platforms/asap7/lib/NLDM/asap7sc7p5t_OA_RVT_FF_nldm_211120.lib.gz
read_liberty /home/hatch/workspace/rv32imc-cpu/tools/orfs/flow/platforms/asap7/lib/NLDM/asap7sc7p5t_SIMPLE_RVT_FF_nldm_211120.lib.gz
read_liberty /home/hatch/workspace/rv32imc-cpu/tools/orfs/flow/platforms/asap7/lib/NLDM/asap7sc7p5t_SEQ_RVT_FF_nldm_220123.lib
read_db ./results/asap7/rv32imc_top/p960/3_4_place_resized.odb
read_sdc ./results/asap7/rv32imc_top/p960/2_floorplan.sdc
source /home/hatch/workspace/rv32imc-cpu/tools/orfs/flow/platforms/asap7/setRC.tcl
detailed_placement
[INFO DPL-0006] Core area: 7521.05 um^2, Instances area: 3420.96 um^2, Utilization: 45.5%
[INFO DPL-0005] Diamond search max displacement: +/- 500 sites horizontally, +/- 100 rows vertically.
[INFO DPL-1101] Legalizing using diamond search.
Movements Summary
---------------------------------------
Total cells:                   29772
Diamond Move Success:          29772 (100.00%)
Diamond Move Failure:              0
Rip-up and replace Success:        0 (  0.00% of diamond failures)
Rip-up and replace Failure:        0
Total Placement Failures:          0
---------------------------------------
Placement Analysis
---------------------------------
total displacement       6218.5 u
average displacement        0.2 u
max displacement            0.9 u
original HPWL           90916.3 u
legalized HPWL          95772.4 u
delta HPWL                    5 %

improve_placement -max_displacement "5 1"
Detailed placement improvement.
[INFO DPL-0401] Setting random seed to 1.
[INFO DPL-0402] Setting maximum displacement 5 1 to 1350 270 units.
[INFO DPL-0320] Collected 1358 fixed cells.
[INFO DPL-0318] Collected 29772 single height cells.
[INFO DPL-0321] Collected 0 wide cells.
[INFO DPL-0322] Image (2052, 2160) - (88830, 88830)
[INFO DPL-0310] Assigned 29772 cells into segments.  Movement in X-direction is 0.000000, movement in Y-direction is 0.000000.
[INFO DPL-0313] Found 0 cells in wrong regions.
[INFO DPL-0315] Found 0 row alignment problems.
[INFO DPL-0314] Found 0 site alignment problems.
[INFO DPL-0311] Found 0 overlaps between adjacent cells.
[INFO DPL-0312] Found 0 edge spacing violations and 0 padding violations.
[INFO DPL-0303] Running algorithm for independent set matching.
[INFO DPL-0300] Set matching objective is wirelength.
[INFO DPL-0301] Pass   1 of matching; objective is 9.573101e+07.
[INFO DPL-0302] End of matching; objective is 9.552299e+07, improvement is 0.22 percent.
[INFO DPL-0303] Running algorithm for global swaps.
[INFO DPL-0306] Pass   1 of global swaps; hpwl is 9.462664e+07.
[INFO DPL-0307] End of global swaps; objective is 9.462664e+07, improvement is 0.94 percent.
[INFO DPL-0303] Running algorithm for vertical swaps.
[INFO DPL-0308] Pass   1 of vertical swaps; hpwl is 9.437642e+07.
[INFO DPL-0309] End of vertical swaps; objective is 9.437642e+07, improvement is 0.26 percent.
[INFO DPL-0303] Running algorithm for reordering.
[INFO DPL-0304] Pass   1 of reordering; objective is 9.422535e+07.
[INFO DPL-0305] End of reordering; objective is 9.422535e+07, improvement is 0.16 percent.
[INFO DPL-0303] Running algorithm for random improvement.
[INFO DPL-0324] Random improver is using random generator.
[INFO DPL-0325] Random improver is using hpwl objective.
[INFO DPL-0326] Random improver cost string is (a).
[INFO DPL-0332] End of pass, Generator random called 595440 times.
[INFO DPL-0335] Generator random, Cumulative attempts 595440, swaps 75419, moves 174115 since last reset.
[INFO DPL-0333] End of pass, Objective hpwl, Initial cost 9.402072e+07, Scratch cost 9.336471e+07, Incremental cost 9.336471e+07, Mismatch? N
[INFO DPL-0338] End of pass, Total cost is 9.336471e+07.
[INFO DPL-0327] Pass   1 of random improver; improvement in cost is 0.70 percent.
[INFO DPL-0328] End of random improver; improvement is 0.697727 percent.
[INFO DPL-0380] Cell flipping.
[INFO DPL-0382] Changed 0 cell orientations for row compatibility.
[INFO DPL-0383] Performed 9508 cell flips.
[INFO DPL-0384] End of flipping; objective is 9.205010e+07, improvement is 1.62 percent.
[INFO DPL-0313] Found 0 cells in wrong regions.
[INFO DPL-0315] Found 0 row alignment problems.
[INFO DPL-0314] Found 0 site alignment problems.
[INFO DPL-0311] Found 0 overlaps between adjacent cells.
[INFO DPL-0312] Found 0 edge spacing violations and 0 padding violations.
Detailed Improvement Results
------------------------------------------
Original HPWL            95772.4 u (   45947.3,    49825.1)
Final HPWL               91971.1 u (   43647.1,    48324.0)
Delta HPWL                  -4.0 % (      -5.0,       -3.0)

Took 7 seconds: improve_placement -max_displacement "5 1"
optimize_mirroring
[INFO DPL-0020] Mirrored 5273 instances
[INFO DPL-0021] HPWL before           91971.1 u
[INFO DPL-0022] HPWL after            91814.8 u
[INFO DPL-0023] HPWL delta               -0.2 %
[INFO FLW-0012] Placement violations .
estimate_parasitics -placement
Report metrics stage 3, detailed place...

==========================================================================
detailed place report_design_area
--------------------------------------------------------------------------
Design area 3421 um^2 45% utilization.
write_db ./results/asap7/rv32imc_top/p960/3_5_place_dp.odb
write_sdc -no_timestamp ./results/asap7/rv32imc_top/p960/3_place.sdc
Elapsed time: 0:32.37[h:]min:sec. CPU time: user 30.31 sys 5.46 (110%). Peak memory: 395708KB.
Log                       Ext     Elapsed/s Peak Memory/MB sha1sum result [0:20)
3_5_place_dp              .odb           32            386 00df09ea34c4419d12c9
cp ./results/asap7/rv32imc_top/p960/3_5_place_dp.odb ./results/asap7/rv32imc_top/p960/3_place.odb
/home/hatch/workspace/rv32imc-cpu/tools/orfs/flow/scripts/flow.sh 4_1_cts cts
Running cts.tcl, stage 4_1_cts
source /home/hatch/workspace/rv32imc-cpu/tools/orfs/flow/platforms/asap7/liberty_suppressions.tcl
read_liberty /home/hatch/workspace/rv32imc-cpu/tools/orfs/flow/platforms/asap7/lib/NLDM/asap7sc7p5t_AO_RVT_FF_nldm_211120.lib.gz
read_liberty /home/hatch/workspace/rv32imc-cpu/tools/orfs/flow/platforms/asap7/lib/NLDM/asap7sc7p5t_INVBUF_RVT_FF_nldm_220122.lib.gz
read_liberty /home/hatch/workspace/rv32imc-cpu/tools/orfs/flow/platforms/asap7/lib/NLDM/asap7sc7p5t_OA_RVT_FF_nldm_211120.lib.gz
read_liberty /home/hatch/workspace/rv32imc-cpu/tools/orfs/flow/platforms/asap7/lib/NLDM/asap7sc7p5t_SIMPLE_RVT_FF_nldm_211120.lib.gz
read_liberty /home/hatch/workspace/rv32imc-cpu/tools/orfs/flow/platforms/asap7/lib/NLDM/asap7sc7p5t_SEQ_RVT_FF_nldm_220123.lib
read_db ./results/asap7/rv32imc_top/p960/3_place.odb
read_sdc ./results/asap7/rv32imc_top/p960/3_place.sdc
source /home/hatch/workspace/rv32imc-cpu/tools/orfs/flow/platforms/asap7/setRC.tcl
clock_tree_synthesis -sink_clustering_enable -repair_clock_nets
[INFO CTS-0050] Root buffer is BUFx16f_ASAP7_75t_R.
[INFO CTS-0051] Sink buffer is BUFx24_ASAP7_75t_R.
[INFO CTS-0052] The following clock buffers will be used for CTS:
                    BUFx16f_ASAP7_75t_R
                    BUFx24_ASAP7_75t_R
[INFO CTS-0049] Characterization buffer is BUFx24_ASAP7_75t_R.
[INFO CTS-0007] Net "clk" found for clock "core_clk".
[INFO CTS-0010]  Clock net "clk" has 2241 sinks.
[INFO CTS-0008] TritonCTS found 1 clock nets.
[INFO CTS-0097] Characterization used 2 buffer(s) types.
[INFO CTS-0201] 0 blockages from hard placement blockages and placed macros will be used.
[INFO CTS-0027] Generating H-Tree topology for net clk.
[INFO CTS-0028]  Total number of sinks: 2241.
[INFO CTS-0090]  Sinks will be clustered based on buffer max cap.
[INFO CTS-0030]  Number of static layers: 0.
[INFO CTS-0020]  Wire segment unit: 1350  dbu (1 um).
[INFO CTS-0206] Best clustering solution was found from max clustering size of 23 and max clustering diameter of 26.
[INFO CTS-0019]  Total number of sinks after clustering: 119.
[INFO CTS-0024]  Normalized sink region: [(3.91363, 3.32727), (61.6925, 64.3048)].
[INFO CTS-0025]     Width:  57.7789.
[INFO CTS-0026]     Height: 60.9776.
 Level 1
    Direction: Vertical
    Sinks per sub-region: 60
    Sub-region size: 57.7789 X 30.4888
[INFO CTS-0034]     Segment length (rounded): 16.
 Level 2
    Direction: Horizontal
    Sinks per sub-region: 30
    Sub-region size: 28.8894 X 30.4888
[INFO CTS-0034]     Segment length (rounded): 14.
 Level 3
    Direction: Vertical
    Sinks per sub-region: 15
    Sub-region size: 28.8894 X 15.2444
[INFO CTS-0034]     Segment length (rounded): 8.
 Level 4
    Direction: Horizontal
    Sinks per sub-region: 8
    Sub-region size: 14.4447 X 15.2444
[INFO CTS-0034]     Segment length (rounded): 8.
[INFO CTS-0032]  Stop criterion found. Max number of sinks is 15.
[INFO CTS-0035]  Number of sinks covered: 119.
[INFO CTS-0018]     Created 140 clock buffers.
[INFO CTS-0012]     Minimum number of buffers in the clock path: 4.
[INFO CTS-0013]     Maximum number of buffers in the clock path: 4.
[INFO CTS-0015]     Created 140 clock nets.
[INFO CTS-0016]     Fanout distribution for the current clock = 4:1, 5:1, 6:3, 7:7, 8:1, 9:3, 10:2, 11:1, 13:4, 14:2, 15:4, 16:5, 17:11, 18:12, 19:22, 20:19, 21:22, 22:10, 23:5..
[INFO CTS-0017]     Max level of the clock tree: 4.
[INFO CTS-0098] Clock net "clk"
[INFO CTS-0099]  Sinks 2346
[INFO CTS-0100]  Leaf buffers 119
[INFO CTS-0101]  Average sink wire length 149.41 um
[INFO CTS-0102]  Path depth 3 - 4
[INFO CTS-0207]  Dummy loads inserted 105
Took 8 seconds: clock_tree_synthesis -sink_clustering_enable -repair_clock_nets
estimate_parasitics -placement
detailed_placement
[INFO DPL-0006] Core area: 7521.05 um^2, Instances area: 3497.20 um^2, Utilization: 46.5%
[INFO DPL-0005] Diamond search max displacement: +/- 500 sites horizontally, +/- 100 rows vertically.
[INFO DPL-1101] Legalizing using diamond search.
Movements Summary
---------------------------------------
Total cells:                   30017
Diamond Move Success:          30017 (100.00%)
Diamond Move Failure:              0
Rip-up and replace Success:        0 (  0.00% of diamond failures)
Rip-up and replace Failure:        0
Total Placement Failures:          0
---------------------------------------
Placement Analysis
---------------------------------
total displacement        299.3 u
average displacement        0.0 u
max displacement            0.9 u
original HPWL           94004.0 u
legalized HPWL          96056.7 u
delta HPWL                    2 %

estimate_parasitics -placement
repair_timing -setup_margin 0 -hold_margin 0 -repair_tns 100 -verbose
[INFO RSZ-0100] Repair move sequence: UnbufferMove SizeUpMove SwapPinsMove BufferMove CloneMove SplitLoadMove 
[INFO RSZ-0098] No setup violations found
[INFO RSZ-0046] Found 108 endpoints with hold violations.
Iteration | Resized | Buffers | Cloned Gates |   Area   |   WNS   |   TNS   | Endpoint
--------------------------------------------------------------------------------------
        0 |       0 |       0 |            0 |    +0.0% | -97.694 | -7607.890 | mem_rdata0[28]$_DFFE_PN0P_/D
       10 |       0 |      27 |            0 |    +0.1% | -94.098 | -7272.492 | mem_rdata0[31]$_DFFE_PN0P_/D
       20 |       0 |      57 |            0 |    +0.1% | -93.052 | -6689.809 | mem_rdata0[0]$_DFFE_PN0P_/D
       30 |       0 |      87 |            0 |    +0.2% | -91.100 | -6023.965 | mem_rdata0[9]$_DFFE_PN0P_/D
       40 |       0 |     137 |            0 |    +0.3% | -86.961 | -5367.400 | if_id_instr[13]$_DFFE_PN0P_/D
       50 |       0 |     195 |            0 |    +0.4% | -86.221 | -4617.918 | if_id_instr[6]$_DFFE_PN0P_/D
       60 |       0 |     254 |            0 |    +0.5% | -79.949 | -3857.987 | fbuf[6]$_DFFE_PN0P_/D
       70 |       0 |     335 |            0 |    +0.7% | -60.446 | -3275.260 | mem_rdata0[28]$_DFFE_PN0P_/D
       80 |       0 |     412 |            0 |    +0.9% | -60.446 | -2672.826 | mem_rdata0[28]$_DFFE_PN0P_/D
       90 |       0 |     463 |            0 |    +1.0% | -60.446 | -2026.562 | mem_rdata0[28]$_DFFE_PN0P_/D
      100 |       0 |     502 |            0 |    +1.0% | -60.446 | -1553.597 | mem_rdata0[28]$_DFFE_PN0P_/D
      110 |       0 |     539 |            0 |    +1.1% | -57.099 | -1123.900 | mem_rdata0[24]$_DFFE_PN0P_/D
      120 |       0 |     577 |            0 |    +1.2% | -28.206 | -618.393 | if_id_instr[19]$_DFFE_PN0P_/D
      130 |       0 |     602 |            0 |    +1.3% | -17.399 | -213.502 | mem_rdata0[7]$_DFFE_PN0P_/D
      140 |       0 |     602 |            0 |    +1.3% | -17.399 | -213.502 | mem_rdata0[7]$_DFFE_PN0P_/D
      150 |       0 |     610 |            0 |    +1.3% |  -8.864 | -133.163 | mem_rdata0[25]$_DFFE_PN0P_/D
      160 |       0 |     615 |            0 |    +1.3% |  -7.779 | -90.773 | mem_rdata0[13]$_DFFE_PN0P_/D
      170 |       0 |     621 |            0 |    +1.3% |  -6.202 | -47.900 | mem_rdata0[6]$_DFFE_PN0P_/D
      180 |       0 |     629 |            0 |    +1.3% |   0.702 |   0.000 | mem_rdata0[16]$_DFFE_PN0P_/D
    final |       0 |     629 |            0 |    +1.3% |   0.702 |   0.000 | mem_rdata0[16]$_DFFE_PN0P_/D
--------------------------------------------------------------------------------------
[INFO RSZ-0032] Inserted 629 hold buffers.
Took 8 seconds: repair_timing -setup_margin 0 -hold_margin 0 -repair_tns 100 -verbose
detailed_placement
[INFO DPL-0006] Core area: 7521.05 um^2, Instances area: 3543.06 um^2, Utilization: 47.1%
[INFO DPL-0005] Diamond search max displacement: +/- 500 sites horizontally, +/- 100 rows vertically.
[INFO DPL-1101] Legalizing using diamond search.
Movements Summary
---------------------------------------
Total cells:                   30646
Diamond Move Success:          30646 (100.00%)
Diamond Move Failure:              0
Rip-up and replace Success:        0 (  0.00% of diamond failures)
Rip-up and replace Failure:        0
Total Placement Failures:          0
---------------------------------------
Placement Analysis
---------------------------------
total displacement        266.7 u
average displacement        0.0 u
max displacement            1.2 u
original HPWL           96211.5 u
legalized HPWL          96408.2 u
delta HPWL                    0 %

estimate_parasitics -placement
Report metrics stage 4, cts final...

==========================================================================
cts final report_design_area
--------------------------------------------------------------------------
Design area 3543 um^2 47% utilization.
write_db ./results/asap7/rv32imc_top/p960/4_1_cts.odb
write_sdc -no_timestamp ./results/asap7/rv32imc_top/p960/4_cts.sdc
Elapsed time: 0:54.39[h:]min:sec. CPU time: user 47.73 sys 17.12 (119%). Peak memory: 447732KB.
Log                       Ext     Elapsed/s Peak Memory/MB sha1sum result [0:20)
4_1_cts                   .odb           54            437 70ad72ad77ef8a6aa9e1
cp ./results/asap7/rv32imc_top/p960/4_1_cts.odb ./results/asap7/rv32imc_top/p960/4_cts.odb
/home/hatch/workspace/rv32imc-cpu/tools/orfs/flow/scripts/flow.sh 5_1_grt global_route
Running global_route.tcl, stage 5_1_grt
source /home/hatch/workspace/rv32imc-cpu/tools/orfs/flow/platforms/asap7/liberty_suppressions.tcl
read_liberty /home/hatch/workspace/rv32imc-cpu/tools/orfs/flow/platforms/asap7/lib/NLDM/asap7sc7p5t_AO_RVT_FF_nldm_211120.lib.gz
read_liberty /home/hatch/workspace/rv32imc-cpu/tools/orfs/flow/platforms/asap7/lib/NLDM/asap7sc7p5t_INVBUF_RVT_FF_nldm_220122.lib.gz
read_liberty /home/hatch/workspace/rv32imc-cpu/tools/orfs/flow/platforms/asap7/lib/NLDM/asap7sc7p5t_OA_RVT_FF_nldm_211120.lib.gz
read_liberty /home/hatch/workspace/rv32imc-cpu/tools/orfs/flow/platforms/asap7/lib/NLDM/asap7sc7p5t_SIMPLE_RVT_FF_nldm_211120.lib.gz
read_liberty /home/hatch/workspace/rv32imc-cpu/tools/orfs/flow/platforms/asap7/lib/NLDM/asap7sc7p5t_SEQ_RVT_FF_nldm_220123.lib
read_db ./results/asap7/rv32imc_top/p960/4_cts.odb
read_sdc ./results/asap7/rv32imc_top/p960/4_cts.sdc
source /home/hatch/workspace/rv32imc-cpu/tools/orfs/flow/platforms/asap7/setRC.tcl
pin_access
[INFO DRT-0149] Reading tech and libs.

Units:                1000
Number of layers:     21
Number of macros:     212
Number of vias:       14
Number of viarulegen: 11

[INFO DRT-0150] Reading design.
[WARNING DRT-0120] Large net net4365 has 102 pins which may impact routing performance. Consider optimization.

Design:                   rv32imc_top
Die area:                 ( 0 0 ) ( 90870 90870 )
Number of track patterns: 32
Number of DEF vias:       0
Number of components:     31772
Number of terminals:      234
Number of snets:          2
Number of nets:           33720

[INFO DRT-0167] List of default vias:
  Layer V2
    default via: VIA23
  Layer V3
    default via: VIA34
  Layer V4
    default via: VIA45
  Layer V5
    default via: VIA56
  Layer V6
    default via: VIA67
  Layer V7
    default via: VIA78
  Layer V8
    default via: VIA89
  Layer V9
    default via: VIA9Pad
[INFO DRT-0162] Library cell analysis.
[INFO DRT-0163] Instance analysis.
[INFO DRT-0164] Number of unique instances = 225.
[INFO DRT-0168] Init region query.
[INFO DRT-0024]   Complete Active.
[INFO DRT-0024]   Complete V0.
[INFO DRT-0024]   Complete M1.
[INFO DRT-0024]   Complete V1.
[INFO DRT-0024]   Complete M2.
[INFO DRT-0024]   Complete V2.
[INFO DRT-0024]   Complete M3.
[INFO DRT-0024]   Complete V3.
[INFO DRT-0024]   Complete M4.
[INFO DRT-0024]   Complete V4.
[INFO DRT-0024]   Complete M5.
[INFO DRT-0024]   Complete V5.
[INFO DRT-0024]   Complete M6.
[INFO DRT-0024]   Complete V6.
[INFO DRT-0024]   Complete M7.
[INFO DRT-0024]   Complete V7.
[INFO DRT-0024]   Complete M8.
[INFO DRT-0024]   Complete V8.
[INFO DRT-0024]   Complete M9.
[INFO DRT-0024]   Complete V9.
[INFO DRT-0024]   Complete Pad.
[INFO DRT-0033] Active shape region query size = 0.
[INFO DRT-0033] V0 shape region query size = 0.
[INFO DRT-0033] M1 shape region query size = 520268.
[INFO DRT-0033] V1 shape region query size = 830306.
[INFO DRT-0033] M2 shape region query size = 25563.
[INFO DRT-0033] V2 shape region query size = 15939.
[INFO DRT-0033] M3 shape region query size = 15939.
[INFO DRT-0033] V3 shape region query size = 10626.
[INFO DRT-0033] M4 shape region query size = 10716.
[INFO DRT-0033] V4 shape region query size = 10626.
[INFO DRT-0033] M5 shape region query size = 6016.
[INFO DRT-0033] V5 shape region query size = 1056.
[INFO DRT-0033] M6 shape region query size = 592.
[INFO DRT-0033] V6 shape region query size = 0.
[INFO DRT-0033] M7 shape region query size = 0.
[INFO DRT-0033] V7 shape region query size = 0.
[INFO DRT-0033] M8 shape region query size = 0.
[INFO DRT-0033] V8 shape region query size = 0.
[INFO DRT-0033] M9 shape region query size = 0.
[INFO DRT-0033] V9 shape region query size = 0.
[INFO DRT-0033] Pad shape region query size = 0.
[INFO DRT-0165] Start pin access.
[INFO DRT-0076]   Complete 1000 pins.
[INFO DRT-0078]   Complete 1245 pins.
[INFO DRT-0079]   Complete 100 unique inst patterns.
[INFO DRT-0079]   Complete 200 unique inst patterns.
[INFO DRT-0081]   Complete 225 unique inst patterns.
[INFO DRT-0082]   Complete 10000 groups.
[INFO DRT-0084]   Complete 19340 groups.
#scanned instances     = 31772
#unique  instances     = 225
#stdCellGenAp          = 6390
#stdCellValidPlanarAp  = 74
#stdCellValidViaAp     = 5156
#stdCellPinNoAp        = 0
#stdCellPinCnt         = 98144
#instTermValidViaApCnt = 0
#macroGenAp            = 0
#macroValidPlanarAp    = 0
#macroValidViaAp       = 0
#macroNoAp             = 0
[INFO DRT-0166] Complete pin access.
[INFO DRT-0267] cpu time = 00:09:57, elapsed time = 00:06:59, memory = 329.56 (MB), peak = 350.16 (MB)
Took 420 seconds: pin_access
global_route -congestion_report_file ./reports/asap7/rv32imc_top/p960/congestion.rpt -congestion_iterations 30 -congestion_report_iter_step 5 -verbose -resistance_aware
[INFO GRT-0020] Min routing layer: M2
[INFO GRT-0021] Max routing layer: M7
[INFO GRT-0022] Global adjustment: 0%
[INFO GRT-0023] Grid origin: (0, 0)
[INFO GRT-0088] Layer M1      Track-Pitch = 0.0360  line-2-Via Pitch: 0.0360
[INFO GRT-0088] Layer M2      Track-Pitch = 0.0390  line-2-Via Pitch: 0.0360
[INFO GRT-0088] Layer M3      Track-Pitch = 0.0360  line-2-Via Pitch: 0.0360
[INFO GRT-0088] Layer M4      Track-Pitch = 0.0480  line-2-Via Pitch: 0.0480
[INFO GRT-0088] Layer M5      Track-Pitch = 0.0480  line-2-Via Pitch: 0.0480
[INFO GRT-0088] Layer M6      Track-Pitch = 0.0640  line-2-Via Pitch: 0.0640
[INFO GRT-0088] Layer M7      Track-Pitch = 0.0640  line-2-Via Pitch: 0.0640
[INFO GRT-0003] Macros: 0
[INFO GRT-0004] Blockages: 8967
[INFO GRT-0019] Found 141 clock nets.
[INFO GRT-0001] Minimum degree: 2
[INFO GRT-0002] Maximum degree: 102

[INFO GRT-0053] Routing resources analysis:
          Routing      Original      Derated      Resource
Layer     Direction    Resources     Resources    Reduction (%)
---------------------------------------------------------------
M1         Vertical            0             0          0.00%
M2         Horizontal     295543        212892          27.97%
M3         Vertical       383388        284715          25.74%
M4         Horizontal     293501        217855          25.77%
M5         Vertical       283537        210137          25.89%
M6         Horizontal     198740        134280          32.43%
M7         Vertical       224360        151206          32.61%
---------------------------------------------------------------

[INFO GRT-0197] Via related to pin nodes: 188472
[INFO GRT-0198] Via related Steiner nodes: 4959
[INFO GRT-0199] Via filling finished.
[INFO GRT-0111] Final number of vias: 245703
[INFO GRT-0112] Final usage 3D: 942103

[INFO GRT-0096] Final congestion report:
Layer         Resource        Demand        Usage (%)    Max H / Max V / Total Overflow
---------------------------------------------------------------------------------------
M1                   0             0            0.00%             0 /  0 /  0
M2              212892         72708           34.15%             0 /  0 /  0
M3              284715         90415           31.76%             0 /  0 /  0
M4              217855         23087           10.60%             0 /  0 /  0
M5              210137          8169            3.89%             0 /  0 /  0
M6              134280          5303            3.95%             0 /  0 /  0
M7              151206          5312            3.51%             0 /  0 /  0
---------------------------------------------------------------------------------------
Total          1211085        204994           16.93%             0 /  0 /  0

[INFO GRT-0018] Total wirelength: 161655 um
[INFO GRT-0014] Routed nets: 33682
[INFO GRT-0303] Global routing runtime = 00:00:30
Took 31 seconds: global_route -congestion_report_file ./reports/asap7/rv32imc_top/p960/congestion.rpt -congestion_iterations 30 -congestion_report_iter_step 5 -verbose -resistance_aware
estimate_parasitics -global_routing
Perform buffer insertion and gate resizing...
repair_design -verbose
Iteration |   Area    | Resized | Buffers | Nets repaired | Remaining
---------------------------------------------------------------------
        0 |     +0.0% |       0 |       0 |             0 |     33825
     1000 |     +0.0% |       0 |       0 |             0 |     32825
     2000 |     +0.0% |       0 |       0 |             0 |     31825
     3000 |     +0.0% |       0 |       0 |             0 |     30825
     4000 |     +0.0% |       0 |       0 |             0 |     29825
     5000 |     +0.0% |       0 |       0 |             0 |     28825
     6000 |     +0.0% |       0 |       0 |             0 |     27825
     7000 |     +0.0% |       0 |       0 |             0 |     26825
[WARNING RSZ-0104] Net _31194_ only has one pin. Check if it is intended to be dangling.
[WARNING RSZ-0104] Net _31193_ only has one pin. Check if it is intended to be dangling.
     8000 |     +0.0% |       0 |       0 |             0 |     25825
[WARNING RSZ-0104] Net _31182_ only has one pin. Check if it is intended to be dangling.
[WARNING RSZ-0104] Net _31174_ only has one pin. Check if it is intended to be dangling.
[WARNING RSZ-0104] Net _31171_ only has one pin. Check if it is intended to be dangling.
[WARNING RSZ-0104] Net _31170_ only has one pin. Check if it is intended to be dangling.
[WARNING RSZ-0104] Net _31168_ only has one pin. Check if it is intended to be dangling.
[WARNING RSZ-0104] Net _31165_ only has one pin. Check if it is intended to be dangling.
     9000 |     +0.0% |       0 |       0 |             0 |     24825
[WARNING RSZ-0104] Net _31200_ only has one pin. Check if it is intended to be dangling.
[WARNING RSZ-0104] Net _31198_ only has one pin. Check if it is intended to be dangling.
[WARNING RSZ-0104] Net _31179_ only has one pin. Check if it is intended to be dangling.
[WARNING RSZ-0104] Net _31178_ only has one pin. Check if it is intended to be dangling.
[WARNING RSZ-0104] Net _31177_ only has one pin. Check if it is intended to be dangling.
[WARNING RSZ-0104] Net _31176_ only has one pin. Check if it is intended to be dangling.
[WARNING RSZ-0104] Net _31175_ only has one pin. Check if it is intended to be dangling.
[WARNING RSZ-0104] Net _31172_ only has one pin. Check if it is intended to be dangling.
[WARNING RSZ-0104] Net _31169_ only has one pin. Check if it is intended to be dangling.
[WARNING RSZ-0104] Net _31167_ only has one pin. Check if it is intended to be dangling.
[WARNING RSZ-0104] Net _31166_ only has one pin. Check if it is intended to be dangling.
    10000 |     +0.0% |       0 |       0 |             0 |     23825
[WARNING RSZ-0104] Net _31189_ only has one pin. Check if it is intended to be dangling.
[WARNING RSZ-0104] Net _31187_ only has one pin. Check if it is intended to be dangling.
[WARNING RSZ-0104] Net _31183_ only has one pin. Check if it is intended to be dangling.
[WARNING RSZ-0104] Net _31173_ only has one pin. Check if it is intended to be dangling.
    11000 |     +0.0% |       0 |       0 |             0 |     22825
[WARNING RSZ-0104] Net _31199_ only has one pin. Check if it is intended to be dangling.
[WARNING RSZ-0104] Net _31195_ only has one pin. Check if it is intended to be dangling.
[WARNING RSZ-0104] Net _31192_ only has one pin. Check if it is intended to be dangling.
[WARNING RSZ-0104] Net _31188_ only has one pin. Check if it is intended to be dangling.
[WARNING RSZ-0104] Net _31186_ only has one pin. Check if it is intended to be dangling.
[WARNING RSZ-0104] Net _31184_ only has one pin. Check if it is intended to be dangling.
[WARNING RSZ-0104] Net _31180_ only has one pin. Check if it is intended to be dangling.
[WARNING RSZ-0104] Net _31191_ only has one pin. Check if it is intended to be dangling.
[WARNING RSZ-0104] Net _31185_ only has one pin. Check if it is intended to be dangling.
    12000 |     +0.0% |       0 |       0 |             0 |     21825
[WARNING RSZ-0104] Net _31201_ only has one pin. Check if it is intended to be dangling.
[WARNING RSZ-0104] Net _31190_ only has one pin. Check if it is intended to be dangling.
[WARNING RSZ-0104] Net _31181_ only has one pin. Check if it is intended to be dangling.
    13000 |     +0.0% |       0 |       0 |             0 |     20825
    14000 |     +0.0% |       0 |       0 |             0 |     19825
    15000 |     +0.0% |       0 |       0 |             0 |     18825
    16000 |     +0.0% |       0 |       0 |             0 |     17825
    17000 |     +0.0% |       0 |       0 |             0 |     16825
    18000 |     +0.0% |       0 |       0 |             0 |     15825
    19000 |     +0.0% |       0 |       0 |             0 |     14825
    20000 |     +0.0% |       0 |       0 |             0 |     13825
    21000 |     +0.0% |       0 |       0 |             0 |     12825
    22000 |     +0.0% |       0 |       0 |             0 |     11825
    23000 |     +0.0% |       0 |       0 |             0 |     10825
    24000 |     +0.0% |       0 |       0 |             0 |      9825
    25000 |     +0.0% |       0 |       0 |             0 |      8825
    26000 |     +0.0% |       0 |       0 |             0 |      7825
    27000 |     +0.0% |       0 |       0 |             0 |      6825
[WARNING RSZ-0104] Net _31197_ only has one pin. Check if it is intended to be dangling.
[WARNING RSZ-0104] Net _31196_ only has one pin. Check if it is intended to be dangling.
[WARNING RSZ-0104] Net _31164_ only has one pin. Check if it is intended to be dangling.
    28000 |     +0.0% |       0 |       0 |             0 |      5825
    29000 |     +0.0% |       0 |       0 |             0 |      4825
    30000 |     +0.0% |       0 |       0 |             0 |      3825
    31000 |     +0.0% |       0 |       0 |             0 |      2825
    32000 |     +0.0% |       0 |       0 |             0 |      1825
    33000 |     +0.0% |       0 |       0 |             0 |       825
    final |     +0.0% |       0 |       0 |             0 |         0
---------------------------------------------------------------------
Took 9 seconds: repair_design -verbose
global_route -start_incremental
detailed_placement
[INFO DPL-0006] Core area: 7521.05 um^2, Instances area: 3543.06 um^2, Utilization: 47.1%
[INFO DPL-0005] Diamond search max displacement: +/- 500 sites horizontally, +/- 100 rows vertically.
[INFO DPL-1101] Legalizing using diamond search.
Movements Summary
---------------------------------------
Total cells:                   30646
Diamond Move Success:          30646 (100.00%)
Diamond Move Failure:              0
Rip-up and replace Success:        0 (  0.00% of diamond failures)
Rip-up and replace Failure:        0
Total Placement Failures:          0
---------------------------------------
Placement Analysis
---------------------------------
total displacement          0.0 u
average displacement        0.0 u
max displacement            0.0 u
original HPWL           96408.2 u
legalized HPWL          96408.2 u
delta HPWL                    0 %

global_route -end_incremental -resistance_aware -congestion_report_file ./reports/asap7/rv32imc_top/p960/congestion_post_repair_design.rpt
Repair setup and hold violations...
estimate_parasitics -global_routing
repair_timing -setup_margin 0 -hold_margin 0 -repair_tns 100 -verbose
[INFO RSZ-0100] Repair move sequence: UnbufferMove SizeUpMove SwapPinsMove BufferMove CloneMove SplitLoadMove 
[INFO RSZ-0094] Found 161 endpoints with setup violations.
[INFO RSZ-0099] Repairing 161 out of 161 (100.00%) violating endpoints...
   Iter   | Removed | Resized | Inserted | Cloned |  Pin  |   Area   |    WNS   |   StTNS    |   EnTNS    |  Viol  |  Worst  
          | Buffers |  Gates  | Buffers  |  Gates | Swaps |          |          |            |            | Endpts | St/EnPt 
------------------------------------------------------------------------------------------------------------------------------
       0* |       0 |       0 |        0 |      0 |     0 |    +0.0% |  -36.425 |     -220.1 |    -2126.3 |    161 | id_ex_imm\[18\]$_SDFFCE_PN0P_/D
      10* |       0 |       3 |        9 |      0 |     2 |    +0.0% |  -13.902 |     -132.8 |     -369.1 |    161 | id_ex_rs1_data\[1\]$_SDFFCE_PP0P_/D
      20* |       0 |      13 |        9 |      0 |     2 |    +0.0% |  -22.402 |     -264.2 |     -595.5 |    161 | id_ex_imm\[22\]$_SDFFCE_PN0P_/D
      30* |       0 |      19 |       14 |      0 |     4 |    +0.1% |  -13.351 |     -115.6 |     -139.8 |    161 | u_mul.result\[17\]$_DFFE_PN0P_/D
      40* |       0 |      20 |       18 |      0 |    10 |    +0.1% |  -10.063 |      -76.7 |      -50.9 |    161 | u_mul.result\[27\]$_DFFE_PN0P_/D
      41* |       0 |      20 |       19 |      0 |    10 |    +0.1% |   -9.274 |      -74.7 |      -28.0 |    161 | id_ex_imm\[18\]$_SDFFCE_PN0P_/D
      42* |       0 |      20 |       19 |      0 |    10 |    +0.1% |   -9.274 |      -74.7 |      -28.0 |    161 | id_ex_imm\[18\]$_SDFFCE_PN0P_/D
      43* |       0 |      20 |       19 |      0 |    10 |    +0.1% |   -9.274 |      -74.7 |      -28.0 |    161 | id_ex_imm\[18\]$_SDFFCE_PN0P_/D
      44* |       0 |      20 |       19 |      0 |    10 |    +0.1% |   -9.274 |      -74.7 |      -28.0 |    161 | id_ex_imm\[18\]$_SDFFCE_PN0P_/D
      45* |       0 |      20 |       19 |      0 |    10 |    +0.1% |   -9.274 |      -74.7 |      -28.0 |    161 | id_ex_imm\[18\]$_SDFFCE_PN0P_/D
      46* |       0 |      20 |       19 |      0 |    10 |    +0.1% |   -9.274 |      -74.7 |      -28.0 |    161 | id_ex_imm\[18\]$_SDFFCE_PN0P_/D
      47* |       0 |      20 |       19 |      0 |    10 |    +0.1% |   -9.274 |      -74.7 |      -28.0 |    161 | id_ex_imm\[18\]$_SDFFCE_PN0P_/D
      48* |       0 |      20 |       19 |      0 |    10 |    +0.1% |   -9.274 |      -74.7 |      -28.0 |    161 | id_ex_imm\[18\]$_SDFFCE_PN0P_/D
      49* |       0 |      20 |       19 |      0 |    10 |    +0.1% |   -9.274 |      -74.7 |      -28.0 |    161 | id_ex_imm\[18\]$_SDFFCE_PN0P_/D
      50* |       0 |      20 |       19 |      0 |    10 |    +0.1% |   -9.274 |      -74.7 |      -28.0 |    161 | id_ex_imm\[18\]$_SDFFCE_PN0P_/D
      50* |       0 |      20 |       19 |      0 |    10 |    +0.1% |   -9.274 |      -74.7 |      -28.0 |    161 | id_ex_imm\[18\]$_SDFFCE_PN0P_/D
      51* |       0 |      20 |       19 |      0 |    10 |    +0.1% |   -9.274 |      -74.7 |      -28.0 |    161 | id_ex_imm\[18\]$_SDFFCE_PN0P_/D
      52* |       0 |      20 |       19 |      0 |    10 |    +0.1% |   -9.274 |      -74.7 |      -28.0 |    161 | id_ex_imm\[18\]$_SDFFCE_PN0P_/D
      53* |       0 |      20 |       19 |      0 |    10 |    +0.1% |   -9.274 |      -74.7 |      -28.0 |    161 | id_ex_imm\[18\]$_SDFFCE_PN0P_/D
      54* |       0 |      20 |       19 |      0 |    10 |    +0.1% |   -9.274 |      -74.7 |      -28.0 |    161 | id_ex_imm\[18\]$_SDFFCE_PN0P_/D
      55* |       0 |      20 |       19 |      0 |    10 |    +0.1% |   -9.274 |      -74.7 |      -28.0 |    161 | id_ex_imm\[18\]$_SDFFCE_PN0P_/D
      57* |       0 |      20 |       19 |      0 |    10 |    +0.1% |   -9.274 |      -74.7 |      -28.0 |    161 | id_ex_imm\[18\]$_SDFFCE_PN0P_/D
      58* |       0 |      20 |       19 |      0 |    10 |    +0.1% |   -9.274 |      -74.7 |      -28.0 |    161 | id_ex_imm\[18\]$_SDFFCE_PN0P_/D
      59* |       0 |      20 |       19 |      0 |    10 |    +0.1% |   -9.274 |      -74.7 |      -28.0 |    161 | id_ex_imm\[18\]$_SDFFCE_PN0P_/D
      60* |       0 |      20 |       19 |      0 |    10 |    +0.1% |   -9.274 |      -74.7 |      -28.0 |    161 | id_ex_imm\[18\]$_SDFFCE_PN0P_/D
      60* |       0 |      20 |       19 |      0 |    10 |    +0.1% |   -9.274 |      -74.7 |      -28.0 |    161 | id_ex_imm\[18\]$_SDFFCE_PN0P_/D
      61* |       0 |      20 |       19 |      0 |    10 |    +0.1% |   -9.274 |      -74.7 |      -28.0 |    161 | id_ex_imm\[18\]$_SDFFCE_PN0P_/D
      63* |       0 |      21 |       19 |      0 |    10 |    +0.1% |   -9.274 |      -74.7 |      -29.2 |    161 | id_ex_imm\[18\]$_SDFFCE_PN0P_/D
      65* |       0 |      22 |       19 |      0 |    10 |    +0.1% |   -9.274 |      -74.7 |      -31.4 |    161 | id_ex_imm\[18\]$_SDFFCE_PN0P_/D
      67* |       0 |      23 |       19 |      0 |    10 |    +0.1% |   -9.274 |      -74.7 |      -35.0 |    161 | id_ex_imm\[18\]$_SDFFCE_PN0P_/D
      69* |       0 |      24 |       19 |      0 |    10 |    +0.1% |   -9.274 |      -74.7 |      -42.2 |    161 | id_ex_imm\[18\]$_SDFFCE_PN0P_/D
      70* |       0 |      24 |       19 |      0 |    10 |    +0.1% |   -9.274 |      -74.7 |      -42.2 |    161 | id_ex_imm\[18\]$_SDFFCE_PN0P_/D
      71* |       0 |      25 |       19 |      0 |    10 |    +0.1% |   -9.274 |      -74.7 |      -50.6 |    161 | id_ex_imm\[18\]$_SDFFCE_PN0P_/D
      72* |       0 |      25 |       19 |      0 |    10 |    +0.1% |   -9.274 |      -74.7 |      -50.6 |    161 | id_ex_imm\[18\]$_SDFFCE_PN0P_/D
      74* |       0 |      26 |       19 |      0 |    10 |    +0.1% |   -9.274 |      -74.7 |      -49.6 |    161 | id_ex_imm\[18\]$_SDFFCE_PN0P_/D
      76* |       0 |      27 |       19 |      0 |    10 |    +0.1% |   -9.274 |      -74.7 |      -56.3 |    161 | id_ex_imm\[18\]$_SDFFCE_PN0P_/D
      78* |       0 |      28 |       19 |      0 |    10 |    +0.1% |   -9.274 |      -74.7 |      -61.6 |    161 | id_ex_imm\[18\]$_SDFFCE_PN0P_/D
      80* |       0 |      29 |       19 |      0 |    10 |    +0.1% |   -9.274 |      -74.7 |      -66.8 |    161 | id_ex_imm\[18\]$_SDFFCE_PN0P_/D
      80* |       0 |      29 |       19 |      0 |    10 |    +0.1% |   -9.274 |      -74.7 |      -66.8 |    161 | id_ex_imm\[18\]$_SDFFCE_PN0P_/D
      81* |       0 |      29 |       19 |      0 |    10 |    +0.1% |   -9.274 |      -74.7 |      -66.8 |    161 | id_ex_imm\[18\]$_SDFFCE_PN0P_/D
      83* |       0 |      30 |       19 |      0 |    10 |    +0.1% |   -9.274 |      -74.7 |      -71.4 |    161 | id_ex_imm\[18\]$_SDFFCE_PN0P_/D
      85* |       0 |      31 |       19 |      0 |    10 |    +0.1% |   -9.274 |      -74.7 |      -78.9 |    161 | id_ex_imm\[18\]$_SDFFCE_PN0P_/D
      87* |       0 |      31 |       19 |      0 |    10 |    +0.1% |   -9.274 |      -74.7 |      -78.9 |    161 | id_ex_imm\[18\]$_SDFFCE_PN0P_/D
      89* |       0 |      32 |       19 |      0 |    10 |    +0.1% |   -9.274 |      -74.7 |      -72.9 |    161 | id_ex_imm\[18\]$_SDFFCE_PN0P_/D
      90* |       0 |      32 |       19 |      0 |    10 |    +0.1% |   -9.274 |      -74.7 |      -72.9 |    161 | id_ex_imm\[18\]$_SDFFCE_PN0P_/D
      91* |       0 |      33 |       19 |      0 |    10 |    +0.1% |   -9.274 |      -74.7 |      -81.3 |    161 | id_ex_imm\[18\]$_SDFFCE_PN0P_/D
      92* |       0 |      33 |       19 |      0 |    10 |    +0.1% |   -9.274 |      -74.7 |      -81.3 |    161 | id_ex_imm\[18\]$_SDFFCE_PN0P_/D
      94* |       0 |      33 |       19 |      0 |    10 |    +0.1% |   -9.274 |      -74.7 |      -81.3 |    161 | id_ex_imm\[18\]$_SDFFCE_PN0P_/D
      96* |       0 |      33 |       19 |      0 |    10 |    +0.1% |   -9.274 |      -74.7 |      -81.3 |    161 | id_ex_imm\[18\]$_SDFFCE_PN0P_/D
     100* |       0 |      34 |       20 |      0 |    11 |    +0.1% |   -9.546 |      -70.3 |      -97.1 |    161 | id_ex_csr_addr\[11\]$_SDFFCE_PN0P_/D
     110* |       0 |      38 |       25 |      0 |    14 |    +0.1% |   -8.107 |      -29.1 |      -60.8 |    161 | u_mul.result\[28\]$_DFFE_PN0P_/D
     114* |       0 |      39 |       29 |      0 |    15 |    +0.1% |   -8.107 |      -10.4 |      -16.6 |    161 | u_mul.result\[28\]$_DFFE_PN0P_/D
     115* |       0 |      39 |       29 |      0 |    15 |    +0.1% |   -8.107 |      -10.4 |      -16.6 |    161 | u_mul.result\[28\]$_DFFE_PN0P_/D
     116* |       0 |      39 |       29 |      0 |    15 |    +0.1% |   -8.107 |      -10.4 |      -16.6 |    161 | u_mul.result\[28\]$_DFFE_PN0P_/D
     117* |       0 |      39 |       29 |      0 |    15 |    +0.1% |   -8.107 |      -10.4 |      -16.6 |    161 | u_mul.result\[28\]$_DFFE_PN0P_/D
     118* |       0 |      39 |       29 |      0 |    15 |    +0.1% |   -8.107 |      -10.4 |      -16.6 |    161 | u_mul.result\[28\]$_DFFE_PN0P_/D
     119* |       0 |      39 |       29 |      0 |    15 |    +0.1% |   -8.107 |      -10.4 |      -16.6 |    161 | u_mul.result\[28\]$_DFFE_PN0P_/D
     120* |       0 |      39 |       29 |      0 |    15 |    +0.1% |   -8.107 |      -10.4 |      -16.6 |    161 | u_mul.result\[28\]$_DFFE_PN0P_/D
     120* |       0 |      39 |       29 |      0 |    15 |    +0.1% |   -8.107 |      -10.4 |      -16.6 |    161 | u_mul.result\[28\]$_DFFE_PN0P_/D
     121* |       0 |      39 |       29 |      0 |    15 |    +0.1% |   -8.107 |      -10.4 |      -16.6 |    161 | u_mul.result\[28\]$_DFFE_PN0P_/D
     122* |       0 |      39 |       29 |      0 |    15 |    +0.1% |   -8.107 |      -10.4 |      -16.6 |    161 | u_mul.result\[28\]$_DFFE_PN0P_/D
     123* |       0 |      39 |       29 |      0 |    15 |    +0.1% |   -8.107 |      -10.4 |      -16.6 |    161 | u_mul.result\[28\]$_DFFE_PN0P_/D
     124* |       0 |      39 |       29 |      0 |    15 |    +0.1% |   -8.107 |      -10.4 |      -16.6 |    161 | u_mul.result\[28\]$_DFFE_PN0P_/D
     125* |       0 |      39 |       29 |      0 |    15 |    +0.1% |   -8.107 |      -10.4 |      -16.6 |    161 | u_mul.result\[28\]$_DFFE_PN0P_/D
     126* |       0 |      39 |       29 |      0 |    15 |    +0.1% |   -8.107 |      -10.4 |      -16.6 |    161 | u_mul.result\[28\]$_DFFE_PN0P_/D
     127* |       0 |      39 |       29 |      0 |    15 |    +0.1% |   -8.107 |      -10.4 |      -16.6 |    161 | u_mul.result\[28\]$_DFFE_PN0P_/D
     128* |       0 |      39 |       29 |      0 |    15 |    +0.1% |   -8.107 |      -10.4 |      -16.6 |    161 | u_mul.result\[28\]$_DFFE_PN0P_/D
     129* |       0 |      39 |       29 |      0 |    15 |    +0.1% |   -8.107 |      -10.4 |      -16.6 |    161 | u_mul.result\[28\]$_DFFE_PN0P_/D
     130* |       0 |      39 |       29 |      0 |    15 |    +0.1% |   -8.107 |      -10.4 |      -16.6 |    161 | u_mul.result\[28\]$_DFFE_PN0P_/D
     130* |       0 |      39 |       29 |      0 |    15 |    +0.1% |   -8.107 |      -10.4 |      -16.6 |    161 | u_mul.result\[28\]$_DFFE_PN0P_/D
     131* |       0 |      39 |       29 |      0 |    15 |    +0.1% |   -8.107 |      -10.4 |      -16.6 |    161 | u_mul.result\[28\]$_DFFE_PN0P_/D
     132* |       0 |      39 |       29 |      0 |    15 |    +0.1% |   -8.107 |      -10.4 |      -16.6 |    161 | u_mul.result\[28\]$_DFFE_PN0P_/D
     133* |       0 |      39 |       29 |      0 |    15 |    +0.1% |   -8.107 |      -10.4 |      -16.6 |    161 | u_mul.result\[28\]$_DFFE_PN0P_/D
     135* |       0 |      39 |       30 |      0 |    15 |    +0.1% |   -2.032 |       -2.3 |       -3.0 |    161 | u_mul.result\[17\]$_DFFE_PN0P_/D
     136* |       0 |      39 |       30 |      0 |    15 |    +0.1% |   -2.032 |       -2.3 |       -3.0 |    161 | u_mul.result\[17\]$_DFFE_PN0P_/D
     137* |       0 |      39 |       30 |      0 |    15 |    +0.1% |   -2.032 |       -2.3 |       -3.0 |    161 | u_mul.result\[17\]$_DFFE_PN0P_/D
     138* |       0 |      39 |       30 |      0 |    15 |    +0.1% |   -2.032 |       -2.3 |       -3.0 |    161 | u_mul.result\[17\]$_DFFE_PN0P_/D
     139* |       0 |      39 |       30 |      0 |    15 |    +0.1% |   -2.032 |       -2.3 |       -3.0 |    161 | u_mul.result\[17\]$_DFFE_PN0P_/D
     140* |       0 |      39 |       30 |      0 |    15 |    +0.1% |   -2.032 |       -2.3 |       -3.0 |    161 | u_mul.result\[17\]$_DFFE_PN0P_/D
     141* |       0 |      39 |       30 |      0 |    16 |    +0.1% |   -0.165 |       -0.2 |       -0.2 |    161 | u_mul.result\[18\]$_DFFE_PN0P_/D
     142* |       0 |      39 |       30 |      0 |    16 |    +0.1% |   -0.165 |       -0.2 |       -0.2 |    161 | u_mul.result\[18\]$_DFFE_PN0P_/D
     143* |       0 |      39 |       30 |      0 |    16 |    +0.1% |   -0.165 |       -0.2 |       -0.2 |    161 | u_mul.result\[18\]$_DFFE_PN0P_/D
     144* |       0 |      39 |       30 |      0 |    16 |    +0.1% |   -0.165 |       -0.2 |       -0.2 |    161 | u_mul.result\[18\]$_DFFE_PN0P_/D
     145* |       0 |      39 |       30 |      0 |    16 |    +0.1% |   -0.165 |       -0.2 |       -0.2 |    161 | u_mul.result\[18\]$_DFFE_PN0P_/D
     146* |       0 |      39 |       30 |      0 |    16 |    +0.1% |   -0.165 |       -0.2 |       -0.2 |    161 | u_mul.result\[18\]$_DFFE_PN0P_/D
     147* |       0 |      39 |       30 |      0 |    16 |    +0.1% |   -0.165 |       -0.2 |       -0.2 |    161 | u_mul.result\[18\]$_DFFE_PN0P_/D
     148* |       0 |      39 |       30 |      0 |    16 |    +0.1% |   -0.165 |       -0.2 |       -0.2 |    161 | u_mul.result\[18\]$_DFFE_PN0P_/D
     149* |       0 |      39 |       30 |      0 |    16 |    +0.1% |   -0.165 |       -0.2 |       -0.2 |    161 | u_mul.result\[18\]$_DFFE_PN0P_/D
     150* |       0 |      39 |       30 |      0 |    16 |    +0.1% |   -0.165 |       -0.2 |       -0.2 |    161 | u_mul.result\[18\]$_DFFE_PN0P_/D
     150* |       0 |      39 |       30 |      0 |    16 |    +0.1% |   -0.165 |       -0.2 |       -0.2 |    161 | u_mul.result\[18\]$_DFFE_PN0P_/D
     151* |       0 |      39 |       30 |      0 |    16 |    +0.1% |   -0.165 |       -0.2 |       -0.2 |    161 | u_mul.result\[18\]$_DFFE_PN0P_/D
     152* |       0 |      39 |       30 |      0 |    16 |    +0.1% |   -0.165 |       -0.2 |       -0.2 |    161 | u_mul.result\[18\]$_DFFE_PN0P_/D
     153* |       0 |      39 |       30 |      0 |    16 |    +0.1% |   -0.165 |       -0.2 |       -0.2 |    161 | u_mul.result\[18\]$_DFFE_PN0P_/D
     154* |       0 |      39 |       30 |      0 |    16 |    +0.1% |   -0.165 |       -0.2 |       -0.2 |    161 | u_mul.result\[18\]$_DFFE_PN0P_/D
     155* |       0 |      39 |       30 |      0 |    16 |    +0.1% |   -0.165 |       -0.2 |       -0.2 |    161 | u_mul.result\[18\]$_DFFE_PN0P_/D
     156* |       0 |      39 |       30 |      0 |    16 |    +0.1% |   -0.165 |       -0.2 |       -0.2 |    161 | u_mul.result\[18\]$_DFFE_PN0P_/D
     157* |       0 |      39 |       30 |      0 |    16 |    +0.1% |   -0.165 |       -0.2 |       -0.2 |    161 | u_mul.result\[18\]$_DFFE_PN0P_/D
     158* |       0 |      39 |       30 |      0 |    16 |    +0.1% |   -0.165 |       -0.2 |       -0.2 |    161 | u_mul.result\[18\]$_DFFE_PN0P_/D
     159* |       0 |      39 |       30 |      0 |    16 |    +0.1% |   -0.165 |       -0.2 |       -0.2 |    161 | u_mul.result\[18\]$_DFFE_PN0P_/D
     160* |       0 |      39 |       30 |      0 |    16 |    +0.1% |   -0.165 |       -0.2 |       -0.2 |    161 | u_mul.result\[18\]$_DFFE_PN0P_/D
     160* |       0 |      39 |       30 |      0 |    16 |    +0.1% |   -0.165 |       -0.2 |       -0.2 |    161 | u_mul.result\[18\]$_DFFE_PN0P_/D
     161* |       0 |      39 |       30 |      0 |    16 |    +0.1% |   -0.165 |       -0.2 |       -0.2 |    161 | u_mul.result\[18\]$_DFFE_PN0P_/D
     162* |       0 |      39 |       30 |      0 |    16 |    +0.1% |   -0.165 |       -0.2 |       -0.2 |    161 | u_mul.result\[18\]$_DFFE_PN0P_/D
     163* |       0 |      39 |       30 |      0 |    16 |    +0.1% |   -0.165 |       -0.2 |       -0.2 |    161 | u_mul.result\[18\]$_DFFE_PN0P_/D
     164* |       0 |      39 |       30 |      0 |    16 |    +0.1% |   -0.165 |       -0.2 |       -0.2 |    161 | u_mul.result\[18\]$_DFFE_PN0P_/D
     165* |       0 |      39 |       30 |      0 |    16 |    +0.1% |   -0.165 |       -0.2 |       -0.2 |    161 | u_mul.result\[18\]$_DFFE_PN0P_/D
     166* |       0 |      39 |       30 |      0 |    16 |    +0.1% |   -0.165 |       -0.2 |       -0.2 |    161 | u_mul.result\[18\]$_DFFE_PN0P_/D
     167* |       0 |      39 |       30 |      0 |    16 |    +0.1% |   -0.165 |       -0.2 |       -0.2 |    161 | u_mul.result\[18\]$_DFFE_PN0P_/D
     168* |       0 |      39 |       30 |      0 |    16 |    +0.1% |   -0.165 |       -0.2 |       -0.2 |    161 | u_mul.result\[18\]$_DFFE_PN0P_/D
     169* |       0 |      39 |       30 |      0 |    16 |    +0.1% |   -0.165 |       -0.2 |       -0.2 |    161 | u_mul.result\[18\]$_DFFE_PN0P_/D
     170* |       0 |      39 |       30 |      0 |    16 |    +0.1% |   -0.165 |       -0.2 |       -0.2 |    161 | u_mul.result\[18\]$_DFFE_PN0P_/D
     170* |       0 |      39 |       30 |      0 |    16 |    +0.1% |   -0.165 |       -0.2 |       -0.2 |    161 | u_mul.result\[18\]$_DFFE_PN0P_/D
     171* |       0 |      39 |       30 |      0 |    16 |    +0.1% |   -0.165 |       -0.2 |       -0.2 |    161 | u_mul.result\[18\]$_DFFE_PN0P_/D
     172* |       0 |      39 |       30 |      0 |    16 |    +0.1% |   -0.165 |       -0.2 |       -0.2 |    161 | u_mul.result\[18\]$_DFFE_PN0P_/D
     173* |       0 |      39 |       30 |      0 |    16 |    +0.1% |   -0.165 |       -0.2 |       -0.2 |    161 | u_mul.result\[18\]$_DFFE_PN0P_/D
     174* |       0 |      39 |       30 |      0 |    16 |    +0.1% |   -0.165 |       -0.2 |       -0.2 |    161 | u_mul.result\[18\]$_DFFE_PN0P_/D
     175* |       0 |      39 |       30 |      0 |    16 |    +0.1% |   -0.165 |       -0.2 |       -0.2 |    161 | u_mul.result\[18\]$_DFFE_PN0P_/D
     176* |       0 |      39 |       30 |      0 |    16 |    +0.1% |   -0.165 |       -0.2 |       -0.2 |    161 | u_mul.result\[18\]$_DFFE_PN0P_/D
     177* |       0 |      39 |       30 |      0 |    16 |    +0.1% |   -0.165 |       -0.2 |       -0.2 |    161 | u_mul.result\[18\]$_DFFE_PN0P_/D
     178* |       0 |      39 |       30 |      0 |    16 |    +0.1% |   -0.165 |       -0.2 |       -0.2 |    161 | u_mul.result\[18\]$_DFFE_PN0P_/D
     179* |       0 |      39 |       30 |      0 |    16 |    +0.1% |   -0.165 |       -0.2 |       -0.2 |    161 | u_mul.result\[18\]$_DFFE_PN0P_/D
     180* |       0 |      39 |       30 |      0 |    16 |    +0.1% |   -0.165 |       -0.2 |       -0.2 |    161 | u_mul.result\[18\]$_DFFE_PN0P_/D
     180* |       0 |      39 |       30 |      0 |    16 |    +0.1% |   -0.165 |       -0.2 |       -0.2 |    161 | u_mul.result\[18\]$_DFFE_PN0P_/D
     181* |       0 |      39 |       30 |      0 |    16 |    +0.1% |   -0.165 |       -0.2 |       -0.2 |    161 | u_mul.result\[18\]$_DFFE_PN0P_/D
     182* |       0 |      39 |       30 |      0 |    16 |    +0.1% |   -0.165 |       -0.2 |       -0.2 |    161 | u_mul.result\[18\]$_DFFE_PN0P_/D
     183* |       0 |      39 |       30 |      0 |    16 |    +0.1% |   -0.165 |       -0.2 |       -0.2 |    161 | u_mul.result\[18\]$_DFFE_PN0P_/D
     184* |       0 |      39 |       30 |      0 |    16 |    +0.1% |   -0.165 |       -0.2 |       -0.2 |    161 | u_mul.result\[18\]$_DFFE_PN0P_/D
     185* |       0 |      39 |       30 |      0 |    16 |    +0.1% |   -0.165 |       -0.2 |       -0.2 |    161 | u_mul.result\[18\]$_DFFE_PN0P_/D
     186* |       0 |      39 |       30 |      0 |    16 |    +0.1% |   -0.165 |       -0.2 |       -0.2 |    161 | u_mul.result\[18\]$_DFFE_PN0P_/D
     187* |       0 |      39 |       30 |      0 |    16 |    +0.1% |   -0.165 |       -0.2 |       -0.2 |    161 | u_mul.result\[18\]$_DFFE_PN0P_/D
     188* |       0 |      39 |       30 |      0 |    16 |    +0.1% |   -0.165 |       -0.2 |       -0.2 |    161 | u_mul.result\[18\]$_DFFE_PN0P_/D
     189* |       0 |      39 |       30 |      0 |    16 |    +0.1% |   -0.165 |       -0.2 |       -0.2 |    161 | u_mul.result\[18\]$_DFFE_PN0P_/D
     190* |       0 |      39 |       30 |      0 |    16 |    +0.1% |   -0.165 |       -0.2 |       -0.2 |    161 | u_mul.result\[18\]$_DFFE_PN0P_/D
     190* |       0 |      39 |       30 |      0 |    16 |    +0.1% |   -0.165 |       -0.2 |       -0.2 |    161 | u_mul.result\[18\]$_DFFE_PN0P_/D
     191* |       0 |      39 |       30 |      0 |    16 |    +0.1% |   -0.165 |       -0.2 |       -0.2 |    161 | u_mul.result\[18\]$_DFFE_PN0P_/D
     192* |       0 |      39 |       30 |      0 |    16 |    +0.1% |   -0.165 |       -0.2 |       -0.2 |    161 | u_mul.result\[18\]$_DFFE_PN0P_/D
     193* |       0 |      39 |       30 |      0 |    16 |    +0.1% |   -0.165 |       -0.2 |       -0.2 |    161 | u_mul.result\[18\]$_DFFE_PN0P_/D
     194* |       0 |      39 |       30 |      0 |    16 |    +0.1% |   -0.165 |       -0.2 |       -0.2 |    161 | u_mul.result\[18\]$_DFFE_PN0P_/D
     195* |       0 |      39 |       30 |      0 |    16 |    +0.1% |   -0.165 |       -0.2 |       -0.2 |    161 | u_mul.result\[18\]$_DFFE_PN0P_/D
     196* |       0 |      39 |       30 |      0 |    16 |    +0.1% |   -0.165 |       -0.2 |       -0.2 |    161 | u_mul.result\[18\]$_DFFE_PN0P_/D
     197* |       0 |      39 |       30 |      0 |    16 |    +0.1% |   -0.165 |       -0.2 |       -0.2 |    161 | u_mul.result\[18\]$_DFFE_PN0P_/D
     198* |       0 |      39 |       30 |      0 |    16 |    +0.1% |   -0.165 |       -0.2 |       -0.2 |    161 | u_mul.result\[18\]$_DFFE_PN0P_/D
     199* |       0 |      39 |       30 |      0 |    16 |    +0.1% |   -0.165 |       -0.2 |       -0.2 |    161 | u_mul.result\[18\]$_DFFE_PN0P_/D
     200* |       0 |      39 |       30 |      0 |    16 |    +0.1% |   -0.165 |       -0.2 |       -0.2 |    161 | u_mul.result\[18\]$_DFFE_PN0P_/D
     200* |       0 |      39 |       30 |      0 |    16 |    +0.1% |   -0.165 |       -0.2 |       -0.2 |    161 | u_mul.result\[18\]$_DFFE_PN0P_/D
     201* |       0 |      39 |       30 |      0 |    16 |    +0.1% |   -0.165 |       -0.2 |       -0.2 |    161 | u_mul.result\[18\]$_DFFE_PN0P_/D
     202* |       0 |      39 |       30 |      0 |    16 |    +0.1% |   -0.165 |       -0.2 |       -0.2 |    161 | u_mul.result\[18\]$_DFFE_PN0P_/D
     203* |       0 |      39 |       30 |      0 |    16 |    +0.1% |   -0.165 |       -0.2 |       -0.2 |    161 | u_mul.result\[18\]$_DFFE_PN0P_/D
     204* |       0 |      39 |       30 |      0 |    16 |    +0.1% |   -0.165 |       -0.2 |       -0.2 |    161 | u_mul.result\[18\]$_DFFE_PN0P_/D
     205* |       0 |      39 |       30 |      0 |    16 |    +0.1% |   -0.165 |       -0.2 |       -0.2 |    161 | u_mul.result\[18\]$_DFFE_PN0P_/D
     206* |       0 |      39 |       30 |      0 |    16 |    +0.1% |   -0.165 |       -0.2 |       -0.2 |    161 | u_mul.result\[18\]$_DFFE_PN0P_/D
     207* |       0 |      39 |       30 |      0 |    16 |    +0.1% |   -0.165 |       -0.2 |       -0.2 |    161 | u_mul.result\[18\]$_DFFE_PN0P_/D
     208* |       0 |      39 |       30 |      0 |    16 |    +0.1% |   -0.165 |       -0.2 |       -0.2 |    161 | u_mul.result\[18\]$_DFFE_PN0P_/D
     209* |       0 |      39 |       30 |      0 |    16 |    +0.1% |   -0.165 |       -0.2 |       -0.2 |    161 | u_mul.result\[18\]$_DFFE_PN0P_/D
     210* |       0 |      39 |       30 |      0 |    16 |    +0.1% |   -0.165 |       -0.2 |       -0.2 |    161 | u_mul.result\[18\]$_DFFE_PN0P_/D
     210* |       0 |      39 |       30 |      0 |    16 |    +0.1% |   -0.165 |       -0.2 |       -0.2 |    161 | u_mul.result\[18\]$_DFFE_PN0P_/D
     211* |       0 |      39 |       30 |      0 |    16 |    +0.1% |   -0.165 |       -0.2 |       -0.2 |    161 | u_mul.result\[18\]$_DFFE_PN0P_/D
     212* |       0 |      39 |       30 |      0 |    16 |    +0.1% |   -0.165 |       -0.2 |       -0.2 |    161 | u_mul.result\[18\]$_DFFE_PN0P_/D
     213* |       0 |      39 |       30 |      0 |    16 |    +0.1% |   -0.165 |       -0.2 |       -0.2 |    161 | u_mul.result\[18\]$_DFFE_PN0P_/D
     214* |       0 |      39 |       30 |      0 |    16 |    +0.1% |   -0.165 |       -0.2 |       -0.2 |    161 | u_mul.result\[18\]$_DFFE_PN0P_/D
     215* |       0 |      39 |       30 |      0 |    16 |    +0.1% |   -0.165 |       -0.2 |       -0.2 |    161 | u_mul.result\[18\]$_DFFE_PN0P_/D
     216* |       0 |      39 |       30 |      0 |    16 |    +0.1% |   -0.165 |       -0.2 |       -0.2 |    161 | u_mul.result\[18\]$_DFFE_PN0P_/D
     217* |       0 |      39 |       30 |      0 |    16 |    +0.1% |   -0.165 |       -0.2 |       -0.2 |    161 | u_mul.result\[18\]$_DFFE_PN0P_/D
     218* |       0 |      39 |       30 |      0 |    16 |    +0.1% |   -0.165 |       -0.2 |       -0.2 |    161 | u_mul.result\[18\]$_DFFE_PN0P_/D
     219* |       0 |      39 |       30 |      0 |    16 |    +0.1% |   -0.165 |       -0.2 |       -0.2 |    161 | u_mul.result\[18\]$_DFFE_PN0P_/D
     220* |       0 |      39 |       30 |      0 |    16 |    +0.1% |   -0.165 |       -0.2 |       -0.2 |    161 | u_mul.result\[18\]$_DFFE_PN0P_/D
     220* |       0 |      39 |       30 |      0 |    16 |    +0.1% |   -0.165 |       -0.2 |       -0.2 |    161 | u_mul.result\[18\]$_DFFE_PN0P_/D
     221* |       0 |      39 |       30 |      0 |    16 |    +0.1% |   -0.165 |       -0.2 |       -0.2 |    161 | u_mul.result\[18\]$_DFFE_PN0P_/D
     222* |       0 |      39 |       30 |      0 |    16 |    +0.1% |   -0.165 |       -0.2 |       -0.2 |    161 | u_mul.result\[18\]$_DFFE_PN0P_/D
     223* |       0 |      39 |       30 |      0 |    16 |    +0.1% |   -0.165 |       -0.2 |       -0.2 |    161 | u_mul.result\[18\]$_DFFE_PN0P_/D
     224* |       0 |      39 |       30 |      0 |    16 |    +0.1% |   -0.165 |       -0.2 |       -0.2 |    161 | u_mul.result\[18\]$_DFFE_PN0P_/D
     225* |       0 |      39 |       30 |      0 |    16 |    +0.1% |   -0.165 |       -0.2 |       -0.2 |    161 | u_mul.result\[18\]$_DFFE_PN0P_/D
     226* |       0 |      39 |       30 |      0 |    16 |    +0.1% |   -0.165 |       -0.2 |       -0.2 |    161 | u_mul.result\[18\]$_DFFE_PN0P_/D
     227* |       0 |      39 |       30 |      0 |    16 |    +0.1% |   -0.165 |       -0.2 |       -0.2 |    161 | u_mul.result\[18\]$_DFFE_PN0P_/D
     228* |       0 |      39 |       30 |      0 |    16 |    +0.1% |   -0.165 |       -0.2 |       -0.2 |    161 | u_mul.result\[18\]$_DFFE_PN0P_/D
     229* |       0 |      39 |       30 |      0 |    16 |    +0.1% |   -0.165 |       -0.2 |       -0.2 |    161 | u_mul.result\[18\]$_DFFE_PN0P_/D
     230* |       0 |      39 |       30 |      0 |    16 |    +0.1% |   -0.165 |       -0.2 |       -0.2 |    161 | u_mul.result\[18\]$_DFFE_PN0P_/D
     230* |       0 |      39 |       30 |      0 |    16 |    +0.1% |   -0.165 |       -0.2 |       -0.2 |    161 | u_mul.result\[18\]$_DFFE_PN0P_/D
     231* |       0 |      39 |       30 |      0 |    16 |    +0.1% |   -0.165 |       -0.2 |       -0.2 |    161 | u_mul.result\[18\]$_DFFE_PN0P_/D
     232* |       0 |      39 |       30 |      0 |    16 |    +0.1% |   -0.165 |       -0.2 |       -0.2 |    161 | u_mul.result\[18\]$_DFFE_PN0P_/D
     233* |       0 |      39 |       30 |      0 |    16 |    +0.1% |   -0.165 |       -0.2 |       -0.2 |    161 | u_mul.result\[18\]$_DFFE_PN0P_/D
     234* |       0 |      39 |       30 |      0 |    16 |    +0.1% |   -0.165 |       -0.2 |       -0.2 |    161 | u_mul.result\[18\]$_DFFE_PN0P_/D
     235* |       0 |      39 |       30 |      0 |    16 |    +0.1% |   -0.165 |       -0.2 |       -0.2 |    161 | u_mul.result\[18\]$_DFFE_PN0P_/D
     238* |       0 |      39 |       32 |      0 |    17 |    +0.1% |   -0.077 |       -0.1 |       -0.1 |    161 | id_ex_csr_addr\[11\]$_SDFFCE_PN0P_/D
     239* |       0 |      39 |       32 |      0 |    17 |    +0.1% |   -0.077 |       -0.1 |       -0.1 |    161 | id_ex_csr_addr\[11\]$_SDFFCE_PN0P_/D
     239* |       0 |      39 |       32 |      0 |    17 |    +0.1% |   -0.077 |       -0.1 |       -0.1 |    161 | id_ex_csr_addr\[11\]$_SDFFCE_PN0P_/D
     240+ |       0 |      39 |       32 |      0 |    17 |    +0.1% |   -0.077 |       -0.1 |       -0.1 |      1 | id_ex_csr_addr\[11\]$_SDFFCE_PN0P_/D
     240+ |       0 |      39 |       32 |      0 |    17 |    +0.1% |   -0.077 |       -0.1 |       -0.1 |      1 | id_ex_csr_addr\[11\]$_SDFFCE_PN0P_/D
    final |       0 |      39 |       32 |      0 |    17 |    +0.1% |   -0.077 |       -0.1 |       -0.1 |      1 | id_ex_csr_addr\[11\]$_SDFFCE_PN0P_/D
------------------------------------------------------------------------------------------------------------------------------
[INFO RSZ-0040] Inserted 32 buffers.
[INFO RSZ-0051] Resized 39 instances: 39 up, 0 up match, 0 down, 0 VT
[INFO RSZ-0043] Swapped pins on 17 instances.
[WARNING RSZ-0062] Unable to repair all setup violations.
[INFO RSZ-0033] No hold violations found.
Took 36 seconds: repair_timing -setup_margin 0 -hold_margin 0 -repair_tns 100 -verbose
global_route -start_incremental
detailed_placement
[INFO DPL-0006] Core area: 7521.05 um^2, Instances area: 3548.12 um^2, Utilization: 47.2%
[INFO DPL-0005] Diamond search max displacement: +/- 500 sites horizontally, +/- 100 rows vertically.
[INFO DPL-1101] Legalizing using diamond search.
Movements Summary
---------------------------------------
Total cells:                   30678
Diamond Move Success:          30678 (100.00%)
Diamond Move Failure:              0
Rip-up and replace Success:        0 (  0.00% of diamond failures)
Rip-up and replace Failure:        0
Total Placement Failures:          0
---------------------------------------
Placement Analysis
---------------------------------
total displacement         17.8 u
average displacement        0.0 u
max displacement            0.8 u
original HPWL           96450.1 u
legalized HPWL          96467.4 u
delta HPWL                    0 %

check_placement -verbose
global_route -end_incremental -resistance_aware -congestion_report_file ./reports/asap7/rv32imc_top/p960/congestion_post_repair_timing.rpt
estimate_parasitics -global_routing
repair_timing -setup -sequence "vt_swap reroute" -skip_last_gasp -repair_tns 0 -verbose
[INFO RSZ-0100] Repair move sequence: RerouteMove 
[INFO RSZ-0094] Found 1 endpoints with setup violations.
[INFO RSZ-0099] Repairing 1 out of 1 (0.00%) violating endpoints...
   Iter   | Removed | Resized | Inserted | Cloned |  Pin  |   Area   |    WNS   |   StTNS    |   EnTNS    |  Viol  |  Worst  
          | Buffers |  Gates  | Buffers  |  Gates | Swaps |          |          |            |            | Endpts | St/EnPt 
------------------------------------------------------------------------------------------------------------------------------
       0* |       0 |       0 |        0 |      0 |     0 |    +0.0% |   -0.411 |       -0.4 |       -0.4 |      1 | id_ex_instr\[15\]$_DFFE_PP_/D
       1* |       0 |       0 |        0 |      0 |     0 |    +0.0% |   -0.411 |       -0.4 |       -0.4 |      1 | id_ex_instr\[15\]$_DFFE_PP_/D
       1* |       0 |       0 |        0 |      0 |     0 |    +0.0% |   -0.411 |       -0.4 |       -0.4 |      1 | id_ex_instr\[15\]$_DFFE_PP_/D
    final |       0 |       0 |        0 |      0 |     0 |    +0.0% |   -0.411 |       -0.4 |       -0.4 |      1 | id_ex_instr\[15\]$_DFFE_PP_/D
------------------------------------------------------------------------------------------------------------------------------
[WARNING RSZ-0062] Unable to repair all setup violations.
Took 8 seconds: repair_timing -setup -sequence "vt_swap reroute" -skip_last_gasp -repair_tns 0 -verbose
Repair antennas...
[WARNING GRT-0246] No diode with LEF class CORE ANTENNACELL found.
[INFO ANT-0002] Found 0 net violations.
[INFO ANT-0001] Found 0 pin violations.
Estimate parasitics...
estimate_parasitics -global_routing
Report metrics stage 5, global route...

==========================================================================
global route report_design_area
--------------------------------------------------------------------------
Design area 3548 um^2 47% utilization.
[INFO FLW-0007] clock core_clk period 960.000000
[INFO FLW-0008] Clock core_clk period 912.390
[INFO FLW-0009] Clock core_clk slack -0.411
write_sdc -no_timestamp ./results/asap7/rv32imc_top/p960/updated_clks.sdc
[INFO FLW-0011] Path endpoint path count 3296
write_db ./results/asap7/rv32imc_top/p960/5_1_grt.odb
write_sdc -no_timestamp ./results/asap7/rv32imc_top/p960/5_1_grt.sdc
Elapsed time: 9:27.17[h:]min:sec. CPU time: user 746.57 sys 43.37 (139%). Peak memory: 933332KB.
Log                       Ext     Elapsed/s Peak Memory/MB sha1sum result [0:20)
5_1_grt                   .odb          567            911 1b034cc03e4f5cd854b3
5_1_grt                   .sdc                             b0819c7b803d22f30b7b
make: Leaving directory '/home/hatch/workspace/rv32imc-cpu/tools/orfs/flow'
