make: Entering directory '/home/hatch/workspace/rv32imc-cpu/tools/orfs/flow'
/home/hatch/workspace/rv32imc-cpu/tools/orfs/flow/scripts/flow.sh 5_1_grt global_route
Running global_route.tcl, stage 5_1_grt
source /home/hatch/workspace/rv32imc-cpu/tools/orfs/flow/platforms/asap7/liberty_suppressions.tcl
read_liberty /home/hatch/workspace/rv32imc-cpu/tools/orfs/flow/platforms/asap7/lib/NLDM/asap7sc7p5t_AO_RVT_FF_nldm_211120.lib.gz
read_liberty /home/hatch/workspace/rv32imc-cpu/tools/orfs/flow/platforms/asap7/lib/NLDM/asap7sc7p5t_INVBUF_RVT_FF_nldm_220122.lib.gz
read_liberty /home/hatch/workspace/rv32imc-cpu/tools/orfs/flow/platforms/asap7/lib/NLDM/asap7sc7p5t_OA_RVT_FF_nldm_211120.lib.gz
read_liberty /home/hatch/workspace/rv32imc-cpu/tools/orfs/flow/platforms/asap7/lib/NLDM/asap7sc7p5t_SIMPLE_RVT_FF_nldm_211120.lib.gz
read_liberty /home/hatch/workspace/rv32imc-cpu/tools/orfs/flow/platforms/asap7/lib/NLDM/asap7sc7p5t_SEQ_RVT_FF_nldm_220123.lib
read_db ./results/asap7/rv32imc_top/p900/4_cts.odb
read_sdc ./results/asap7/rv32imc_top/p900/4_cts.sdc
source /home/hatch/workspace/rv32imc-cpu/tools/orfs/flow/platforms/asap7/setRC.tcl
pin_access
[INFO DRT-0149] Reading tech and libs.

Units:                1000
Number of layers:     21
Number of macros:     212
Number of vias:       14
Number of viarulegen: 11

[INFO DRT-0150] Reading design.
[WARNING DRT-0120] Large net net5423 has 110 pins which may impact routing performance. Consider optimization.

Design:                   rv32imc_top
Die area:                 ( 0 0 ) ( 90870 90870 )
Number of track patterns: 32
Number of DEF vias:       0
Number of components:     32353
Number of terminals:      234
Number of snets:          2
Number of nets:           34297

[INFO DRT-0167] List of default vias:
  Layer V2
    default via: VIA23
  Layer V3
    default via: VIA34
  Layer V4
    default via: VIA45
  Layer V5
    default via: VIA56
  Layer V6
    default via: VIA67
  Layer V7
    default via: VIA78
  Layer V8
    default via: VIA89
  Layer V9
    default via: VIA9Pad
[INFO DRT-0162] Library cell analysis.
[INFO DRT-0163] Instance analysis.
[INFO DRT-0164] Number of unique instances = 225.
[INFO DRT-0168] Init region query.
[INFO DRT-0024]   Complete Active.
[INFO DRT-0024]   Complete V0.
[INFO DRT-0024]   Complete M1.
[INFO DRT-0024]   Complete V1.
[INFO DRT-0024]   Complete M2.
[INFO DRT-0024]   Complete V2.
[INFO DRT-0024]   Complete M3.
[INFO DRT-0024]   Complete V3.
[INFO DRT-0024]   Complete M4.
[INFO DRT-0024]   Complete V4.
[INFO DRT-0024]   Complete M5.
[INFO DRT-0024]   Complete V5.
[INFO DRT-0024]   Complete M6.
[INFO DRT-0024]   Complete V6.
[INFO DRT-0024]   Complete M7.
[INFO DRT-0024]   Complete V7.
[INFO DRT-0024]   Complete M8.
[INFO DRT-0024]   Complete V8.
[INFO DRT-0024]   Complete M9.
[INFO DRT-0024]   Complete V9.
[INFO DRT-0024]   Complete Pad.
[INFO DRT-0033] Active shape region query size = 0.
[INFO DRT-0033] V0 shape region query size = 0.
[INFO DRT-0033] M1 shape region query size = 527663.
[INFO DRT-0033] V1 shape region query size = 830306.
[INFO DRT-0033] M2 shape region query size = 25563.
[INFO DRT-0033] V2 shape region query size = 15939.
[INFO DRT-0033] M3 shape region query size = 15939.
[INFO DRT-0033] V3 shape region query size = 10626.
[INFO DRT-0033] M4 shape region query size = 10716.
[INFO DRT-0033] V4 shape region query size = 10626.
[INFO DRT-0033] M5 shape region query size = 6016.
[INFO DRT-0033] V5 shape region query size = 1056.
[INFO DRT-0033] M6 shape region query size = 592.
[INFO DRT-0033] V6 shape region query size = 0.
[INFO DRT-0033] M7 shape region query size = 0.
[INFO DRT-0033] V7 shape region query size = 0.
[INFO DRT-0033] M8 shape region query size = 0.
[INFO DRT-0033] V8 shape region query size = 0.
[INFO DRT-0033] M9 shape region query size = 0.
[INFO DRT-0033] V9 shape region query size = 0.
[INFO DRT-0033] Pad shape region query size = 0.
[INFO DRT-0165] Start pin access.
[INFO DRT-0076]   Complete 1000 pins.
[INFO DRT-0078]   Complete 1242 pins.
[INFO DRT-0079]   Complete 100 unique inst patterns.
[INFO DRT-0079]   Complete 200 unique inst patterns.
[INFO DRT-0081]   Complete 225 unique inst patterns.
[INFO DRT-0082]   Complete 10000 groups.
[INFO DRT-0084]   Complete 19641 groups.
#scanned instances     = 32353
#unique  instances     = 225
#stdCellGenAp          = 6445
#stdCellValidPlanarAp  = 76
#stdCellValidViaAp     = 5172
#stdCellPinNoAp        = 0
#stdCellPinCnt         = 99302
#instTermValidViaApCnt = 0
#macroGenAp            = 0
#macroValidPlanarAp    = 0
#macroValidViaAp       = 0
#macroNoAp             = 0
[INFO DRT-0166] Complete pin access.
[INFO DRT-0267] cpu time = 00:10:13, elapsed time = 00:07:06, memory = 335.73 (MB), peak = 352.04 (MB)
Took 428 seconds: pin_access
global_route -congestion_report_file ./reports/asap7/rv32imc_top/p900/congestion.rpt -congestion_iterations 30 -congestion_report_iter_step 5 -verbose -resistance_aware
[INFO GRT-0020] Min routing layer: M2
[INFO GRT-0021] Max routing layer: M7
[INFO GRT-0022] Global adjustment: 0%
[INFO GRT-0023] Grid origin: (0, 0)
[INFO GRT-0088] Layer M1      Track-Pitch = 0.0360  line-2-Via Pitch: 0.0360
[INFO GRT-0088] Layer M2      Track-Pitch = 0.0390  line-2-Via Pitch: 0.0360
[INFO GRT-0088] Layer M3      Track-Pitch = 0.0360  line-2-Via Pitch: 0.0360
[INFO GRT-0088] Layer M4      Track-Pitch = 0.0480  line-2-Via Pitch: 0.0480
[INFO GRT-0088] Layer M5      Track-Pitch = 0.0480  line-2-Via Pitch: 0.0480
[INFO GRT-0088] Layer M6      Track-Pitch = 0.0640  line-2-Via Pitch: 0.0640
[INFO GRT-0088] Layer M7      Track-Pitch = 0.0640  line-2-Via Pitch: 0.0640
[INFO GRT-0003] Macros: 0
[INFO GRT-0004] Blockages: 8967
[INFO GRT-0019] Found 141 clock nets.
[INFO GRT-0001] Minimum degree: 2
[INFO GRT-0002] Maximum degree: 110

[INFO GRT-0053] Routing resources analysis:
          Routing      Original      Derated      Resource
Layer     Direction    Resources     Resources    Reduction (%)
---------------------------------------------------------------
M1         Vertical            0             0          0.00%
M2         Horizontal     295524        212877          27.97%
M3         Vertical       383388        284715          25.74%
M4         Horizontal     293501        217855          25.77%
M5         Vertical       283537        210137          25.89%
M6         Horizontal     198740        134280          32.43%
M7         Vertical       224360        151206          32.61%
---------------------------------------------------------------

[INFO GRT-0197] Via related to pin nodes: 194988
[INFO GRT-0198] Via related Steiner nodes: 4947
[INFO GRT-0199] Via filling finished.
[INFO GRT-0111] Final number of vias: 254653
[INFO GRT-0112] Final usage 3D: 966429

[INFO GRT-0096] Final congestion report:
Layer         Resource        Demand        Usage (%)    Max H / Max V / Total Overflow
---------------------------------------------------------------------------------------
M1                   0             0            0.00%             0 /  0 /  0
M2              212877         69954           32.86%             0 /  0 /  0
M3              284715         86736           30.46%             0 /  0 /  0
M4              217855         21020            9.65%             0 /  0 /  0
M5              210137          8363            3.98%             0 /  0 /  0
M6              134280          7856            5.85%             0 /  0 /  0
M7              151206          8541            5.65%             0 /  0 /  0
---------------------------------------------------------------------------------------
Total          1211070        202470           16.72%             0 /  0 /  0

[INFO GRT-0018] Total wirelength: 160411 um
[INFO GRT-0014] Routed nets: 34259
[INFO GRT-0303] Global routing runtime = 00:00:32
Took 32 seconds: global_route -congestion_report_file ./reports/asap7/rv32imc_top/p900/congestion.rpt -congestion_iterations 30 -congestion_report_iter_step 5 -verbose -resistance_aware
estimate_parasitics -global_routing
Perform buffer insertion and gate resizing...
repair_design -verbose
Iteration |   Area    | Resized | Buffers | Nets repaired | Remaining
---------------------------------------------------------------------
        0 |     +0.0% |       0 |       0 |             0 |     34406
     1000 |     +0.0% |       0 |       0 |             0 |     33406
     2000 |     +0.0% |       0 |       0 |             0 |     32406
     3000 |     +0.0% |       0 |       0 |             0 |     31406
     4000 |     +0.0% |       0 |       0 |             0 |     30406
     5000 |     +0.0% |       0 |       0 |             0 |     29406
     6000 |     +0.0% |       0 |       0 |             0 |     28406
     7000 |     +0.0% |       0 |       0 |             0 |     27406
     8000 |     +0.0% |       0 |       0 |             0 |     26406
     9000 |     +0.0% |       0 |       0 |             0 |     25406
[WARNING RSZ-0104] Net _31198_ only has one pin. Check if it is intended to be dangling.
[WARNING RSZ-0104] Net _31194_ only has one pin. Check if it is intended to be dangling.
[WARNING RSZ-0104] Net _31193_ only has one pin. Check if it is intended to be dangling.
[WARNING RSZ-0104] Net _31170_ only has one pin. Check if it is intended to be dangling.
[WARNING RSZ-0104] Net _31168_ only has one pin. Check if it is intended to be dangling.
[WARNING RSZ-0104] Net _31183_ only has one pin. Check if it is intended to be dangling.
[WARNING RSZ-0104] Net _31173_ only has one pin. Check if it is intended to be dangling.
[WARNING RSZ-0104] Net _31171_ only has one pin. Check if it is intended to be dangling.
[WARNING RSZ-0104] Net _31167_ only has one pin. Check if it is intended to be dangling.
[WARNING RSZ-0104] Net _31165_ only has one pin. Check if it is intended to be dangling.
    10000 |     +0.0% |       0 |       0 |             0 |     24406
[WARNING RSZ-0104] Net _31178_ only has one pin. Check if it is intended to be dangling.
[WARNING RSZ-0104] Net _31169_ only has one pin. Check if it is intended to be dangling.
[WARNING RSZ-0104] Net _31166_ only has one pin. Check if it is intended to be dangling.
[WARNING RSZ-0104] Net _31189_ only has one pin. Check if it is intended to be dangling.
[WARNING RSZ-0104] Net _31187_ only has one pin. Check if it is intended to be dangling.
[WARNING RSZ-0104] Net _31179_ only has one pin. Check if it is intended to be dangling.
[WARNING RSZ-0104] Net _31177_ only has one pin. Check if it is intended to be dangling.
[WARNING RSZ-0104] Net _31175_ only has one pin. Check if it is intended to be dangling.
    11000 |     +0.0% |       0 |       0 |             0 |     23406
[WARNING RSZ-0104] Net _31200_ only has one pin. Check if it is intended to be dangling.
[WARNING RSZ-0104] Net _31192_ only has one pin. Check if it is intended to be dangling.
[WARNING RSZ-0104] Net _31188_ only has one pin. Check if it is intended to be dangling.
[WARNING RSZ-0104] Net _31184_ only has one pin. Check if it is intended to be dangling.
[WARNING RSZ-0104] Net _31182_ only has one pin. Check if it is intended to be dangling.
[WARNING RSZ-0104] Net _31180_ only has one pin. Check if it is intended to be dangling.
[WARNING RSZ-0104] Net _31176_ only has one pin. Check if it is intended to be dangling.
[WARNING RSZ-0104] Net _31174_ only has one pin. Check if it is intended to be dangling.
[WARNING RSZ-0104] Net _31172_ only has one pin. Check if it is intended to be dangling.
    12000 |     +0.0% |       0 |       0 |             0 |     22406
[WARNING RSZ-0104] Net _31191_ only has one pin. Check if it is intended to be dangling.
[WARNING RSZ-0104] Net _31185_ only has one pin. Check if it is intended to be dangling.
[WARNING RSZ-0104] Net _31181_ only has one pin. Check if it is intended to be dangling.
    13000 |     +0.0% |       0 |       0 |             0 |     21406
[WARNING RSZ-0104] Net _31201_ only has one pin. Check if it is intended to be dangling.
[WARNING RSZ-0104] Net _31199_ only has one pin. Check if it is intended to be dangling.
[WARNING RSZ-0104] Net _31195_ only has one pin. Check if it is intended to be dangling.
[WARNING RSZ-0104] Net _31190_ only has one pin. Check if it is intended to be dangling.
[WARNING RSZ-0104] Net _31186_ only has one pin. Check if it is intended to be dangling.
    14000 |     +0.0% |       0 |       0 |             0 |     20406
    15000 |     +0.0% |       0 |       0 |             0 |     19406
    16000 |     +0.0% |       0 |       0 |             0 |     18406
    17000 |     +0.0% |       0 |       0 |             0 |     17406
    18000 |     +0.0% |       0 |       0 |             0 |     16406
    19000 |     +0.0% |       0 |       0 |             0 |     15406
    20000 |     +0.0% |       0 |       0 |             0 |     14406
    21000 |     +0.0% |       0 |       0 |             0 |     13406
    22000 |     +0.0% |       0 |       0 |             0 |     12406
    23000 |     +0.0% |       0 |       0 |             0 |     11406
    24000 |     +0.0% |       0 |       0 |             0 |     10406
    25000 |     +0.0% |       0 |       0 |             0 |      9406
    26000 |     +0.0% |       0 |       0 |             0 |      8406
    27000 |     +0.0% |       0 |       0 |             0 |      7406
    28000 |     +0.0% |       0 |       0 |             0 |      6406
[WARNING RSZ-0104] Net _31197_ only has one pin. Check if it is intended to be dangling.
[WARNING RSZ-0104] Net _31196_ only has one pin. Check if it is intended to be dangling.
[WARNING RSZ-0104] Net _31164_ only has one pin. Check if it is intended to be dangling.
    29000 |     +0.0% |       0 |       0 |             0 |      5406
    30000 |     +0.0% |       0 |       0 |             0 |      4406
    31000 |     +0.0% |       0 |       0 |             0 |      3406
    32000 |     +0.0% |       0 |       0 |             0 |      2406
    33000 |     +0.0% |       0 |       0 |             0 |      1406
    34000 |     +0.0% |       0 |       0 |             0 |       406
    final |     +0.0% |       0 |       0 |             0 |         0
---------------------------------------------------------------------
Took 11 seconds: repair_design -verbose
global_route -start_incremental
detailed_placement
[INFO DPL-0006] Core area: 7521.05 um^2, Instances area: 3600.84 um^2, Utilization: 47.9%
[INFO DPL-0005] Diamond search max displacement: +/- 500 sites horizontally, +/- 100 rows vertically.
[INFO DPL-1101] Legalizing using diamond search.
Movements Summary
---------------------------------------
Total cells:                   31227
Diamond Move Success:          31227 (100.00%)
Diamond Move Failure:              0
Rip-up and replace Success:        0 (  0.00% of diamond failures)
Rip-up and replace Failure:        0
Total Placement Failures:          0
---------------------------------------
Placement Analysis
---------------------------------
total displacement          0.0 u
average displacement        0.0 u
max displacement            0.0 u
original HPWL           95896.7 u
legalized HPWL          95896.7 u
delta HPWL                    0 %

global_route -end_incremental -resistance_aware -congestion_report_file ./reports/asap7/rv32imc_top/p900/congestion_post_repair_design.rpt
Repair setup and hold violations...
estimate_parasitics -global_routing
repair_timing -setup_margin 0 -hold_margin 0 -repair_tns 100 -verbose
[INFO RSZ-0100] Repair move sequence: UnbufferMove SizeUpMove SwapPinsMove BufferMove CloneMove SplitLoadMove 
[INFO RSZ-0094] Found 500 endpoints with setup violations.
[INFO RSZ-0099] Repairing 500 out of 500 (100.00%) violating endpoints...
   Iter   | Removed | Resized | Inserted | Cloned |  Pin  |   Area   |    WNS   |   StTNS    |   EnTNS    |  Viol  |  Worst  
          | Buffers |  Gates  | Buffers  |  Gates | Swaps |          |          |            |            | Endpts | St/EnPt 
------------------------------------------------------------------------------------------------------------------------------
       0* |       0 |       0 |        0 |      0 |     0 |    +0.0% |  -46.221 |    -1672.3 |    -7872.7 |    500 | u_mul.result\[15\]$_DFFE_PN0P_/D
      10* |       0 |       0 |        1 |      0 |     8 |    +0.0% |  -45.510 |    -1602.2 |    -7872.3 |    500 | u_mul.result\[20\]$_DFFE_PN0P_/D
      20* |       0 |       4 |        2 |      0 |    13 |    +0.0% |  -36.736 |    -1608.9 |    -7750.6 |    500 | u_mul.result\[28\]$_DFFE_PN0P_/D
      30* |       1 |       6 |        9 |      0 |    17 |    +0.0% |  -32.907 |    -1391.5 |    -7621.2 |    500 | if_id_instr\[31\]$_DFFE_PN0P_/D
      40* |       1 |       6 |       15 |      0 |    23 |    +0.0% |  -32.237 |    -1257.4 |    -5529.7 |    500 | u_mul.result\[16\]$_DFFE_PN0P_/D
      50* |       1 |       7 |       20 |      0 |    28 |    +0.1% |  -27.266 |    -1159.5 |    -5069.0 |    500 | u_mul.result\[17\]$_DFFE_PN0P_/D
      60* |       1 |       9 |       24 |      0 |    33 |    +0.1% |  -25.909 |    -1043.1 |    -4429.5 |    500 | u_mul.result\[25\]$_DFFE_PN0P_/D
      70* |       1 |      11 |       26 |      0 |    39 |    +0.1% |  -26.265 |    -1060.2 |    -4418.9 |    500 | u_mul.result\[26\]$_DFFE_PN0P_/D
      80* |       1 |      12 |       40 |      0 |    43 |    +0.1% |  -25.672 |    -1016.0 |    -3881.8 |    500 | u_mul.result\[17\]$_DFFE_PN0P_/D
      90* |       1 |      17 |       40 |      0 |    48 |    +0.1% |  -22.851 |     -988.1 |    -3635.4 |    500 | u_mul.result\[20\]$_DFFE_PN0P_/D
     100* |       1 |      19 |       47 |      0 |    52 |    +0.1% |  -21.315 |     -912.4 |    -2441.2 |    500 | u_mul.result\[20\]$_DFFE_PN0P_/D
     110* |       2 |      22 |       49 |      0 |    56 |    +0.1% |  -19.075 |     -786.1 |    -2404.5 |    500 | u_mul.result\[26\]$_DFFE_PN0P_/D
     120* |       2 |      23 |       55 |      1 |    60 |    +0.2% |  -30.700 |     -862.6 |    -6881.1 |    500 | u_div.quot_r\[31\]$_DFFE_PN0P_/D
     130* |       2 |      28 |       60 |      2 |    62 |    +0.2% |  -16.934 |     -636.2 |    -1525.4 |    500 | u_mul.result\[26\]$_DFFE_PN0P_/D
     140* |       2 |      30 |       66 |      2 |    67 |    +0.2% |  -15.635 |     -586.9 |    -1508.0 |    500 | u_mul.result\[29\]$_DFFE_PN0P_/D
     150* |       2 |      33 |       70 |      2 |    73 |    +0.2% |  -14.625 |     -525.7 |    -1480.8 |    500 | u_mul.result\[17\]$_DFFE_PN0P_/D
     160* |       2 |      33 |       75 |      2 |    80 |    +0.2% |  -14.388 |     -508.5 |     -980.7 |    500 | u_mul.result\[29\]$_DFFE_PN0P_/D
     170* |       2 |      36 |       78 |      2 |    84 |    +0.2% |  -13.440 |     -507.0 |     -978.7 |    500 | u_mul.result\[20\]$_DFFE_PN0P_/D
     180* |       2 |      40 |       90 |      2 |    87 |    +0.3% |  -13.056 |     -460.7 |     -966.1 |    500 | u_mul.result\[25\]$_DFFE_PN0P_/D
     190* |       2 |      43 |       92 |      2 |    92 |    +0.3% |  -12.299 |     -433.3 |     -962.5 |    500 | u_mul.result\[20\]$_DFFE_PN0P_/D
     200* |       2 |      47 |       95 |      2 |    96 |    +0.3% |  -16.016 |     -433.3 |     -948.9 |    500 | u_mul.result\[17\]$_DFFE_PN0P_/D
     210* |       2 |      49 |       96 |      3 |   102 |    +0.3% |  -11.385 |     -423.1 |     -936.8 |    500 | u_mul.result\[15\]$_DFFE_PN0P_/D
     220* |       2 |      52 |       99 |      3 |   107 |    +0.3% |  -10.800 |     -392.4 |     -862.4 |    500 | u_mul.result\[20\]$_DFFE_PN0P_/D
     230* |       2 |      55 |      100 |      3 |   113 |    +0.3% |  -11.752 |     -396.7 |     -858.6 |    500 | u_mul.result\[20\]$_DFFE_PN0P_/D
     240* |       2 |      58 |      109 |      3 |   115 |    +0.4% |  -10.678 |     -361.7 |     -683.0 |    500 | u_mul.result\[23\]$_DFFE_PN0P_/D
     250* |       2 |      62 |      112 |      3 |   119 |    +0.4% |  -13.766 |     -336.4 |     -546.6 |    500 | u_mul.result\[17\]$_DFFE_PN0P_/D
     260* |       2 |      65 |      116 |      3 |   122 |    +0.4% |   -9.399 |     -311.6 |     -520.4 |    500 | u_mul.result\[20\]$_DFFE_PN0P_/D
     270* |       2 |      70 |      119 |      3 |   124 |    +0.4% |   -8.532 |     -292.6 |     -409.6 |    500 | u_mul.result\[20\]$_DFFE_PN0P_/D
     280* |       2 |      72 |      129 |      3 |   127 |    +0.4% |   -7.930 |     -239.5 |     -402.5 |    500 | u_mul.result\[31\]$_DFFE_PN0P_/D
     290* |       2 |      74 |      137 |      3 |   131 |    +0.5% |   -7.575 |     -221.4 |     -393.4 |    500 | u_mul.result\[26\]$_DFFE_PN0P_/D
     300* |       2 |      77 |      142 |      3 |   134 |    +0.5% |   -6.914 |     -206.7 |     -359.9 |    500 | u_mul.result\[20\]$_DFFE_PN0P_/D
     310* |       2 |      79 |      145 |      4 |   138 |    +0.5% |   -6.716 |     -194.6 |     -315.4 |    500 | u_mul.result\[17\]$_DFFE_PN0P_/D
     320* |       2 |      80 |      156 |      5 |   141 |    +0.5% |  -12.512 |     -200.9 |     -385.5 |    500 | u_mul.result\[26\]$_DFFE_PN0P_/D
     330* |       2 |      81 |      156 |      5 |   150 |    +0.5% |  -15.767 |     -191.8 |     -391.3 |    500 | u_mul.result\[29\]$_DFFE_PN0P_/D
     340* |       2 |      84 |      158 |      5 |   155 |    +0.5% |   -8.948 |     -170.6 |     -323.3 |    500 | u_mul.result\[20\]$_DFFE_PN0P_/D
     350* |       2 |      86 |      159 |      5 |   162 |    +0.5% |   -8.633 |     -176.4 |     -319.1 |    500 | u_mul.result\[20\]$_DFFE_PN0P_/D
     360* |       2 |      88 |      162 |      5 |   167 |    +0.5% |   -6.565 |     -137.1 |     -308.7 |    500 | u_mul.result\[26\]$_DFFE_PN0P_/D
     370* |       2 |      91 |      164 |      5 |   173 |    +0.6% |   -8.055 |     -123.5 |     -220.6 |    500 | u_mul.result\[31\]$_DFFE_PN0P_/D
     380* |       2 |      95 |      166 |      5 |   177 |    +0.6% |   -6.761 |     -107.6 |     -195.2 |    500 | u_mul.result\[26\]$_DFFE_PN0P_/D
     390* |       2 |      97 |      178 |      5 |   181 |    +0.6% |   -5.023 |      -98.2 |     -154.5 |    500 | u_mul.result\[21\]$_DFFE_PN0P_/D
     390* |       2 |      97 |      178 |      5 |   181 |    +0.6% |   -5.023 |      -98.2 |     -154.5 |    500 | u_mul.result\[21\]$_DFFE_PN0P_/D
     397* |       2 |      98 |      179 |      5 |   184 |    +0.6% |   -5.023 |      -99.3 |     -153.4 |    500 | u_mul.result\[21\]$_DFFE_PN0P_/D
     400* |       2 |      99 |      179 |      5 |   185 |    +0.6% |   -5.159 |      -98.4 |     -153.8 |    500 | u_mul.result\[26\]$_DFFE_PN0P_/D
     401* |       2 |      98 |      179 |      5 |   184 |    +0.6% |   -5.023 |      -99.3 |     -153.4 |    500 | u_mul.result\[21\]$_DFFE_PN0P_/D
     410* |       2 |      98 |      182 |      5 |   190 |    +0.6% |   -5.128 |     -102.3 |     -151.1 |    500 | u_mul.result\[21\]$_DFFE_PN0P_/D
     410* |       2 |      98 |      179 |      5 |   184 |    +0.6% |   -5.023 |      -99.3 |     -153.4 |    500 | u_mul.result\[21\]$_DFFE_PN0P_/D
     420* |       2 |     101 |      180 |      5 |   189 |    +0.6% |   -6.122 |      -96.9 |     -158.7 |    500 | u_mul.result\[26\]$_DFFE_PN0P_/D
     430* |       2 |     102 |      186 |      5 |   195 |    +0.6% |   -5.686 |      -96.6 |     -151.5 |    500 | u_mul.result\[17\]$_DFFE_PN0P_/D
     440* |       2 |     104 |      190 |      5 |   199 |    +0.6% |   -6.086 |      -92.7 |     -158.2 |    500 | u_mul.result\[26\]$_DFFE_PN0P_/D
     450* |       2 |     105 |      206 |      5 |   204 |    +0.7% |   -5.686 |      -84.8 |     -148.6 |    500 | u_mul.result\[17\]$_DFFE_PN0P_/D
     460* |       2 |     106 |      210 |      5 |   209 |    +0.7% |   -5.849 |      -75.2 |     -147.9 |    500 | u_mul.result\[17\]$_DFFE_PN0P_/D
     461* |       2 |      98 |      179 |      5 |   184 |    +0.6% |   -5.023 |      -99.3 |     -153.4 |    500 | u_mul.result\[21\]$_DFFE_PN0P_/D
     470* |       2 |      98 |      185 |      5 |   188 |    +0.6% |   -5.023 |      -99.2 |     -151.6 |    500 | u_mul.result\[21\]$_DFFE_PN0P_/D
     480* |       2 |     104 |      190 |      5 |   190 |    +0.6% |   -5.686 |      -92.4 |     -152.6 |    500 | u_mul.result\[17\]$_DFFE_PN0P_/D
     490* |       2 |     105 |      193 |      5 |   196 |    +0.6% |   -5.686 |      -90.2 |     -152.1 |    500 | u_mul.result\[17\]$_DFFE_PN0P_/D
     500* |       2 |     109 |      206 |      5 |   198 |    +0.7% |   -5.686 |      -79.6 |     -146.9 |    500 | u_mul.result\[17\]$_DFFE_PN0P_/D
     502* |       2 |      99 |      189 |      5 |   188 |    +0.6% |   -5.023 |      -96.2 |     -150.6 |    500 | u_mul.result\[21\]$_DFFE_PN0P_/D
     510* |       2 |     104 |      191 |      5 |   188 |    +0.6% |   -5.686 |      -92.3 |     -152.9 |    500 | u_mul.result\[17\]$_DFFE_PN0P_/D
     517* |       2 |      99 |      189 |      5 |   188 |    +0.6% |   -5.023 |      -96.2 |     -150.6 |    500 | u_mul.result\[21\]$_DFFE_PN0P_/D
     520* |       2 |      99 |      189 |      5 |   190 |    +0.6% |   -5.023 |      -95.5 |     -149.2 |    500 | u_mul.result\[21\]$_DFFE_PN0P_/D
     524* |       2 |     100 |      191 |      5 |   191 |    +0.6% |   -5.023 |      -92.7 |     -142.8 |    500 | u_mul.result\[21\]$_DFFE_PN0P_/D
     525* |       2 |     100 |      191 |      5 |   191 |    +0.6% |   -5.023 |      -92.7 |     -142.8 |    500 | u_mul.result\[21\]$_DFFE_PN0P_/D
     528* |       2 |     100 |      193 |      5 |   192 |    +0.6% |   -5.023 |      -91.6 |     -137.3 |    500 | u_mul.result\[21\]$_DFFE_PN0P_/D
     529* |       2 |     100 |      193 |      5 |   192 |    +0.6% |   -5.023 |      -91.6 |     -137.3 |    500 | u_mul.result\[21\]$_DFFE_PN0P_/D
     530* |       2 |     100 |      193 |      5 |   192 |    +0.6% |   -5.023 |      -91.6 |     -137.3 |    500 | u_mul.result\[21\]$_DFFE_PN0P_/D
     532* |       2 |     100 |      194 |      5 |   192 |    +0.6% |   -5.023 |      -91.6 |     -137.2 |    500 | u_mul.result\[21\]$_DFFE_PN0P_/D
     535* |       2 |     100 |      198 |      5 |   193 |    +0.6% |   -5.023 |      -91.5 |     -134.1 |    500 | u_mul.result\[21\]$_DFFE_PN0P_/D
     536* |       2 |     100 |      198 |      5 |   193 |    +0.6% |   -5.023 |      -91.5 |     -134.1 |    500 | u_mul.result\[21\]$_DFFE_PN0P_/D
     539* |       2 |     100 |      199 |      5 |   194 |    +0.6% |   -5.023 |      -91.4 |     -131.9 |    500 | u_mul.result\[21\]$_DFFE_PN0P_/D
     540* |       2 |     100 |      199 |      5 |   194 |    +0.6% |   -5.023 |      -91.4 |     -131.9 |    500 | u_mul.result\[21\]$_DFFE_PN0P_/D
     550* |       2 |     103 |      201 |      5 |   199 |    +0.7% |   -4.554 |      -82.7 |     -124.5 |    500 | u_div.result\[26\]$_DFFE_PN0P_/D
     551* |       2 |     104 |      201 |      5 |   199 |    +0.7% |   -4.554 |      -82.7 |     -123.7 |    500 | u_div.result\[26\]$_DFFE_PN0P_/D
     552* |       2 |     104 |      201 |      5 |   199 |    +0.7% |   -4.554 |      -82.7 |     -123.7 |    500 | u_div.result\[26\]$_DFFE_PN0P_/D
     555* |       2 |     105 |      201 |      5 |   199 |    +0.7% |   -4.554 |      -82.7 |     -118.9 |    500 | u_div.result\[26\]$_DFFE_PN0P_/D
     556* |       2 |     105 |      201 |      5 |   199 |    +0.7% |   -4.554 |      -82.7 |     -118.9 |    500 | u_div.result\[26\]$_DFFE_PN0P_/D
     557* |       2 |     105 |      201 |      5 |   199 |    +0.7% |   -4.554 |      -82.7 |     -118.9 |    500 | u_div.result\[26\]$_DFFE_PN0P_/D
     560* |       2 |     105 |      203 |      6 |   199 |    +0.7% |  -12.150 |     -177.9 |     -572.5 |    500 | u_div.result\[26\]$_DFFE_PN0P_/D
     560* |       2 |     105 |      201 |      5 |   199 |    +0.7% |   -4.550 |      -82.7 |     -118.7 |    500 | u_div.result\[26\]$_DFFE_PN0P_/D
     563* |       2 |     106 |      202 |      5 |   199 |    +0.7% |   -4.426 |      -76.4 |      -77.5 |    500 | u_mul.result\[26\]$_DFFE_PN0P_/D
     564* |       2 |     106 |      202 |      5 |   199 |    +0.7% |   -4.426 |      -76.4 |      -77.5 |    500 | u_mul.result\[26\]$_DFFE_PN0P_/D
     565* |       2 |     106 |      202 |      5 |   199 |    +0.7% |   -4.426 |      -76.4 |      -77.5 |    500 | u_mul.result\[26\]$_DFFE_PN0P_/D
     570* |       2 |     106 |      204 |      5 |   201 |    +0.7% |   -4.426 |      -74.0 |      -77.8 |    500 | u_mul.result\[26\]$_DFFE_PN0P_/D
     575* |       2 |     109 |      207 |      5 |   201 |    +0.7% |   -4.426 |      -72.9 |      -75.6 |    500 | u_mul.result\[26\]$_DFFE_PN0P_/D
     580* |       2 |     110 |      210 |      5 |   202 |    +0.7% |   -4.426 |      -66.3 |      -27.0 |    500 | u_mul.result\[26\]$_DFFE_PN0P_/D
     580* |       2 |     110 |      210 |      5 |   202 |    +0.7% |   -4.426 |      -66.3 |      -27.0 |    500 | u_mul.result\[26\]$_DFFE_PN0P_/D
     581* |       2 |     110 |      210 |      5 |   202 |    +0.7% |   -4.426 |      -66.3 |      -27.0 |    500 | u_mul.result\[26\]$_DFFE_PN0P_/D
     590* |       2 |     110 |      213 |      5 |   207 |    +0.7% |   -4.426 |      -59.5 |      -21.8 |    500 | u_mul.result\[26\]$_DFFE_PN0P_/D
     600* |       2 |     112 |      215 |      5 |   213 |    +0.7% |   -4.381 |      -58.4 |      -21.6 |    500 | u_mul.result\[26\]$_DFFE_PN0P_/D
     601* |       2 |     113 |      215 |      5 |   213 |    +0.7% |   -4.381 |      -58.3 |      -21.6 |    500 | u_mul.result\[26\]$_DFFE_PN0P_/D
     602* |       2 |     113 |      215 |      5 |   213 |    +0.7% |   -4.381 |      -58.3 |      -21.6 |    500 | u_mul.result\[26\]$_DFFE_PN0P_/D
     603* |       2 |     113 |      215 |      5 |   213 |    +0.7% |   -4.381 |      -58.3 |      -21.6 |    500 | u_mul.result\[26\]$_DFFE_PN0P_/D
     604* |       2 |     113 |      215 |      5 |   213 |    +0.7% |   -4.381 |      -58.3 |      -21.6 |    500 | u_mul.result\[26\]$_DFFE_PN0P_/D
     605* |       2 |     113 |      215 |      5 |   213 |    +0.7% |   -4.381 |      -58.3 |      -21.6 |    500 | u_mul.result\[26\]$_DFFE_PN0P_/D
     606* |       2 |     113 |      215 |      5 |   213 |    +0.7% |   -4.381 |      -58.3 |      -21.6 |    500 | u_mul.result\[26\]$_DFFE_PN0P_/D
     607* |       2 |     113 |      215 |      5 |   213 |    +0.7% |   -4.381 |      -58.3 |      -21.6 |    500 | u_mul.result\[26\]$_DFFE_PN0P_/D
     608* |       2 |     113 |      215 |      5 |   213 |    +0.7% |   -4.381 |      -58.3 |      -21.6 |    500 | u_mul.result\[26\]$_DFFE_PN0P_/D
     609* |       2 |     113 |      215 |      5 |   213 |    +0.7% |   -4.381 |      -58.3 |      -21.6 |    500 | u_mul.result\[26\]$_DFFE_PN0P_/D
     610* |       2 |     113 |      215 |      5 |   213 |    +0.7% |   -4.381 |      -58.3 |      -21.6 |    500 | u_mul.result\[26\]$_DFFE_PN0P_/D
     610* |       2 |     113 |      215 |      5 |   213 |    +0.7% |   -4.381 |      -58.3 |      -21.6 |    500 | u_mul.result\[26\]$_DFFE_PN0P_/D
     611* |       2 |     113 |      215 |      5 |   213 |    +0.7% |   -4.381 |      -58.3 |      -21.6 |    500 | u_mul.result\[26\]$_DFFE_PN0P_/D
     612* |       2 |     113 |      215 |      5 |   213 |    +0.7% |   -4.381 |      -58.3 |      -21.6 |    500 | u_mul.result\[26\]$_DFFE_PN0P_/D
     613* |       2 |     113 |      215 |      5 |   213 |    +0.7% |   -4.381 |      -58.3 |      -21.6 |    500 | u_mul.result\[26\]$_DFFE_PN0P_/D
     614* |       2 |     113 |      215 |      5 |   213 |    +0.7% |   -4.381 |      -58.3 |      -21.6 |    500 | u_mul.result\[26\]$_DFFE_PN0P_/D
     615* |       2 |     113 |      215 |      5 |   213 |    +0.7% |   -4.381 |      -58.3 |      -21.6 |    500 | u_mul.result\[26\]$_DFFE_PN0P_/D
     616* |       2 |     113 |      215 |      5 |   213 |    +0.7% |   -4.381 |      -58.3 |      -21.6 |    500 | u_mul.result\[26\]$_DFFE_PN0P_/D
     617* |       2 |     113 |      215 |      5 |   213 |    +0.7% |   -4.381 |      -58.3 |      -21.6 |    500 | u_mul.result\[26\]$_DFFE_PN0P_/D
     618* |       2 |     113 |      215 |      5 |   213 |    +0.7% |   -4.381 |      -58.3 |      -21.6 |    500 | u_mul.result\[26\]$_DFFE_PN0P_/D
     619* |       2 |     113 |      215 |      5 |   213 |    +0.7% |   -4.381 |      -58.3 |      -21.6 |    500 | u_mul.result\[26\]$_DFFE_PN0P_/D
     620* |       2 |     113 |      215 |      5 |   213 |    +0.7% |   -4.381 |      -58.3 |      -21.6 |    500 | u_mul.result\[26\]$_DFFE_PN0P_/D
     620* |       2 |     113 |      215 |      5 |   213 |    +0.7% |   -4.381 |      -58.3 |      -21.6 |    500 | u_mul.result\[26\]$_DFFE_PN0P_/D
     621* |       2 |     113 |      215 |      5 |   213 |    +0.7% |   -4.381 |      -58.3 |      -21.6 |    500 | u_mul.result\[26\]$_DFFE_PN0P_/D
     622* |       2 |     113 |      215 |      5 |   213 |    +0.7% |   -4.381 |      -58.3 |      -21.6 |    500 | u_mul.result\[26\]$_DFFE_PN0P_/D
     623* |       2 |     113 |      215 |      5 |   213 |    +0.7% |   -4.381 |      -58.3 |      -21.6 |    500 | u_mul.result\[26\]$_DFFE_PN0P_/D
     624* |       2 |     113 |      215 |      5 |   213 |    +0.7% |   -4.381 |      -58.3 |      -21.6 |    500 | u_mul.result\[26\]$_DFFE_PN0P_/D
     625* |       2 |     113 |      215 |      5 |   213 |    +0.7% |   -4.381 |      -58.3 |      -21.6 |    500 | u_mul.result\[26\]$_DFFE_PN0P_/D
     626* |       2 |     113 |      215 |      5 |   213 |    +0.7% |   -4.381 |      -58.3 |      -21.6 |    500 | u_mul.result\[26\]$_DFFE_PN0P_/D
     627* |       2 |     113 |      215 |      5 |   213 |    +0.7% |   -4.381 |      -58.3 |      -21.6 |    500 | u_mul.result\[26\]$_DFFE_PN0P_/D
     628* |       2 |     113 |      215 |      5 |   213 |    +0.7% |   -4.381 |      -58.3 |      -21.6 |    500 | u_mul.result\[26\]$_DFFE_PN0P_/D
     629* |       2 |     113 |      215 |      5 |   213 |    +0.7% |   -4.381 |      -58.3 |      -21.6 |    500 | u_mul.result\[26\]$_DFFE_PN0P_/D
     630* |       2 |     113 |      215 |      5 |   213 |    +0.7% |   -4.381 |      -58.3 |      -21.6 |    500 | u_mul.result\[26\]$_DFFE_PN0P_/D
     630* |       2 |     113 |      215 |      5 |   213 |    +0.7% |   -4.381 |      -58.3 |      -21.6 |    500 | u_mul.result\[26\]$_DFFE_PN0P_/D
     631* |       2 |     113 |      215 |      5 |   213 |    +0.7% |   -4.381 |      -58.3 |      -21.6 |    500 | u_mul.result\[26\]$_DFFE_PN0P_/D
     632* |       2 |     113 |      215 |      5 |   213 |    +0.7% |   -4.381 |      -58.3 |      -21.6 |    500 | u_mul.result\[26\]$_DFFE_PN0P_/D
     633* |       2 |     113 |      215 |      5 |   213 |    +0.7% |   -4.381 |      -58.3 |      -21.6 |    500 | u_mul.result\[26\]$_DFFE_PN0P_/D
     634* |       2 |     113 |      215 |      5 |   213 |    +0.7% |   -4.381 |      -58.3 |      -21.6 |    500 | u_mul.result\[26\]$_DFFE_PN0P_/D
     635* |       2 |     113 |      215 |      5 |   213 |    +0.7% |   -4.381 |      -58.3 |      -21.6 |    500 | u_mul.result\[26\]$_DFFE_PN0P_/D
     636* |       2 |     113 |      215 |      5 |   213 |    +0.7% |   -4.381 |      -58.3 |      -21.6 |    500 | u_mul.result\[26\]$_DFFE_PN0P_/D
     637* |       2 |     113 |      215 |      5 |   213 |    +0.7% |   -4.381 |      -58.3 |      -21.6 |    500 | u_mul.result\[26\]$_DFFE_PN0P_/D
     638* |       2 |     113 |      215 |      5 |   213 |    +0.7% |   -4.381 |      -58.3 |      -21.6 |    500 | u_mul.result\[26\]$_DFFE_PN0P_/D
     639* |       2 |     113 |      215 |      5 |   213 |    +0.7% |   -4.381 |      -58.3 |      -21.6 |    500 | u_mul.result\[26\]$_DFFE_PN0P_/D
     640* |       2 |     113 |      215 |      5 |   213 |    +0.7% |   -4.381 |      -58.3 |      -21.6 |    500 | u_mul.result\[26\]$_DFFE_PN0P_/D
     640* |       2 |     113 |      215 |      5 |   213 |    +0.7% |   -4.381 |      -58.3 |      -21.6 |    500 | u_mul.result\[26\]$_DFFE_PN0P_/D
     641* |       2 |     113 |      215 |      5 |   213 |    +0.7% |   -4.381 |      -58.3 |      -21.6 |    500 | u_mul.result\[26\]$_DFFE_PN0P_/D
     642* |       2 |     113 |      215 |      5 |   213 |    +0.7% |   -4.381 |      -58.3 |      -21.6 |    500 | u_mul.result\[26\]$_DFFE_PN0P_/D
     643* |       2 |     113 |      215 |      5 |   213 |    +0.7% |   -4.381 |      -58.3 |      -21.6 |    500 | u_mul.result\[26\]$_DFFE_PN0P_/D
     644* |       2 |     113 |      215 |      5 |   213 |    +0.7% |   -4.381 |      -58.3 |      -21.6 |    500 | u_mul.result\[26\]$_DFFE_PN0P_/D
     645* |       2 |     113 |      215 |      5 |   213 |    +0.7% |   -4.381 |      -58.3 |      -21.6 |    500 | u_mul.result\[26\]$_DFFE_PN0P_/D
     646* |       2 |     113 |      215 |      5 |   213 |    +0.7% |   -4.381 |      -58.3 |      -21.6 |    500 | u_mul.result\[26\]$_DFFE_PN0P_/D
     647* |       2 |     113 |      215 |      5 |   213 |    +0.7% |   -4.381 |      -58.3 |      -21.6 |    500 | u_mul.result\[26\]$_DFFE_PN0P_/D
     648* |       2 |     113 |      215 |      5 |   213 |    +0.7% |   -4.381 |      -58.3 |      -21.6 |    500 | u_mul.result\[26\]$_DFFE_PN0P_/D
     649* |       2 |     113 |      215 |      5 |   213 |    +0.7% |   -4.381 |      -58.3 |      -21.6 |    500 | u_mul.result\[26\]$_DFFE_PN0P_/D
     650* |       2 |     113 |      215 |      5 |   213 |    +0.7% |   -4.381 |      -58.3 |      -21.6 |    500 | u_mul.result\[26\]$_DFFE_PN0P_/D
     650* |       2 |     113 |      215 |      5 |   213 |    +0.7% |   -4.381 |      -58.3 |      -21.6 |    500 | u_mul.result\[26\]$_DFFE_PN0P_/D
     651* |       2 |     113 |      215 |      5 |   213 |    +0.7% |   -4.381 |      -58.3 |      -21.6 |    500 | u_mul.result\[26\]$_DFFE_PN0P_/D
     652* |       2 |     113 |      215 |      5 |   213 |    +0.7% |   -4.381 |      -58.3 |      -21.6 |    500 | u_mul.result\[26\]$_DFFE_PN0P_/D
     653* |       2 |     113 |      215 |      5 |   213 |    +0.7% |   -4.381 |      -58.3 |      -21.6 |    500 | u_mul.result\[26\]$_DFFE_PN0P_/D
     654* |       2 |     113 |      215 |      5 |   213 |    +0.7% |   -4.381 |      -58.3 |      -21.6 |    500 | u_mul.result\[26\]$_DFFE_PN0P_/D
     655* |       2 |     113 |      215 |      5 |   213 |    +0.7% |   -4.381 |      -58.3 |      -21.6 |    500 | u_mul.result\[26\]$_DFFE_PN0P_/D
     656* |       2 |     113 |      215 |      5 |   213 |    +0.7% |   -4.381 |      -58.3 |      -21.6 |    500 | u_mul.result\[26\]$_DFFE_PN0P_/D
     657* |       2 |     113 |      215 |      5 |   213 |    +0.7% |   -4.381 |      -58.3 |      -21.6 |    500 | u_mul.result\[26\]$_DFFE_PN0P_/D
     658* |       2 |     113 |      215 |      5 |   213 |    +0.7% |   -4.381 |      -58.3 |      -21.6 |    500 | u_mul.result\[26\]$_DFFE_PN0P_/D
     659* |       2 |     113 |      215 |      5 |   213 |    +0.7% |   -4.381 |      -58.3 |      -21.6 |    500 | u_mul.result\[26\]$_DFFE_PN0P_/D
     660* |       2 |     113 |      215 |      5 |   213 |    +0.7% |   -4.381 |      -58.3 |      -21.6 |    500 | u_mul.result\[26\]$_DFFE_PN0P_/D
     660* |       2 |     113 |      215 |      5 |   213 |    +0.7% |   -4.381 |      -58.3 |      -21.6 |    500 | u_mul.result\[26\]$_DFFE_PN0P_/D
     661* |       2 |     113 |      215 |      5 |   213 |    +0.7% |   -4.381 |      -58.3 |      -21.6 |    500 | u_mul.result\[26\]$_DFFE_PN0P_/D
     662* |       2 |     113 |      215 |      5 |   213 |    +0.7% |   -4.381 |      -58.3 |      -21.6 |    500 | u_mul.result\[26\]$_DFFE_PN0P_/D
     663* |       2 |     113 |      215 |      5 |   213 |    +0.7% |   -4.381 |      -58.3 |      -21.6 |    500 | u_mul.result\[26\]$_DFFE_PN0P_/D
     664* |       2 |     113 |      215 |      5 |   213 |    +0.7% |   -4.381 |      -58.3 |      -21.6 |    500 | u_mul.result\[26\]$_DFFE_PN0P_/D
     665* |       2 |     113 |      215 |      5 |   213 |    +0.7% |   -4.381 |      -58.3 |      -21.6 |    500 | u_mul.result\[26\]$_DFFE_PN0P_/D
     666* |       2 |     113 |      215 |      5 |   213 |    +0.7% |   -4.381 |      -58.3 |      -21.6 |    500 | u_mul.result\[26\]$_DFFE_PN0P_/D
     667* |       2 |     113 |      215 |      5 |   213 |    +0.7% |   -4.381 |      -58.3 |      -21.6 |    500 | u_mul.result\[26\]$_DFFE_PN0P_/D
     668* |       2 |     113 |      215 |      5 |   213 |    +0.7% |   -4.381 |      -58.3 |      -21.6 |    500 | u_mul.result\[26\]$_DFFE_PN0P_/D
     669* |       2 |     113 |      215 |      5 |   213 |    +0.7% |   -4.381 |      -58.3 |      -21.6 |    500 | u_mul.result\[26\]$_DFFE_PN0P_/D
     670* |       2 |     113 |      215 |      5 |   213 |    +0.7% |   -4.381 |      -58.3 |      -21.6 |    500 | u_mul.result\[26\]$_DFFE_PN0P_/D
     670* |       2 |     113 |      215 |      5 |   213 |    +0.7% |   -4.381 |      -58.3 |      -21.6 |    500 | u_mul.result\[26\]$_DFFE_PN0P_/D
     671* |       2 |     113 |      215 |      5 |   213 |    +0.7% |   -4.381 |      -58.3 |      -21.6 |    500 | u_mul.result\[26\]$_DFFE_PN0P_/D
     672* |       2 |     113 |      215 |      5 |   213 |    +0.7% |   -4.381 |      -58.3 |      -21.6 |    500 | u_mul.result\[26\]$_DFFE_PN0P_/D
     673* |       2 |     113 |      215 |      5 |   213 |    +0.7% |   -4.381 |      -58.3 |      -21.6 |    500 | u_mul.result\[26\]$_DFFE_PN0P_/D
     674* |       2 |     113 |      215 |      5 |   213 |    +0.7% |   -4.381 |      -58.3 |      -21.6 |    500 | u_mul.result\[26\]$_DFFE_PN0P_/D
     675* |       2 |     113 |      215 |      5 |   213 |    +0.7% |   -4.381 |      -58.3 |      -21.6 |    500 | u_mul.result\[26\]$_DFFE_PN0P_/D
     676* |       2 |     113 |      215 |      5 |   213 |    +0.7% |   -4.381 |      -58.3 |      -21.6 |    500 | u_mul.result\[26\]$_DFFE_PN0P_/D
     677* |       2 |     113 |      215 |      5 |   213 |    +0.7% |   -4.381 |      -58.3 |      -21.6 |    500 | u_mul.result\[26\]$_DFFE_PN0P_/D
     678* |       2 |     113 |      215 |      5 |   213 |    +0.7% |   -4.381 |      -58.3 |      -21.6 |    500 | u_mul.result\[26\]$_DFFE_PN0P_/D
     679* |       2 |     113 |      215 |      5 |   213 |    +0.7% |   -4.381 |      -58.3 |      -21.6 |    500 | u_mul.result\[26\]$_DFFE_PN0P_/D
     680* |       2 |     113 |      215 |      5 |   213 |    +0.7% |   -4.381 |      -58.3 |      -21.6 |    500 | u_mul.result\[26\]$_DFFE_PN0P_/D
     680* |       2 |     113 |      215 |      5 |   213 |    +0.7% |   -4.381 |      -58.3 |      -21.6 |    500 | u_mul.result\[26\]$_DFFE_PN0P_/D
     681* |       2 |     113 |      215 |      5 |   213 |    +0.7% |   -4.381 |      -58.3 |      -21.6 |    500 | u_mul.result\[26\]$_DFFE_PN0P_/D
     682* |       2 |     113 |      215 |      5 |   213 |    +0.7% |   -4.381 |      -58.3 |      -21.6 |    500 | u_mul.result\[26\]$_DFFE_PN0P_/D
     683* |       2 |     113 |      215 |      5 |   213 |    +0.7% |   -4.381 |      -58.3 |      -21.6 |    500 | u_mul.result\[26\]$_DFFE_PN0P_/D
     684* |       2 |     113 |      215 |      5 |   213 |    +0.7% |   -4.381 |      -58.3 |      -21.6 |    500 | u_mul.result\[26\]$_DFFE_PN0P_/D
     685* |       2 |     113 |      215 |      5 |   213 |    +0.7% |   -4.381 |      -58.3 |      -21.6 |    500 | u_mul.result\[26\]$_DFFE_PN0P_/D
     686* |       2 |     113 |      215 |      5 |   213 |    +0.7% |   -4.381 |      -58.3 |      -21.6 |    500 | u_mul.result\[26\]$_DFFE_PN0P_/D
     687* |       2 |     113 |      215 |      5 |   213 |    +0.7% |   -4.381 |      -58.3 |      -21.6 |    500 | u_mul.result\[26\]$_DFFE_PN0P_/D
     688* |       2 |     113 |      215 |      5 |   213 |    +0.7% |   -4.381 |      -58.3 |      -21.6 |    500 | u_mul.result\[26\]$_DFFE_PN0P_/D
     689* |       2 |     113 |      215 |      5 |   213 |    +0.7% |   -4.381 |      -58.3 |      -21.6 |    500 | u_mul.result\[26\]$_DFFE_PN0P_/D
     690* |       2 |     113 |      215 |      5 |   213 |    +0.7% |   -4.381 |      -58.3 |      -21.6 |    500 | u_mul.result\[26\]$_DFFE_PN0P_/D
     690* |       2 |     113 |      215 |      5 |   213 |    +0.7% |   -4.381 |      -58.3 |      -21.6 |    500 | u_mul.result\[26\]$_DFFE_PN0P_/D
     691* |       2 |     113 |      215 |      5 |   213 |    +0.7% |   -4.381 |      -58.3 |      -21.6 |    500 | u_mul.result\[26\]$_DFFE_PN0P_/D
     692* |       2 |     113 |      215 |      5 |   213 |    +0.7% |   -4.381 |      -58.3 |      -21.6 |    500 | u_mul.result\[26\]$_DFFE_PN0P_/D
     693* |       2 |     113 |      215 |      5 |   213 |    +0.7% |   -4.381 |      -58.3 |      -21.6 |    500 | u_mul.result\[26\]$_DFFE_PN0P_/D
     694* |       2 |     113 |      215 |      5 |   213 |    +0.7% |   -4.381 |      -58.3 |      -21.6 |    500 | u_mul.result\[26\]$_DFFE_PN0P_/D
     695* |       2 |     113 |      215 |      5 |   213 |    +0.7% |   -4.381 |      -58.3 |      -21.6 |    500 | u_mul.result\[26\]$_DFFE_PN0P_/D
     696* |       2 |     113 |      215 |      5 |   213 |    +0.7% |   -4.381 |      -58.3 |      -21.6 |    500 | u_mul.result\[26\]$_DFFE_PN0P_/D
     697* |       2 |     113 |      215 |      5 |   213 |    +0.7% |   -4.381 |      -58.3 |      -21.6 |    500 | u_mul.result\[26\]$_DFFE_PN0P_/D
     698* |       2 |     113 |      215 |      5 |   213 |    +0.7% |   -4.381 |      -58.3 |      -21.6 |    500 | u_mul.result\[26\]$_DFFE_PN0P_/D
     699* |       2 |     113 |      215 |      5 |   213 |    +0.7% |   -4.381 |      -58.3 |      -21.6 |    500 | u_mul.result\[26\]$_DFFE_PN0P_/D
     700* |       2 |     113 |      215 |      5 |   213 |    +0.7% |   -4.381 |      -58.3 |      -21.6 |    500 | u_mul.result\[26\]$_DFFE_PN0P_/D
     700* |       2 |     113 |      215 |      5 |   213 |    +0.7% |   -4.381 |      -58.3 |      -21.6 |    500 | u_mul.result\[26\]$_DFFE_PN0P_/D
     701* |       2 |     113 |      215 |      5 |   213 |    +0.7% |   -4.381 |      -58.3 |      -21.6 |    500 | u_mul.result\[26\]$_DFFE_PN0P_/D
     702* |       2 |     113 |      215 |      5 |   213 |    +0.7% |   -4.381 |      -58.3 |      -21.6 |    500 | u_mul.result\[26\]$_DFFE_PN0P_/D
     703* |       2 |     113 |      215 |      5 |   213 |    +0.7% |   -4.381 |      -58.3 |      -21.6 |    500 | u_mul.result\[26\]$_DFFE_PN0P_/D
     704* |       2 |     113 |      215 |      5 |   213 |    +0.7% |   -4.381 |      -58.3 |      -21.6 |    500 | u_mul.result\[26\]$_DFFE_PN0P_/D
     705* |       2 |     113 |      215 |      5 |   213 |    +0.7% |   -4.381 |      -58.3 |      -21.6 |    500 | u_mul.result\[26\]$_DFFE_PN0P_/D
     706* |       2 |     113 |      215 |      5 |   213 |    +0.7% |   -4.381 |      -58.3 |      -21.6 |    500 | u_mul.result\[26\]$_DFFE_PN0P_/D
     707* |       2 |     113 |      215 |      5 |   213 |    +0.7% |   -4.381 |      -58.3 |      -21.6 |    500 | u_mul.result\[26\]$_DFFE_PN0P_/D
     708* |       2 |     113 |      215 |      5 |   213 |    +0.7% |   -4.381 |      -58.3 |      -21.6 |    500 | u_mul.result\[26\]$_DFFE_PN0P_/D
     709* |       2 |     113 |      215 |      5 |   213 |    +0.7% |   -4.381 |      -58.3 |      -21.6 |    500 | u_mul.result\[26\]$_DFFE_PN0P_/D
     710* |       2 |     113 |      215 |      5 |   213 |    +0.7% |   -4.381 |      -58.3 |      -21.6 |    500 | u_mul.result\[26\]$_DFFE_PN0P_/D
     710* |       2 |     113 |      215 |      5 |   213 |    +0.7% |   -4.381 |      -58.3 |      -21.6 |    500 | u_mul.result\[26\]$_DFFE_PN0P_/D
     711* |       2 |     113 |      215 |      5 |   213 |    +0.7% |   -4.381 |      -58.3 |      -21.6 |    500 | u_mul.result\[26\]$_DFFE_PN0P_/D
     712* |       2 |     113 |      215 |      5 |   213 |    +0.7% |   -4.381 |      -58.3 |      -21.6 |    500 | u_mul.result\[26\]$_DFFE_PN0P_/D
     713* |       2 |     113 |      215 |      5 |   213 |    +0.7% |   -4.381 |      -58.3 |      -21.6 |    500 | u_mul.result\[26\]$_DFFE_PN0P_/D
     714* |       2 |     113 |      215 |      5 |   213 |    +0.7% |   -4.381 |      -58.3 |      -21.6 |    500 | u_mul.result\[26\]$_DFFE_PN0P_/D
     715* |       2 |     113 |      215 |      5 |   213 |    +0.7% |   -4.381 |      -58.3 |      -21.6 |    500 | u_mul.result\[26\]$_DFFE_PN0P_/D
     716* |       2 |     113 |      215 |      5 |   213 |    +0.7% |   -4.381 |      -58.3 |      -21.6 |    500 | u_mul.result\[26\]$_DFFE_PN0P_/D
     717* |       2 |     113 |      215 |      5 |   213 |    +0.7% |   -4.381 |      -58.3 |      -21.6 |    500 | u_mul.result\[26\]$_DFFE_PN0P_/D
     718* |       2 |     113 |      215 |      5 |   213 |    +0.7% |   -4.381 |      -58.3 |      -21.6 |    500 | u_mul.result\[26\]$_DFFE_PN0P_/D
     719* |       2 |     113 |      215 |      5 |   213 |    +0.7% |   -4.381 |      -58.3 |      -21.6 |    500 | u_mul.result\[26\]$_DFFE_PN0P_/D
     720* |       2 |     113 |      215 |      5 |   213 |    +0.7% |   -4.381 |      -58.3 |      -21.6 |    500 | u_mul.result\[26\]$_DFFE_PN0P_/D
     720* |       2 |     113 |      215 |      5 |   213 |    +0.7% |   -4.381 |      -58.3 |      -21.6 |    500 | u_mul.result\[26\]$_DFFE_PN0P_/D
     721* |       2 |     113 |      215 |      5 |   213 |    +0.7% |   -4.381 |      -58.3 |      -21.6 |    500 | u_mul.result\[26\]$_DFFE_PN0P_/D
     722* |       2 |     113 |      215 |      5 |   213 |    +0.7% |   -4.381 |      -58.3 |      -21.6 |    500 | u_mul.result\[26\]$_DFFE_PN0P_/D
     723* |       2 |     113 |      215 |      5 |   213 |    +0.7% |   -4.381 |      -58.3 |      -21.6 |    500 | u_mul.result\[26\]$_DFFE_PN0P_/D
     724* |       2 |     113 |      215 |      5 |   213 |    +0.7% |   -4.381 |      -58.3 |      -21.6 |    500 | u_mul.result\[26\]$_DFFE_PN0P_/D
     725* |       2 |     113 |      215 |      5 |   213 |    +0.7% |   -4.381 |      -58.3 |      -21.6 |    500 | u_mul.result\[26\]$_DFFE_PN0P_/D
     726* |       2 |     113 |      215 |      5 |   213 |    +0.7% |   -4.381 |      -58.3 |      -21.6 |    500 | u_mul.result\[26\]$_DFFE_PN0P_/D
     727* |       2 |     113 |      215 |      5 |   213 |    +0.7% |   -4.381 |      -58.3 |      -21.6 |    500 | u_mul.result\[26\]$_DFFE_PN0P_/D
     728* |       2 |     113 |      215 |      5 |   213 |    +0.7% |   -4.381 |      -58.3 |      -21.6 |    500 | u_mul.result\[26\]$_DFFE_PN0P_/D
     729* |       2 |     113 |      215 |      5 |   213 |    +0.7% |   -4.381 |      -58.3 |      -21.6 |    500 | u_mul.result\[26\]$_DFFE_PN0P_/D
     730* |       2 |     113 |      215 |      5 |   213 |    +0.7% |   -4.381 |      -58.3 |      -21.6 |    500 | u_mul.result\[26\]$_DFFE_PN0P_/D
     730* |       2 |     113 |      215 |      5 |   213 |    +0.7% |   -4.381 |      -58.3 |      -21.6 |    500 | u_mul.result\[26\]$_DFFE_PN0P_/D
     731* |       2 |     113 |      215 |      5 |   213 |    +0.7% |   -4.381 |      -58.3 |      -21.6 |    500 | u_mul.result\[26\]$_DFFE_PN0P_/D
     732* |       2 |     113 |      215 |      5 |   213 |    +0.7% |   -4.381 |      -58.3 |      -21.6 |    500 | u_mul.result\[26\]$_DFFE_PN0P_/D
     733* |       2 |     113 |      215 |      5 |   213 |    +0.7% |   -4.381 |      -58.3 |      -21.6 |    500 | u_mul.result\[26\]$_DFFE_PN0P_/D
     734* |       2 |     113 |      215 |      5 |   213 |    +0.7% |   -4.381 |      -58.3 |      -21.6 |    500 | u_mul.result\[26\]$_DFFE_PN0P_/D
     735* |       2 |     113 |      215 |      5 |   213 |    +0.7% |   -4.381 |      -58.3 |      -21.6 |    500 | u_mul.result\[26\]$_DFFE_PN0P_/D
     736* |       2 |     113 |      215 |      5 |   213 |    +0.7% |   -4.381 |      -58.3 |      -21.6 |    500 | u_mul.result\[26\]$_DFFE_PN0P_/D
     737* |       2 |     113 |      215 |      5 |   213 |    +0.7% |   -4.381 |      -58.3 |      -21.6 |    500 | u_mul.result\[26\]$_DFFE_PN0P_/D
     738* |       2 |     113 |      215 |      5 |   213 |    +0.7% |   -4.381 |      -58.3 |      -21.6 |    500 | u_mul.result\[26\]$_DFFE_PN0P_/D
     739* |       2 |     113 |      215 |      5 |   213 |    +0.7% |   -4.381 |      -58.3 |      -21.6 |    500 | u_mul.result\[26\]$_DFFE_PN0P_/D
     740* |       2 |     113 |      215 |      5 |   213 |    +0.7% |   -4.381 |      -58.3 |      -21.6 |    500 | u_mul.result\[26\]$_DFFE_PN0P_/D
     740* |       2 |     113 |      215 |      5 |   213 |    +0.7% |   -4.381 |      -58.3 |      -21.6 |    500 | u_mul.result\[26\]$_DFFE_PN0P_/D
     741* |       2 |     113 |      215 |      5 |   213 |    +0.7% |   -4.381 |      -58.3 |      -21.6 |    500 | u_mul.result\[26\]$_DFFE_PN0P_/D
     742* |       2 |     113 |      215 |      5 |   213 |    +0.7% |   -4.381 |      -58.3 |      -21.6 |    500 | u_mul.result\[26\]$_DFFE_PN0P_/D
     743* |       2 |     113 |      215 |      5 |   213 |    +0.7% |   -4.381 |      -58.3 |      -21.6 |    500 | u_mul.result\[26\]$_DFFE_PN0P_/D
     744* |       2 |     113 |      215 |      5 |   213 |    +0.7% |   -4.381 |      -58.3 |      -21.6 |    500 | u_mul.result\[26\]$_DFFE_PN0P_/D
     745* |       2 |     113 |      215 |      5 |   213 |    +0.7% |   -4.381 |      -58.3 |      -21.6 |    500 | u_mul.result\[26\]$_DFFE_PN0P_/D
     746* |       2 |     113 |      215 |      5 |   213 |    +0.7% |   -4.381 |      -58.3 |      -21.6 |    500 | u_mul.result\[26\]$_DFFE_PN0P_/D
     747* |       2 |     113 |      215 |      5 |   213 |    +0.7% |   -4.381 |      -58.3 |      -21.6 |    500 | u_mul.result\[26\]$_DFFE_PN0P_/D
     748* |       2 |     113 |      215 |      5 |   213 |    +0.7% |   -4.381 |      -58.3 |      -21.6 |    500 | u_mul.result\[26\]$_DFFE_PN0P_/D
     749* |       2 |     113 |      215 |      5 |   213 |    +0.7% |   -4.381 |      -58.3 |      -21.6 |    500 | u_mul.result\[26\]$_DFFE_PN0P_/D
     750* |       2 |     113 |      215 |      5 |   213 |    +0.7% |   -4.381 |      -58.3 |      -21.6 |    500 | u_mul.result\[26\]$_DFFE_PN0P_/D
     750* |       2 |     113 |      215 |      5 |   213 |    +0.7% |   -4.381 |      -58.3 |      -21.6 |    500 | u_mul.result\[26\]$_DFFE_PN0P_/D
     751* |       2 |     113 |      215 |      5 |   213 |    +0.7% |   -4.381 |      -58.3 |      -21.6 |    500 | u_mul.result\[26\]$_DFFE_PN0P_/D
     752* |       2 |     113 |      215 |      5 |   213 |    +0.7% |   -4.381 |      -58.3 |      -21.6 |    500 | u_mul.result\[26\]$_DFFE_PN0P_/D
     753* |       2 |     113 |      215 |      5 |   213 |    +0.7% |   -4.381 |      -58.3 |      -21.6 |    500 | u_mul.result\[26\]$_DFFE_PN0P_/D
     754* |       2 |     113 |      215 |      5 |   213 |    +0.7% |   -4.381 |      -58.3 |      -21.6 |    500 | u_mul.result\[26\]$_DFFE_PN0P_/D
     755* |       2 |     113 |      215 |      5 |   213 |    +0.7% |   -4.381 |      -58.3 |      -21.6 |    500 | u_mul.result\[26\]$_DFFE_PN0P_/D
     756* |       2 |     113 |      215 |      5 |   213 |    +0.7% |   -4.381 |      -58.3 |      -21.6 |    500 | u_mul.result\[26\]$_DFFE_PN0P_/D
     757* |       2 |     113 |      215 |      5 |   213 |    +0.7% |   -4.381 |      -58.3 |      -21.6 |    500 | u_mul.result\[26\]$_DFFE_PN0P_/D
     758* |       2 |     113 |      215 |      5 |   213 |    +0.7% |   -4.381 |      -58.3 |      -21.6 |    500 | u_mul.result\[26\]$_DFFE_PN0P_/D
     759* |       2 |     113 |      215 |      5 |   213 |    +0.7% |   -4.381 |      -58.3 |      -21.6 |    500 | u_mul.result\[26\]$_DFFE_PN0P_/D
     760* |       2 |     113 |      215 |      5 |   213 |    +0.7% |   -4.381 |      -58.3 |      -21.6 |    500 | u_mul.result\[26\]$_DFFE_PN0P_/D
     760* |       2 |     113 |      215 |      5 |   213 |    +0.7% |   -4.381 |      -58.3 |      -21.6 |    500 | u_mul.result\[26\]$_DFFE_PN0P_/D
     761* |       2 |     113 |      215 |      5 |   213 |    +0.7% |   -4.381 |      -58.3 |      -21.6 |    500 | u_mul.result\[26\]$_DFFE_PN0P_/D
     762* |       2 |     113 |      215 |      5 |   213 |    +0.7% |   -4.381 |      -58.3 |      -21.6 |    500 | u_mul.result\[26\]$_DFFE_PN0P_/D
     763* |       2 |     113 |      215 |      5 |   213 |    +0.7% |   -4.381 |      -58.3 |      -21.6 |    500 | u_mul.result\[26\]$_DFFE_PN0P_/D
     764* |       2 |     113 |      215 |      5 |   213 |    +0.7% |   -4.381 |      -58.3 |      -21.6 |    500 | u_mul.result\[26\]$_DFFE_PN0P_/D
     765* |       2 |     113 |      215 |      5 |   213 |    +0.7% |   -4.381 |      -58.3 |      -21.6 |    500 | u_mul.result\[26\]$_DFFE_PN0P_/D
     766* |       2 |     113 |      215 |      5 |   213 |    +0.7% |   -4.381 |      -58.3 |      -21.6 |    500 | u_mul.result\[26\]$_DFFE_PN0P_/D
     767* |       2 |     113 |      215 |      5 |   213 |    +0.7% |   -4.381 |      -58.3 |      -21.6 |    500 | u_mul.result\[26\]$_DFFE_PN0P_/D
     768* |       2 |     113 |      215 |      5 |   213 |    +0.7% |   -4.381 |      -58.3 |      -21.6 |    500 | u_mul.result\[26\]$_DFFE_PN0P_/D
     769* |       2 |     113 |      215 |      5 |   213 |    +0.7% |   -4.381 |      -58.3 |      -21.6 |    500 | u_mul.result\[26\]$_DFFE_PN0P_/D
     770* |       2 |     113 |      215 |      5 |   213 |    +0.7% |   -4.381 |      -58.3 |      -21.6 |    500 | u_mul.result\[26\]$_DFFE_PN0P_/D
     770* |       2 |     113 |      215 |      5 |   213 |    +0.7% |   -4.381 |      -58.3 |      -21.6 |    500 | u_mul.result\[26\]$_DFFE_PN0P_/D
     771* |       2 |     113 |      215 |      5 |   213 |    +0.7% |   -4.381 |      -58.3 |      -21.6 |    500 | u_mul.result\[26\]$_DFFE_PN0P_/D
     772* |       2 |     113 |      215 |      5 |   213 |    +0.7% |   -4.381 |      -58.3 |      -21.6 |    500 | u_mul.result\[26\]$_DFFE_PN0P_/D
     773* |       2 |     113 |      215 |      5 |   213 |    +0.7% |   -4.381 |      -58.3 |      -21.6 |    500 | u_mul.result\[26\]$_DFFE_PN0P_/D
     774* |       2 |     113 |      215 |      5 |   213 |    +0.7% |   -4.381 |      -58.3 |      -21.6 |    500 | u_mul.result\[26\]$_DFFE_PN0P_/D
     775* |       2 |     113 |      215 |      5 |   213 |    +0.7% |   -4.381 |      -58.3 |      -21.6 |    500 | u_mul.result\[26\]$_DFFE_PN0P_/D
     776* |       2 |     113 |      215 |      5 |   213 |    +0.7% |   -4.381 |      -58.3 |      -21.6 |    500 | u_mul.result\[26\]$_DFFE_PN0P_/D
     777* |       2 |     113 |      215 |      5 |   213 |    +0.7% |   -4.381 |      -58.3 |      -21.6 |    500 | u_mul.result\[26\]$_DFFE_PN0P_/D
     778* |       2 |     113 |      215 |      5 |   213 |    +0.7% |   -4.381 |      -58.3 |      -21.6 |    500 | u_mul.result\[26\]$_DFFE_PN0P_/D
     779* |       2 |     113 |      215 |      5 |   213 |    +0.7% |   -4.381 |      -58.3 |      -21.6 |    500 | u_mul.result\[26\]$_DFFE_PN0P_/D
     780* |       2 |     113 |      215 |      5 |   213 |    +0.7% |   -4.381 |      -58.3 |      -21.6 |    500 | u_mul.result\[26\]$_DFFE_PN0P_/D
     780* |       2 |     113 |      215 |      5 |   213 |    +0.7% |   -4.381 |      -58.3 |      -21.6 |    500 | u_mul.result\[26\]$_DFFE_PN0P_/D
     781* |       2 |     113 |      215 |      5 |   213 |    +0.7% |   -4.381 |      -58.3 |      -21.6 |    500 | u_mul.result\[26\]$_DFFE_PN0P_/D
     782* |       2 |     113 |      215 |      5 |   213 |    +0.7% |   -4.381 |      -58.3 |      -21.6 |    500 | u_mul.result\[26\]$_DFFE_PN0P_/D
     783* |       2 |     113 |      215 |      5 |   213 |    +0.7% |   -4.381 |      -58.3 |      -21.6 |    500 | u_mul.result\[26\]$_DFFE_PN0P_/D
     784* |       2 |     113 |      215 |      5 |   213 |    +0.7% |   -4.381 |      -58.3 |      -21.6 |    500 | u_mul.result\[26\]$_DFFE_PN0P_/D
     785* |       2 |     113 |      215 |      5 |   213 |    +0.7% |   -4.381 |      -58.3 |      -21.6 |    500 | u_mul.result\[26\]$_DFFE_PN0P_/D
     786* |       2 |     113 |      215 |      5 |   213 |    +0.7% |   -4.381 |      -58.3 |      -21.6 |    500 | u_mul.result\[26\]$_DFFE_PN0P_/D
     787* |       2 |     113 |      215 |      5 |   213 |    +0.7% |   -4.381 |      -58.3 |      -21.6 |    500 | u_mul.result\[26\]$_DFFE_PN0P_/D
     788* |       2 |     113 |      215 |      5 |   213 |    +0.7% |   -4.381 |      -58.3 |      -21.6 |    500 | u_mul.result\[26\]$_DFFE_PN0P_/D
     789* |       2 |     113 |      215 |      5 |   213 |    +0.7% |   -4.381 |      -58.3 |      -21.6 |    500 | u_mul.result\[26\]$_DFFE_PN0P_/D
     790* |       2 |     113 |      215 |      5 |   213 |    +0.7% |   -4.381 |      -58.3 |      -21.6 |    500 | u_mul.result\[26\]$_DFFE_PN0P_/D
     790* |       2 |     113 |      215 |      5 |   213 |    +0.7% |   -4.381 |      -58.3 |      -21.6 |    500 | u_mul.result\[26\]$_DFFE_PN0P_/D
     791* |       2 |     113 |      215 |      5 |   213 |    +0.7% |   -4.381 |      -58.3 |      -21.6 |    500 | u_mul.result\[26\]$_DFFE_PN0P_/D
     792* |       2 |     113 |      215 |      5 |   213 |    +0.7% |   -4.381 |      -58.3 |      -21.6 |    500 | u_mul.result\[26\]$_DFFE_PN0P_/D
     793* |       2 |     113 |      215 |      5 |   213 |    +0.7% |   -4.381 |      -58.3 |      -21.6 |    500 | u_mul.result\[26\]$_DFFE_PN0P_/D
     794* |       2 |     113 |      215 |      5 |   213 |    +0.7% |   -4.381 |      -58.3 |      -21.6 |    500 | u_mul.result\[26\]$_DFFE_PN0P_/D
     795* |       2 |     113 |      215 |      5 |   213 |    +0.7% |   -4.381 |      -58.3 |      -21.6 |    500 | u_mul.result\[26\]$_DFFE_PN0P_/D
     796* |       2 |     113 |      215 |      5 |   213 |    +0.7% |   -4.381 |      -58.3 |      -21.6 |    500 | u_mul.result\[26\]$_DFFE_PN0P_/D
     797* |       2 |     113 |      215 |      5 |   213 |    +0.7% |   -4.381 |      -58.3 |      -21.6 |    500 | u_mul.result\[26\]$_DFFE_PN0P_/D
     798* |       2 |     113 |      215 |      5 |   213 |    +0.7% |   -4.381 |      -58.3 |      -21.6 |    500 | u_mul.result\[26\]$_DFFE_PN0P_/D
     799* |       2 |     113 |      215 |      5 |   213 |    +0.7% |   -4.381 |      -58.3 |      -21.6 |    500 | u_mul.result\[26\]$_DFFE_PN0P_/D
     800* |       2 |     113 |      215 |      5 |   213 |    +0.7% |   -4.381 |      -58.3 |      -21.6 |    500 | u_mul.result\[26\]$_DFFE_PN0P_/D
     800* |       2 |     113 |      215 |      5 |   213 |    +0.7% |   -4.381 |      -58.3 |      -21.6 |    500 | u_mul.result\[26\]$_DFFE_PN0P_/D
     801* |       2 |     113 |      215 |      5 |   213 |    +0.7% |   -4.381 |      -58.3 |      -21.6 |    500 | u_mul.result\[26\]$_DFFE_PN0P_/D
     802* |       2 |     113 |      215 |      5 |   213 |    +0.7% |   -4.381 |      -58.3 |      -21.6 |    500 | u_mul.result\[26\]$_DFFE_PN0P_/D
     803* |       2 |     113 |      215 |      5 |   213 |    +0.7% |   -4.381 |      -58.3 |      -21.6 |    500 | u_mul.result\[26\]$_DFFE_PN0P_/D
     804* |       2 |     113 |      215 |      5 |   213 |    +0.7% |   -4.381 |      -58.3 |      -21.6 |    500 | u_mul.result\[26\]$_DFFE_PN0P_/D
     805* |       2 |     113 |      215 |      5 |   213 |    +0.7% |   -4.381 |      -58.3 |      -21.6 |    500 | u_mul.result\[26\]$_DFFE_PN0P_/D
     806* |       2 |     113 |      215 |      5 |   213 |    +0.7% |   -4.381 |      -58.3 |      -21.6 |    500 | u_mul.result\[26\]$_DFFE_PN0P_/D
     807* |       2 |     113 |      215 |      5 |   213 |    +0.7% |   -4.381 |      -58.3 |      -21.6 |    500 | u_mul.result\[26\]$_DFFE_PN0P_/D
     808* |       2 |     113 |      215 |      5 |   213 |    +0.7% |   -4.381 |      -58.3 |      -21.6 |    500 | u_mul.result\[26\]$_DFFE_PN0P_/D
     809* |       2 |     113 |      215 |      5 |   213 |    +0.7% |   -4.381 |      -58.3 |      -21.6 |    500 | u_mul.result\[26\]$_DFFE_PN0P_/D
     810* |       2 |     113 |      215 |      5 |   213 |    +0.7% |   -4.381 |      -58.3 |      -21.6 |    500 | u_mul.result\[26\]$_DFFE_PN0P_/D
     810* |       2 |     113 |      215 |      5 |   213 |    +0.7% |   -4.381 |      -58.3 |      -21.6 |    500 | u_mul.result\[26\]$_DFFE_PN0P_/D
     811* |       2 |     113 |      215 |      5 |   213 |    +0.7% |   -4.381 |      -58.3 |      -21.6 |    500 | u_mul.result\[26\]$_DFFE_PN0P_/D
     812* |       2 |     113 |      215 |      5 |   213 |    +0.7% |   -4.381 |      -58.3 |      -21.6 |    500 | u_mul.result\[26\]$_DFFE_PN0P_/D
     813* |       2 |     113 |      215 |      5 |   213 |    +0.7% |   -4.381 |      -58.3 |      -21.6 |    500 | u_mul.result\[26\]$_DFFE_PN0P_/D
     814* |       2 |     113 |      215 |      5 |   213 |    +0.7% |   -4.381 |      -58.3 |      -21.6 |    500 | u_mul.result\[26\]$_DFFE_PN0P_/D
     815* |       2 |     113 |      215 |      5 |   213 |    +0.7% |   -4.381 |      -58.3 |      -21.6 |    500 | u_mul.result\[26\]$_DFFE_PN0P_/D
     816* |       2 |     113 |      215 |      5 |   213 |    +0.7% |   -4.381 |      -58.3 |      -21.6 |    500 | u_mul.result\[26\]$_DFFE_PN0P_/D
     817* |       2 |     113 |      215 |      5 |   213 |    +0.7% |   -4.381 |      -58.3 |      -21.6 |    500 | u_mul.result\[26\]$_DFFE_PN0P_/D
     818* |       2 |     113 |      215 |      5 |   213 |    +0.7% |   -4.381 |      -58.3 |      -21.6 |    500 | u_mul.result\[26\]$_DFFE_PN0P_/D
     819* |       2 |     113 |      215 |      5 |   213 |    +0.7% |   -4.381 |      -58.3 |      -21.6 |    500 | u_mul.result\[26\]$_DFFE_PN0P_/D
     820* |       2 |     113 |      215 |      5 |   213 |    +0.7% |   -4.381 |      -58.3 |      -21.6 |    500 | u_mul.result\[26\]$_DFFE_PN0P_/D
     820* |       2 |     113 |      215 |      5 |   213 |    +0.7% |   -4.381 |      -58.3 |      -21.6 |    500 | u_mul.result\[26\]$_DFFE_PN0P_/D
     821* |       2 |     113 |      215 |      5 |   213 |    +0.7% |   -4.381 |      -58.3 |      -21.6 |    500 | u_mul.result\[26\]$_DFFE_PN0P_/D
     822* |       2 |     113 |      215 |      5 |   213 |    +0.7% |   -4.381 |      -58.3 |      -21.6 |    500 | u_mul.result\[26\]$_DFFE_PN0P_/D
     823* |       2 |     113 |      215 |      5 |   213 |    +0.7% |   -4.381 |      -58.3 |      -21.6 |    500 | u_mul.result\[26\]$_DFFE_PN0P_/D
     824* |       2 |     113 |      215 |      5 |   213 |    +0.7% |   -4.381 |      -58.3 |      -21.6 |    500 | u_mul.result\[26\]$_DFFE_PN0P_/D
     825* |       2 |     113 |      215 |      5 |   213 |    +0.7% |   -4.381 |      -58.3 |      -21.6 |    500 | u_mul.result\[26\]$_DFFE_PN0P_/D
     826* |       2 |     113 |      215 |      5 |   213 |    +0.7% |   -4.381 |      -58.3 |      -21.6 |    500 | u_mul.result\[26\]$_DFFE_PN0P_/D
     827* |       2 |     113 |      215 |      5 |   213 |    +0.7% |   -4.381 |      -58.3 |      -21.6 |    500 | u_mul.result\[26\]$_DFFE_PN0P_/D
     828* |       2 |     113 |      215 |      5 |   213 |    +0.7% |   -4.381 |      -58.3 |      -21.6 |    500 | u_mul.result\[26\]$_DFFE_PN0P_/D
     829* |       2 |     113 |      215 |      5 |   213 |    +0.7% |   -4.381 |      -58.3 |      -21.6 |    500 | u_mul.result\[26\]$_DFFE_PN0P_/D
     830* |       2 |     113 |      215 |      5 |   213 |    +0.7% |   -4.381 |      -58.3 |      -21.6 |    500 | u_mul.result\[26\]$_DFFE_PN0P_/D
     830* |       2 |     113 |      215 |      5 |   213 |    +0.7% |   -4.381 |      -58.3 |      -21.6 |    500 | u_mul.result\[26\]$_DFFE_PN0P_/D
     831* |       2 |     113 |      215 |      5 |   213 |    +0.7% |   -4.381 |      -58.3 |      -21.6 |    500 | u_mul.result\[26\]$_DFFE_PN0P_/D
     832* |       2 |     113 |      215 |      5 |   213 |    +0.7% |   -4.381 |      -58.3 |      -21.6 |    500 | u_mul.result\[26\]$_DFFE_PN0P_/D
     833* |       2 |     113 |      215 |      5 |   213 |    +0.7% |   -4.381 |      -58.3 |      -21.6 |    500 | u_mul.result\[26\]$_DFFE_PN0P_/D
     834* |       2 |     113 |      215 |      5 |   213 |    +0.7% |   -4.381 |      -58.3 |      -21.6 |    500 | u_mul.result\[26\]$_DFFE_PN0P_/D
     835* |       2 |     113 |      215 |      5 |   213 |    +0.7% |   -4.381 |      -58.3 |      -21.6 |    500 | u_mul.result\[26\]$_DFFE_PN0P_/D
     836* |       2 |     113 |      215 |      5 |   213 |    +0.7% |   -4.381 |      -58.3 |      -21.6 |    500 | u_mul.result\[26\]$_DFFE_PN0P_/D
     837* |       2 |     113 |      215 |      5 |   213 |    +0.7% |   -4.381 |      -58.3 |      -21.6 |    500 | u_mul.result\[26\]$_DFFE_PN0P_/D
     838* |       2 |     113 |      215 |      5 |   213 |    +0.7% |   -4.381 |      -58.3 |      -21.6 |    500 | u_mul.result\[26\]$_DFFE_PN0P_/D
     839* |       2 |     113 |      215 |      5 |   213 |    +0.7% |   -4.381 |      -58.3 |      -21.6 |    500 | u_mul.result\[26\]$_DFFE_PN0P_/D
     840* |       2 |     113 |      215 |      5 |   213 |    +0.7% |   -4.381 |      -58.3 |      -21.6 |    500 | u_mul.result\[26\]$_DFFE_PN0P_/D
     840* |       2 |     113 |      215 |      5 |   213 |    +0.7% |   -4.381 |      -58.3 |      -21.6 |    500 | u_mul.result\[26\]$_DFFE_PN0P_/D
     841* |       2 |     113 |      215 |      5 |   213 |    +0.7% |   -4.381 |      -58.3 |      -21.6 |    500 | u_mul.result\[26\]$_DFFE_PN0P_/D
     842* |       2 |     113 |      215 |      5 |   213 |    +0.7% |   -4.381 |      -58.3 |      -21.6 |    500 | u_mul.result\[26\]$_DFFE_PN0P_/D
     843* |       2 |     113 |      215 |      5 |   213 |    +0.7% |   -4.381 |      -58.3 |      -21.6 |    500 | u_mul.result\[26\]$_DFFE_PN0P_/D
     844* |       2 |     113 |      215 |      5 |   213 |    +0.7% |   -4.381 |      -58.3 |      -21.6 |    500 | u_mul.result\[26\]$_DFFE_PN0P_/D
     845* |       2 |     113 |      215 |      5 |   213 |    +0.7% |   -4.381 |      -58.3 |      -21.6 |    500 | u_mul.result\[26\]$_DFFE_PN0P_/D
     846* |       2 |     113 |      215 |      5 |   213 |    +0.7% |   -4.381 |      -58.3 |      -21.6 |    500 | u_mul.result\[26\]$_DFFE_PN0P_/D
     847* |       2 |     113 |      215 |      5 |   213 |    +0.7% |   -4.381 |      -58.3 |      -21.6 |    500 | u_mul.result\[26\]$_DFFE_PN0P_/D
     848* |       2 |     113 |      215 |      5 |   213 |    +0.7% |   -4.381 |      -58.3 |      -21.6 |    500 | u_mul.result\[26\]$_DFFE_PN0P_/D
     849* |       2 |     113 |      215 |      5 |   213 |    +0.7% |   -4.381 |      -58.3 |      -21.6 |    500 | u_mul.result\[26\]$_DFFE_PN0P_/D
     850* |       2 |     113 |      215 |      5 |   213 |    +0.7% |   -4.381 |      -58.3 |      -21.6 |    500 | u_mul.result\[26\]$_DFFE_PN0P_/D
     850* |       2 |     113 |      215 |      5 |   213 |    +0.7% |   -4.381 |      -58.3 |      -21.6 |    500 | u_mul.result\[26\]$_DFFE_PN0P_/D
     851* |       2 |     113 |      215 |      5 |   213 |    +0.7% |   -4.381 |      -58.3 |      -21.6 |    500 | u_mul.result\[26\]$_DFFE_PN0P_/D
     852* |       2 |     113 |      215 |      5 |   213 |    +0.7% |   -4.381 |      -58.3 |      -21.6 |    500 | u_mul.result\[26\]$_DFFE_PN0P_/D
     853* |       2 |     113 |      215 |      5 |   213 |    +0.7% |   -4.381 |      -58.3 |      -21.6 |    500 | u_mul.result\[26\]$_DFFE_PN0P_/D
     854* |       2 |     113 |      215 |      5 |   213 |    +0.7% |   -4.381 |      -58.3 |      -21.6 |    500 | u_mul.result\[26\]$_DFFE_PN0P_/D
     855* |       2 |     113 |      215 |      5 |   213 |    +0.7% |   -4.381 |      -58.3 |      -21.6 |    500 | u_mul.result\[26\]$_DFFE_PN0P_/D
     856* |       2 |     113 |      215 |      5 |   213 |    +0.7% |   -4.381 |      -58.3 |      -21.6 |    500 | u_mul.result\[26\]$_DFFE_PN0P_/D
     857* |       2 |     113 |      215 |      5 |   213 |    +0.7% |   -4.381 |      -58.3 |      -21.6 |    500 | u_mul.result\[26\]$_DFFE_PN0P_/D
     858* |       2 |     113 |      215 |      5 |   213 |    +0.7% |   -4.381 |      -58.3 |      -21.6 |    500 | u_mul.result\[26\]$_DFFE_PN0P_/D
     859* |       2 |     113 |      215 |      5 |   213 |    +0.7% |   -4.381 |      -58.3 |      -21.6 |    500 | u_mul.result\[26\]$_DFFE_PN0P_/D
     860* |       2 |     113 |      215 |      5 |   213 |    +0.7% |   -4.381 |      -58.3 |      -21.6 |    500 | u_mul.result\[26\]$_DFFE_PN0P_/D
     860* |       2 |     113 |      215 |      5 |   213 |    +0.7% |   -4.381 |      -58.3 |      -21.6 |    500 | u_mul.result\[26\]$_DFFE_PN0P_/D
     861* |       2 |     113 |      215 |      5 |   213 |    +0.7% |   -4.381 |      -58.3 |      -21.6 |    500 | u_mul.result\[26\]$_DFFE_PN0P_/D
     862* |       2 |     113 |      215 |      5 |   213 |    +0.7% |   -4.381 |      -58.3 |      -21.6 |    500 | u_mul.result\[26\]$_DFFE_PN0P_/D
     863* |       2 |     113 |      215 |      5 |   213 |    +0.7% |   -4.381 |      -58.3 |      -21.6 |    500 | u_mul.result\[26\]$_DFFE_PN0P_/D
     864* |       2 |     113 |      215 |      5 |   213 |    +0.7% |   -4.381 |      -58.3 |      -21.6 |    500 | u_mul.result\[26\]$_DFFE_PN0P_/D
     865* |       2 |     113 |      215 |      5 |   213 |    +0.7% |   -4.381 |      -58.3 |      -21.6 |    500 | u_mul.result\[26\]$_DFFE_PN0P_/D
     866* |       2 |     113 |      215 |      5 |   213 |    +0.7% |   -4.381 |      -58.3 |      -21.6 |    500 | u_mul.result\[26\]$_DFFE_PN0P_/D
     867* |       2 |     113 |      215 |      5 |   213 |    +0.7% |   -4.381 |      -58.3 |      -21.6 |    500 | u_mul.result\[26\]$_DFFE_PN0P_/D
     868* |       2 |     113 |      215 |      5 |   213 |    +0.7% |   -4.381 |      -58.3 |      -21.6 |    500 | u_mul.result\[26\]$_DFFE_PN0P_/D
     869* |       2 |     113 |      215 |      5 |   213 |    +0.7% |   -4.381 |      -58.3 |      -21.6 |    500 | u_mul.result\[26\]$_DFFE_PN0P_/D
     870* |       2 |     113 |      215 |      5 |   213 |    +0.7% |   -4.381 |      -58.3 |      -21.6 |    500 | u_mul.result\[26\]$_DFFE_PN0P_/D
     870* |       2 |     113 |      215 |      5 |   213 |    +0.7% |   -4.381 |      -58.3 |      -21.6 |    500 | u_mul.result\[26\]$_DFFE_PN0P_/D
     871* |       2 |     113 |      215 |      5 |   213 |    +0.7% |   -4.381 |      -58.3 |      -21.6 |    500 | u_mul.result\[26\]$_DFFE_PN0P_/D
     872* |       2 |     113 |      215 |      5 |   213 |    +0.7% |   -4.381 |      -58.3 |      -21.6 |    500 | u_mul.result\[26\]$_DFFE_PN0P_/D
     873* |       2 |     113 |      215 |      5 |   213 |    +0.7% |   -4.381 |      -58.3 |      -21.6 |    500 | u_mul.result\[26\]$_DFFE_PN0P_/D
     874* |       2 |     113 |      215 |      5 |   213 |    +0.7% |   -4.381 |      -58.3 |      -21.6 |    500 | u_mul.result\[26\]$_DFFE_PN0P_/D
     875* |       2 |     113 |      215 |      5 |   213 |    +0.7% |   -4.381 |      -58.3 |      -21.6 |    500 | u_mul.result\[26\]$_DFFE_PN0P_/D
     876* |       2 |     113 |      215 |      5 |   213 |    +0.7% |   -4.381 |      -58.3 |      -21.6 |    500 | u_mul.result\[26\]$_DFFE_PN0P_/D
     877* |       2 |     113 |      215 |      5 |   213 |    +0.7% |   -4.381 |      -58.3 |      -21.6 |    500 | u_mul.result\[26\]$_DFFE_PN0P_/D
     878* |       2 |     113 |      215 |      5 |   213 |    +0.7% |   -4.381 |      -58.3 |      -21.6 |    500 | u_mul.result\[26\]$_DFFE_PN0P_/D
     879* |       2 |     113 |      215 |      5 |   213 |    +0.7% |   -4.381 |      -58.3 |      -21.6 |    500 | u_mul.result\[26\]$_DFFE_PN0P_/D
     880* |       2 |     113 |      215 |      5 |   213 |    +0.7% |   -4.381 |      -58.3 |      -21.6 |    500 | u_mul.result\[26\]$_DFFE_PN0P_/D
     880* |       2 |     113 |      215 |      5 |   213 |    +0.7% |   -4.381 |      -58.3 |      -21.6 |    500 | u_mul.result\[26\]$_DFFE_PN0P_/D
     881* |       2 |     113 |      215 |      5 |   213 |    +0.7% |   -4.381 |      -58.3 |      -21.6 |    500 | u_mul.result\[26\]$_DFFE_PN0P_/D
     882* |       2 |     113 |      215 |      5 |   213 |    +0.7% |   -4.381 |      -58.3 |      -21.6 |    500 | u_mul.result\[26\]$_DFFE_PN0P_/D
     883* |       2 |     113 |      215 |      5 |   213 |    +0.7% |   -4.381 |      -58.3 |      -21.6 |    500 | u_mul.result\[26\]$_DFFE_PN0P_/D
     884* |       2 |     113 |      215 |      5 |   213 |    +0.7% |   -4.381 |      -58.3 |      -21.6 |    500 | u_mul.result\[26\]$_DFFE_PN0P_/D
     885* |       2 |     113 |      215 |      5 |   213 |    +0.7% |   -4.381 |      -58.3 |      -21.6 |    500 | u_mul.result\[26\]$_DFFE_PN0P_/D
     886* |       2 |     113 |      215 |      5 |   213 |    +0.7% |   -4.381 |      -58.3 |      -21.6 |    500 | u_mul.result\[26\]$_DFFE_PN0P_/D
     887* |       2 |     113 |      215 |      5 |   213 |    +0.7% |   -4.381 |      -58.3 |      -21.6 |    500 | u_mul.result\[26\]$_DFFE_PN0P_/D
     888* |       2 |     113 |      215 |      5 |   213 |    +0.7% |   -4.381 |      -58.3 |      -21.6 |    500 | u_mul.result\[26\]$_DFFE_PN0P_/D
     889* |       2 |     113 |      215 |      5 |   213 |    +0.7% |   -4.381 |      -58.3 |      -21.6 |    500 | u_mul.result\[26\]$_DFFE_PN0P_/D
     890* |       2 |     113 |      215 |      5 |   213 |    +0.7% |   -4.381 |      -58.3 |      -21.6 |    500 | u_mul.result\[26\]$_DFFE_PN0P_/D
     890* |       2 |     113 |      215 |      5 |   213 |    +0.7% |   -4.381 |      -58.3 |      -21.6 |    500 | u_mul.result\[26\]$_DFFE_PN0P_/D
     891* |       2 |     113 |      215 |      5 |   213 |    +0.7% |   -4.381 |      -58.3 |      -21.6 |    500 | u_mul.result\[26\]$_DFFE_PN0P_/D
     892* |       2 |     113 |      215 |      5 |   213 |    +0.7% |   -4.381 |      -58.3 |      -21.6 |    500 | u_mul.result\[26\]$_DFFE_PN0P_/D
     893* |       2 |     113 |      215 |      5 |   213 |    +0.7% |   -4.381 |      -58.3 |      -21.6 |    500 | u_mul.result\[26\]$_DFFE_PN0P_/D
     894* |       2 |     113 |      215 |      5 |   213 |    +0.7% |   -4.381 |      -58.3 |      -21.6 |    500 | u_mul.result\[26\]$_DFFE_PN0P_/D
     895* |       2 |     113 |      215 |      5 |   213 |    +0.7% |   -4.381 |      -58.3 |      -21.6 |    500 | u_mul.result\[26\]$_DFFE_PN0P_/D
     896* |       2 |     113 |      215 |      5 |   213 |    +0.7% |   -4.381 |      -58.3 |      -21.6 |    500 | u_mul.result\[26\]$_DFFE_PN0P_/D
     897* |       2 |     113 |      215 |      5 |   213 |    +0.7% |   -4.381 |      -58.3 |      -21.6 |    500 | u_mul.result\[26\]$_DFFE_PN0P_/D
     898* |       2 |     113 |      215 |      5 |   213 |    +0.7% |   -4.381 |      -58.3 |      -21.6 |    500 | u_mul.result\[26\]$_DFFE_PN0P_/D
     899* |       2 |     113 |      215 |      5 |   213 |    +0.7% |   -4.381 |      -58.3 |      -21.6 |    500 | u_mul.result\[26\]$_DFFE_PN0P_/D
     900* |       2 |     113 |      215 |      5 |   213 |    +0.7% |   -4.381 |      -58.3 |      -21.6 |    500 | u_mul.result\[26\]$_DFFE_PN0P_/D
     900* |       2 |     113 |      215 |      5 |   213 |    +0.7% |   -4.381 |      -58.3 |      -21.6 |    500 | u_mul.result\[26\]$_DFFE_PN0P_/D
     901* |       2 |     113 |      215 |      5 |   213 |    +0.7% |   -4.381 |      -58.3 |      -21.6 |    500 | u_mul.result\[26\]$_DFFE_PN0P_/D
     902* |       2 |     113 |      215 |      5 |   213 |    +0.7% |   -4.381 |      -58.3 |      -21.6 |    500 | u_mul.result\[26\]$_DFFE_PN0P_/D
     903* |       2 |     113 |      215 |      5 |   213 |    +0.7% |   -4.381 |      -58.3 |      -21.6 |    500 | u_mul.result\[26\]$_DFFE_PN0P_/D
     904* |       2 |     113 |      215 |      5 |   213 |    +0.7% |   -4.381 |      -58.3 |      -21.6 |    500 | u_mul.result\[26\]$_DFFE_PN0P_/D
     905* |       2 |     113 |      215 |      5 |   213 |    +0.7% |   -4.381 |      -58.3 |      -21.6 |    500 | u_mul.result\[26\]$_DFFE_PN0P_/D
     906* |       2 |     113 |      215 |      5 |   213 |    +0.7% |   -4.381 |      -58.3 |      -21.6 |    500 | u_mul.result\[26\]$_DFFE_PN0P_/D
     907* |       2 |     113 |      215 |      5 |   213 |    +0.7% |   -4.381 |      -58.3 |      -21.6 |    500 | u_mul.result\[26\]$_DFFE_PN0P_/D
     908* |       2 |     113 |      215 |      5 |   213 |    +0.7% |   -4.381 |      -58.3 |      -21.6 |    500 | u_mul.result\[26\]$_DFFE_PN0P_/D
     909* |       2 |     113 |      215 |      5 |   213 |    +0.7% |   -4.381 |      -58.3 |      -21.6 |    500 | u_mul.result\[26\]$_DFFE_PN0P_/D
     910* |       2 |     113 |      215 |      5 |   213 |    +0.7% |   -4.381 |      -58.3 |      -21.6 |    500 | u_mul.result\[26\]$_DFFE_PN0P_/D
     910* |       2 |     113 |      215 |      5 |   213 |    +0.7% |   -4.381 |      -58.3 |      -21.6 |    500 | u_mul.result\[26\]$_DFFE_PN0P_/D
     911* |       2 |     113 |      215 |      5 |   213 |    +0.7% |   -4.381 |      -58.3 |      -21.6 |    500 | u_mul.result\[26\]$_DFFE_PN0P_/D
     912* |       2 |     113 |      215 |      5 |   213 |    +0.7% |   -4.381 |      -58.3 |      -21.6 |    500 | u_mul.result\[26\]$_DFFE_PN0P_/D
     913* |       2 |     113 |      215 |      5 |   213 |    +0.7% |   -4.381 |      -58.3 |      -21.6 |    500 | u_mul.result\[26\]$_DFFE_PN0P_/D
     914* |       2 |     113 |      215 |      5 |   213 |    +0.7% |   -4.381 |      -58.3 |      -21.6 |    500 | u_mul.result\[26\]$_DFFE_PN0P_/D
     915* |       2 |     113 |      215 |      5 |   213 |    +0.7% |   -4.381 |      -58.3 |      -21.6 |    500 | u_mul.result\[26\]$_DFFE_PN0P_/D
     916* |       2 |     113 |      215 |      5 |   213 |    +0.7% |   -4.381 |      -58.3 |      -21.6 |    500 | u_mul.result\[26\]$_DFFE_PN0P_/D
     917* |       2 |     113 |      215 |      5 |   213 |    +0.7% |   -4.381 |      -58.3 |      -21.6 |    500 | u_mul.result\[26\]$_DFFE_PN0P_/D
     918* |       2 |     113 |      215 |      5 |   213 |    +0.7% |   -4.381 |      -58.3 |      -21.6 |    500 | u_mul.result\[26\]$_DFFE_PN0P_/D
     919* |       2 |     113 |      215 |      5 |   213 |    +0.7% |   -4.381 |      -58.3 |      -21.6 |    500 | u_mul.result\[26\]$_DFFE_PN0P_/D
     920* |       2 |     113 |      215 |      5 |   213 |    +0.7% |   -4.381 |      -58.3 |      -21.6 |    500 | u_mul.result\[26\]$_DFFE_PN0P_/D
     920* |       2 |     113 |      215 |      5 |   213 |    +0.7% |   -4.381 |      -58.3 |      -21.6 |    500 | u_mul.result\[26\]$_DFFE_PN0P_/D
     921* |       2 |     113 |      215 |      5 |   213 |    +0.7% |   -4.381 |      -58.3 |      -21.6 |    500 | u_mul.result\[26\]$_DFFE_PN0P_/D
     922* |       2 |     113 |      215 |      5 |   213 |    +0.7% |   -4.381 |      -58.3 |      -21.6 |    500 | u_mul.result\[26\]$_DFFE_PN0P_/D
     923* |       2 |     113 |      215 |      5 |   213 |    +0.7% |   -4.381 |      -58.3 |      -21.6 |    500 | u_mul.result\[26\]$_DFFE_PN0P_/D
     924* |       2 |     113 |      215 |      5 |   213 |    +0.7% |   -4.381 |      -58.3 |      -21.6 |    500 | u_mul.result\[26\]$_DFFE_PN0P_/D
     925* |       2 |     113 |      215 |      5 |   213 |    +0.7% |   -4.381 |      -58.3 |      -21.6 |    500 | u_mul.result\[26\]$_DFFE_PN0P_/D
     926* |       2 |     113 |      215 |      5 |   213 |    +0.7% |   -4.381 |      -58.3 |      -21.6 |    500 | u_mul.result\[26\]$_DFFE_PN0P_/D
     927* |       2 |     113 |      215 |      5 |   213 |    +0.7% |   -4.381 |      -58.3 |      -21.6 |    500 | u_mul.result\[26\]$_DFFE_PN0P_/D
     928* |       2 |     113 |      215 |      5 |   213 |    +0.7% |   -4.381 |      -58.3 |      -21.6 |    500 | u_mul.result\[26\]$_DFFE_PN0P_/D
     929* |       2 |     113 |      215 |      5 |   213 |    +0.7% |   -4.381 |      -58.3 |      -21.6 |    500 | u_mul.result\[26\]$_DFFE_PN0P_/D
     930* |       2 |     113 |      215 |      5 |   213 |    +0.7% |   -4.381 |      -58.3 |      -21.6 |    500 | u_mul.result\[26\]$_DFFE_PN0P_/D
     930* |       2 |     113 |      215 |      5 |   213 |    +0.7% |   -4.381 |      -58.3 |      -21.6 |    500 | u_mul.result\[26\]$_DFFE_PN0P_/D
     931* |       2 |     113 |      215 |      5 |   213 |    +0.7% |   -4.381 |      -58.3 |      -21.6 |    500 | u_mul.result\[26\]$_DFFE_PN0P_/D
     932* |       2 |     113 |      215 |      5 |   213 |    +0.7% |   -4.381 |      -58.3 |      -21.6 |    500 | u_mul.result\[26\]$_DFFE_PN0P_/D
     933* |       2 |     113 |      215 |      5 |   213 |    +0.7% |   -4.381 |      -58.3 |      -21.6 |    500 | u_mul.result\[26\]$_DFFE_PN0P_/D
     934* |       2 |     113 |      215 |      5 |   213 |    +0.7% |   -4.381 |      -58.3 |      -21.6 |    500 | u_mul.result\[26\]$_DFFE_PN0P_/D
     935* |       2 |     113 |      215 |      5 |   213 |    +0.7% |   -4.381 |      -58.3 |      -21.6 |    500 | u_mul.result\[26\]$_DFFE_PN0P_/D
     936* |       2 |     113 |      215 |      5 |   213 |    +0.7% |   -4.381 |      -58.3 |      -21.6 |    500 | u_mul.result\[26\]$_DFFE_PN0P_/D
     937* |       2 |     113 |      215 |      5 |   213 |    +0.7% |   -4.381 |      -58.3 |      -21.6 |    500 | u_mul.result\[26\]$_DFFE_PN0P_/D
     938* |       2 |     113 |      215 |      5 |   213 |    +0.7% |   -4.381 |      -58.3 |      -21.6 |    500 | u_mul.result\[26\]$_DFFE_PN0P_/D
     939* |       2 |     113 |      215 |      5 |   213 |    +0.7% |   -4.381 |      -58.3 |      -21.6 |    500 | u_mul.result\[26\]$_DFFE_PN0P_/D
     940* |       2 |     113 |      215 |      5 |   213 |    +0.7% |   -4.381 |      -58.3 |      -21.6 |    500 | u_mul.result\[26\]$_DFFE_PN0P_/D
     940* |       2 |     113 |      215 |      5 |   213 |    +0.7% |   -4.381 |      -58.3 |      -21.6 |    500 | u_mul.result\[26\]$_DFFE_PN0P_/D
     941* |       2 |     113 |      215 |      5 |   213 |    +0.7% |   -4.381 |      -58.3 |      -21.6 |    500 | u_mul.result\[26\]$_DFFE_PN0P_/D
     942* |       2 |     113 |      215 |      5 |   213 |    +0.7% |   -4.381 |      -58.3 |      -21.6 |    500 | u_mul.result\[26\]$_DFFE_PN0P_/D
     943* |       2 |     113 |      215 |      5 |   213 |    +0.7% |   -4.381 |      -58.3 |      -21.6 |    500 | u_mul.result\[26\]$_DFFE_PN0P_/D
     944* |       2 |     113 |      215 |      5 |   213 |    +0.7% |   -4.381 |      -58.3 |      -21.6 |    500 | u_mul.result\[26\]$_DFFE_PN0P_/D
     945* |       2 |     113 |      215 |      5 |   213 |    +0.7% |   -4.381 |      -58.3 |      -21.6 |    500 | u_mul.result\[26\]$_DFFE_PN0P_/D
     946* |       2 |     113 |      215 |      5 |   213 |    +0.7% |   -4.381 |      -58.3 |      -21.6 |    500 | u_mul.result\[26\]$_DFFE_PN0P_/D
     947* |       2 |     113 |      215 |      5 |   213 |    +0.7% |   -4.381 |      -58.3 |      -21.6 |    500 | u_mul.result\[26\]$_DFFE_PN0P_/D
     948* |       2 |     113 |      215 |      5 |   213 |    +0.7% |   -4.381 |      -58.3 |      -21.6 |    500 | u_mul.result\[26\]$_DFFE_PN0P_/D
     949* |       2 |     113 |      215 |      5 |   213 |    +0.7% |   -4.381 |      -58.3 |      -21.6 |    500 | u_mul.result\[26\]$_DFFE_PN0P_/D
     950* |       2 |     113 |      215 |      5 |   213 |    +0.7% |   -4.381 |      -58.3 |      -21.6 |    500 | u_mul.result\[26\]$_DFFE_PN0P_/D
     950* |       2 |     113 |      215 |      5 |   213 |    +0.7% |   -4.381 |      -58.3 |      -21.6 |    500 | u_mul.result\[26\]$_DFFE_PN0P_/D
     951* |       2 |     113 |      215 |      5 |   213 |    +0.7% |   -4.381 |      -58.3 |      -21.6 |    500 | u_mul.result\[26\]$_DFFE_PN0P_/D
     952* |       2 |     113 |      215 |      5 |   213 |    +0.7% |   -4.381 |      -58.3 |      -21.6 |    500 | u_mul.result\[26\]$_DFFE_PN0P_/D
     953* |       2 |     113 |      215 |      5 |   213 |    +0.7% |   -4.381 |      -58.3 |      -21.6 |    500 | u_mul.result\[26\]$_DFFE_PN0P_/D
     954* |       2 |     113 |      215 |      5 |   213 |    +0.7% |   -4.381 |      -58.3 |      -21.6 |    500 | u_mul.result\[26\]$_DFFE_PN0P_/D
     955* |       2 |     113 |      215 |      5 |   213 |    +0.7% |   -4.381 |      -58.3 |      -21.6 |    500 | u_mul.result\[26\]$_DFFE_PN0P_/D
     956* |       2 |     113 |      215 |      5 |   213 |    +0.7% |   -4.381 |      -58.3 |      -21.6 |    500 | u_mul.result\[26\]$_DFFE_PN0P_/D
     957* |       2 |     113 |      215 |      5 |   213 |    +0.7% |   -4.381 |      -58.3 |      -21.6 |    500 | u_mul.result\[26\]$_DFFE_PN0P_/D
     958* |       2 |     113 |      215 |      5 |   213 |    +0.7% |   -4.381 |      -58.3 |      -21.6 |    500 | u_mul.result\[26\]$_DFFE_PN0P_/D
     959* |       2 |     113 |      215 |      5 |   213 |    +0.7% |   -4.381 |      -58.3 |      -21.6 |    500 | u_mul.result\[26\]$_DFFE_PN0P_/D
     960* |       2 |     113 |      215 |      5 |   213 |    +0.7% |   -4.381 |      -58.3 |      -21.6 |    500 | u_mul.result\[26\]$_DFFE_PN0P_/D
     960* |       2 |     113 |      215 |      5 |   213 |    +0.7% |   -4.381 |      -58.3 |      -21.6 |    500 | u_mul.result\[26\]$_DFFE_PN0P_/D
     961* |       2 |     113 |      215 |      5 |   213 |    +0.7% |   -4.381 |      -58.3 |      -21.6 |    500 | u_mul.result\[26\]$_DFFE_PN0P_/D
     962* |       2 |     113 |      215 |      5 |   213 |    +0.7% |   -4.381 |      -58.3 |      -21.6 |    500 | u_mul.result\[26\]$_DFFE_PN0P_/D
     963* |       2 |     113 |      215 |      5 |   213 |    +0.7% |   -4.381 |      -58.3 |      -21.6 |    500 | u_mul.result\[26\]$_DFFE_PN0P_/D
     964* |       2 |     113 |      215 |      5 |   213 |    +0.7% |   -4.381 |      -58.3 |      -21.6 |    500 | u_mul.result\[26\]$_DFFE_PN0P_/D
     965* |       2 |     113 |      215 |      5 |   213 |    +0.7% |   -4.381 |      -58.3 |      -21.6 |    500 | u_mul.result\[26\]$_DFFE_PN0P_/D
     966* |       2 |     113 |      215 |      5 |   213 |    +0.7% |   -4.381 |      -58.3 |      -21.6 |    500 | u_mul.result\[26\]$_DFFE_PN0P_/D
     967* |       2 |     113 |      215 |      5 |   213 |    +0.7% |   -4.381 |      -58.3 |      -21.6 |    500 | u_mul.result\[26\]$_DFFE_PN0P_/D
     968* |       2 |     113 |      215 |      5 |   213 |    +0.7% |   -4.381 |      -58.3 |      -21.6 |    500 | u_mul.result\[26\]$_DFFE_PN0P_/D
     969* |       2 |     113 |      215 |      5 |   213 |    +0.7% |   -4.381 |      -58.3 |      -21.6 |    500 | u_mul.result\[26\]$_DFFE_PN0P_/D
     970* |       2 |     113 |      215 |      5 |   213 |    +0.7% |   -4.381 |      -58.3 |      -21.6 |    500 | u_mul.result\[26\]$_DFFE_PN0P_/D
     970* |       2 |     113 |      215 |      5 |   213 |    +0.7% |   -4.381 |      -58.3 |      -21.6 |    500 | u_mul.result\[26\]$_DFFE_PN0P_/D
     971* |       2 |     113 |      215 |      5 |   213 |    +0.7% |   -4.381 |      -58.3 |      -21.6 |    500 | u_mul.result\[26\]$_DFFE_PN0P_/D
     972* |       2 |     113 |      215 |      5 |   213 |    +0.7% |   -4.381 |      -58.3 |      -21.6 |    500 | u_mul.result\[26\]$_DFFE_PN0P_/D
     973* |       2 |     113 |      215 |      5 |   213 |    +0.7% |   -4.381 |      -58.3 |      -21.6 |    500 | u_mul.result\[26\]$_DFFE_PN0P_/D
     974* |       2 |     113 |      215 |      5 |   213 |    +0.7% |   -4.381 |      -58.3 |      -21.6 |    500 | u_mul.result\[26\]$_DFFE_PN0P_/D
     975* |       2 |     113 |      215 |      5 |   213 |    +0.7% |   -4.381 |      -58.3 |      -21.6 |    500 | u_mul.result\[26\]$_DFFE_PN0P_/D
     976* |       2 |     113 |      215 |      5 |   213 |    +0.7% |   -4.381 |      -58.3 |      -21.6 |    500 | u_mul.result\[26\]$_DFFE_PN0P_/D
     977* |       2 |     113 |      215 |      5 |   213 |    +0.7% |   -4.381 |      -58.3 |      -21.6 |    500 | u_mul.result\[26\]$_DFFE_PN0P_/D
     978* |       2 |     113 |      215 |      5 |   213 |    +0.7% |   -4.381 |      -58.3 |      -21.6 |    500 | u_mul.result\[26\]$_DFFE_PN0P_/D
     979* |       2 |     113 |      215 |      5 |   213 |    +0.7% |   -4.381 |      -58.3 |      -21.6 |    500 | u_mul.result\[26\]$_DFFE_PN0P_/D
     980* |       2 |     113 |      215 |      5 |   213 |    +0.7% |   -4.381 |      -58.3 |      -21.6 |    500 | u_mul.result\[26\]$_DFFE_PN0P_/D
     980* |       2 |     113 |      215 |      5 |   213 |    +0.7% |   -4.381 |      -58.3 |      -21.6 |    500 | u_mul.result\[26\]$_DFFE_PN0P_/D
     981* |       2 |     113 |      215 |      5 |   213 |    +0.7% |   -4.381 |      -58.3 |      -21.6 |    500 | u_mul.result\[26\]$_DFFE_PN0P_/D
     982* |       2 |     113 |      215 |      5 |   213 |    +0.7% |   -4.381 |      -58.3 |      -21.6 |    500 | u_mul.result\[26\]$_DFFE_PN0P_/D
     983* |       2 |     113 |      215 |      5 |   213 |    +0.7% |   -4.381 |      -58.3 |      -21.6 |    500 | u_mul.result\[26\]$_DFFE_PN0P_/D
     984* |       2 |     113 |      215 |      5 |   213 |    +0.7% |   -4.381 |      -58.3 |      -21.6 |    500 | u_mul.result\[26\]$_DFFE_PN0P_/D
     985* |       2 |     113 |      215 |      5 |   213 |    +0.7% |   -4.381 |      -58.3 |      -21.6 |    500 | u_mul.result\[26\]$_DFFE_PN0P_/D
     986* |       2 |     113 |      215 |      5 |   213 |    +0.7% |   -4.381 |      -58.3 |      -21.6 |    500 | u_mul.result\[26\]$_DFFE_PN0P_/D
     987* |       2 |     113 |      215 |      5 |   213 |    +0.7% |   -4.381 |      -58.3 |      -21.6 |    500 | u_mul.result\[26\]$_DFFE_PN0P_/D
     988* |       2 |     113 |      215 |      5 |   213 |    +0.7% |   -4.381 |      -58.3 |      -21.6 |    500 | u_mul.result\[26\]$_DFFE_PN0P_/D
     989* |       2 |     113 |      215 |      5 |   213 |    +0.7% |   -4.381 |      -58.3 |      -21.6 |    500 | u_mul.result\[26\]$_DFFE_PN0P_/D
     990* |       2 |     113 |      215 |      5 |   213 |    +0.7% |   -4.381 |      -58.3 |      -21.6 |    500 | u_mul.result\[26\]$_DFFE_PN0P_/D
     990* |       2 |     113 |      215 |      5 |   213 |    +0.7% |   -4.381 |      -58.3 |      -21.6 |    500 | u_mul.result\[26\]$_DFFE_PN0P_/D
     991* |       2 |     113 |      215 |      5 |   213 |    +0.7% |   -4.381 |      -58.3 |      -21.6 |    500 | u_mul.result\[26\]$_DFFE_PN0P_/D
     992* |       2 |     113 |      215 |      5 |   213 |    +0.7% |   -4.381 |      -58.3 |      -21.6 |    500 | u_mul.result\[26\]$_DFFE_PN0P_/D
     993* |       2 |     113 |      215 |      5 |   213 |    +0.7% |   -4.381 |      -58.3 |      -21.6 |    500 | u_mul.result\[26\]$_DFFE_PN0P_/D
     994* |       2 |     113 |      215 |      5 |   213 |    +0.7% |   -4.381 |      -58.3 |      -21.6 |    500 | u_mul.result\[26\]$_DFFE_PN0P_/D
     995* |       2 |     113 |      215 |      5 |   213 |    +0.7% |   -4.381 |      -58.3 |      -21.6 |    500 | u_mul.result\[26\]$_DFFE_PN0P_/D
     996* |       2 |     113 |      215 |      5 |   213 |    +0.7% |   -4.381 |      -58.3 |      -21.6 |    500 | u_mul.result\[26\]$_DFFE_PN0P_/D
     997* |       2 |     113 |      215 |      5 |   213 |    +0.7% |   -4.381 |      -58.3 |      -21.6 |    500 | u_mul.result\[26\]$_DFFE_PN0P_/D
     998* |       2 |     113 |      215 |      5 |   213 |    +0.7% |   -4.381 |      -58.3 |      -21.6 |    500 | u_mul.result\[26\]$_DFFE_PN0P_/D
     999* |       2 |     113 |      215 |      5 |   213 |    +0.7% |   -4.381 |      -58.3 |      -21.6 |    500 | u_mul.result\[26\]$_DFFE_PN0P_/D
    1000* |       2 |     113 |      215 |      5 |   213 |    +0.7% |   -4.381 |      -58.3 |      -21.6 |    500 | u_mul.result\[26\]$_DFFE_PN0P_/D
    1000* |       2 |     113 |      215 |      5 |   213 |    +0.7% |   -4.381 |      -58.3 |      -21.6 |    500 | u_mul.result\[26\]$_DFFE_PN0P_/D
    1001* |       2 |     113 |      215 |      5 |   213 |    +0.7% |   -4.381 |      -58.3 |      -21.6 |    500 | u_mul.result\[26\]$_DFFE_PN0P_/D
    1002* |       2 |     113 |      215 |      5 |   213 |    +0.7% |   -4.381 |      -58.3 |      -21.6 |    500 | u_mul.result\[26\]$_DFFE_PN0P_/D
    1003* |       2 |     113 |      215 |      5 |   213 |    +0.7% |   -4.381 |      -58.3 |      -21.6 |    500 | u_mul.result\[26\]$_DFFE_PN0P_/D
    1004* |       2 |     113 |      215 |      5 |   213 |    +0.7% |   -4.381 |      -58.3 |      -21.6 |    500 | u_mul.result\[26\]$_DFFE_PN0P_/D
    1005* |       2 |     113 |      215 |      5 |   213 |    +0.7% |   -4.381 |      -58.3 |      -21.6 |    500 | u_mul.result\[26\]$_DFFE_PN0P_/D
    1006* |       2 |     113 |      215 |      5 |   213 |    +0.7% |   -4.381 |      -58.3 |      -21.6 |    500 | u_mul.result\[26\]$_DFFE_PN0P_/D
    1007* |       2 |     113 |      215 |      5 |   213 |    +0.7% |   -4.381 |      -58.3 |      -21.6 |    500 | u_mul.result\[26\]$_DFFE_PN0P_/D
    1008* |       2 |     113 |      215 |      5 |   213 |    +0.7% |   -4.381 |      -58.3 |      -21.6 |    500 | u_mul.result\[26\]$_DFFE_PN0P_/D
    1009* |       2 |     113 |      215 |      5 |   213 |    +0.7% |   -4.381 |      -58.3 |      -21.6 |    500 | u_mul.result\[26\]$_DFFE_PN0P_/D
    1010* |       2 |     113 |      215 |      5 |   213 |    +0.7% |   -4.381 |      -58.3 |      -21.6 |    500 | u_mul.result\[26\]$_DFFE_PN0P_/D
    1010* |       2 |     113 |      215 |      5 |   213 |    +0.7% |   -4.381 |      -58.3 |      -21.6 |    500 | u_mul.result\[26\]$_DFFE_PN0P_/D
    1011* |       2 |     113 |      215 |      5 |   213 |    +0.7% |   -4.381 |      -58.3 |      -21.6 |    500 | u_mul.result\[26\]$_DFFE_PN0P_/D
    1012* |       2 |     113 |      215 |      5 |   213 |    +0.7% |   -4.381 |      -58.3 |      -21.6 |    500 | u_mul.result\[26\]$_DFFE_PN0P_/D
    1013* |       2 |     113 |      215 |      5 |   213 |    +0.7% |   -4.381 |      -58.3 |      -21.6 |    500 | u_mul.result\[26\]$_DFFE_PN0P_/D
    1014* |       2 |     113 |      215 |      5 |   213 |    +0.7% |   -4.381 |      -58.3 |      -21.6 |    500 | u_mul.result\[26\]$_DFFE_PN0P_/D
    1015* |       2 |     113 |      215 |      5 |   213 |    +0.7% |   -4.381 |      -58.3 |      -21.6 |    500 | u_mul.result\[26\]$_DFFE_PN0P_/D
    1016* |       2 |     113 |      215 |      5 |   213 |    +0.7% |   -4.381 |      -58.3 |      -21.6 |    500 | u_mul.result\[26\]$_DFFE_PN0P_/D
    1017* |       2 |     113 |      215 |      5 |   213 |    +0.7% |   -4.381 |      -58.3 |      -21.6 |    500 | u_mul.result\[26\]$_DFFE_PN0P_/D
    1018* |       2 |     113 |      215 |      5 |   213 |    +0.7% |   -4.381 |      -58.3 |      -21.6 |    500 | u_mul.result\[26\]$_DFFE_PN0P_/D
    1019* |       2 |     113 |      215 |      5 |   213 |    +0.7% |   -4.381 |      -58.3 |      -21.6 |    500 | u_mul.result\[26\]$_DFFE_PN0P_/D
    1020* |       2 |     113 |      215 |      5 |   213 |    +0.7% |   -4.381 |      -58.3 |      -21.6 |    500 | u_mul.result\[26\]$_DFFE_PN0P_/D
    1020* |       2 |     113 |      215 |      5 |   213 |    +0.7% |   -4.381 |      -58.3 |      -21.6 |    500 | u_mul.result\[26\]$_DFFE_PN0P_/D
    1021* |       2 |     113 |      215 |      5 |   213 |    +0.7% |   -4.381 |      -58.3 |      -21.6 |    500 | u_mul.result\[26\]$_DFFE_PN0P_/D
    1022* |       2 |     113 |      215 |      5 |   213 |    +0.7% |   -4.381 |      -58.3 |      -21.6 |    500 | u_mul.result\[26\]$_DFFE_PN0P_/D
    1023* |       2 |     113 |      215 |      5 |   213 |    +0.7% |   -4.381 |      -58.3 |      -21.6 |    500 | u_mul.result\[26\]$_DFFE_PN0P_/D
    1024* |       2 |     113 |      215 |      5 |   213 |    +0.7% |   -4.381 |      -58.3 |      -21.6 |    500 | u_mul.result\[26\]$_DFFE_PN0P_/D
    1025* |       2 |     113 |      215 |      5 |   213 |    +0.7% |   -4.381 |      -58.3 |      -21.6 |    500 | u_mul.result\[26\]$_DFFE_PN0P_/D
    1026* |       2 |     113 |      215 |      5 |   213 |    +0.7% |   -4.381 |      -58.3 |      -21.6 |    500 | u_mul.result\[26\]$_DFFE_PN0P_/D
    1027* |       2 |     113 |      215 |      5 |   213 |    +0.7% |   -4.381 |      -58.3 |      -21.6 |    500 | u_mul.result\[26\]$_DFFE_PN0P_/D
    1028* |       2 |     113 |      215 |      5 |   213 |    +0.7% |   -4.381 |      -58.3 |      -21.6 |    500 | u_mul.result\[26\]$_DFFE_PN0P_/D
    1029* |       2 |     113 |      215 |      5 |   213 |    +0.7% |   -4.381 |      -58.3 |      -21.6 |    500 | u_mul.result\[26\]$_DFFE_PN0P_/D
    1030* |       2 |     113 |      215 |      5 |   213 |    +0.7% |   -4.381 |      -58.3 |      -21.6 |    500 | u_mul.result\[26\]$_DFFE_PN0P_/D
    1030* |       2 |     113 |      215 |      5 |   213 |    +0.7% |   -4.381 |      -58.3 |      -21.6 |    500 | u_mul.result\[26\]$_DFFE_PN0P_/D
    1031* |       2 |     113 |      215 |      5 |   213 |    +0.7% |   -4.381 |      -58.3 |      -21.6 |    500 | u_mul.result\[26\]$_DFFE_PN0P_/D
    1032* |       2 |     113 |      215 |      5 |   213 |    +0.7% |   -4.381 |      -58.3 |      -21.6 |    500 | u_mul.result\[26\]$_DFFE_PN0P_/D
    1033* |       2 |     113 |      215 |      5 |   213 |    +0.7% |   -4.381 |      -58.3 |      -21.6 |    500 | u_mul.result\[26\]$_DFFE_PN0P_/D
    1034* |       2 |     113 |      215 |      5 |   213 |    +0.7% |   -4.381 |      -58.3 |      -21.6 |    500 | u_mul.result\[26\]$_DFFE_PN0P_/D
    1035* |       2 |     113 |      215 |      5 |   213 |    +0.7% |   -4.381 |      -58.3 |      -21.6 |    500 | u_mul.result\[26\]$_DFFE_PN0P_/D
    1036* |       2 |     113 |      215 |      5 |   213 |    +0.7% |   -4.381 |      -58.3 |      -21.6 |    500 | u_mul.result\[26\]$_DFFE_PN0P_/D
    1037* |       2 |     113 |      215 |      5 |   213 |    +0.7% |   -4.381 |      -58.3 |      -21.6 |    500 | u_mul.result\[26\]$_DFFE_PN0P_/D
    1038* |       2 |     113 |      215 |      5 |   213 |    +0.7% |   -4.381 |      -58.3 |      -21.6 |    500 | u_mul.result\[26\]$_DFFE_PN0P_/D
    1039* |       2 |     113 |      215 |      5 |   213 |    +0.7% |   -4.381 |      -58.3 |      -21.6 |    500 | u_mul.result\[26\]$_DFFE_PN0P_/D
    1040* |       2 |     113 |      215 |      5 |   213 |    +0.7% |   -4.381 |      -58.3 |      -21.6 |    500 | u_mul.result\[26\]$_DFFE_PN0P_/D
    1040* |       2 |     113 |      215 |      5 |   213 |    +0.7% |   -4.381 |      -58.3 |      -21.6 |    500 | u_mul.result\[26\]$_DFFE_PN0P_/D
    1041* |       2 |     113 |      215 |      5 |   213 |    +0.7% |   -4.381 |      -58.3 |      -21.6 |    500 | u_mul.result\[26\]$_DFFE_PN0P_/D
    1042* |       2 |     113 |      215 |      5 |   213 |    +0.7% |   -4.381 |      -58.3 |      -21.6 |    500 | u_mul.result\[26\]$_DFFE_PN0P_/D
    1043* |       2 |     113 |      215 |      5 |   213 |    +0.7% |   -4.381 |      -58.3 |      -21.6 |    500 | u_mul.result\[26\]$_DFFE_PN0P_/D
    1044* |       2 |     113 |      215 |      5 |   213 |    +0.7% |   -4.381 |      -58.3 |      -21.6 |    500 | u_mul.result\[26\]$_DFFE_PN0P_/D
    1045* |       2 |     113 |      215 |      5 |   213 |    +0.7% |   -4.381 |      -58.3 |      -21.6 |    500 | u_mul.result\[26\]$_DFFE_PN0P_/D
    1046* |       2 |     113 |      215 |      5 |   213 |    +0.7% |   -4.381 |      -58.3 |      -21.6 |    500 | u_mul.result\[26\]$_DFFE_PN0P_/D
    1047* |       2 |     113 |      215 |      5 |   213 |    +0.7% |   -4.381 |      -58.3 |      -21.6 |    500 | u_mul.result\[26\]$_DFFE_PN0P_/D
    1048* |       2 |     113 |      215 |      5 |   213 |    +0.7% |   -4.381 |      -58.3 |      -21.6 |    500 | u_mul.result\[26\]$_DFFE_PN0P_/D
    1049* |       2 |     113 |      215 |      5 |   213 |    +0.7% |   -4.381 |      -58.3 |      -21.6 |    500 | u_mul.result\[26\]$_DFFE_PN0P_/D
    1050* |       2 |     113 |      215 |      5 |   213 |    +0.7% |   -4.381 |      -58.3 |      -21.6 |    500 | u_mul.result\[26\]$_DFFE_PN0P_/D
    1050* |       2 |     113 |      215 |      5 |   213 |    +0.7% |   -4.381 |      -58.3 |      -21.6 |    500 | u_mul.result\[26\]$_DFFE_PN0P_/D
    1051* |       2 |     113 |      215 |      5 |   213 |    +0.7% |   -4.381 |      -58.3 |      -21.6 |    500 | u_mul.result\[26\]$_DFFE_PN0P_/D
    1052* |       2 |     113 |      215 |      5 |   213 |    +0.7% |   -4.381 |      -58.3 |      -21.6 |    500 | u_mul.result\[26\]$_DFFE_PN0P_/D
    1053* |       2 |     113 |      215 |      5 |   213 |    +0.7% |   -4.381 |      -58.3 |      -21.6 |    500 | u_mul.result\[26\]$_DFFE_PN0P_/D
    1054* |       2 |     113 |      215 |      5 |   213 |    +0.7% |   -4.381 |      -58.3 |      -21.6 |    500 | u_mul.result\[26\]$_DFFE_PN0P_/D
    1055* |       2 |     113 |      215 |      5 |   213 |    +0.7% |   -4.381 |      -58.3 |      -21.6 |    500 | u_mul.result\[26\]$_DFFE_PN0P_/D
    1056* |       2 |     113 |      215 |      5 |   213 |    +0.7% |   -4.381 |      -58.3 |      -21.6 |    500 | u_mul.result\[26\]$_DFFE_PN0P_/D
    1057* |       2 |     113 |      215 |      5 |   213 |    +0.7% |   -4.381 |      -58.3 |      -21.6 |    500 | u_mul.result\[26\]$_DFFE_PN0P_/D
    1058* |       2 |     113 |      215 |      5 |   213 |    +0.7% |   -4.381 |      -58.3 |      -21.6 |    500 | u_mul.result\[26\]$_DFFE_PN0P_/D
    1059* |       2 |     113 |      215 |      5 |   213 |    +0.7% |   -4.381 |      -58.3 |      -21.6 |    500 | u_mul.result\[26\]$_DFFE_PN0P_/D
    1060* |       2 |     113 |      215 |      5 |   213 |    +0.7% |   -4.381 |      -58.3 |      -21.6 |    500 | u_mul.result\[26\]$_DFFE_PN0P_/D
    1060* |       2 |     113 |      215 |      5 |   213 |    +0.7% |   -4.381 |      -58.3 |      -21.6 |    500 | u_mul.result\[26\]$_DFFE_PN0P_/D
    1061* |       2 |     113 |      215 |      5 |   213 |    +0.7% |   -4.381 |      -58.3 |      -21.6 |    500 | u_mul.result\[26\]$_DFFE_PN0P_/D
    1062* |       2 |     113 |      215 |      5 |   213 |    +0.7% |   -4.381 |      -58.3 |      -21.6 |    500 | u_mul.result\[26\]$_DFFE_PN0P_/D
    1063* |       2 |     113 |      215 |      5 |   213 |    +0.7% |   -4.381 |      -58.3 |      -21.6 |    500 | u_mul.result\[26\]$_DFFE_PN0P_/D
    1064* |       2 |     113 |      215 |      5 |   213 |    +0.7% |   -4.381 |      -58.3 |      -21.6 |    500 | u_mul.result\[26\]$_DFFE_PN0P_/D
    1065* |       2 |     113 |      215 |      5 |   213 |    +0.7% |   -4.381 |      -58.3 |      -21.6 |    500 | u_mul.result\[26\]$_DFFE_PN0P_/D
    1066* |       2 |     113 |      215 |      5 |   213 |    +0.7% |   -4.381 |      -58.3 |      -21.6 |    500 | u_mul.result\[26\]$_DFFE_PN0P_/D
    1067* |       2 |     113 |      215 |      5 |   213 |    +0.7% |   -4.381 |      -58.3 |      -21.6 |    500 | u_mul.result\[26\]$_DFFE_PN0P_/D
    1068* |       2 |     113 |      215 |      5 |   213 |    +0.7% |   -4.381 |      -58.3 |      -21.6 |    500 | u_mul.result\[26\]$_DFFE_PN0P_/D
    1069* |       2 |     113 |      215 |      5 |   213 |    +0.7% |   -4.381 |      -58.3 |      -21.6 |    500 | u_mul.result\[26\]$_DFFE_PN0P_/D
    1070* |       2 |     113 |      215 |      5 |   213 |    +0.7% |   -4.381 |      -58.3 |      -21.6 |    500 | u_mul.result\[26\]$_DFFE_PN0P_/D
    1070* |       2 |     113 |      215 |      5 |   213 |    +0.7% |   -4.381 |      -58.3 |      -21.6 |    500 | u_mul.result\[26\]$_DFFE_PN0P_/D
    1071* |       2 |     113 |      215 |      5 |   213 |    +0.7% |   -4.381 |      -58.3 |      -21.6 |    500 | u_mul.result\[26\]$_DFFE_PN0P_/D
    1072* |       2 |     113 |      215 |      5 |   213 |    +0.7% |   -4.381 |      -58.3 |      -21.6 |    500 | u_mul.result\[26\]$_DFFE_PN0P_/D
    1073* |       2 |     113 |      215 |      5 |   213 |    +0.7% |   -4.381 |      -58.3 |      -21.6 |    500 | u_mul.result\[26\]$_DFFE_PN0P_/D
    1073* |       2 |     113 |      215 |      5 |   213 |    +0.7% |   -4.381 |      -58.3 |      -21.6 |    500 | u_mul.result\[26\]$_DFFE_PN0P_/D
    1075+ |       2 |     114 |      215 |      5 |   213 |    +0.7% |   -4.366 |      -57.2 |      -21.6 |      8 | u_mul.result\[26\]$_DFFE_PN0P_/D
    1076+ |       2 |     114 |      215 |      5 |   213 |    +0.7% |   -4.366 |      -57.2 |      -21.6 |      8 | u_mul.result\[26\]$_DFFE_PN0P_/D
    1078+ |       2 |     115 |      215 |      5 |   213 |    +0.7% |   -4.366 |      -56.4 |      -18.5 |      8 | u_mul.result\[26\]$_DFFE_PN0P_/D
    1079+ |       2 |     115 |      215 |      5 |   213 |    +0.7% |   -4.366 |      -56.4 |      -18.5 |      8 | u_mul.result\[26\]$_DFFE_PN0P_/D
    1080+ |       2 |     115 |      215 |      5 |   213 |    +0.7% |   -4.366 |      -56.4 |      -18.5 |      8 | u_mul.result\[26\]$_DFFE_PN0P_/D
    1080+ |       2 |     115 |      215 |      5 |   213 |    +0.7% |   -4.366 |      -56.4 |      -18.5 |      8 | u_mul.result\[26\]$_DFFE_PN0P_/D
    1081+ |       2 |     115 |      215 |      5 |   213 |    +0.7% |   -4.366 |      -56.4 |      -18.5 |      8 | u_mul.result\[26\]$_DFFE_PN0P_/D
    1082+ |       2 |     115 |      215 |      5 |   213 |    +0.7% |   -4.366 |      -56.4 |      -18.5 |      8 | u_mul.result\[26\]$_DFFE_PN0P_/D
    1083+ |       2 |     115 |      215 |      5 |   213 |    +0.7% |   -4.366 |      -56.4 |      -18.5 |      8 | u_mul.result\[26\]$_DFFE_PN0P_/D
    final |       2 |     115 |      215 |      5 |   213 |    +0.7% |   -4.366 |      -56.4 |      -18.5 |      7 | u_mul.result\[26\]$_DFFE_PN0P_/D
------------------------------------------------------------------------------------------------------------------------------
[INFO RSZ-0059] Removed 2 buffers.
[INFO RSZ-0040] Inserted 215 buffers.
[INFO RSZ-0051] Resized 115 instances: 115 up, 0 up match, 0 down, 0 VT
[INFO RSZ-0043] Swapped pins on 213 instances.
[INFO RSZ-0049] Cloned 5 instances.
[WARNING RSZ-0062] Unable to repair all setup violations.
[INFO RSZ-0033] No hold violations found.
Took 206 seconds: repair_timing -setup_margin 0 -hold_margin 0 -repair_tns 100 -verbose
global_route -start_incremental
detailed_placement
[INFO DPL-0006] Core area: 7521.05 um^2, Instances area: 3626.37 um^2, Utilization: 48.2%
[INFO DPL-0005] Diamond search max displacement: +/- 500 sites horizontally, +/- 100 rows vertically.
[INFO DPL-1101] Legalizing using diamond search.
Movements Summary
---------------------------------------
Total cells:                   31445
Diamond Move Success:          31445 (100.00%)
Diamond Move Failure:              0
Rip-up and replace Success:        0 (  0.00% of diamond failures)
Rip-up and replace Failure:        0
Total Placement Failures:          0
---------------------------------------
Placement Analysis
---------------------------------
total displacement        132.5 u
average displacement        0.0 u
max displacement            0.8 u
original HPWL           96217.1 u
legalized HPWL          96327.0 u
delta HPWL                    0 %

check_placement -verbose
global_route -end_incremental -resistance_aware -congestion_report_file ./reports/asap7/rv32imc_top/p900/congestion_post_repair_timing.rpt
Took 13 seconds: global_route -end_incremental -resistance_aware -congestion_report_file ./reports/asap7/rv32imc_top/p900/congestion_post_repair_timing.rpt
estimate_parasitics -global_routing
repair_timing -setup -sequence "vt_swap reroute" -skip_last_gasp -repair_tns 0 -verbose
[INFO RSZ-0100] Repair move sequence: RerouteMove 
[INFO RSZ-0094] Found 15 endpoints with setup violations.
[INFO RSZ-0099] Repairing 1 out of 15 (0.00%) violating endpoints...
   Iter   | Removed | Resized | Inserted | Cloned |  Pin  |   Area   |    WNS   |   StTNS    |   EnTNS    |  Viol  |  Worst  
          | Buffers |  Gates  | Buffers  |  Gates | Swaps |          |          |            |            | Endpts | St/EnPt 
------------------------------------------------------------------------------------------------------------------------------
       0* |       0 |       0 |        0 |      0 |     0 |    +0.0% |   -8.442 |      -85.3 |      -45.5 |     15 | u_mul.result\[26\]$_DFFE_PN0P_/D
       1* |       0 |       0 |        0 |      0 |     0 |    +0.0% |   -8.442 |      -85.3 |      -45.5 |     15 | u_mul.result\[26\]$_DFFE_PN0P_/D
       1* |       0 |       0 |        0 |      0 |     0 |    +0.0% |   -8.442 |      -85.3 |      -45.5 |     15 | u_mul.result\[26\]$_DFFE_PN0P_/D
    final |       0 |       0 |        0 |      0 |     0 |    +0.0% |   -8.442 |      -85.3 |      -45.5 |     15 | u_mul.result\[26\]$_DFFE_PN0P_/D
------------------------------------------------------------------------------------------------------------------------------
[WARNING RSZ-0062] Unable to repair all setup violations.
Took 8 seconds: repair_timing -setup -sequence "vt_swap reroute" -skip_last_gasp -repair_tns 0 -verbose
Repair antennas...
[WARNING GRT-0246] No diode with LEF class CORE ANTENNACELL found.
[INFO ANT-0002] Found 0 net violations.
[INFO ANT-0001] Found 0 pin violations.
Estimate parasitics...
estimate_parasitics -global_routing
Report metrics stage 5, global route...

==========================================================================
global route report_design_area
--------------------------------------------------------------------------
Design area 3626 um^2 48% utilization.
[INFO FLW-0007] clock core_clk period 900.000000
[INFO FLW-0008] Clock core_clk period 863.020
[INFO FLW-0009] Clock core_clk slack -8.442
write_sdc -no_timestamp ./results/asap7/rv32imc_top/p900/updated_clks.sdc
[INFO FLW-0011] Path endpoint path count 3300
write_db ./results/asap7/rv32imc_top/p900/5_1_grt.odb
write_sdc -no_timestamp ./results/asap7/rv32imc_top/p900/5_1_grt.sdc
Elapsed time: 12:43.52[h:]min:sec. CPU time: user 940.37 sys 128.40 (139%). Peak memory: 946376KB.
Log                       Ext     Elapsed/s Peak Memory/MB sha1sum result [0:20)
5_1_grt                   .odb          763            924 23452d024bd79bf8f9a4
5_1_grt                   .sdc                             b7a8a0636c953b3acb95
make: Leaving directory '/home/hatch/workspace/rv32imc-cpu/tools/orfs/flow'
