make: Entering directory '/home/hatch/workspace/rv32imc-cpu/tools/orfs/flow'
/home/hatch/workspace/rv32imc-cpu/tools/orfs/flow/scripts/flow.sh 4_1_cts cts
Running cts.tcl, stage 4_1_cts
source /home/hatch/workspace/rv32imc-cpu/tools/orfs/flow/platforms/asap7/liberty_suppressions.tcl
read_liberty /home/hatch/workspace/rv32imc-cpu/tools/orfs/flow/platforms/asap7/lib/NLDM/asap7sc7p5t_AO_RVT_FF_nldm_211120.lib.gz
read_liberty /home/hatch/workspace/rv32imc-cpu/tools/orfs/flow/platforms/asap7/lib/NLDM/asap7sc7p5t_INVBUF_RVT_FF_nldm_220122.lib.gz
read_liberty /home/hatch/workspace/rv32imc-cpu/tools/orfs/flow/platforms/asap7/lib/NLDM/asap7sc7p5t_OA_RVT_FF_nldm_211120.lib.gz
read_liberty /home/hatch/workspace/rv32imc-cpu/tools/orfs/flow/platforms/asap7/lib/NLDM/asap7sc7p5t_SIMPLE_RVT_FF_nldm_211120.lib.gz
read_liberty /home/hatch/workspace/rv32imc-cpu/tools/orfs/flow/platforms/asap7/lib/NLDM/asap7sc7p5t_SEQ_RVT_FF_nldm_220123.lib
read_db ./results/asap7/rv32imc_top/p1400/3_place.odb
read_sdc ./results/asap7/rv32imc_top/p1400/3_place.sdc
source /home/hatch/workspace/rv32imc-cpu/tools/orfs/flow/platforms/asap7/setRC.tcl
clock_tree_synthesis -sink_clustering_enable -repair_clock_nets
[INFO CTS-0050] Root buffer is BUFx16f_ASAP7_75t_R.
[INFO CTS-0051] Sink buffer is BUFx24_ASAP7_75t_R.
[INFO CTS-0052] The following clock buffers will be used for CTS:
                    BUFx16f_ASAP7_75t_R
                    BUFx24_ASAP7_75t_R
[INFO CTS-0049] Characterization buffer is BUFx24_ASAP7_75t_R.
[INFO CTS-0007] Net "clk" found for clock "core_clk".
[INFO CTS-0010]  Clock net "clk" has 2241 sinks.
[INFO CTS-0008] TritonCTS found 1 clock nets.
[INFO CTS-0097] Characterization used 2 buffer(s) types.
[INFO CTS-0201] 0 blockages from hard placement blockages and placed macros will be used.
[INFO CTS-0027] Generating H-Tree topology for net clk.
[INFO CTS-0028]  Total number of sinks: 2241.
[INFO CTS-0090]  Sinks will be clustered based on buffer max cap.
[INFO CTS-0030]  Number of static layers: 0.
[INFO CTS-0020]  Wire segment unit: 1350  dbu (1 um).
[INFO CTS-0206] Best clustering solution was found from max clustering size of 24 and max clustering diameter of 27.
[INFO CTS-0019]  Total number of sinks after clustering: 118.
[INFO CTS-0024]  Normalized sink region: [(3.01678, 3.02381), (62.743, 64.3039)].
[INFO CTS-0025]     Width:  59.7262.
[INFO CTS-0026]     Height: 61.2801.
 Level 1
    Direction: Vertical
    Sinks per sub-region: 59
    Sub-region size: 59.7262 X 30.6400
[INFO CTS-0034]     Segment length (rounded): 16.
 Level 2
    Direction: Horizontal
    Sinks per sub-region: 30
    Sub-region size: 29.8631 X 30.6400
[INFO CTS-0034]     Segment length (rounded): 14.
 Level 3
    Direction: Vertical
    Sinks per sub-region: 15
    Sub-region size: 29.8631 X 15.3200
[INFO CTS-0034]     Segment length (rounded): 8.
 Level 4
    Direction: Horizontal
    Sinks per sub-region: 8
    Sub-region size: 14.9315 X 15.3200
[INFO CTS-0034]     Segment length (rounded): 8.
[INFO CTS-0032]  Stop criterion found. Max number of sinks is 15.
[INFO CTS-0035]  Number of sinks covered: 118.
[INFO CTS-0018]     Created 139 clock buffers.
[INFO CTS-0012]     Minimum number of buffers in the clock path: 4.
[INFO CTS-0013]     Maximum number of buffers in the clock path: 4.
[INFO CTS-0015]     Created 139 clock nets.
[INFO CTS-0016]     Fanout distribution for the current clock = 5:4, 6:4, 7:2, 8:4, 9:2, 10:2, 11:2, 12:2, 13:3, 14:1, 15:2, 16:3, 17:13, 18:10, 19:21, 20:18, 21:20, 22:11, 23:8, 24:2..
[INFO CTS-0017]     Max level of the clock tree: 4.
[INFO CTS-0098] Clock net "clk"
[INFO CTS-0099]  Sinks 2350
[INFO CTS-0100]  Leaf buffers 118
[INFO CTS-0101]  Average sink wire length 149.00 um
[INFO CTS-0102]  Path depth 3 - 4
[INFO CTS-0207]  Dummy loads inserted 109
Took 11 seconds: clock_tree_synthesis -sink_clustering_enable -repair_clock_nets
estimate_parasitics -placement
detailed_placement
[INFO DPL-0006] Core area: 7521.05 um^2, Instances area: 4083.61 um^2, Utilization: 54.3%
[INFO DPL-0005] Diamond search max displacement: +/- 500 sites horizontally, +/- 100 rows vertically.
[INFO DPL-1101] Legalizing using diamond search.
Movements Summary
---------------------------------------
Total cells:                   36094
Diamond Move Success:          36094 (100.00%)
Diamond Move Failure:              0
Rip-up and replace Success:        0 (  0.00% of diamond failures)
Rip-up and replace Failure:        0
Total Placement Failures:          0
---------------------------------------
Placement Analysis
---------------------------------
total displacement        407.1 u
average displacement        0.0 u
max displacement            1.1 u
original HPWL          104969.9 u
legalized HPWL         107691.5 u
delta HPWL                    3 %

estimate_parasitics -placement
repair_timing -setup_margin 0 -hold_margin 0 -repair_tns 100 -verbose
[INFO RSZ-0100] Repair move sequence: UnbufferMove SizeUpMove SwapPinsMove BufferMove CloneMove SplitLoadMove 
[INFO RSZ-0094] Found 2405 endpoints with setup violations.
[INFO RSZ-0099] Repairing 2405 out of 2405 (100.00%) violating endpoints...
   Iter   | Removed | Resized | Inserted | Cloned |  Pin  |   Area   |    WNS   |   StTNS    |   EnTNS    |  Viol  |  Worst  
          | Buffers |  Gates  | Buffers  |  Gates | Swaps |          |          |            |            | Endpts | St/EnPt 
------------------------------------------------------------------------------------------------------------------------------
       0* |       0 |       0 |        0 |      0 |     0 |    +0.0% | -864.709 |  -642241.9 | -1060713.8 |   2405 | u_mul.result\[30\]$_DFFE_PN0P_/D
      10* |       0 |       0 |        1 |      0 |     8 |    +0.0% | -861.506 |  -642289.6 | -1060656.8 |   2405 | u_mul.result\[30\]$_DFFE_PN0P_/D
      20* |       0 |       1 |        9 |      0 |    13 |    +0.0% | -858.023 |  -642347.1 | -1060729.4 |   2405 | u_mul.result\[30\]$_DFFE_PN0P_/D
      30* |       0 |       4 |       16 |      0 |    15 |    +0.0% | -856.096 |  -642183.2 | -1060681.0 |   2405 | u_mul.result\[30\]$_DFFE_PN0P_/D
      40* |       0 |       9 |       18 |      0 |    18 |    +0.0% | -852.487 |  -642155.4 | -1060631.8 |   2405 | u_mul.result\[30\]$_DFFE_PN0P_/D
      50* |       0 |      12 |       21 |      0 |    22 |    +0.1% | -851.649 |  -642098.6 | -1060642.2 |   2405 | u_mul.result\[30\]$_DFFE_PN0P_/D
      60* |       0 |      13 |       22 |      0 |    30 |    +0.1% | -851.419 |  -642077.4 | -1060652.6 |   2405 | u_mul.result\[26\]$_DFFE_PN0P_/D
      70* |       0 |      16 |       28 |      0 |    34 |    +0.1% | -849.663 |  -642040.2 | -1060639.1 |   2405 | u_mul.result\[26\]$_DFFE_PN0P_/D
      80* |       0 |      19 |       35 |      0 |    38 |    +0.1% | -848.556 |  -642015.2 | -1060631.9 |   2405 | u_mul.result\[26\]$_DFFE_PN0P_/D
      82* |       0 |      19 |       35 |      0 |    38 |    +0.1% | -848.556 |  -642015.2 | -1060631.9 |   2405 | u_mul.result\[26\]$_DFFE_PN0P_/D
      83* |       0 |      19 |       35 |      0 |    38 |    +0.1% | -848.556 |  -642015.2 | -1060631.9 |   2405 | u_mul.result\[26\]$_DFFE_PN0P_/D
      86* |       0 |      19 |       35 |      0 |    38 |    +0.1% | -848.556 |  -642015.2 | -1060631.9 |   2405 | u_mul.result\[26\]$_DFFE_PN0P_/D
      90* |       0 |      19 |       35 |      0 |    41 |    +0.1% | -848.556 |  -642012.2 | -1060629.2 |   2405 | u_mul.result\[26\]$_DFFE_PN0P_/D
     100* |       0 |      19 |       39 |      0 |    47 |    +0.1% | -848.556 |  -641966.5 | -1060594.8 |   2405 | u_mul.result\[26\]$_DFFE_PN0P_/D
     110* |       0 |      19 |       40 |      0 |    56 |    +0.1% | -848.556 |  -641971.8 | -1060592.9 |   2405 | u_mul.result\[26\]$_DFFE_PN0P_/D
     120* |       0 |      22 |       41 |      0 |    62 |    +0.1% | -848.556 |  -641929.6 | -1060585.2 |   2405 | u_mul.result\[26\]$_DFFE_PN0P_/D
     130* |       0 |      24 |       42 |      0 |    69 |    +0.1% | -848.556 |  -641921.9 | -1060582.1 |   2405 | u_mul.result\[26\]$_DFFE_PN0P_/D
     140* |       0 |      25 |       45 |      0 |    76 |    +0.1% | -848.556 |  -641929.5 | -1060593.0 |   2405 | u_mul.result\[26\]$_DFFE_PN0P_/D
     150* |       0 |      30 |       49 |      0 |    79 |    +0.1% | -848.556 |  -641895.6 | -1060558.9 |   2405 | u_mul.result\[26\]$_DFFE_PN0P_/D
     160* |       0 |      31 |       49 |      0 |    88 |    +0.1% | -848.556 |  -641886.4 | -1060543.8 |   2405 | u_mul.result\[26\]$_DFFE_PN0P_/D
     170* |       0 |      33 |       50 |      0 |    95 |    +0.2% | -848.934 |  -641885.4 | -1060522.6 |   2405 | u_mul.result\[26\]$_DFFE_PN0P_/D
     180* |       0 |      34 |       54 |      0 |   100 |    +0.2% | -848.934 |  -641879.1 | -1060520.6 |   2405 | u_mul.result\[26\]$_DFFE_PN0P_/D
     190* |       0 |      36 |       54 |      1 |   107 |    +0.2% | -848.934 |  -641917.6 | -1060560.8 |   2405 | u_mul.result\[26\]$_DFFE_PN0P_/D
     200* |       0 |      40 |       56 |      1 |   111 |    +0.2% | -848.934 |  -641910.4 | -1060551.8 |   2405 | u_mul.result\[26\]$_DFFE_PN0P_/D
     205* |       0 |      31 |       49 |      0 |    83 |    +0.1% | -848.556 |  -641895.1 | -1060538.8 |   2405 | u_mul.result\[26\]$_DFFE_PN0P_/D
     207* |       0 |      31 |       49 |      0 |    84 |    +0.1% | -848.556 |  -641895.1 | -1060538.2 |   2405 | u_mul.result\[26\]$_DFFE_PN0P_/D
     210* |       0 |      33 |       49 |      0 |    84 |    +0.2% | -848.556 |  -641895.1 | -1060507.9 |   2405 | u_mul.result\[26\]$_DFFE_PN0P_/D
     220* |       0 |      34 |       50 |      0 |    92 |    +0.2% | -848.557 |  -641895.1 | -1060496.8 |   2405 | u_mul.result\[26\]$_DFFE_PN0P_/D
     230* |       1 |      36 |       54 |      0 |    95 |    +0.2% | -848.557 |  -641886.3 | -1060457.2 |   2405 | u_mul.result\[26\]$_DFFE_PN0P_/D
     240* |       1 |      37 |       57 |      0 |   101 |    +0.2% | -848.557 |  -641881.1 | -1060451.5 |   2405 | u_mul.result\[26\]$_DFFE_PN0P_/D
     250* |       1 |      41 |       61 |      0 |   104 |    +0.2% | -848.935 |  -641877.0 | -1060418.5 |   2405 | u_mul.result\[26\]$_DFFE_PN0P_/D
     260* |       1 |      44 |       64 |      1 |   108 |    +0.2% | -848.935 |  -641900.8 | -1060474.9 |   2405 | u_mul.result\[26\]$_DFFE_PN0P_/D
     265* |       1 |      40 |       60 |      0 |   104 |    +0.2% | -848.557 |  -641876.7 | -1060439.0 |   2405 | u_mul.result\[26\]$_DFFE_PN0P_/D
     270* |       1 |      41 |       61 |      0 |   106 |    +0.2% | -848.935 |  -641877.0 | -1060421.8 |   2405 | u_mul.result\[26\]$_DFFE_PN0P_/D
     280* |       2 |      43 |       61 |      0 |   113 |    +0.2% | -848.935 |  -641859.4 | -1060416.8 |   2405 | u_mul.result\[26\]$_DFFE_PN0P_/D
     290* |       2 |      47 |       62 |      0 |   118 |    +0.2% | -848.935 |  -641847.6 | -1060420.1 |   2405 | u_mul.result\[26\]$_DFFE_PN0P_/D
     300* |       2 |      51 |       64 |      1 |   122 |    +0.2% | -848.935 |  -641862.6 | -1060505.5 |   2405 | u_mul.result\[26\]$_DFFE_PN0P_/D
     310* |       2 |      58 |       65 |      1 |   124 |    +0.2% | -848.935 |  -641857.1 | -1060463.4 |   2405 | u_mul.result\[26\]$_DFFE_PN0P_/D
     311* |       1 |      40 |       60 |      0 |   104 |    +0.2% | -848.557 |  -641876.7 | -1060439.0 |   2405 | u_mul.result\[26\]$_DFFE_PN0P_/D
     320* |       1 |      40 |       60 |      0 |   112 |    +0.2% | -848.557 |  -641891.8 | -1060447.2 |   2405 | u_mul.result\[26\]$_DFFE_PN0P_/D
     330* |       2 |      41 |       61 |      0 |   119 |    +0.2% | -848.557 |  -641868.2 | -1060420.2 |   2405 | u_mul.result\[26\]$_DFFE_PN0P_/D
     340* |       2 |      46 |       63 |      0 |   122 |    +0.2% | -848.935 |  -641871.8 | -1060401.9 |   2405 | u_mul.result\[26\]$_DFFE_PN0P_/D
     350* |       2 |      49 |       65 |      0 |   128 |    +0.2% | -849.164 |  -641869.2 | -1060368.2 |   2405 | u_mul.result\[26\]$_DFFE_PN0P_/D
     360* |       2 |      56 |       65 |      0 |   131 |    +0.2% | -849.164 |  -641870.4 | -1060360.2 |   2405 | u_mul.result\[26\]$_DFFE_PN0P_/D
     370* |       2 |      61 |       65 |      0 |   136 |    +0.2% | -849.164 |  -641872.6 | -1060350.5 |   2405 | u_mul.result\[26\]$_DFFE_PN0P_/D
     380* |       2 |      64 |       71 |      0 |   140 |    +0.2% | -849.164 |  -641860.9 | -1060358.0 |   2405 | u_mul.result\[26\]$_DFFE_PN0P_/D
     388* |       2 |      45 |       63 |      0 |   121 |    +0.2% | -848.557 |  -641871.4 | -1060412.0 |   2405 | u_mul.result\[26\]$_DFFE_PN0P_/D
     390* |       2 |      45 |       63 |      0 |   122 |    +0.2% | -848.557 |  -641870.7 | -1060411.4 |   2405 | u_mul.result\[26\]$_DFFE_PN0P_/D
     400* |       2 |      47 |       65 |      0 |   128 |    +0.2% | -848.557 |  -641777.9 | -1060404.4 |   2405 | u_mul.result\[26\]$_DFFE_PN0P_/D
     410* |       2 |      48 |       65 |      0 |   137 |    +0.2% | -848.557 |  -641772.1 | -1060426.0 |   2405 | u_mul.result\[26\]$_DFFE_PN0P_/D
     420* |       2 |      53 |       67 |      0 |   141 |    +0.2% | -848.935 |  -641754.1 | -1060369.8 |   2405 | u_mul.result\[26\]$_DFFE_PN0P_/D
     430* |       2 |      56 |       70 |      0 |   145 |    +0.2% | -848.935 |  -641741.3 | -1060335.0 |   2405 | u_mul.result\[26\]$_DFFE_PN0P_/D
     440* |       2 |      60 |       71 |      0 |   150 |    +0.2% | -849.164 |  -641714.9 | -1060316.4 |   2405 | u_mul.result\[26\]$_DFFE_PN0P_/D
     450* |       2 |      64 |       73 |      0 |   154 |    +0.2% | -849.164 |  -641697.0 | -1060325.4 |   2405 | u_mul.result\[26\]$_DFFE_PN0P_/D
     453* |       2 |      48 |       65 |      0 |   130 |    +0.2% | -848.557 |  -641777.9 | -1060407.9 |   2405 | u_mul.result\[26\]$_DFFE_PN0P_/D
     460* |       2 |      53 |       65 |      0 |   131 |    +0.2% | -848.935 |  -641772.1 | -1060346.9 |   2405 | u_mul.result\[26\]$_DFFE_PN0P_/D
     470* |       2 |      58 |       69 |      0 |   132 |    +0.2% | -848.935 |  -641727.0 | -1060325.6 |   2405 | u_mul.result\[26\]$_DFFE_PN0P_/D
     480* |       2 |      66 |       71 |      0 |   132 |    +0.2% | -849.250 |  -641706.4 | -1060305.5 |   2405 | u_mul.result\[26\]$_DFFE_PN0P_/D
     490* |       2 |      70 |       72 |      0 |   137 |    +0.2% | -849.250 |  -641706.4 | -1060305.4 |   2405 | u_mul.result\[26\]$_DFFE_PN0P_/D
     500* |       3 |      72 |       75 |      0 |   142 |    +0.2% | -850.356 |  -641706.6 | -1060315.5 |   2405 | u_mul.result\[26\]$_DFFE_PN0P_/D
     505* |       2 |      48 |       65 |      0 |   131 |    +0.2% | -848.557 |  -641772.7 | -1060405.5 |   2405 | u_mul.result\[26\]$_DFFE_PN0P_/D
     509* |       2 |      48 |       65 |      0 |   134 |    +0.2% | -848.557 |  -641772.7 | -1060404.9 |   2405 | u_mul.result\[26\]$_DFFE_PN0P_/D
     510* |       2 |      48 |       65 |      0 |   134 |    +0.2% | -848.557 |  -641772.7 | -1060404.9 |   2405 | u_mul.result\[26\]$_DFFE_PN0P_/D
     520* |       2 |      49 |       67 |      0 |   141 |    +0.2% | -848.557 |  -641777.6 | -1060387.4 |   2405 | u_mul.result\[26\]$_DFFE_PN0P_/D
     530* |       2 |      49 |       70 |      0 |   148 |    +0.2% | -848.557 |  -641777.9 | -1060365.8 |   2405 | u_mul.result\[26\]$_DFFE_PN0P_/D
     540* |       2 |      53 |       72 |      0 |   152 |    +0.2% | -848.935 |  -641778.2 | -1060315.8 |   2405 | u_mul.result\[26\]$_DFFE_PN0P_/D
     550* |       2 |      58 |       72 |      0 |   157 |    +0.2% | -848.935 |  -641780.2 | -1060298.5 |   2405 | u_mul.result\[26\]$_DFFE_PN0P_/D
     557* |       2 |      49 |       70 |      0 |   147 |    +0.2% | -848.557 |  -641777.9 | -1060365.2 |   2405 | u_mul.result\[26\]$_DFFE_PN0P_/D
     560* |       2 |      51 |       70 |      0 |   147 |    +0.2% | -848.935 |  -641776.8 | -1060325.4 |   2405 | u_mul.result\[26\]$_DFFE_PN0P_/D
     570* |       2 |      59 |       72 |      0 |   147 |    +0.2% | -848.935 |  -641747.5 | -1060301.4 |   2405 | u_mul.result\[26\]$_DFFE_PN0P_/D
     580* |       2 |      66 |       74 |      0 |   148 |    +0.2% | -849.250 |  -641736.2 | -1060275.1 |   2405 | u_mul.result\[26\]$_DFFE_PN0P_/D
     590* |       2 |      71 |       79 |      0 |   149 |    +0.3% | -849.250 |  -641725.6 | -1060266.9 |   2405 | u_mul.result\[26\]$_DFFE_PN0P_/D
     600* |       2 |      73 |       82 |      0 |   154 |    +0.3% | -849.250 |  -641716.8 | -1060305.1 |   2405 | u_mul.result\[26\]$_DFFE_PN0P_/D
     608* |       2 |      49 |       70 |      0 |   147 |    +0.2% | -848.557 |  -641777.9 | -1060365.2 |   2405 | u_mul.result\[26\]$_DFFE_PN0P_/D
     610* |       2 |      49 |       72 |      0 |   147 |    +0.2% | -848.557 |  -641774.2 | -1060364.9 |   2405 | u_mul.result\[26\]$_DFFE_PN0P_/D
     620* |       2 |      52 |       77 |      1 |   148 |    +0.2% | -848.557 |  -641765.9 | -1060362.1 |   2405 | u_mul.result\[26\]$_DFFE_PN0P_/D
     629* |       2 |      55 |       77 |      1 |   153 |    +0.2% | -848.557 |  -641767.2 | -1060360.0 |   2405 | u_mul.result\[26\]$_DFFE_PN0P_/D
     630* |       2 |      55 |       77 |      1 |   153 |    +0.2% | -848.557 |  -641767.2 | -1060360.0 |   2405 | u_mul.result\[26\]$_DFFE_PN0P_/D
     640* |       2 |      56 |       79 |      1 |   160 |    +0.2% | -848.557 |  -641770.0 | -1060364.5 |   2405 | u_mul.result\[26\]$_DFFE_PN0P_/D
     650* |       2 |      59 |       83 |      1 |   165 |    +0.3% | -848.557 |  -641758.2 | -1060361.2 |   2405 | u_mul.result\[26\]$_DFFE_PN0P_/D
     660* |       2 |      66 |       84 |      1 |   167 |    +0.3% | -848.935 |  -641756.6 | -1060330.5 |   2405 | u_mul.result\[26\]$_DFFE_PN0P_/D
     669* |       2 |      59 |       83 |      1 |   163 |    +0.3% | -848.557 |  -641758.2 | -1060359.9 |   2405 | u_mul.result\[26\]$_DFFE_PN0P_/D
     670* |       2 |      59 |       83 |      1 |   163 |    +0.3% | -848.557 |  -641758.2 | -1060359.9 |   2405 | u_mul.result\[26\]$_DFFE_PN0P_/D
     680* |       2 |      63 |       87 |      1 |   166 |    +0.3% | -849.164 |  -641746.9 | -1060290.2 |   2405 | u_mul.result\[26\]$_DFFE_PN0P_/D
     690* |       2 |      64 |       89 |      1 |   174 |    +0.3% | -849.163 |  -641739.0 | -1060278.6 |   2405 | u_mul.result\[26\]$_DFFE_PN0P_/D
     700* |       2 |      68 |       93 |      1 |   178 |    +0.3% | -849.163 |  -641725.3 | -1060257.0 |   2405 | u_mul.result\[26\]$_DFFE_PN0P_/D
     710* |       2 |      71 |       96 |      1 |   183 |    +0.3% | -850.268 |  -641714.0 | -1060261.5 |   2405 | u_mul.result\[26\]$_DFFE_PN0P_/D
     720* |       3 |      73 |       98 |      1 |   188 |    +0.3% | -850.268 |  -641703.0 | -1060266.2 |   2405 | u_mul.result\[26\]$_DFFE_PN0P_/D
     728* |       2 |      61 |       87 |      1 |   166 |    +0.3% | -848.557 |  -641744.5 | -1060324.6 |   2405 | u_mul.result\[26\]$_DFFE_PN0P_/D
     730* |       2 |      61 |       87 |      1 |   167 |    +0.3% | -848.557 |  -641745.2 | -1060325.0 |   2405 | u_mul.result\[26\]$_DFFE_PN0P_/D
     740* |       2 |      63 |       88 |      1 |   174 |    +0.3% | -848.557 |  -641746.2 | -1060349.1 |   2405 | u_mul.result\[26\]$_DFFE_PN0P_/D
     750* |       2 |      70 |       88 |      1 |   177 |    +0.3% | -848.557 |  -641747.4 | -1060324.0 |   2405 | u_mul.result\[26\]$_DFFE_PN0P_/D
     760* |       2 |      73 |       90 |      1 |   182 |    +0.3% | -848.557 |  -641735.9 | -1060315.4 |   2405 | u_mul.result\[26\]$_DFFE_PN0P_/D
     770* |       2 |      75 |       91 |      1 |   189 |    +0.3% | -848.557 |  -641735.9 | -1060316.2 |   2405 | u_mul.result\[26\]$_DFFE_PN0P_/D
     780* |       2 |      80 |       93 |      1 |   192 |    +0.3% | -848.935 |  -641737.3 | -1060290.2 |   2405 | u_mul.result\[26\]$_DFFE_PN0P_/D
     782* |       2 |      75 |       92 |      1 |   189 |    +0.3% | -848.557 |  -641735.9 | -1060315.6 |   2405 | u_mul.result\[26\]$_DFFE_PN0P_/D
     790* |       2 |      81 |       92 |      1 |   190 |    +0.3% | -849.164 |  -641734.6 | -1060267.8 |   2405 | u_mul.result\[26\]$_DFFE_PN0P_/D
     800* |       2 |      87 |       92 |      1 |   194 |    +0.3% | -849.164 |  -641740.0 | -1060260.4 |   2405 | u_mul.result\[26\]$_DFFE_PN0P_/D
     810* |       2 |      90 |       94 |      1 |   200 |    +0.3% | -849.163 |  -641714.4 | -1060243.9 |   2405 | u_mul.result\[26\]$_DFFE_PN0P_/D
     820* |       2 |      93 |       98 |      1 |   204 |    +0.3% | -850.268 |  -641707.4 | -1060255.8 |   2405 | u_mul.result\[26\]$_DFFE_PN0P_/D
     830* |       3 |      95 |       98 |      1 |   211 |    +0.3% | -850.268 |  -641704.9 | -1060258.9 |   2405 | u_mul.result\[26\]$_DFFE_PN0P_/D
     836* |       2 |      78 |       92 |      1 |   189 |    +0.3% | -848.557 |  -641732.0 | -1060311.6 |   2405 | u_mul.result\[26\]$_DFFE_PN0P_/D
     840* |       2 |      80 |       94 |      1 |   189 |    +0.3% | -849.163 |  -641711.9 | -1060257.4 |   2405 | u_mul.result\[26\]$_DFFE_PN0P_/D
     850* |       2 |      86 |       97 |      1 |   191 |    +0.3% | -850.268 |  -641711.6 | -1060251.9 |   2405 | u_mul.result\[26\]$_DFFE_PN0P_/D
     860* |       3 |      93 |       99 |      1 |   192 |    +0.3% | -850.268 |  -641697.3 | -1060247.6 |   2405 | u_mul.result\[26\]$_DFFE_PN0P_/D
     870* |       3 |      94 |      100 |      1 |   200 |    +0.3% | -850.268 |  -641697.3 | -1060251.8 |   2405 | u_mul.result\[26\]$_DFFE_PN0P_/D
     880* |       3 |     100 |      101 |      1 |   203 |    +0.3% | -850.269 |  -641698.1 | -1060256.1 |   2405 | u_mul.result\[26\]$_DFFE_PN0P_/D
     888* |       2 |      78 |       94 |      1 |   189 |    +0.3% | -848.555 |  -641708.9 | -1060306.2 |   2405 | u_mul.result\[26\]$_DFFE_PN0P_/D
     890* |       2 |      78 |       95 |      1 |   189 |    +0.3% | -848.555 |  -641708.9 | -1060303.1 |   2405 | u_mul.result\[26\]$_DFFE_PN0P_/D
     900* |       2 |      79 |      101 |      1 |   194 |    +0.3% | -848.514 |  -641706.9 | -1060291.2 |   2405 | u_mul.result\[26\]$_DFFE_PN0P_/D
     910* |       2 |      82 |      101 |      1 |   201 |    +0.3% | -848.514 |  -641707.6 | -1060287.5 |   2405 | u_mul.result\[26\]$_DFFE_PN0P_/D
     920* |       2 |      87 |      101 |      1 |   206 |    +0.3% | -848.892 |  -641708.0 | -1060253.6 |   2405 | u_mul.result\[26\]$_DFFE_PN0P_/D
     920* |       2 |      82 |      101 |      1 |   201 |    +0.3% | -848.514 |  -641707.6 | -1060287.5 |   2405 | u_mul.result\[26\]$_DFFE_PN0P_/D
     930* |       2 |      89 |      101 |      1 |   203 |    +0.3% | -849.121 |  -641691.6 | -1060213.4 |   2405 | u_mul.result\[26\]$_DFFE_PN0P_/D
     940* |       3 |      96 |      101 |      1 |   205 |    +0.3% | -849.121 |  -641661.5 | -1060206.9 |   2405 | u_mul.result\[26\]$_DFFE_PN0P_/D
     950* |       3 |     102 |      105 |      1 |   206 |    +0.4% | -850.227 |  -641648.1 | -1060223.6 |   2405 | u_mul.result\[26\]$_DFFE_PN0P_/D
     960* |       3 |     106 |      109 |      1 |   208 |    +0.4% | -850.313 |  -641644.0 | -1060230.6 |   2405 | u_mul.result\[26\]$_DFFE_PN0P_/D
     970* |       3 |     109 |      111 |      1 |   213 |    +0.4% | -850.313 |  -641644.0 | -1060228.8 |   2405 | u_mul.result\[26\]$_DFFE_PN0P_/D
     973* |       2 |      83 |      101 |      1 |   202 |    +0.3% | -848.514 |  -641705.5 | -1060276.2 |   2405 | u_mul.result\[26\]$_DFFE_PN0P_/D
     979* |       3 |      84 |      102 |      1 |   204 |    +0.3% | -848.514 |  -641705.5 | -1060263.9 |   2405 | u_mul.result\[26\]$_DFFE_PN0P_/D
     980* |       3 |      84 |      102 |      1 |   204 |    +0.3% | -848.514 |  -641705.5 | -1060263.9 |   2405 | u_mul.result\[26\]$_DFFE_PN0P_/D
     990* |       3 |      91 |      103 |      1 |   206 |    +0.3% | -848.892 |  -641700.6 | -1060230.0 |   2405 | u_mul.result\[26\]$_DFFE_PN0P_/D
    1000* |       4 |      96 |      108 |      1 |   207 |    +0.3% | -848.892 |  -641668.4 | -1060254.2 |   2405 | u_mul.result\[26\]$_DFFE_PN0P_/D
    1010* |       4 |     104 |      110 |      1 |   208 |    +0.4% | -848.892 |  -641463.9 | -1059415.2 |   2405 | u_mul.result\[26\]$_DFFE_PN0P_/D
    1020* |       5 |     108 |      112 |      1 |   211 |    +0.4% | -848.892 |  -641295.9 | -1057804.0 |   2405 | u_mul.result\[26\]$_DFFE_PN0P_/D
    1024* |       3 |      86 |      103 |      1 |   205 |    +0.3% | -848.514 |  -641706.1 | -1060259.9 |   2405 | u_mul.result\[26\]$_DFFE_PN0P_/D
    1030* |       3 |      87 |      107 |      1 |   206 |    +0.3% | -848.514 |  -641159.2 | -1055531.0 |   2405 | u_mul.result\[26\]$_DFFE_PN0P_/D
    1040* |       3 |      89 |      110 |      1 |   212 |    +0.3% | -848.514 |  -640700.4 | -1053502.1 |   2405 | u_mul.result\[26\]$_DFFE_PN0P_/D
    1050* |       3 |      94 |      111 |      1 |   216 |    +0.3% | -848.514 |  -638855.2 | -1052575.0 |   2405 | u_mul.result\[26\]$_DFFE_PN0P_/D
    1060* |       3 |      96 |      114 |      1 |   221 |    +0.4% | -848.514 |  -639182.1 | -1051262.5 |   2405 | u_mul.result\[26\]$_DFFE_PN0P_/D
    1070* |       3 |      98 |      119 |      1 |   226 |    +0.4% | -848.514 |  -638666.8 | -1049665.2 |   2405 | u_mul.result\[26\]$_DFFE_PN0P_/D
    1080* |       3 |     101 |      124 |      1 |   230 |    +0.4% | -848.514 |  -638645.6 | -1048826.6 |   2405 | u_mul.result\[26\]$_DFFE_PN0P_/D
    1090* |       3 |     104 |      126 |      1 |   235 |    +0.4% | -848.514 |  -638147.0 | -1048196.9 |   2405 | u_mul.result\[26\]$_DFFE_PN0P_/D
    1100* |       3 |     108 |      132 |      1 |   238 |    +0.4% | -848.514 |  -637991.6 | -1046027.8 |   2405 | u_mul.result\[26\]$_DFFE_PN0P_/D
    1110* |       3 |     111 |      133 |      1 |   244 |    +0.4% | -848.514 |  -637298.5 | -1044771.0 |   2405 | u_mul.result\[26\]$_DFFE_PN0P_/D
    1120* |       3 |     115 |      135 |      1 |   248 |    +0.4% | -848.514 |  -637051.5 | -1043251.2 |   2405 | u_mul.result\[26\]$_DFFE_PN0P_/D
    1129* |       3 |     118 |      136 |      1 |   253 |    +0.4% | -848.514 |  -637027.8 | -1042675.8 |   2405 | u_mul.result\[26\]$_DFFE_PN0P_/D
    1130* |       3 |     118 |      136 |      1 |   253 |    +0.4% | -848.514 |  -637027.8 | -1042675.8 |   2405 | u_mul.result\[26\]$_DFFE_PN0P_/D
    1140* |       3 |     121 |      139 |      2 |   256 |    +0.4% | -848.514 |  -637187.8 | -1042471.6 |   2405 | u_mul.result\[26\]$_DFFE_PN0P_/D
    1150* |       3 |     124 |      141 |      2 |   261 |    +0.5% | -848.514 |  -636916.9 | -1042254.4 |   2405 | u_mul.result\[26\]$_DFFE_PN0P_/D
    1160* |       3 |     128 |      142 |      2 |   266 |    +0.5% | -848.514 |  -636842.2 | -1041669.4 |   2405 | u_mul.result\[26\]$_DFFE_PN0P_/D
    1168* |       3 |     121 |      138 |      2 |   255 |    +0.4% | -848.514 |  -637180.1 | -1042540.9 |   2405 | u_mul.result\[26\]$_DFFE_PN0P_/D
    1170* |       3 |     121 |      139 |      2 |   255 |    +0.4% | -848.514 |  -637180.1 | -1042552.3 |   2405 | u_mul.result\[26\]$_DFFE_PN0P_/D
    1174* |       3 |     121 |      138 |      2 |   255 |    +0.4% | -848.514 |  -637180.1 | -1042540.9 |   2405 | u_mul.result\[26\]$_DFFE_PN0P_/D
    1180* |       3 |     124 |      139 |      2 |   256 |    +0.4% | -848.514 |  -637180.1 | -1042552.1 |   2405 | u_mul.result\[26\]$_DFFE_PN0P_/D
    1180* |       3 |     121 |      138 |      2 |   255 |    +0.4% | -848.514 |  -637180.1 | -1042540.9 |   2405 | u_mul.result\[26\]$_DFFE_PN0P_/D
    1187* |       3 |     125 |      139 |      2 |   255 |    +0.5% | -848.514 |  -637180.1 | -1042546.2 |   2405 | u_mul.result\[26\]$_DFFE_PN0P_/D
    1190* |       3 |     126 |      140 |      2 |   255 |    +0.5% | -848.514 |  -637180.1 | -1042534.2 |   2405 | u_mul.result\[26\]$_DFFE_PN0P_/D
    1200* |       3 |     131 |      143 |      2 |   257 |    +0.5% | -848.892 |  -637178.6 | -1042509.9 |   2405 | u_mul.result\[26\]$_DFFE_PN0P_/D
    1209* |       3 |     127 |      140 |      2 |   256 |    +0.5% | -848.514 |  -637175.9 | -1042532.6 |   2405 | u_mul.result\[26\]$_DFFE_PN0P_/D
    1210* |       3 |     127 |      140 |      2 |   256 |    +0.5% | -848.514 |  -637175.9 | -1042532.6 |   2405 | u_mul.result\[26\]$_DFFE_PN0P_/D
    1220* |       3 |     136 |      140 |      2 |   257 |    +0.5% | -849.121 |  -637146.5 | -1042452.2 |   2405 | u_mul.result\[26\]$_DFFE_PN0P_/D
    1230* |       3 |     143 |      140 |      2 |   260 |    +0.5% | -850.227 |  -637135.1 | -1042454.8 |   2405 | u_mul.result\[26\]$_DFFE_PN0P_/D
    1240* |       3 |     149 |      144 |      2 |   261 |    +0.5% | -850.227 |  -637128.1 | -1042456.6 |   2405 | u_mul.result\[26\]$_DFFE_PN0P_/D
    1248* |       3 |     128 |      140 |      2 |   257 |    +0.5% | -848.514 |  -637175.9 | -1042526.9 |   2405 | u_mul.result\[26\]$_DFFE_PN0P_/D
    1250* |       3 |     129 |      140 |      2 |   257 |    +0.5% | -848.514 |  -637175.9 | -1042524.2 |   2405 | u_mul.result\[26\]$_DFFE_PN0P_/D
    1260* |       4 |     136 |      141 |      2 |   258 |    +0.5% | -848.892 |  -637141.3 | -1042526.2 |   2405 | u_mul.result\[26\]$_DFFE_PN0P_/D
    1266* |       4 |     129 |      140 |      2 |   258 |    +0.5% | -848.514 |  -637175.9 | -1042520.9 |   2405 | u_mul.result\[26\]$_DFFE_PN0P_/D
    1268* |       4 |     129 |      140 |      2 |   258 |    +0.5% | -848.514 |  -637175.9 | -1042520.9 |   2405 | u_mul.result\[26\]$_DFFE_PN0P_/D
    1270* |       4 |     130 |      140 |      2 |   258 |    +0.5% | -848.514 |  -637175.9 | -1042509.6 |   2405 | u_mul.result\[26\]$_DFFE_PN0P_/D
    1278* |       4 |     132 |      140 |      3 |   258 |    +0.5% | -848.514 |  -637175.9 | -1042498.1 |   2405 | u_mul.result\[26\]$_DFFE_PN0P_/D
    1280* |       4 |     133 |      140 |      3 |   258 |    +0.5% | -848.514 |  -637175.9 | -1042495.2 |   2405 | u_mul.result\[26\]$_DFFE_PN0P_/D
    1286* |       4 |     136 |      142 |      3 |   259 |    +0.5% | -848.514 |  -637802.3 | -1042570.9 |   2405 | u_mul.result\[26\]$_DFFE_PN0P_/D
    1290* |       4 |     138 |      143 |      3 |   259 |    +0.5% | -848.514 |  -637802.3 | -1042576.3 |   2405 | u_mul.result\[26\]$_DFFE_PN0P_/D
    1293* |       4 |     138 |      142 |      3 |   259 |    +0.5% | -848.514 |  -637802.3 | -1042565.5 |   2405 | u_mul.result\[26\]$_DFFE_PN0P_/D
    1300* |       4 |     141 |      145 |      3 |   259 |    +0.5% | -848.514 |  -638989.2 | -1042927.1 |   2405 | u_mul.result\[26\]$_DFFE_PN0P_/D
    1300* |       4 |     140 |      142 |      3 |   259 |    +0.5% | -848.514 |  -637172.1 | -1042510.0 |   2405 | u_mul.result\[26\]$_DFFE_PN0P_/D
    1310* |       4 |     146 |      142 |      3 |   262 |    +0.5% | -849.121 |  -637174.0 | -1042436.7 |   2405 | u_mul.result\[26\]$_DFFE_PN0P_/D
    1320* |       4 |     155 |      144 |      3 |   262 |    +0.5% | -850.227 |  -637153.4 | -1042424.8 |   2405 | u_mul.result\[26\]$_DFFE_PN0P_/D
    1330* |       5 |     160 |      146 |      3 |   264 |    +0.5% | -850.227 |  -637154.1 | -1042420.2 |   2405 | u_mul.result\[26\]$_DFFE_PN0P_/D
    1340* |       5 |     164 |      147 |      3 |   269 |    +0.5% | -850.227 |  -637153.0 | -1042423.2 |   2405 | u_mul.result\[26\]$_DFFE_PN0P_/D
    1342* |       4 |     140 |      142 |      3 |   259 |    +0.5% | -848.514 |  -637172.1 | -1042510.0 |   2405 | u_mul.result\[26\]$_DFFE_PN0P_/D
    1344* |       4 |     140 |      142 |      3 |   259 |    +0.5% | -848.514 |  -637172.1 | -1042510.0 |   2405 | u_mul.result\[26\]$_DFFE_PN0P_/D
    1349* |       4 |     140 |      142 |      3 |   259 |    +0.5% | -848.514 |  -637172.1 | -1042510.0 |   2405 | u_mul.result\[26\]$_DFFE_PN0P_/D
    1350* |       4 |     140 |      142 |      3 |   259 |    +0.5% | -848.514 |  -637172.1 | -1042510.0 |   2405 | u_mul.result\[26\]$_DFFE_PN0P_/D
    1353* |       4 |     141 |      142 |      3 |   260 |    +0.5% | -848.514 |  -637172.1 | -1042510.9 |   2405 | u_mul.result\[26\]$_DFFE_PN0P_/D
    1359* |       4 |     144 |      142 |      3 |   260 |    +0.5% | -848.514 |  -637172.1 | -1042507.5 |   2405 | u_mul.result\[26\]$_DFFE_PN0P_/D
    1360* |       4 |     144 |      142 |      3 |   260 |    +0.5% | -848.514 |  -637172.1 | -1042507.5 |   2405 | u_mul.result\[26\]$_DFFE_PN0P_/D
    1367* |       4 |     148 |      144 |      3 |   261 |    +0.5% | -848.514 |  -637172.1 | -1042534.7 |   2405 | u_mul.result\[26\]$_DFFE_PN0P_/D
    1370* |       4 |     148 |      145 |      3 |   262 |    +0.5% | -848.514 |  -637172.1 | -1042544.8 |   2405 | u_mul.result\[26\]$_DFFE_PN0P_/D
    1374* |       4 |     150 |      145 |      5 |   262 |    +0.5% | -848.514 |  -638088.5 | -1042758.4 |   2405 | u_mul.result\[26\]$_DFFE_PN0P_/D
    1380* |       4 |     155 |      145 |      5 |   262 |    +0.5% | -848.514 |  -639122.4 | -1043148.5 |   2405 | u_mul.result\[26\]$_DFFE_PN0P_/D
    1390* |       4 |     160 |      149 |      7 |   263 |    +0.5% | -848.514 |  -638267.5 | -1045830.0 |   2405 | u_mul.result\[26\]$_DFFE_PN0P_/D
    1390* |       4 |     155 |      146 |      6 |   262 |    +0.5% | -848.514 |  -639139.6 | -1043143.1 |   2405 | u_mul.result\[26\]$_DFFE_PN0P_/D
    1396* |       4 |     158 |      149 |      6 |   262 |    +0.5% | -848.514 |  -638096.5 | -1045630.1 |   2405 | u_mul.result\[26\]$_DFFE_PN0P_/D
    1398* |       4 |     158 |      149 |      6 |   262 |    +0.5% | -848.514 |  -638096.5 | -1045630.1 |   2405 | u_mul.result\[26\]$_DFFE_PN0P_/D
    1400* |       4 |     159 |      149 |      6 |   262 |    +0.5% | -848.514 |  -638096.5 | -1045630.4 |   2405 | u_mul.result\[26\]$_DFFE_PN0P_/D
    1400* |       4 |     159 |      149 |      6 |   262 |    +0.5% | -848.514 |  -638096.5 | -1045630.4 |   2405 | u_mul.result\[26\]$_DFFE_PN0P_/D
    1400* |       4 |     159 |      149 |      6 |   262 |    +0.5% | -848.514 |  -638096.5 | -1045630.4 |   2405 | u_mul.result\[26\]$_DFFE_PN0P_/D
    1400+ |       4 |     159 |      149 |      6 |   262 |    +0.5% | -848.514 |  -638096.5 | -1045630.4 |   2405 | u_mul.result\[26\]$_DFFE_PN0P_/D
    1401+ |       4 |     159 |      149 |      6 |   262 |    +0.5% | -848.514 |  -638096.5 | -1045630.4 |   2405 | u_mul.result\[26\]$_DFFE_PN0P_/D
    1403+ |       4 |     159 |      149 |      6 |   263 |    +0.5% | -848.514 |  -638096.5 | -1045630.7 |   2405 | u_mul.result\[26\]$_DFFE_PN0P_/D
    1404+ |       4 |     159 |      149 |      6 |   263 |    +0.5% | -848.514 |  -638096.5 | -1045630.7 |   2405 | u_mul.result\[26\]$_DFFE_PN0P_/D
    1405+ |       4 |     159 |      149 |      6 |   263 |    +0.5% | -848.514 |  -638096.5 | -1045630.7 |   2405 | u_mul.result\[26\]$_DFFE_PN0P_/D
    1407+ |       4 |     159 |      149 |      6 |   264 |    +0.5% | -848.514 |  -638096.5 | -1045631.2 |   2405 | u_mul.result\[26\]$_DFFE_PN0P_/D
    1408+ |       4 |     159 |      149 |      6 |   264 |    +0.5% | -848.514 |  -638096.5 | -1045631.2 |   2405 | u_mul.result\[26\]$_DFFE_PN0P_/D
    1409+ |       4 |     159 |      149 |      6 |   264 |    +0.5% | -848.514 |  -638096.5 | -1045631.2 |   2405 | u_mul.result\[26\]$_DFFE_PN0P_/D
    1410+ |       4 |     159 |      149 |      6 |   264 |    +0.5% | -848.514 |  -638096.5 | -1045631.2 |   2405 | u_mul.result\[26\]$_DFFE_PN0P_/D
    1410+ |       4 |     159 |      149 |      6 |   264 |    +0.5% | -848.514 |  -638096.5 | -1045631.2 |   2405 | u_mul.result\[26\]$_DFFE_PN0P_/D
    1411+ |       4 |     159 |      149 |      6 |   264 |    +0.5% | -848.514 |  -638096.5 | -1045631.2 |   2405 | u_mul.result\[26\]$_DFFE_PN0P_/D
    1412+ |       4 |     159 |      149 |      6 |   264 |    +0.5% | -848.514 |  -638096.5 | -1045631.2 |   2405 | u_mul.result\[26\]$_DFFE_PN0P_/D
    1413+ |       4 |     159 |      149 |      6 |   264 |    +0.5% | -848.514 |  -638096.5 | -1045631.2 |   2405 | u_mul.result\[26\]$_DFFE_PN0P_/D
    1414+ |       4 |     159 |      149 |      6 |   264 |    +0.5% | -848.514 |  -638096.5 | -1045631.2 |   2405 | u_mul.result\[26\]$_DFFE_PN0P_/D
    1415+ |       4 |     159 |      149 |      6 |   264 |    +0.5% | -848.514 |  -638096.5 | -1045631.2 |   2405 | u_mul.result\[26\]$_DFFE_PN0P_/D
    1416+ |       4 |     159 |      149 |      6 |   264 |    +0.5% | -848.514 |  -638096.5 | -1045631.2 |   2405 | u_mul.result\[26\]$_DFFE_PN0P_/D
    1417+ |       4 |     159 |      149 |      6 |   264 |    +0.5% | -848.514 |  -638096.5 | -1045631.2 |   2405 | u_mul.result\[26\]$_DFFE_PN0P_/D
    1420+ |       4 |     161 |      149 |      6 |   264 |    +0.5% | -848.514 |  -638096.5 | -1045629.4 |   2405 | u_mul.result\[26\]$_DFFE_PN0P_/D
    1424+ |       4 |     164 |      149 |      6 |   265 |    +0.5% | -848.514 |  -638092.5 | -1045628.8 |   2405 | u_mul.result\[26\]$_DFFE_PN0P_/D
    1425+ |       4 |     164 |      149 |      6 |   265 |    +0.5% | -848.514 |  -638092.5 | -1045628.8 |   2405 | u_mul.result\[26\]$_DFFE_PN0P_/D
    1426+ |       4 |     164 |      149 |      6 |   265 |    +0.5% | -848.514 |  -638092.5 | -1045628.8 |   2405 | u_mul.result\[26\]$_DFFE_PN0P_/D
    1427+ |       4 |     164 |      149 |      6 |   265 |    +0.5% | -848.514 |  -638092.5 | -1045628.8 |   2405 | u_mul.result\[26\]$_DFFE_PN0P_/D
    1428+ |       4 |     164 |      149 |      6 |   265 |    +0.5% | -848.514 |  -638092.5 | -1045628.8 |   2405 | u_mul.result\[26\]$_DFFE_PN0P_/D
    1429+ |       4 |     164 |      149 |      6 |   265 |    +0.5% | -848.514 |  -638092.5 | -1045628.8 |   2405 | u_mul.result\[26\]$_DFFE_PN0P_/D
    1430+ |       4 |     164 |      149 |      6 |   265 |    +0.5% | -848.514 |  -638092.5 | -1045628.8 |   2405 | u_mul.result\[26\]$_DFFE_PN0P_/D
    1430+ |       4 |     164 |      149 |      6 |   265 |    +0.5% | -848.514 |  -638092.5 | -1045628.8 |   2405 | u_mul.result\[26\]$_DFFE_PN0P_/D
    1431+ |       4 |     164 |      149 |      6 |   265 |    +0.5% | -848.514 |  -638092.5 | -1045628.8 |   2405 | u_mul.result\[26\]$_DFFE_PN0P_/D
    1434+ |       4 |     165 |      149 |      6 |   266 |    +0.5% | -848.514 |  -638092.5 | -1045624.2 |   2405 | u_mul.result\[26\]$_DFFE_PN0P_/D
    1435+ |       4 |     165 |      149 |      6 |   266 |    +0.5% | -848.514 |  -638092.5 | -1045624.2 |   2405 | u_mul.result\[26\]$_DFFE_PN0P_/D
    1436+ |       4 |     165 |      149 |      6 |   266 |    +0.5% | -848.514 |  -638092.5 | -1045624.2 |   2405 | u_mul.result\[26\]$_DFFE_PN0P_/D
    1437+ |       4 |     165 |      149 |      6 |   266 |    +0.5% | -848.514 |  -638092.5 | -1045624.2 |   2405 | u_mul.result\[26\]$_DFFE_PN0P_/D
    1438+ |       4 |     165 |      149 |      6 |   266 |    +0.5% | -848.514 |  -638092.5 | -1045624.2 |   2405 | u_mul.result\[26\]$_DFFE_PN0P_/D
    1440+ |       4 |     165 |      149 |      6 |   267 |    +0.5% | -848.514 |  -638092.5 | -1045624.7 |   2405 | u_mul.result\[26\]$_DFFE_PN0P_/D
    1440+ |       4 |     165 |      149 |      6 |   267 |    +0.5% | -848.514 |  -638092.5 | -1045624.7 |   2405 | u_mul.result\[26\]$_DFFE_PN0P_/D
    1442+ |       4 |     166 |      149 |      6 |   267 |    +0.5% | -848.514 |  -638068.7 | -1045610.2 |   2405 | u_mul.result\[26\]$_DFFE_PN0P_/D
    1447+ |       4 |     170 |      149 |      6 |   267 |    +0.5% | -848.514 |  -637868.2 | -1045521.4 |   2405 | u_mul.result\[26\]$_DFFE_PN0P_/D
    1448+ |       4 |     170 |      149 |      6 |   267 |    +0.5% | -848.514 |  -637868.2 | -1045521.4 |   2405 | u_mul.result\[26\]$_DFFE_PN0P_/D
    1449+ |       4 |     170 |      149 |      6 |   267 |    +0.5% | -848.514 |  -637868.2 | -1045521.4 |   2405 | u_mul.result\[26\]$_DFFE_PN0P_/D
    1450+ |       4 |     170 |      149 |      6 |   267 |    +0.5% | -848.514 |  -637868.2 | -1045521.4 |   2405 | u_mul.result\[26\]$_DFFE_PN0P_/D
    1452+ |       4 |     171 |      149 |      6 |   268 |    +0.5% | -848.514 |  -637868.2 | -1045516.9 |   2405 | u_mul.result\[26\]$_DFFE_PN0P_/D
    1455+ |       4 |     173 |      149 |      6 |   268 |    +0.5% | -848.514 |  -637610.3 | -1045459.4 |   2405 | u_mul.result\[26\]$_DFFE_PN0P_/D
    1456+ |       4 |     173 |      149 |      6 |   268 |    +0.5% | -848.514 |  -637610.3 | -1045459.4 |   2405 | u_mul.result\[26\]$_DFFE_PN0P_/D
    1457+ |       4 |     173 |      149 |      6 |   268 |    +0.5% | -848.514 |  -637610.3 | -1045459.4 |   2405 | u_mul.result\[26\]$_DFFE_PN0P_/D
    1458+ |       4 |     173 |      149 |      6 |   268 |    +0.5% | -848.514 |  -637610.3 | -1045459.4 |   2405 | u_mul.result\[26\]$_DFFE_PN0P_/D
    1459+ |       4 |     173 |      149 |      6 |   268 |    +0.5% | -848.514 |  -637610.3 | -1045459.4 |   2405 | u_mul.result\[26\]$_DFFE_PN0P_/D
    1460+ |       4 |     173 |      149 |      6 |   268 |    +0.5% | -848.514 |  -637610.3 | -1045459.4 |   2405 | u_mul.result\[26\]$_DFFE_PN0P_/D
    1460+ |       4 |     173 |      149 |      6 |   268 |    +0.5% | -848.514 |  -637610.3 | -1045459.4 |   2405 | u_mul.result\[26\]$_DFFE_PN0P_/D
    1461+ |       4 |     173 |      149 |      6 |   268 |    +0.5% | -848.514 |  -637610.3 | -1045459.4 |   2405 | u_mul.result\[26\]$_DFFE_PN0P_/D
    1464+ |       4 |     175 |      149 |      6 |   268 |    +0.5% | -848.514 |  -637869.6 | -1045395.8 |   2405 | u_mul.result\[26\]$_DFFE_PN0P_/D
    1467+ |       4 |     177 |      149 |      6 |   268 |    +0.5% | -848.514 |  -637869.6 | -1045351.2 |   2405 | u_mul.result\[26\]$_DFFE_PN0P_/D
    1469+ |       4 |     178 |      149 |      6 |   268 |    +0.5% | -848.514 |  -637864.1 | -1045348.7 |   2405 | u_mul.result\[26\]$_DFFE_PN0P_/D
    1470+ |       4 |     178 |      149 |      6 |   268 |    +0.5% | -848.514 |  -637864.1 | -1045348.7 |   2405 | u_mul.result\[26\]$_DFFE_PN0P_/D
    1471+ |       4 |     179 |      149 |      6 |   268 |    +0.6% | -848.514 |  -637806.7 | -1045336.5 |   2405 | u_mul.result\[26\]$_DFFE_PN0P_/D
    1472+ |       4 |     179 |      149 |      6 |   268 |    +0.6% | -848.514 |  -637806.7 | -1045336.5 |   2405 | u_mul.result\[26\]$_DFFE_PN0P_/D
    1474+ |       4 |     180 |      149 |      6 |   268 |    +0.6% | -848.514 |  -637807.2 | -1045337.3 |   2405 | u_mul.result\[26\]$_DFFE_PN0P_/D
    1475+ |       4 |     180 |      149 |      6 |   268 |    +0.6% | -848.514 |  -637807.2 | -1045337.3 |   2405 | u_mul.result\[26\]$_DFFE_PN0P_/D
    1476+ |       4 |     180 |      149 |      6 |   268 |    +0.6% | -848.514 |  -637807.2 | -1045337.3 |   2405 | u_mul.result\[26\]$_DFFE_PN0P_/D
    1480+ |       4 |     183 |      149 |      6 |   268 |    +0.6% | -848.514 |  -637858.1 | -1045236.9 |   2405 | u_mul.result\[26\]$_DFFE_PN0P_/D
    1480+ |       4 |     183 |      149 |      6 |   268 |    +0.6% | -848.514 |  -637858.1 | -1045236.9 |   2405 | u_mul.result\[26\]$_DFFE_PN0P_/D
    1481+ |       4 |     183 |      149 |      6 |   268 |    +0.6% | -848.514 |  -637858.1 | -1045236.9 |   2405 | u_mul.result\[26\]$_DFFE_PN0P_/D
    1482+ |       4 |     183 |      149 |      6 |   268 |    +0.6% | -848.514 |  -637858.1 | -1045236.9 |   2405 | u_mul.result\[26\]$_DFFE_PN0P_/D
    1483+ |       4 |     183 |      149 |      6 |   268 |    +0.6% | -848.514 |  -637858.1 | -1045236.9 |   2405 | u_mul.result\[26\]$_DFFE_PN0P_/D
    1484+ |       4 |     183 |      149 |      6 |   268 |    +0.6% | -848.514 |  -637858.1 | -1045236.9 |   2405 | u_mul.result\[26\]$_DFFE_PN0P_/D
    1485+ |       4 |     183 |      149 |      6 |   268 |    +0.6% | -848.514 |  -637858.1 | -1045236.9 |   2405 | u_mul.result\[26\]$_DFFE_PN0P_/D
    1489+ |       4 |     186 |      149 |      6 |   268 |    +0.6% | -848.514 |  -637858.4 | -1045232.9 |   2405 | u_mul.result\[26\]$_DFFE_PN0P_/D
    1490+ |       4 |     186 |      149 |      6 |   268 |    +0.6% | -848.514 |  -637858.4 | -1045232.9 |   2405 | u_mul.result\[26\]$_DFFE_PN0P_/D
    1490+ |       4 |     186 |      149 |      6 |   268 |    +0.6% | -848.514 |  -637858.4 | -1045232.9 |   2405 | u_mul.result\[26\]$_DFFE_PN0P_/D
    1492+ |       4 |     187 |      149 |      6 |   268 |    +0.6% | -848.514 |  -637858.4 | -1045215.9 |   2405 | u_mul.result\[26\]$_DFFE_PN0P_/D
    1493+ |       4 |     187 |      149 |      6 |   268 |    +0.6% | -848.514 |  -637858.4 | -1045215.9 |   2405 | u_mul.result\[26\]$_DFFE_PN0P_/D
    1495+ |       4 |     188 |      149 |      6 |   268 |    +0.6% | -848.514 |  -637790.5 | -1045201.6 |   2405 | u_mul.result\[26\]$_DFFE_PN0P_/D
    1496+ |       4 |     188 |      149 |      6 |   268 |    +0.6% | -848.514 |  -637790.5 | -1045201.6 |   2405 | u_mul.result\[26\]$_DFFE_PN0P_/D
    1497+ |       4 |     188 |      149 |      6 |   268 |    +0.6% | -848.514 |  -637790.5 | -1045201.6 |   2405 | u_mul.result\[26\]$_DFFE_PN0P_/D
    1498+ |       4 |     188 |      149 |      6 |   268 |    +0.6% | -848.514 |  -637790.5 | -1045201.6 |   2405 | u_mul.result\[26\]$_DFFE_PN0P_/D
    1500+ |       4 |     189 |      149 |      6 |   268 |    +0.6% | -848.514 |  -637782.4 | -1045191.7 |   2405 | u_mul.result\[26\]$_DFFE_PN0P_/D
    1502+ |       4 |     190 |      149 |      6 |   268 |    +0.6% | -848.514 |  -637764.7 | -1045183.9 |   2405 | u_mul.result\[26\]$_DFFE_PN0P_/D
    1505+ |       4 |     192 |      149 |      6 |   268 |    +0.6% | -848.514 |  -637754.6 | -1045172.9 |   2405 | u_mul.result\[26\]$_DFFE_PN0P_/D
    1509+ |       4 |     194 |      149 |      6 |   269 |    +0.6% | -848.514 |  -637754.6 | -1045171.6 |   2405 | u_mul.result\[26\]$_DFFE_PN0P_/D
    1510+ |       4 |     194 |      149 |      6 |   269 |    +0.6% | -848.514 |  -637754.6 | -1045171.6 |   2405 | u_mul.result\[26\]$_DFFE_PN0P_/D
    1511+ |       4 |     195 |      149 |      6 |   269 |    +0.6% | -848.514 |  -637754.6 | -1045169.2 |   2405 | u_mul.result\[26\]$_DFFE_PN0P_/D
    1512+ |       4 |     195 |      149 |      6 |   269 |    +0.6% | -848.514 |  -637754.6 | -1045169.2 |   2405 | u_mul.result\[26\]$_DFFE_PN0P_/D
    1513+ |       4 |     195 |      149 |      6 |   269 |    +0.6% | -848.514 |  -637754.6 | -1045169.2 |   2405 | u_mul.result\[26\]$_DFFE_PN0P_/D
    1514+ |       4 |     195 |      149 |      6 |   269 |    +0.6% | -848.514 |  -637754.6 | -1045169.2 |   2405 | u_mul.result\[26\]$_DFFE_PN0P_/D
    1515+ |       4 |     195 |      149 |      6 |   269 |    +0.6% | -848.514 |  -637754.6 | -1045169.2 |   2405 | u_mul.result\[26\]$_DFFE_PN0P_/D
    1516+ |       4 |     195 |      149 |      6 |   269 |    +0.6% | -848.514 |  -637754.6 | -1045169.2 |   2405 | u_mul.result\[26\]$_DFFE_PN0P_/D
    1517+ |       4 |     195 |      149 |      6 |   269 |    +0.6% | -848.514 |  -637754.6 | -1045169.2 |   2405 | u_mul.result\[26\]$_DFFE_PN0P_/D
    1519+ |       4 |     196 |      149 |      6 |   269 |    +0.6% | -848.514 |  -637754.6 | -1045167.3 |   2405 | u_mul.result\[26\]$_DFFE_PN0P_/D
    1520+ |       4 |     196 |      149 |      6 |   269 |    +0.6% | -848.514 |  -637754.6 | -1045167.3 |   2405 | u_mul.result\[26\]$_DFFE_PN0P_/D
    1520+ |       4 |     196 |      149 |      6 |   269 |    +0.6% | -848.514 |  -637754.6 | -1045167.3 |   2405 | u_mul.result\[26\]$_DFFE_PN0P_/D
    1521+ |       4 |     196 |      149 |      6 |   269 |    +0.6% | -848.514 |  -637754.6 | -1045167.3 |   2405 | u_mul.result\[26\]$_DFFE_PN0P_/D
    1522+ |       4 |     196 |      149 |      6 |   269 |    +0.6% | -848.514 |  -637754.6 | -1045167.3 |   2405 | u_mul.result\[26\]$_DFFE_PN0P_/D
    1523+ |       4 |     196 |      149 |      6 |   269 |    +0.6% | -848.514 |  -637754.6 | -1045167.3 |   2405 | u_mul.result\[26\]$_DFFE_PN0P_/D
    1524+ |       4 |     196 |      149 |      6 |   269 |    +0.6% | -848.514 |  -637754.6 | -1045167.3 |   2405 | u_mul.result\[26\]$_DFFE_PN0P_/D
    1525+ |       4 |     196 |      149 |      6 |   269 |    +0.6% | -848.514 |  -637754.6 | -1045167.3 |   2405 | u_mul.result\[26\]$_DFFE_PN0P_/D
    1526+ |       4 |     196 |      149 |      6 |   269 |    +0.6% | -848.514 |  -637754.6 | -1045167.3 |   2405 | u_mul.result\[26\]$_DFFE_PN0P_/D
    1527+ |       4 |     196 |      149 |      6 |   269 |    +0.6% | -848.514 |  -637754.6 | -1045167.3 |   2405 | u_mul.result\[26\]$_DFFE_PN0P_/D
    1528+ |       4 |     196 |      149 |      6 |   269 |    +0.6% | -848.514 |  -637754.6 | -1045167.3 |   2405 | u_mul.result\[26\]$_DFFE_PN0P_/D
    1529+ |       4 |     196 |      149 |      6 |   269 |    +0.6% | -848.514 |  -637754.6 | -1045167.3 |   2405 | u_mul.result\[26\]$_DFFE_PN0P_/D
    1530+ |       4 |     196 |      149 |      6 |   269 |    +0.6% | -848.514 |  -637754.6 | -1045167.3 |   2405 | u_mul.result\[26\]$_DFFE_PN0P_/D
    1530+ |       4 |     196 |      149 |      6 |   269 |    +0.6% | -848.514 |  -637754.6 | -1045167.3 |   2405 | u_mul.result\[26\]$_DFFE_PN0P_/D
    1531+ |       4 |     196 |      149 |      6 |   269 |    +0.6% | -848.514 |  -637754.6 | -1045167.3 |   2405 | u_mul.result\[26\]$_DFFE_PN0P_/D
    1532+ |       4 |     196 |      149 |      6 |   269 |    +0.6% | -848.514 |  -637754.6 | -1045167.3 |   2405 | u_mul.result\[26\]$_DFFE_PN0P_/D
    1535+ |       4 |     197 |      149 |      6 |   270 |    +0.6% | -848.514 |  -637754.6 | -1045166.9 |   2405 | u_mul.result\[26\]$_DFFE_PN0P_/D
    1536+ |       4 |     197 |      149 |      6 |   270 |    +0.6% | -848.514 |  -637754.6 | -1045166.9 |   2405 | u_mul.result\[26\]$_DFFE_PN0P_/D
    1537+ |       4 |     197 |      149 |      6 |   270 |    +0.6% | -848.514 |  -637754.6 | -1045166.9 |   2405 | u_mul.result\[26\]$_DFFE_PN0P_/D
    1538+ |       4 |     197 |      149 |      6 |   270 |    +0.6% | -848.514 |  -637754.6 | -1045166.9 |   2405 | u_mul.result\[26\]$_DFFE_PN0P_/D
    1539+ |       4 |     197 |      149 |      6 |   270 |    +0.6% | -848.514 |  -637754.6 | -1045166.9 |   2405 | u_mul.result\[26\]$_DFFE_PN0P_/D
    1540+ |       4 |     197 |      149 |      6 |   270 |    +0.6% | -848.514 |  -637754.6 | -1045166.9 |   2405 | u_mul.result\[26\]$_DFFE_PN0P_/D
    1540+ |       4 |     197 |      149 |      6 |   270 |    +0.6% | -848.514 |  -637754.6 | -1045166.9 |   2405 | u_mul.result\[26\]$_DFFE_PN0P_/D
    1541+ |       4 |     197 |      149 |      6 |   270 |    +0.6% | -848.514 |  -637754.6 | -1045166.9 |   2405 | u_mul.result\[26\]$_DFFE_PN0P_/D
    1542+ |       4 |     197 |      149 |      6 |   270 |    +0.6% | -848.514 |  -637754.6 | -1045166.9 |   2405 | u_mul.result\[26\]$_DFFE_PN0P_/D
    1545+ |       4 |     198 |      149 |      6 |   271 |    +0.6% | -848.514 |  -637754.6 | -1045166.3 |   2405 | u_mul.result\[26\]$_DFFE_PN0P_/D
    1546+ |       4 |     198 |      149 |      6 |   271 |    +0.6% | -848.514 |  -637754.6 | -1045166.3 |   2405 | u_mul.result\[26\]$_DFFE_PN0P_/D
    1547+ |       4 |     198 |      149 |      6 |   271 |    +0.6% | -848.514 |  -637754.6 | -1045166.3 |   2405 | u_mul.result\[26\]$_DFFE_PN0P_/D
    1548+ |       4 |     198 |      149 |      6 |   271 |    +0.6% | -848.514 |  -637754.6 | -1045166.3 |   2405 | u_mul.result\[26\]$_DFFE_PN0P_/D
    1549+ |       4 |     198 |      149 |      6 |   271 |    +0.6% | -848.514 |  -637754.6 | -1045166.3 |   2405 | u_mul.result\[26\]$_DFFE_PN0P_/D
    1550+ |       4 |     198 |      149 |      6 |   271 |    +0.6% | -848.514 |  -637754.6 | -1045166.3 |   2405 | u_mul.result\[26\]$_DFFE_PN0P_/D
    1550+ |       4 |     198 |      149 |      6 |   271 |    +0.6% | -848.514 |  -637754.6 | -1045166.3 |   2405 | u_mul.result\[26\]$_DFFE_PN0P_/D
    1551+ |       4 |     198 |      149 |      6 |   271 |    +0.6% | -848.514 |  -637754.6 | -1045166.3 |   2405 | u_mul.result\[26\]$_DFFE_PN0P_/D
    1552+ |       4 |     198 |      149 |      6 |   271 |    +0.6% | -848.514 |  -637754.6 | -1045166.3 |   2405 | u_mul.result\[26\]$_DFFE_PN0P_/D
    1553+ |       4 |     198 |      149 |      6 |   271 |    +0.6% | -848.514 |  -637754.6 | -1045166.3 |   2405 | u_mul.result\[26\]$_DFFE_PN0P_/D
    1554+ |       4 |     198 |      149 |      6 |   271 |    +0.6% | -848.514 |  -637754.6 | -1045166.3 |   2405 | u_mul.result\[26\]$_DFFE_PN0P_/D
    1555+ |       4 |     198 |      149 |      6 |   271 |    +0.6% | -848.514 |  -637754.6 | -1045166.3 |   2405 | u_mul.result\[26\]$_DFFE_PN0P_/D
    1556+ |       4 |     198 |      149 |      6 |   271 |    +0.6% | -848.514 |  -637754.6 | -1045166.3 |   2405 | u_mul.result\[26\]$_DFFE_PN0P_/D
    1557+ |       4 |     198 |      149 |      6 |   271 |    +0.6% | -848.514 |  -637754.6 | -1045166.3 |   2405 | u_mul.result\[26\]$_DFFE_PN0P_/D
    1558+ |       4 |     198 |      149 |      6 |   271 |    +0.6% | -848.514 |  -637754.6 | -1045166.3 |   2405 | u_mul.result\[26\]$_DFFE_PN0P_/D
    1559+ |       4 |     198 |      149 |      6 |   271 |    +0.6% | -848.514 |  -637754.6 | -1045166.3 |   2405 | u_mul.result\[26\]$_DFFE_PN0P_/D
    1560+ |       4 |     198 |      149 |      6 |   271 |    +0.6% | -848.514 |  -637754.6 | -1045166.3 |   2405 | u_mul.result\[26\]$_DFFE_PN0P_/D
    1560+ |       4 |     198 |      149 |      6 |   271 |    +0.6% | -848.514 |  -637754.6 | -1045166.3 |   2405 | u_mul.result\[26\]$_DFFE_PN0P_/D
    1561+ |       4 |     198 |      149 |      6 |   271 |    +0.6% | -848.514 |  -637754.6 | -1045166.3 |   2405 | u_mul.result\[26\]$_DFFE_PN0P_/D
    1562+ |       4 |     198 |      149 |      6 |   271 |    +0.6% | -848.514 |  -637754.6 | -1045166.3 |   2405 | u_mul.result\[26\]$_DFFE_PN0P_/D
    1564+ |       4 |     199 |      149 |      6 |   271 |    +0.6% | -848.514 |  -637754.6 | -1045157.4 |   2405 | u_mul.result\[26\]$_DFFE_PN0P_/D
    1565+ |       4 |     199 |      149 |      6 |   271 |    +0.6% | -848.514 |  -637754.6 | -1045157.4 |   2405 | u_mul.result\[26\]$_DFFE_PN0P_/D
    1567+ |       4 |     199 |      149 |      6 |   272 |    +0.6% | -848.514 |  -637754.6 | -1045156.6 |   2405 | u_mul.result\[26\]$_DFFE_PN0P_/D
    1568+ |       4 |     199 |      149 |      6 |   272 |    +0.6% | -848.514 |  -637754.6 | -1045156.6 |   2405 | u_mul.result\[26\]$_DFFE_PN0P_/D
    1569+ |       4 |     199 |      149 |      6 |   272 |    +0.6% | -848.514 |  -637754.6 | -1045156.6 |   2405 | u_mul.result\[26\]$_DFFE_PN0P_/D
    1570+ |       4 |     199 |      149 |      6 |   272 |    +0.6% | -848.514 |  -637754.6 | -1045156.6 |   2405 | u_mul.result\[26\]$_DFFE_PN0P_/D
    1570+ |       4 |     199 |      149 |      6 |   272 |    +0.6% | -848.514 |  -637754.6 | -1045156.6 |   2405 | u_mul.result\[26\]$_DFFE_PN0P_/D
    1571+ |       4 |     199 |      149 |      6 |   272 |    +0.6% | -848.514 |  -637754.6 | -1045156.6 |   2405 | u_mul.result\[26\]$_DFFE_PN0P_/D
    1572+ |       4 |     199 |      149 |      6 |   272 |    +0.6% | -848.514 |  -637754.6 | -1045156.6 |   2405 | u_mul.result\[26\]$_DFFE_PN0P_/D
    1573+ |       4 |     199 |      149 |      6 |   272 |    +0.6% | -848.514 |  -637754.6 | -1045156.6 |   2405 | u_mul.result\[26\]$_DFFE_PN0P_/D
    1574+ |       4 |     199 |      149 |      6 |   272 |    +0.6% | -848.514 |  -637754.6 | -1045156.6 |   2405 | u_mul.result\[26\]$_DFFE_PN0P_/D
    1576+ |       4 |     199 |      149 |      6 |   273 |    +0.6% | -848.514 |  -637753.7 | -1045155.8 |   2405 | u_mul.result\[26\]$_DFFE_PN0P_/D
    1577+ |       4 |     199 |      149 |      6 |   273 |    +0.6% | -848.514 |  -637753.7 | -1045155.8 |   2405 | u_mul.result\[26\]$_DFFE_PN0P_/D
    1579+ |       4 |     200 |      149 |      6 |   273 |    +0.6% | -848.514 |  -637753.9 | -1045136.9 |   2405 | u_mul.result\[26\]$_DFFE_PN0P_/D
    1580+ |       4 |     200 |      149 |      6 |   273 |    +0.6% | -848.514 |  -637753.9 | -1045136.9 |   2405 | u_mul.result\[26\]$_DFFE_PN0P_/D
    1580+ |       4 |     200 |      149 |      6 |   273 |    +0.6% | -848.514 |  -637753.9 | -1045136.9 |   2405 | u_mul.result\[26\]$_DFFE_PN0P_/D
    1583+ |       4 |     201 |      149 |      6 |   274 |    +0.6% | -848.514 |  -637753.9 | -1045132.2 |   2405 | u_mul.result\[26\]$_DFFE_PN0P_/D
    1584+ |       4 |     201 |      149 |      6 |   274 |    +0.6% | -848.514 |  -637753.9 | -1045132.2 |   2405 | u_mul.result\[26\]$_DFFE_PN0P_/D
    1585+ |       4 |     201 |      149 |      6 |   274 |    +0.6% | -848.514 |  -637753.9 | -1045132.2 |   2405 | u_mul.result\[26\]$_DFFE_PN0P_/D
    1588+ |       4 |     202 |      149 |      6 |   275 |    +0.6% | -848.514 |  -637753.9 | -1045131.8 |   2405 | u_mul.result\[26\]$_DFFE_PN0P_/D
    1589+ |       4 |     202 |      149 |      6 |   275 |    +0.6% | -848.514 |  -637753.9 | -1045131.8 |   2405 | u_mul.result\[26\]$_DFFE_PN0P_/D
    1590+ |       4 |     202 |      149 |      6 |   275 |    +0.6% | -848.514 |  -637753.9 | -1045131.8 |   2405 | u_mul.result\[26\]$_DFFE_PN0P_/D
    1590+ |       4 |     202 |      149 |      6 |   275 |    +0.6% | -848.514 |  -637753.9 | -1045131.8 |   2405 | u_mul.result\[26\]$_DFFE_PN0P_/D
    1591+ |       4 |     202 |      149 |      6 |   275 |    +0.6% | -848.514 |  -637753.9 | -1045131.8 |   2405 | u_mul.result\[26\]$_DFFE_PN0P_/D
    1592+ |       4 |     202 |      149 |      6 |   275 |    +0.6% | -848.514 |  -637753.9 | -1045131.8 |   2405 | u_mul.result\[26\]$_DFFE_PN0P_/D
    1593+ |       4 |     202 |      149 |      6 |   275 |    +0.6% | -848.514 |  -637753.9 | -1045131.8 |   2405 | u_mul.result\[26\]$_DFFE_PN0P_/D
    1594+ |       4 |     202 |      149 |      6 |   275 |    +0.6% | -848.514 |  -637753.9 | -1045131.8 |   2405 | u_mul.result\[26\]$_DFFE_PN0P_/D
    1595+ |       4 |     202 |      149 |      6 |   275 |    +0.6% | -848.514 |  -637753.9 | -1045131.8 |   2405 | u_mul.result\[26\]$_DFFE_PN0P_/D
    1596+ |       4 |     202 |      149 |      6 |   275 |    +0.6% | -848.514 |  -637753.9 | -1045131.8 |   2405 | u_mul.result\[26\]$_DFFE_PN0P_/D
    1597+ |       4 |     202 |      149 |      6 |   275 |    +0.6% | -848.514 |  -637753.9 | -1045131.8 |   2405 | u_mul.result\[26\]$_DFFE_PN0P_/D
    1599+ |       4 |     203 |      149 |      6 |   275 |    +0.6% | -848.514 |  -637753.9 | -1045129.8 |   2405 | u_mul.result\[26\]$_DFFE_PN0P_/D
    1600+ |       4 |     203 |      149 |      6 |   275 |    +0.6% | -848.514 |  -637753.9 | -1045129.8 |   2405 | u_mul.result\[26\]$_DFFE_PN0P_/D
    final |       4 |     203 |      149 |      6 |   275 |    +0.6% | -848.514 |  -637753.9 | -1045129.8 |   2405 | u_mul.result\[26\]$_DFFE_PN0P_/D
------------------------------------------------------------------------------------------------------------------------------
[INFO RSZ-0059] Removed 4 buffers.
[INFO RSZ-0040] Inserted 149 buffers.
[INFO RSZ-0051] Resized 203 instances: 203 up, 0 up match, 0 down, 0 VT
[INFO RSZ-0043] Swapped pins on 275 instances.
[INFO RSZ-0049] Cloned 6 instances.
[WARNING RSZ-0062] Unable to repair all setup violations.
[INFO RSZ-0046] Found 125 endpoints with hold violations.
Iteration | Resized | Buffers | Cloned Gates |   Area   |   WNS   |   TNS   | Endpoint
--------------------------------------------------------------------------------------
        0 |       0 |       0 |            0 |    +0.0% | -86.049 | -5715.185 | mem_rdata0[8]$_DFFE_PN0P_/D
       10 |       0 |       0 |            0 |    +0.0% | -86.049 | -5715.185 | mem_rdata0[8]$_DFFE_PN0P_/D
       20 |       0 |       0 |            0 |    +0.0% | -86.049 | -5715.185 | mem_rdata0[8]$_DFFE_PN0P_/D
       30 |       0 |       0 |            0 |    +0.0% | -86.049 | -5715.185 | mem_rdata0[8]$_DFFE_PN0P_/D
       40 |       0 |       0 |            0 |    +0.0% | -86.049 | -5715.185 | mem_rdata0[8]$_DFFE_PN0P_/D
       50 |       0 |       0 |            0 |    +0.0% | -86.049 | -5715.185 | mem_rdata0[8]$_DFFE_PN0P_/D
       60 |       0 |       0 |            0 |    +0.0% | -86.049 | -5715.185 | mem_rdata0[8]$_DFFE_PN0P_/D
       70 |       0 |       0 |            0 |    +0.0% | -86.049 | -5715.185 | mem_rdata0[8]$_DFFE_PN0P_/D
       80 |       0 |       0 |            0 |    +0.0% | -86.049 | -5715.185 | mem_rdata0[8]$_DFFE_PN0P_/D
       90 |       0 |       0 |            0 |    +0.0% | -86.049 | -5715.185 | mem_rdata0[8]$_DFFE_PN0P_/D
      100 |       0 |       0 |            0 |    +0.0% | -86.049 | -5715.185 | mem_rdata0[8]$_DFFE_PN0P_/D
      110 |       0 |       0 |            0 |    +0.0% | -86.049 | -5715.185 | mem_rdata0[8]$_DFFE_PN0P_/D
      120 |       0 |       0 |            0 |    +0.0% | -86.049 | -5715.185 | mem_rdata0[8]$_DFFE_PN0P_/D
    final |       0 |       0 |            0 |    +0.0% | -86.049 | -5715.185 | mem_rdata0[8]$_DFFE_PN0P_/D
--------------------------------------------------------------------------------------
[WARNING RSZ-0066] Unable to repair all hold violations.
Took 364 seconds: repair_timing -setup_margin 0 -hold_margin 0 -repair_tns 100 -verbose
detailed_placement
[INFO DPL-0006] Core area: 7521.05 um^2, Instances area: 4107.74 um^2, Utilization: 54.6%
[INFO DPL-0005] Diamond search max displacement: +/- 500 sites horizontally, +/- 100 rows vertically.
[INFO DPL-1101] Legalizing using diamond search.
Movements Summary
---------------------------------------
Total cells:                   36245
Diamond Move Success:          36245 (100.00%)
Diamond Move Failure:              0
Rip-up and replace Success:        0 (  0.00% of diamond failures)
Rip-up and replace Failure:        0
Total Placement Failures:          0
---------------------------------------
Placement Analysis
---------------------------------
total displacement        161.8 u
average displacement        0.0 u
max displacement            0.9 u
original HPWL          108180.0 u
legalized HPWL         108305.6 u
delta HPWL                    0 %

estimate_parasitics -placement
Report metrics stage 4, cts final...

==========================================================================
cts final report_design_area
--------------------------------------------------------------------------
Design area 4108 um^2 55% utilization.
write_db ./results/asap7/rv32imc_top/p1400/4_1_cts.odb
write_sdc -no_timestamp ./results/asap7/rv32imc_top/p1400/4_cts.sdc
Elapsed time: 6:59.86[h:]min:sec. CPU time: user 359.75 sys 219.81 (138%). Peak memory: 481352KB.
Log                       Ext     Elapsed/s Peak Memory/MB sha1sum result [0:20)
4_1_cts                   .odb          419            470 bdae4142de46fd629490
cp ./results/asap7/rv32imc_top/p1400/4_1_cts.odb ./results/asap7/rv32imc_top/p1400/4_cts.odb
/home/hatch/workspace/rv32imc-cpu/tools/orfs/flow/scripts/flow.sh 5_1_grt global_route
Running global_route.tcl, stage 5_1_grt
source /home/hatch/workspace/rv32imc-cpu/tools/orfs/flow/platforms/asap7/liberty_suppressions.tcl
read_liberty /home/hatch/workspace/rv32imc-cpu/tools/orfs/flow/platforms/asap7/lib/NLDM/asap7sc7p5t_AO_RVT_FF_nldm_211120.lib.gz
read_liberty /home/hatch/workspace/rv32imc-cpu/tools/orfs/flow/platforms/asap7/lib/NLDM/asap7sc7p5t_INVBUF_RVT_FF_nldm_220122.lib.gz
read_liberty /home/hatch/workspace/rv32imc-cpu/tools/orfs/flow/platforms/asap7/lib/NLDM/asap7sc7p5t_OA_RVT_FF_nldm_211120.lib.gz
read_liberty /home/hatch/workspace/rv32imc-cpu/tools/orfs/flow/platforms/asap7/lib/NLDM/asap7sc7p5t_SIMPLE_RVT_FF_nldm_211120.lib.gz
read_liberty /home/hatch/workspace/rv32imc-cpu/tools/orfs/flow/platforms/asap7/lib/NLDM/asap7sc7p5t_SEQ_RVT_FF_nldm_220123.lib
read_db ./results/asap7/rv32imc_top/p1400/4_cts.odb
read_sdc ./results/asap7/rv32imc_top/p1400/4_cts.sdc
source /home/hatch/workspace/rv32imc-cpu/tools/orfs/flow/platforms/asap7/setRC.tcl
pin_access
[INFO DRT-0149] Reading tech and libs.

Units:                1000
Number of layers:     21
Number of macros:     212
Number of vias:       14
Number of viarulegen: 11

[INFO DRT-0150] Reading design.
[WARNING DRT-0120] Large net net14354 has 107 pins which may impact routing performance. Consider optimization.

Design:                   rv32imc_top
Die area:                 ( 0 0 ) ( 90870 90870 )
Number of track patterns: 32
Number of DEF vias:       0
Number of components:     37371
Number of terminals:      234
Number of snets:          2
Number of nets:           39315

[INFO DRT-0167] List of default vias:
  Layer V2
    default via: VIA23
  Layer V3
    default via: VIA34
  Layer V4
    default via: VIA45
  Layer V5
    default via: VIA56
  Layer V6
    default via: VIA67
  Layer V7
    default via: VIA78
  Layer V8
    default via: VIA89
  Layer V9
    default via: VIA9Pad
[INFO DRT-0162] Library cell analysis.
[INFO DRT-0163] Instance analysis.
[INFO DRT-0164] Number of unique instances = 240.
[INFO DRT-0168] Init region query.
[INFO DRT-0024]   Complete Active.
[INFO DRT-0024]   Complete V0.
[INFO DRT-0024]   Complete M1.
[INFO DRT-0024]   Complete V1.
[INFO DRT-0024]   Complete M2.
[INFO DRT-0024]   Complete V2.
[INFO DRT-0024]   Complete M3.
[INFO DRT-0024]   Complete V3.
[INFO DRT-0024]   Complete M4.
[INFO DRT-0024]   Complete V4.
[INFO DRT-0024]   Complete M5.
[INFO DRT-0024]   Complete V5.
[INFO DRT-0024]   Complete M6.
[INFO DRT-0024]   Complete V6.
[INFO DRT-0024]   Complete M7.
[INFO DRT-0024]   Complete V7.
[INFO DRT-0024]   Complete M8.
[INFO DRT-0024]   Complete V8.
[INFO DRT-0024]   Complete M9.
[INFO DRT-0024]   Complete V9.
[INFO DRT-0024]   Complete Pad.
[INFO DRT-0033] Active shape region query size = 0.
[INFO DRT-0033] V0 shape region query size = 0.
[INFO DRT-0033] M1 shape region query size = 592717.
[INFO DRT-0033] V1 shape region query size = 830354.
[INFO DRT-0033] M2 shape region query size = 25587.
[INFO DRT-0033] V2 shape region query size = 15939.
[INFO DRT-0033] M3 shape region query size = 15939.
[INFO DRT-0033] V3 shape region query size = 10626.
[INFO DRT-0033] M4 shape region query size = 10740.
[INFO DRT-0033] V4 shape region query size = 10626.
[INFO DRT-0033] M5 shape region query size = 5992.
[INFO DRT-0033] V5 shape region query size = 1056.
[INFO DRT-0033] M6 shape region query size = 592.
[INFO DRT-0033] V6 shape region query size = 0.
[INFO DRT-0033] M7 shape region query size = 0.
[INFO DRT-0033] V7 shape region query size = 0.
[INFO DRT-0033] M8 shape region query size = 0.
[INFO DRT-0033] V8 shape region query size = 0.
[INFO DRT-0033] M9 shape region query size = 0.
[INFO DRT-0033] V9 shape region query size = 0.
[INFO DRT-0033] Pad shape region query size = 0.
[INFO DRT-0165] Start pin access.
[INFO DRT-0076]   Complete 1000 pins.
[INFO DRT-0078]   Complete 1318 pins.
[INFO DRT-0079]   Complete 100 unique inst patterns.
[INFO DRT-0079]   Complete 200 unique inst patterns.
[INFO DRT-0081]   Complete 240 unique inst patterns.
[INFO DRT-0082]   Complete 10000 groups.
[INFO DRT-0082]   Complete 20000 groups.
[INFO DRT-0084]   Complete 21155 groups.
#scanned instances     = 37371
#unique  instances     = 240
#stdCellGenAp          = 7127
#stdCellValidPlanarAp  = 78
#stdCellValidViaAp     = 5767
#stdCellPinNoAp        = 0
#stdCellPinCnt         = 109338
#instTermValidViaApCnt = 0
#macroGenAp            = 0
#macroValidPlanarAp    = 0
#macroValidViaAp       = 0
#macroNoAp             = 0
[INFO DRT-0166] Complete pin access.
[INFO DRT-0267] cpu time = 00:13:52, elapsed time = 00:09:36, memory = 347.95 (MB), peak = 364.28 (MB)
Took 578 seconds: pin_access
global_route -congestion_report_file ./reports/asap7/rv32imc_top/p1400/congestion.rpt -congestion_iterations 30 -congestion_report_iter_step 5 -verbose -resistance_aware
[INFO GRT-0020] Min routing layer: M2
[INFO GRT-0021] Max routing layer: M7
[INFO GRT-0022] Global adjustment: 0%
[INFO GRT-0023] Grid origin: (0, 0)
[INFO GRT-0088] Layer M1      Track-Pitch = 0.0360  line-2-Via Pitch: 0.0360
[INFO GRT-0088] Layer M2      Track-Pitch = 0.0390  line-2-Via Pitch: 0.0360
[INFO GRT-0088] Layer M3      Track-Pitch = 0.0360  line-2-Via Pitch: 0.0360
[INFO GRT-0088] Layer M4      Track-Pitch = 0.0480  line-2-Via Pitch: 0.0480
[INFO GRT-0088] Layer M5      Track-Pitch = 0.0480  line-2-Via Pitch: 0.0480
[INFO GRT-0088] Layer M6      Track-Pitch = 0.0640  line-2-Via Pitch: 0.0640
[INFO GRT-0088] Layer M7      Track-Pitch = 0.0640  line-2-Via Pitch: 0.0640
[INFO GRT-0003] Macros: 0
[INFO GRT-0004] Blockages: 8967
[INFO GRT-0019] Found 140 clock nets.
[INFO GRT-0001] Minimum degree: 2
[INFO GRT-0002] Maximum degree: 107

[INFO GRT-0053] Routing resources analysis:
          Routing      Original      Derated      Resource
Layer     Direction    Resources     Resources    Reduction (%)
---------------------------------------------------------------
M1         Vertical            0             0          0.00%
M2         Horizontal     295484        212742          28.00%
M3         Vertical       383388        284715          25.74%
M4         Horizontal     293501        217855          25.77%
M5         Vertical       283537        210137          25.89%
M6         Horizontal     198740        134280          32.43%
M7         Vertical       224360        151206          32.61%
---------------------------------------------------------------

[INFO GRT-0197] Via related to pin nodes: 255645
[INFO GRT-0198] Via related Steiner nodes: 4965
[INFO GRT-0199] Via filling finished.
[INFO GRT-0111] Final number of vias: 342336
[INFO GRT-0112] Final usage 3D: 1240904

[INFO GRT-0096] Final congestion report:
Layer         Resource        Demand        Usage (%)    Max H / Max V / Total Overflow
---------------------------------------------------------------------------------------
M1                   0             0            0.00%             0 /  0 /  0
M2              212742         54756           25.74%             0 /  0 /  0
M3              284715         63153           22.18%             0 /  0 /  0
M4              217855         15844            7.27%             0 /  0 /  0
M5              210137          7841            3.73%             0 /  0 /  0
M6              134280         32843           24.46%             0 /  0 /  0
M7              151206         39459           26.10%             0 /  0 /  0
---------------------------------------------------------------------------------------
Total          1210935        213896           17.66%             0 /  0 /  0

[INFO GRT-0018] Total wirelength: 169754 um
[INFO GRT-0014] Routed nets: 39277
[INFO GRT-0303] Global routing runtime = 00:00:46
Took 46 seconds: global_route -congestion_report_file ./reports/asap7/rv32imc_top/p1400/congestion.rpt -congestion_iterations 30 -congestion_report_iter_step 5 -verbose -resistance_aware
estimate_parasitics -global_routing
Perform buffer insertion and gate resizing...
repair_design -verbose
Iteration |   Area    | Resized | Buffers | Nets repaired | Remaining
---------------------------------------------------------------------
        0 |     +0.0% |       0 |       0 |             0 |     39424
     1000 |     +0.0% |       0 |       0 |             0 |     38424
     2000 |     +0.0% |       0 |       0 |             0 |     37424
     3000 |     +0.0% |       0 |       0 |             0 |     36424
     4000 |     +0.0% |       0 |       0 |             0 |     35424
     5000 |     +0.0% |       0 |       0 |             0 |     34424
     6000 |     +0.0% |       0 |       0 |             0 |     33424
     7000 |     +0.0% |       0 |       0 |             0 |     32424
     8000 |     +0.0% |       0 |       0 |             0 |     31424
[WARNING RSZ-0104] Net _31193_ only has one pin. Check if it is intended to be dangling.
[WARNING RSZ-0104] Net _31171_ only has one pin. Check if it is intended to be dangling.
[WARNING RSZ-0104] Net _31194_ only has one pin. Check if it is intended to be dangling.
     9000 |     +0.0% |       0 |       0 |             0 |     30424
[WARNING RSZ-0104] Net _31183_ only has one pin. Check if it is intended to be dangling.
[WARNING RSZ-0104] Net _31179_ only has one pin. Check if it is intended to be dangling.
[WARNING RSZ-0104] Net _31177_ only has one pin. Check if it is intended to be dangling.
[WARNING RSZ-0104] Net _31175_ only has one pin. Check if it is intended to be dangling.
[WARNING RSZ-0104] Net _31173_ only has one pin. Check if it is intended to be dangling.
[WARNING RSZ-0104] Net _31169_ only has one pin. Check if it is intended to be dangling.
[WARNING RSZ-0104] Net _31167_ only has one pin. Check if it is intended to be dangling.
[WARNING RSZ-0104] Net _31165_ only has one pin. Check if it is intended to be dangling.
[WARNING RSZ-0104] Net _31198_ only has one pin. Check if it is intended to be dangling.
[WARNING RSZ-0104] Net _31170_ only has one pin. Check if it is intended to be dangling.
[WARNING RSZ-0104] Net _31168_ only has one pin. Check if it is intended to be dangling.
    10000 |     +0.0% |       0 |       0 |             0 |     29424
[WARNING RSZ-0104] Net _31189_ only has one pin. Check if it is intended to be dangling.
[WARNING RSZ-0104] Net _31187_ only has one pin. Check if it is intended to be dangling.
    11000 |     +0.0% |       0 |       0 |             0 |     28424
[WARNING RSZ-0104] Net _31184_ only has one pin. Check if it is intended to be dangling.
[WARNING RSZ-0104] Net _31182_ only has one pin. Check if it is intended to be dangling.
[WARNING RSZ-0104] Net _31178_ only has one pin. Check if it is intended to be dangling.
[WARNING RSZ-0104] Net _31176_ only has one pin. Check if it is intended to be dangling.
[WARNING RSZ-0104] Net _31174_ only has one pin. Check if it is intended to be dangling.
[WARNING RSZ-0104] Net _31172_ only has one pin. Check if it is intended to be dangling.
[WARNING RSZ-0104] Net _31185_ only has one pin. Check if it is intended to be dangling.
[WARNING RSZ-0104] Net _31181_ only has one pin. Check if it is intended to be dangling.
    12000 |     +0.0% |       0 |       0 |             0 |     27424
[WARNING RSZ-0104] Net _31200_ only has one pin. Check if it is intended to be dangling.
[WARNING RSZ-0104] Net _31190_ only has one pin. Check if it is intended to be dangling.
[WARNING RSZ-0104] Net _31188_ only has one pin. Check if it is intended to be dangling.
[WARNING RSZ-0104] Net _31180_ only has one pin. Check if it is intended to be dangling.
[WARNING RSZ-0104] Net _31166_ only has one pin. Check if it is intended to be dangling.
    13000 |     +0.0% |       0 |       0 |             0 |     26424
[WARNING RSZ-0104] Net _31191_ only has one pin. Check if it is intended to be dangling.
    14000 |     +0.0% |       0 |       0 |             0 |     25424
[WARNING RSZ-0104] Net _31199_ only has one pin. Check if it is intended to be dangling.
[WARNING RSZ-0104] Net _31195_ only has one pin. Check if it is intended to be dangling.
[WARNING RSZ-0104] Net _31192_ only has one pin. Check if it is intended to be dangling.
[WARNING RSZ-0104] Net _31186_ only has one pin. Check if it is intended to be dangling.
    15000 |     +0.0% |       0 |       0 |             0 |     24424
[WARNING RSZ-0104] Net _31201_ only has one pin. Check if it is intended to be dangling.
    16000 |     +0.0% |       0 |       0 |             0 |     23424
    17000 |     +0.0% |       0 |       0 |             0 |     22424
    18000 |     +0.0% |       0 |       0 |             0 |     21424
    19000 |     +0.0% |       0 |       0 |             0 |     20424
    20000 |     +0.0% |       0 |       0 |             0 |     19424
    21000 |     +0.0% |       0 |       0 |             0 |     18424
    22000 |     +0.0% |       0 |       0 |             0 |     17424
    23000 |     +0.0% |       0 |       0 |             0 |     16424
    24000 |     +0.0% |       0 |       0 |             0 |     15424
    25000 |     +0.0% |       0 |       0 |             0 |     14424
    26000 |     +0.0% |       0 |       0 |             0 |     13424
    27000 |     +0.0% |       0 |       0 |             0 |     12424
    28000 |     +0.0% |       0 |       0 |             0 |     11424
    29000 |     +0.0% |       0 |       0 |             0 |     10424
    30000 |     +0.0% |       0 |       0 |             0 |      9424
[WARNING RSZ-0104] Net _31197_ only has one pin. Check if it is intended to be dangling.
[WARNING RSZ-0104] Net _31196_ only has one pin. Check if it is intended to be dangling.
[WARNING RSZ-0104] Net _31164_ only has one pin. Check if it is intended to be dangling.
    31000 |     +0.0% |       0 |       0 |             0 |      8424
    32000 |     +0.0% |       0 |       0 |             0 |      7424
    33000 |     +0.0% |       0 |       0 |             0 |      6424
    34000 |     +0.0% |       0 |       0 |             0 |      5424
    35000 |     +0.0% |       0 |       0 |             0 |      4424
    36000 |     +0.0% |       0 |       0 |             0 |      3424
    37000 |     +0.0% |       0 |       0 |             0 |      2424
    38000 |     +0.0% |       0 |       0 |             0 |      1424
    39000 |     +0.0% |       0 |       0 |             0 |       424
    final |     +0.0% |       0 |       0 |             0 |         0
---------------------------------------------------------------------
Took 11 seconds: repair_design -verbose
global_route -start_incremental
detailed_placement
[INFO DPL-0006] Core area: 7521.05 um^2, Instances area: 4107.74 um^2, Utilization: 54.6%
[INFO DPL-0005] Diamond search max displacement: +/- 500 sites horizontally, +/- 100 rows vertically.
[INFO DPL-1101] Legalizing using diamond search.
Movements Summary
---------------------------------------
Total cells:                   36245
Diamond Move Success:          36245 (100.00%)
Diamond Move Failure:              0
Rip-up and replace Success:        0 (  0.00% of diamond failures)
Rip-up and replace Failure:        0
Total Placement Failures:          0
---------------------------------------
Placement Analysis
---------------------------------
total displacement          0.0 u
average displacement        0.0 u
max displacement            0.0 u
original HPWL          108305.6 u
legalized HPWL         108305.6 u
delta HPWL                    0 %

global_route -end_incremental -resistance_aware -congestion_report_file ./reports/asap7/rv32imc_top/p1400/congestion_post_repair_design.rpt
Repair setup and hold violations...
estimate_parasitics -global_routing
repair_timing -setup_margin 0 -hold_margin 0 -repair_tns 100 -verbose
[INFO RSZ-0100] Repair move sequence: UnbufferMove SizeUpMove SwapPinsMove BufferMove CloneMove SplitLoadMove 
[INFO RSZ-0094] Found 2405 endpoints with setup violations.
[INFO RSZ-0099] Repairing 2405 out of 2405 (100.00%) violating endpoints...
   Iter   | Removed | Resized | Inserted | Cloned |  Pin  |   Area   |    WNS   |   StTNS    |   EnTNS    |  Viol  |  Worst  
          | Buffers |  Gates  | Buffers  |  Gates | Swaps |          |          |            |            | Endpts | St/EnPt 
------------------------------------------------------------------------------------------------------------------------------
       0* |       0 |       0 |        0 |      0 |     0 |    +0.0% | -891.277 |  -659325.9 | -1087359.8 |   2405 | u_mul.result\[26\]$_DFFE_PN0P_/D
      10* |       0 |       0 |        2 |      0 |     7 |    +0.0% | -887.847 |  -659092.2 | -1087342.2 |   2405 | u_mul.result\[26\]$_DFFE_PN0P_/D
      20* |       0 |       1 |        3 |      0 |    15 |    +0.0% | -879.137 |  -658834.6 | -1087302.2 |   2405 | u_mul.result\[26\]$_DFFE_PN0P_/D
      30* |       0 |       1 |        3 |      0 |    25 |    +0.0% | -880.177 |  -658832.5 | -1087307.8 |   2405 | u_mul.result\[26\]$_DFFE_PN0P_/D
      40* |       0 |       5 |        4 |      0 |    30 |    +0.0% | -875.058 |  -658775.1 | -1087236.5 |   2405 | u_mul.result\[20\]$_DFFE_PN0P_/D
      50* |       0 |       7 |        4 |      0 |    38 |    +0.0% | -871.912 |  -658738.4 | -1087214.9 |   2405 | u_mul.result\[26\]$_DFFE_PN0P_/D
      60* |       0 |       8 |        4 |      0 |    47 |    +0.0% | -875.052 |  -658722.7 | -1087221.6 |   2405 | u_mul.result\[20\]$_DFFE_PN0P_/D
      70* |       0 |      10 |        5 |      0 |    54 |    +0.0% | -873.695 |  -658756.4 | -1087217.9 |   2405 | u_mul.result\[20\]$_DFFE_PN0P_/D
      80* |       0 |      12 |        7 |      0 |    60 |    +0.0% | -874.965 |  -658805.8 | -1087213.0 |   2405 | u_mul.result\[20\]$_DFFE_PN0P_/D
      90* |       0 |      16 |        8 |      0 |    65 |    +0.0% | -872.512 |  -658745.6 | -1087208.5 |   2405 | u_mul.result\[20\]$_DFFE_PN0P_/D
     100* |       0 |      16 |        8 |      0 |    75 |    +0.0% | -874.239 |  -658726.1 | -1087219.6 |   2405 | u_mul.result\[20\]$_DFFE_PN0P_/D
     108* |       0 |       8 |        4 |      0 |    45 |    +0.0% | -870.890 |  -658722.2 | -1087206.5 |   2405 | u_mul.result\[20\]$_DFFE_PN0P_/D
     110* |       0 |       8 |        4 |      0 |    46 |    +0.0% | -870.890 |  -658721.9 | -1087205.6 |   2405 | u_mul.result\[20\]$_DFFE_PN0P_/D
     116* |       0 |       8 |        4 |      0 |    48 |    +0.0% | -870.890 |  -658724.1 | -1087204.6 |   2405 | u_mul.result\[20\]$_DFFE_PN0P_/D
     120* |       0 |       8 |        4 |      0 |    51 |    +0.0% | -870.890 |  -658706.9 | -1087205.4 |   2405 | u_mul.result\[20\]$_DFFE_PN0P_/D
     121* |       0 |       8 |        4 |      0 |    50 |    +0.0% | -870.890 |  -658706.9 | -1087202.8 |   2405 | u_mul.result\[20\]$_DFFE_PN0P_/D
     128* |       0 |       8 |        4 |      0 |    54 |    +0.0% | -870.890 |  -658701.4 | -1087191.2 |   2405 | u_mul.result\[20\]$_DFFE_PN0P_/D
     130* |       0 |       8 |        4 |      0 |    55 |    +0.0% | -870.890 |  -658701.4 | -1087191.1 |   2405 | u_mul.result\[20\]$_DFFE_PN0P_/D
     131* |       0 |       8 |        4 |      0 |    56 |    +0.0% | -870.890 |  -658701.4 | -1087190.6 |   2405 | u_mul.result\[20\]$_DFFE_PN0P_/D
     140* |       0 |      12 |        7 |      0 |    57 |    +0.0% | -870.423 |  -658705.4 | -1087180.5 |   2405 | u_mul.result\[26\]$_DFFE_PN0P_/D
     150* |       0 |      15 |        7 |      0 |    64 |    +0.0% | -870.423 |  -658704.0 | -1087166.0 |   2405 | u_mul.result\[26\]$_DFFE_PN0P_/D
     160* |       1 |      20 |        7 |      0 |    68 |    +0.0% | -871.428 |  -658693.6 | -1087165.1 |   2405 | u_mul.result\[26\]$_DFFE_PN0P_/D
     170* |       1 |      24 |       10 |      0 |    71 |    +0.1% | -871.428 |  -658690.4 | -1087165.1 |   2405 | u_mul.result\[26\]$_DFFE_PN0P_/D
     172* |       1 |      17 |        7 |      0 |    64 |    +0.0% | -870.423 |  -658698.6 | -1087163.6 |   2405 | u_mul.result\[26\]$_DFFE_PN0P_/D
     180* |       1 |      20 |        9 |      0 |    67 |    +0.0% | -871.428 |  -658689.7 | -1087162.0 |   2405 | u_mul.result\[26\]$_DFFE_PN0P_/D
     190* |       1 |      23 |       11 |      0 |    72 |    +0.1% | -871.428 |  -658690.9 | -1087166.0 |   2405 | u_mul.result\[26\]$_DFFE_PN0P_/D
     200* |       1 |      25 |       13 |      0 |    78 |    +0.1% | -871.428 |  -658684.9 | -1087161.0 |   2405 | u_mul.result\[26\]$_DFFE_PN0P_/D
     203* |       1 |      17 |        9 |      0 |    66 |    +0.0% | -870.423 |  -658690.7 | -1087156.8 |   2405 | u_mul.result\[26\]$_DFFE_PN0P_/D
     210* |       1 |      21 |        9 |      0 |    68 |    +0.0% | -871.428 |  -658690.6 | -1087162.6 |   2405 | u_mul.result\[26\]$_DFFE_PN0P_/D
     220* |       1 |      24 |       14 |      0 |    71 |    +0.1% | -871.428 |  -658687.0 | -1087156.9 |   2405 | u_mul.result\[26\]$_DFFE_PN0P_/D
     221* |       1 |      17 |        9 |      0 |    66 |    +0.0% | -870.423 |  -658690.7 | -1087156.8 |   2405 | u_mul.result\[26\]$_DFFE_PN0P_/D
     230* |       1 |      17 |       10 |      0 |    73 |    +0.0% | -872.161 |  -658690.5 | -1087189.0 |   2405 | u_mul.result\[25\]$_DFFE_PN0P_/D
     240* |       1 |      21 |       10 |      0 |    79 |    +0.0% | -870.348 |  -658688.8 | -1087145.5 |   2405 | u_mul.result\[26\]$_DFFE_PN0P_/D
     250* |       1 |      22 |       13 |      0 |    85 |    +0.1% | -870.348 |  -658688.4 | -1087186.5 |   2405 | u_mul.result\[26\]$_DFFE_PN0P_/D
     260* |       1 |      24 |       13 |      0 |    93 |    +0.1% | -870.348 |  -658689.5 | -1087180.6 |   2405 | u_mul.result\[26\]$_DFFE_PN0P_/D
     270* |       1 |      27 |       13 |      0 |   100 |    +0.1% | -870.348 |  -658696.8 | -1087172.4 |   2405 | u_mul.result\[26\]$_DFFE_PN0P_/D
     280* |       1 |      28 |       15 |      0 |   107 |    +0.1% | -870.348 |  -658685.2 | -1087168.0 |   2405 | u_mul.result\[26\]$_DFFE_PN0P_/D
     290* |       1 |      28 |       17 |      0 |   115 |    +0.1% | -870.348 |  -658683.6 | -1087156.2 |   2405 | u_mul.result\[26\]$_DFFE_PN0P_/D
     300* |       1 |      29 |       22 |      0 |   121 |    +0.1% | -870.348 |  -658676.6 | -1087155.0 |   2405 | u_mul.result\[26\]$_DFFE_PN0P_/D
     310* |       1 |      32 |       31 |      0 |   125 |    +0.1% | -870.348 |  -658662.2 | -1087148.9 |   2405 | u_mul.result\[26\]$_DFFE_PN0P_/D
     320* |       1 |      33 |       32 |      0 |   133 |    +0.1% | -870.348 |  -658662.9 | -1087137.9 |   2405 | u_mul.result\[26\]$_DFFE_PN0P_/D
     330* |       1 |      33 |       33 |      0 |   142 |    +0.1% | -870.348 |  -658666.4 | -1087139.0 |   2405 | u_mul.result\[26\]$_DFFE_PN0P_/D
     340* |       1 |      38 |       33 |      0 |   147 |    +0.1% | -870.348 |  -658651.0 | -1087127.2 |   2405 | u_mul.result\[26\]$_DFFE_PN0P_/D
     350* |       1 |      40 |       35 |      0 |   153 |    +0.1% | -870.348 |  -658672.1 | -1087125.6 |   2405 | u_mul.result\[26\]$_DFFE_PN0P_/D
     360* |       1 |      43 |       40 |      0 |   157 |    +0.1% | -870.348 |  -658673.1 | -1087123.0 |   2405 | u_mul.result\[26\]$_DFFE_PN0P_/D
     368* |       1 |      44 |       43 |      0 |   160 |    +0.1% | -870.348 |  -658667.3 | -1087121.8 |   2405 | u_mul.result\[26\]$_DFFE_PN0P_/D
     370* |       1 |      44 |       43 |      0 |   161 |    +0.1% | -870.348 |  -658665.1 | -1087119.0 |   2405 | u_mul.result\[26\]$_DFFE_PN0P_/D
     380* |       1 |      44 |       46 |      0 |   169 |    +0.1% | -870.348 |  -658653.8 | -1087106.0 |   2405 | u_mul.result\[26\]$_DFFE_PN0P_/D
     390* |       1 |      45 |       47 |      0 |   177 |    +0.2% | -870.348 |  -658651.9 | -1087094.1 |   2405 | u_mul.result\[26\]$_DFFE_PN0P_/D
     400* |       1 |      48 |       48 |      0 |   183 |    +0.2% | -871.428 |  -658650.6 | -1087091.5 |   2405 | u_mul.result\[26\]$_DFFE_PN0P_/D
     410* |       1 |      50 |       48 |      0 |   191 |    +0.2% | -871.428 |  -658654.5 | -1087096.9 |   2405 | u_mul.result\[26\]$_DFFE_PN0P_/D
     420* |       1 |      50 |       52 |      0 |   198 |    +0.2% | -871.428 |  -658653.1 | -1087078.4 |   2405 | u_mul.result\[26\]$_DFFE_PN0P_/D
     430* |       1 |      52 |       55 |      0 |   203 |    +0.2% | -871.428 |  -658655.2 | -1087109.8 |   2405 | u_mul.result\[26\]$_DFFE_PN0P_/D
     440* |       1 |      59 |       55 |      0 |   206 |    +0.2% | -871.428 |  -658649.8 | -1087085.0 |   2405 | u_mul.result\[26\]$_DFFE_PN0P_/D
     440* |       1 |      45 |       47 |      0 |   177 |    +0.2% | -870.348 |  -658651.9 | -1087094.1 |   2405 | u_mul.result\[26\]$_DFFE_PN0P_/D
     447* |       1 |      45 |       48 |      0 |   180 |    +0.2% | -870.348 |  -658651.9 | -1087110.0 |   2405 | u_mul.result\[26\]$_DFFE_PN0P_/D
     450* |       1 |      46 |       48 |      0 |   181 |    +0.2% | -871.428 |  -658652.1 | -1087117.6 |   2405 | u_mul.result\[26\]$_DFFE_PN0P_/D
     455* |       1 |      45 |       48 |      0 |   181 |    +0.2% | -870.348 |  -658649.8 | -1087108.0 |   2405 | u_mul.result\[26\]$_DFFE_PN0P_/D
     460* |       1 |      46 |       49 |      0 |   183 |    +0.2% | -870.348 |  -658650.9 | -1087100.6 |   2405 | u_mul.result\[26\]$_DFFE_PN0P_/D
     470* |       1 |      51 |       50 |      0 |   187 |    +0.2% | -871.222 |  -658662.7 | -1087098.4 |   2405 | u_mul.result\[26\]$_DFFE_PN0P_/D
     480* |       2 |      58 |       50 |      0 |   189 |    +0.2% | -871.222 |  -658653.9 | -1087087.1 |   2405 | u_mul.result\[26\]$_DFFE_PN0P_/D
     490* |       3 |      62 |       53 |      0 |   192 |    +0.2% | -872.301 |  -658653.4 | -1087085.6 |   2405 | u_mul.result\[26\]$_DFFE_PN0P_/D
     492* |       1 |      46 |       48 |      0 |   181 |    +0.2% | -870.348 |  -658649.8 | -1087099.9 |   2405 | u_mul.result\[26\]$_DFFE_PN0P_/D
     500* |       1 |      47 |       48 |      0 |   187 |    +0.2% | -870.373 |  -658649.9 | -1087096.0 |   2405 | u_mul.result\[26\]$_DFFE_PN0P_/D
     509* |       1 |      46 |       48 |      0 |   181 |    +0.2% | -870.348 |  -658649.8 | -1087099.9 |   2405 | u_mul.result\[26\]$_DFFE_PN0P_/D
     510* |       1 |      46 |       48 |      0 |   181 |    +0.2% | -870.348 |  -658649.8 | -1087099.9 |   2405 | u_mul.result\[26\]$_DFFE_PN0P_/D
     520* |       1 |      47 |       49 |      0 |   189 |    +0.2% | -870.899 |  -658656.8 | -1087112.1 |   2405 | u_mul.result\[26\]$_DFFE_PN0P_/D
     523* |       1 |      46 |       49 |      0 |   186 |    +0.2% | -870.346 |  -658649.7 | -1087106.2 |   2405 | u_mul.result\[26\]$_DFFE_PN0P_/D
     530* |       1 |      46 |       50 |      0 |   191 |    +0.2% | -870.346 |  -658649.7 | -1087110.0 |   2405 | u_mul.result\[26\]$_DFFE_PN0P_/D
     540* |       2 |      50 |       51 |      0 |   195 |    +0.2% | -871.220 |  -658655.6 | -1087086.6 |   2405 | u_mul.result\[26\]$_DFFE_PN0P_/D
     550* |       2 |      52 |       52 |      0 |   202 |    +0.2% | -872.300 |  -658658.9 | -1087100.8 |   2405 | u_mul.result\[26\]$_DFFE_PN0P_/D
     552* |       1 |      46 |       50 |      0 |   191 |    +0.2% | -870.346 |  -658649.7 | -1087110.0 |   2405 | u_mul.result\[26\]$_DFFE_PN0P_/D
     560* |       1 |      47 |       52 |      0 |   195 |    +0.2% | -870.346 |  -658608.3 | -1087103.2 |   2405 | u_mul.result\[26\]$_DFFE_PN0P_/D
     570* |       1 |      48 |       64 |      0 |   202 |    +0.2% | -870.346 |  -658594.8 | -1087105.2 |   2405 | u_mul.result\[26\]$_DFFE_PN0P_/D
     576* |       1 |      50 |       66 |      0 |   203 |    +0.2% | -870.346 |  -658591.0 | -1087101.8 |   2405 | u_mul.result\[26\]$_DFFE_PN0P_/D
     580* |       1 |      50 |       67 |      0 |   205 |    +0.2% | -870.346 |  -658593.9 | -1087100.1 |   2405 | u_mul.result\[26\]$_DFFE_PN0P_/D
     583* |       1 |      50 |       67 |      0 |   206 |    +0.2% | -870.346 |  -658593.9 | -1087100.1 |   2405 | u_mul.result\[26\]$_DFFE_PN0P_/D
     588* |       1 |      50 |       67 |      0 |   206 |    +0.2% | -870.346 |  -658593.9 | -1087100.1 |   2405 | u_mul.result\[26\]$_DFFE_PN0P_/D
     590* |       1 |      50 |       67 |      0 |   207 |    +0.2% | -870.346 |  -658593.9 | -1087100.8 |   2405 | u_mul.result\[26\]$_DFFE_PN0P_/D
     596* |       1 |      50 |       67 |      0 |   206 |    +0.2% | -870.346 |  -658593.9 | -1087100.1 |   2405 | u_mul.result\[26\]$_DFFE_PN0P_/D
     600* |       1 |      52 |       67 |      0 |   207 |    +0.2% | -871.979 |  -658596.7 | -1087105.0 |   2405 | u_mul.result\[26\]$_DFFE_PN0P_/D
     610* |       2 |      60 |       68 |      0 |   207 |    +0.2% | -872.300 |  -658598.0 | -1087088.1 |   2405 | u_mul.result\[26\]$_DFFE_PN0P_/D
     620* |       3 |      62 |       69 |      0 |   213 |    +0.2% | -872.300 |  -658597.3 | -1087081.5 |   2405 | u_mul.result\[26\]$_DFFE_PN0P_/D
     630* |       3 |      66 |       70 |      0 |   218 |    +0.2% | -872.300 |  -658599.1 | -1087063.2 |   2405 | u_mul.result\[26\]$_DFFE_PN0P_/D
     636* |       1 |      50 |       67 |      0 |   206 |    +0.2% | -870.346 |  -658593.9 | -1087100.1 |   2405 | u_mul.result\[26\]$_DFFE_PN0P_/D
     640* |       1 |      51 |       67 |      0 |   208 |    +0.2% | -870.899 |  -658598.8 | -1087097.6 |   2405 | u_mul.result\[26\]$_DFFE_PN0P_/D
     650* |       2 |      57 |       69 |      0 |   209 |    +0.2% | -871.220 |  -658597.9 | -1087088.6 |   2405 | u_mul.result\[26\]$_DFFE_PN0P_/D
     658* |       1 |      50 |       67 |      0 |   206 |    +0.2% | -870.346 |  -658593.9 | -1087100.1 |   2405 | u_mul.result\[26\]$_DFFE_PN0P_/D
     660* |       1 |      50 |       67 |      0 |   207 |    +0.2% | -870.346 |  -658593.9 | -1087099.9 |   2405 | u_mul.result\[26\]$_DFFE_PN0P_/D
     670* |       2 |      53 |       67 |      0 |   213 |    +0.2% | -870.346 |  -658599.4 | -1087088.4 |   2405 | u_mul.result\[26\]$_DFFE_PN0P_/D
     680* |       2 |      55 |       67 |      0 |   221 |    +0.2% | -870.346 |  -658599.4 | -1087089.8 |   2405 | u_mul.result\[26\]$_DFFE_PN0P_/D
     690* |       2 |      62 |       68 |      0 |   223 |    +0.2% | -870.346 |  -658586.8 | -1087098.5 |   2405 | u_mul.result\[26\]$_DFFE_PN0P_/D
     700* |       2 |      66 |       71 |      0 |   226 |    +0.2% | -870.346 |  -658580.4 | -1087077.6 |   2405 | u_mul.result\[26\]$_DFFE_PN0P_/D
     703* |       2 |      67 |       71 |      0 |   227 |    +0.2% | -870.346 |  -658580.4 | -1087076.6 |   2405 | u_mul.result\[26\]$_DFFE_PN0P_/D
     710* |       3 |      69 |       71 |      0 |   230 |    +0.2% | -870.346 |  -658581.9 | -1087075.4 |   2405 | u_mul.result\[26\]$_DFFE_PN0P_/D
     720* |       5 |      72 |       72 |      0 |   234 |    +0.2% | -870.346 |  -658583.6 | -1087072.6 |   2405 | u_mul.result\[26\]$_DFFE_PN0P_/D
     720* |       5 |      72 |       72 |      0 |   233 |    +0.2% | -870.346 |  -658583.6 | -1087071.5 |   2405 | u_mul.result\[26\]$_DFFE_PN0P_/D
     730* |       5 |      75 |       73 |      0 |   238 |    +0.2% | -870.326 |  -658584.1 | -1087065.9 |   2405 | u_mul.result\[26\]$_DFFE_PN0P_/D
     735* |       5 |      75 |       73 |      0 |   237 |    +0.2% | -870.326 |  -658584.1 | -1087065.5 |   2405 | u_mul.result\[26\]$_DFFE_PN0P_/D
     740* |       5 |      77 |       73 |      0 |   239 |    +0.2% | -870.326 |  -658582.3 | -1087063.4 |   2405 | u_mul.result\[26\]$_DFFE_PN0P_/D
     750* |       5 |      80 |       73 |      0 |   246 |    +0.2% | -870.326 |  -658584.6 | -1087066.5 |   2405 | u_mul.result\[26\]$_DFFE_PN0P_/D
     760* |       6 |      86 |       74 |      0 |   248 |    +0.2% | -872.352 |  -658593.2 | -1087057.9 |   2405 | u_mul.result\[26\]$_DFFE_PN0P_/D
     762* |       5 |      80 |       73 |      0 |   241 |    +0.2% | -870.326 |  -658584.6 | -1087062.1 |   2405 | u_mul.result\[26\]$_DFFE_PN0P_/D
     767* |       5 |      80 |       73 |      0 |   241 |    +0.2% | -870.326 |  -658584.6 | -1087062.1 |   2405 | u_mul.result\[26\]$_DFFE_PN0P_/D
     770* |       5 |      81 |       73 |      0 |   242 |    +0.2% | -870.879 |  -658589.4 | -1087057.0 |   2405 | u_mul.result\[26\]$_DFFE_PN0P_/D
     775* |       5 |      80 |       73 |      0 |   242 |    +0.2% | -870.326 |  -658584.6 | -1087060.1 |   2405 | u_mul.result\[26\]$_DFFE_PN0P_/D
     780* |       5 |      82 |       74 |      0 |   243 |    +0.2% | -870.879 |  -658589.4 | -1087064.6 |   2405 | u_mul.result\[26\]$_DFFE_PN0P_/D
     790* |       6 |      91 |       74 |      0 |   243 |    +0.2% | -871.200 |  -658593.8 | -1087037.2 |   2405 | u_mul.result\[26\]$_DFFE_PN0P_/D
     792* |       5 |      81 |       73 |      0 |   243 |    +0.2% | -870.326 |  -658584.6 | -1087060.6 |   2405 | u_mul.result\[26\]$_DFFE_PN0P_/D
     800* |       6 |      82 |       75 |      0 |   246 |    +0.2% | -871.054 |  -658600.9 | -1087060.9 |   2405 | u_mul.result\[26\]$_DFFE_PN0P_/D
     800* |       5 |      81 |       73 |      0 |   243 |    +0.2% | -870.326 |  -658584.6 | -1087060.6 |   2405 | u_mul.result\[26\]$_DFFE_PN0P_/D
     810* |       5 |      82 |       75 |      0 |   249 |    +0.2% | -870.326 |  -657997.0 | -1085124.1 |   2405 | u_mul.result\[26\]$_DFFE_PN0P_/D
     820* |       5 |      83 |       76 |      1 |   256 |    +0.3% | -870.326 |  -657141.0 | -1085597.1 |   2405 | u_mul.result\[26\]$_DFFE_PN0P_/D
     830* |       5 |      87 |       77 |      1 |   261 |    +0.3% | -870.326 |  -657097.3 | -1086486.2 |   2405 | u_mul.result\[26\]$_DFFE_PN0P_/D
     840* |       5 |      90 |       80 |      2 |   264 |    +0.3% | -870.326 |  -656219.5 | -1084485.5 |   2405 | u_mul.result\[26\]$_DFFE_PN0P_/D
     850* |       5 |      96 |       81 |      4 |   265 |    +0.3% | -870.326 |  -656616.4 | -1084968.5 |   2405 | u_mul.result\[26\]$_DFFE_PN0P_/D
     860* |       5 |     101 |       84 |      4 |   267 |    +0.3% | -870.326 |  -656480.9 | -1084427.2 |   2405 | u_mul.result\[26\]$_DFFE_PN0P_/D
     870* |       5 |     103 |       85 |      4 |   274 |    +0.3% | -870.326 |  -656555.4 | -1084884.8 |   2405 | u_mul.result\[26\]$_DFFE_PN0P_/D
     880* |       5 |     105 |       89 |      4 |   278 |    +0.3% | -870.326 |  -656419.1 | -1082719.4 |   2405 | u_mul.result\[26\]$_DFFE_PN0P_/D
     890* |       5 |     106 |       91 |      4 |   285 |    +0.3% | -870.326 |  -656396.8 | -1084299.8 |   2405 | u_mul.result\[26\]$_DFFE_PN0P_/D
     898* |       5 |      95 |       80 |      4 |   265 |    +0.3% | -870.326 |  -656911.4 | -1084970.8 |   2405 | u_mul.result\[26\]$_DFFE_PN0P_/D
     900* |       5 |      96 |       80 |      4 |   265 |    +0.3% | -870.326 |  -656937.4 | -1084961.4 |   2405 | u_mul.result\[26\]$_DFFE_PN0P_/D
     910* |       5 |     102 |       83 |      5 |   265 |    +0.3% | -870.326 |  -656626.2 | -1084724.1 |   2405 | u_mul.result\[26\]$_DFFE_PN0P_/D
     920* |       5 |     105 |       88 |      5 |   267 |    +0.3% | -870.326 |  -656443.4 | -1083693.1 |   2405 | u_mul.result\[26\]$_DFFE_PN0P_/D
     924* |       5 |     101 |       82 |      5 |   265 |    +0.3% | -870.326 |  -656981.9 | -1084978.8 |   2405 | u_mul.result\[26\]$_DFFE_PN0P_/D
     930* |       5 |     105 |       83 |      5 |   265 |    +0.3% | -870.326 |  -656616.6 | -1084720.4 |   2405 | u_mul.result\[26\]$_DFFE_PN0P_/D
     938* |       5 |     109 |       87 |      5 |   265 |    +0.3% | -870.326 |  -656443.1 | -1084153.2 |   2405 | u_mul.result\[26\]$_DFFE_PN0P_/D
     940* |       5 |     109 |       87 |      6 |   265 |    +0.3% | -870.326 |  -656457.9 | -1084162.9 |   2405 | u_mul.result\[26\]$_DFFE_PN0P_/D
     942* |       5 |     110 |       88 |      6 |   265 |    +0.3% | -870.326 |  -656448.2 | -1084158.0 |   2405 | u_mul.result\[26\]$_DFFE_PN0P_/D
     946* |       5 |     112 |       88 |      6 |   265 |    +0.3% | -870.326 |  -656459.9 | -1084166.9 |   2405 | u_mul.result\[26\]$_DFFE_PN0P_/D
     949* |       5 |     113 |       88 |      6 |   265 |    +0.3% | -870.326 |  -656463.6 | -1084167.8 |   2405 | u_mul.result\[26\]$_DFFE_PN0P_/D
     950* |       5 |     113 |       88 |      6 |   265 |    +0.3% | -870.326 |  -656463.6 | -1084167.8 |   2405 | u_mul.result\[26\]$_DFFE_PN0P_/D
     952* |       5 |     114 |       88 |      6 |   266 |    +0.3% | -870.326 |  -656462.6 | -1084167.2 |   2405 | u_mul.result\[26\]$_DFFE_PN0P_/D
     955* |       5 |     115 |       88 |      6 |   266 |    +0.3% | -870.326 |  -656460.4 | -1084167.1 |   2405 | u_mul.result\[26\]$_DFFE_PN0P_/D
     960* |       5 |     117 |       88 |      6 |   268 |    +0.3% | -870.326 |  -656505.0 | -1084870.6 |   2405 | u_mul.result\[26\]$_DFFE_PN0P_/D
     960* |       5 |     117 |       88 |      6 |   267 |    +0.3% | -870.326 |  -656514.5 | -1084870.2 |   2405 | u_mul.result\[26\]$_DFFE_PN0P_/D
     962* |       5 |     118 |       88 |      6 |   267 |    +0.3% | -870.326 |  -656513.1 | -1084869.1 |   2405 | u_mul.result\[26\]$_DFFE_PN0P_/D
     965* |       5 |     120 |       88 |      6 |   267 |    +0.3% | -870.326 |  -656533.9 | -1084206.8 |   2405 | u_mul.result\[26\]$_DFFE_PN0P_/D
     968* |       5 |     121 |       88 |      6 |   267 |    +0.3% | -870.326 |  -656538.6 | -1084206.9 |   2405 | u_mul.result\[26\]$_DFFE_PN0P_/D
     970* |       5 |     122 |       88 |      6 |   267 |    +0.3% | -870.326 |  -656538.9 | -1084206.5 |   2405 | u_mul.result\[26\]$_DFFE_PN0P_/D
     971* |       5 |     122 |       88 |      6 |   267 |    +0.3% | -870.326 |  -656538.9 | -1084206.5 |   2405 | u_mul.result\[26\]$_DFFE_PN0P_/D
     976* |       5 |     123 |       89 |      7 |   267 |    +0.3% | -870.326 |  -656575.6 | -1084121.1 |   2405 | u_mul.result\[26\]$_DFFE_PN0P_/D
     980* |       5 |     125 |       89 |      7 |   268 |    +0.4% | -870.326 |  -656580.1 | -1084116.5 |   2405 | u_mul.result\[26\]$_DFFE_PN0P_/D
     980* |       5 |     125 |       89 |      7 |   267 |    +0.4% | -870.326 |  -656579.5 | -1084116.5 |   2405 | u_mul.result\[26\]$_DFFE_PN0P_/D
     985* |       5 |     127 |       89 |      8 |   267 |    +0.4% | -870.326 |  -656717.8 | -1084148.6 |   2405 | u_mul.result\[26\]$_DFFE_PN0P_/D
     990* |       5 |     131 |       89 |      8 |   267 |    +0.4% | -870.326 |  -656725.8 | -1084168.0 |   2405 | u_mul.result\[26\]$_DFFE_PN0P_/D
     990* |       5 |     131 |       89 |      8 |   267 |    +0.4% | -870.326 |  -656725.8 | -1084168.0 |   2405 | u_mul.result\[26\]$_DFFE_PN0P_/D
     993* |       5 |     132 |       89 |      8 |   267 |    +0.4% | -870.326 |  -656729.5 | -1084168.8 |   2405 | u_mul.result\[26\]$_DFFE_PN0P_/D
     996* |       5 |     133 |       89 |      8 |   267 |    +0.4% | -870.326 |  -656735.8 | -1084168.8 |   2405 | u_mul.result\[26\]$_DFFE_PN0P_/D
    1000* |       5 |     135 |       89 |      9 |   267 |    +0.4% | -870.326 |  -656723.8 | -1084153.9 |   2405 | u_mul.result\[26\]$_DFFE_PN0P_/D
    1001* |       5 |     136 |       89 |      9 |   267 |    +0.4% | -870.326 |  -656726.4 | -1084154.1 |   2405 | u_mul.result\[26\]$_DFFE_PN0P_/D
    1004* |       5 |     137 |       89 |      9 |   268 |    +0.4% | -870.326 |  -656726.4 | -1084151.1 |   2405 | u_mul.result\[26\]$_DFFE_PN0P_/D
    1010* |       5 |     139 |       89 |     12 |   268 |    +0.4% | -870.326 |  -657548.3 | -1084271.2 |   2405 | u_mul.result\[26\]$_DFFE_PN0P_/D
    1016* |       5 |     140 |       89 |     12 |   268 |    +0.4% | -870.326 |  -657978.0 | -1084357.2 |   2405 | u_mul.result\[26\]$_DFFE_PN0P_/D
    1020* |       5 |     142 |       90 |     12 |   268 |    +0.4% | -870.326 |  -657124.6 | -1084288.0 |   2405 | u_mul.result\[26\]$_DFFE_PN0P_/D
    1024* |       5 |     140 |       89 |     12 |   268 |    +0.4% | -870.326 |  -657978.0 | -1084357.2 |   2405 | u_mul.result\[26\]$_DFFE_PN0P_/D
    1030* |       5 |     143 |       91 |     12 |   268 |    +0.4% | -870.326 |  -656979.6 | -1085131.4 |   2405 | u_mul.result\[26\]$_DFFE_PN0P_/D
    1031* |       5 |     140 |       89 |     12 |   268 |    +0.4% | -870.326 |  -657978.0 | -1084357.2 |   2405 | u_mul.result\[26\]$_DFFE_PN0P_/D
    1037* |       5 |     140 |       89 |     12 |   268 |    +0.4% | -870.326 |  -657978.0 | -1084357.2 |   2405 | u_mul.result\[26\]$_DFFE_PN0P_/D
    1040* |       5 |     141 |       90 |     12 |   268 |    +0.4% | -870.326 |  -657049.8 | -1084301.1 |   2405 | u_mul.result\[26\]$_DFFE_PN0P_/D
    1045* |       5 |     140 |       89 |     12 |   268 |    +0.4% | -870.326 |  -657978.0 | -1084357.2 |   2405 | u_mul.result\[26\]$_DFFE_PN0P_/D
    1050* |       5 |     142 |       91 |     12 |   268 |    +0.4% | -870.326 |  -656976.2 | -1085130.6 |   2405 | u_mul.result\[26\]$_DFFE_PN0P_/D
    1051* |       5 |     140 |       89 |     12 |   268 |    +0.4% | -870.326 |  -657978.0 | -1084357.2 |   2405 | u_mul.result\[26\]$_DFFE_PN0P_/D
    1058* |       5 |     143 |       91 |     12 |   268 |    +0.4% | -870.326 |  -656971.4 | -1085132.1 |   2405 | u_mul.result\[26\]$_DFFE_PN0P_/D
    1060* |       5 |     144 |       91 |     12 |   268 |    +0.4% | -870.326 |  -656973.8 | -1085132.2 |   2405 | u_mul.result\[26\]$_DFFE_PN0P_/D
    1061* |       5 |     144 |       91 |     12 |   268 |    +0.4% | -870.326 |  -656973.8 | -1085132.2 |   2405 | u_mul.result\[26\]$_DFFE_PN0P_/D
    1063* |       5 |     144 |       91 |     12 |   269 |    +0.4% | -870.326 |  -656973.6 | -1085131.5 |   2405 | u_mul.result\[26\]$_DFFE_PN0P_/D
    1065* |       5 |     144 |       91 |     12 |   270 |    +0.4% | -870.326 |  -656973.3 | -1085131.4 |   2405 | u_mul.result\[26\]$_DFFE_PN0P_/D
    1070* |       5 |     148 |       91 |     12 |   270 |    +0.4% | -870.326 |  -656918.9 | -1085131.4 |   2405 | u_mul.result\[26\]$_DFFE_PN0P_/D
    1070* |       5 |     148 |       91 |     12 |   270 |    +0.4% | -870.326 |  -656918.9 | -1085131.4 |   2405 | u_mul.result\[26\]$_DFFE_PN0P_/D
    1080* |       5 |     153 |       91 |     16 |   270 |    +0.4% | -870.326 |  -656326.9 | -1084729.8 |   2405 | u_mul.result\[26\]$_DFFE_PN0P_/D
    1083* |       5 |     155 |       91 |     16 |   270 |    +0.4% | -870.326 |  -656326.9 | -1084732.1 |   2405 | u_mul.result\[26\]$_DFFE_PN0P_/D
    1090* |       5 |     158 |       94 |     17 |   271 |    +0.4% | -870.326 |  -656286.9 | -1084168.4 |   2405 | u_mul.result\[26\]$_DFFE_PN0P_/D
    1092* |       5 |     159 |       94 |     17 |   271 |    +0.4% | -870.326 |  -656290.9 | -1084170.4 |   2405 | u_mul.result\[26\]$_DFFE_PN0P_/D
    1095* |       5 |     160 |       94 |     17 |   271 |    +0.4% | -870.326 |  -656278.9 | -1084171.2 |   2405 | u_mul.result\[26\]$_DFFE_PN0P_/D
    1098* |       5 |     161 |       94 |     17 |   272 |    +0.4% | -870.326 |  -656278.9 | -1084169.8 |   2405 | u_mul.result\[26\]$_DFFE_PN0P_/D
    1100* |       5 |     162 |       94 |     17 |   272 |    +0.4% | -870.326 |  -656277.9 | -1084154.2 |   2405 | u_mul.result\[26\]$_DFFE_PN0P_/D
    1100* |       5 |     162 |       94 |     17 |   272 |    +0.4% | -870.326 |  -656277.9 | -1084154.2 |   2405 | u_mul.result\[26\]$_DFFE_PN0P_/D
    1107* |       5 |     166 |       94 |     18 |   272 |    +0.4% | -870.326 |  -656277.9 | -1084121.6 |   2405 | u_mul.result\[26\]$_DFFE_PN0P_/D
    1110* |       5 |     166 |       94 |     18 |   274 |    +0.4% | -870.326 |  -656277.9 | -1084125.9 |   2405 | u_mul.result\[26\]$_DFFE_PN0P_/D
    1115* |       5 |     166 |       94 |     18 |   272 |    +0.4% | -870.326 |  -656277.9 | -1084121.6 |   2405 | u_mul.result\[26\]$_DFFE_PN0P_/D
    1119* |       5 |     169 |       94 |     18 |   272 |    +0.5% | -870.326 |  -656258.1 | -1084102.5 |   2405 | u_mul.result\[26\]$_DFFE_PN0P_/D
    1120* |       5 |     169 |       94 |     18 |   272 |    +0.5% | -870.326 |  -656258.1 | -1084102.5 |   2405 | u_mul.result\[26\]$_DFFE_PN0P_/D
    1122* |       5 |     170 |       94 |     18 |   272 |    +0.5% | -870.326 |  -656262.2 | -1084104.2 |   2405 | u_mul.result\[26\]$_DFFE_PN0P_/D
    1129* |       5 |     174 |       94 |     19 |   272 |    +0.5% | -870.326 |  -656262.2 | -1084085.0 |   2405 | u_mul.result\[26\]$_DFFE_PN0P_/D
    1130* |       5 |     174 |       94 |     19 |   272 |    +0.5% | -870.326 |  -656262.2 | -1084085.0 |   2405 | u_mul.result\[26\]$_DFFE_PN0P_/D
    1131* |       5 |     174 |       94 |     19 |   272 |    +0.5% | -870.326 |  -656262.2 | -1084085.0 |   2405 | u_mul.result\[26\]$_DFFE_PN0P_/D
    1134* |       5 |     175 |       94 |     19 |   272 |    +0.5% | -870.326 |  -656265.6 | -1084086.8 |   2405 | u_mul.result\[26\]$_DFFE_PN0P_/D
    1137* |       5 |     176 |       94 |     19 |   272 |    +0.5% | -870.326 |  -656265.6 | -1084087.2 |   2405 | u_mul.result\[26\]$_DFFE_PN0P_/D
    1140* |       5 |     177 |       94 |     19 |   273 |    +0.5% | -870.326 |  -656269.9 | -1084088.8 |   2405 | u_mul.result\[26\]$_DFFE_PN0P_/D
    1140* |       5 |     177 |       94 |     19 |   272 |    +0.5% | -870.326 |  -656269.4 | -1084088.8 |   2405 | u_mul.result\[26\]$_DFFE_PN0P_/D
    1143* |       5 |     178 |       94 |     19 |   272 |    +0.5% | -870.326 |  -656273.4 | -1084090.9 |   2405 | u_mul.result\[26\]$_DFFE_PN0P_/D
    1146* |       5 |     179 |       94 |     19 |   272 |    +0.5% | -870.326 |  -656277.1 | -1084092.2 |   2405 | u_mul.result\[26\]$_DFFE_PN0P_/D
    1150* |       5 |     182 |       94 |     19 |   272 |    +0.5% | -870.326 |  -656272.9 | -1084081.0 |   2405 | u_mul.result\[26\]$_DFFE_PN0P_/D
    1152* |       5 |     183 |       94 |     19 |   272 |    +0.5% | -870.326 |  -656299.9 | -1084080.8 |   2405 | u_mul.result\[26\]$_DFFE_PN0P_/D
    1154* |       5 |     184 |       94 |     19 |   272 |    +0.5% | -870.326 |  -656300.9 | -1084082.4 |   2405 | u_mul.result\[26\]$_DFFE_PN0P_/D
    1160* |       5 |     188 |       94 |     20 |   272 |    +0.5% | -870.326 |  -656393.0 | -1084043.1 |   2405 | u_mul.result\[26\]$_DFFE_PN0P_/D
    1170* |       5 |     194 |       97 |     21 |   273 |    +0.5% | -870.326 |  -656308.1 | -1084122.8 |   2405 | u_mul.result\[26\]$_DFFE_PN0P_/D
    1170* |       5 |     188 |       94 |     20 |   272 |    +0.5% | -870.326 |  -656392.4 | -1084042.4 |   2405 | u_mul.result\[26\]$_DFFE_PN0P_/D
    1180* |       5 |     194 |       97 |     21 |   272 |    +0.5% | -870.326 |  -656308.1 | -1084122.8 |   2405 | u_mul.result\[26\]$_DFFE_PN0P_/D
    1180* |       5 |     188 |       94 |     20 |   272 |    +0.5% | -870.326 |  -656392.4 | -1084042.4 |   2405 | u_mul.result\[26\]$_DFFE_PN0P_/D
    1183* |       5 |     189 |       94 |     20 |   272 |    +0.5% | -870.326 |  -656392.4 | -1084043.4 |   2405 | u_mul.result\[26\]$_DFFE_PN0P_/D
    1186* |       5 |     190 |       94 |     20 |   272 |    +0.5% | -870.326 |  -656392.5 | -1084044.6 |   2405 | u_mul.result\[26\]$_DFFE_PN0P_/D
    1189* |       5 |     191 |       94 |     20 |   273 |    +0.5% | -870.326 |  -656392.5 | -1084045.0 |   2405 | u_mul.result\[26\]$_DFFE_PN0P_/D
    1190* |       5 |     191 |       94 |     20 |   273 |    +0.5% | -870.326 |  -656392.5 | -1084045.0 |   2405 | u_mul.result\[26\]$_DFFE_PN0P_/D
    1192* |       5 |     192 |       96 |     20 |   273 |    +0.5% | -870.326 |  -656307.0 | -1084033.2 |   2405 | u_mul.result\[26\]$_DFFE_PN0P_/D
    1195* |       5 |     193 |       96 |     20 |   273 |    +0.5% | -870.326 |  -656312.0 | -1084032.5 |   2405 | u_mul.result\[26\]$_DFFE_PN0P_/D
    1198* |       5 |     194 |       96 |     20 |   274 |    +0.5% | -870.326 |  -656312.0 | -1084032.2 |   2405 | u_mul.result\[26\]$_DFFE_PN0P_/D
    1200* |       5 |     195 |       96 |     20 |   274 |    +0.5% | -870.326 |  -656300.4 | -1084031.8 |   2405 | u_mul.result\[26\]$_DFFE_PN0P_/D
    1200* |       5 |     195 |       96 |     20 |   274 |    +0.5% | -870.326 |  -656300.4 | -1084031.8 |   2405 | u_mul.result\[26\]$_DFFE_PN0P_/D
    1200* |       5 |     195 |       96 |     20 |   274 |    +0.5% | -870.326 |  -656300.4 | -1084031.8 |   2405 | u_mul.result\[26\]$_DFFE_PN0P_/D
    1200+ |       5 |     195 |       96 |     20 |   274 |    +0.5% | -870.326 |  -656300.4 | -1084031.8 |   2405 | u_mul.result\[26\]$_DFFE_PN0P_/D
    1201+ |       5 |     195 |       96 |     20 |   274 |    +0.5% | -870.326 |  -656300.4 | -1084031.8 |   2405 | u_mul.result\[26\]$_DFFE_PN0P_/D
    1203+ |       5 |     195 |       96 |     20 |   275 |    +0.5% | -870.326 |  -656300.4 | -1084031.6 |   2405 | u_mul.result\[26\]$_DFFE_PN0P_/D
    1204+ |       5 |     195 |       96 |     20 |   275 |    +0.5% | -870.326 |  -656300.4 | -1084031.6 |   2405 | u_mul.result\[26\]$_DFFE_PN0P_/D
    1206+ |       5 |     195 |       96 |     20 |   276 |    +0.5% | -870.326 |  -656300.4 | -1084031.2 |   2405 | u_mul.result\[26\]$_DFFE_PN0P_/D
    1207+ |       5 |     195 |       96 |     20 |   276 |    +0.5% | -870.326 |  -656300.4 | -1084031.2 |   2405 | u_mul.result\[26\]$_DFFE_PN0P_/D
    1208+ |       5 |     195 |       96 |     20 |   276 |    +0.5% | -870.326 |  -656300.4 | -1084031.2 |   2405 | u_mul.result\[26\]$_DFFE_PN0P_/D
    1209+ |       5 |     195 |       96 |     20 |   276 |    +0.5% | -870.326 |  -656300.4 | -1084031.2 |   2405 | u_mul.result\[26\]$_DFFE_PN0P_/D
    1210+ |       5 |     195 |       96 |     20 |   276 |    +0.5% | -870.326 |  -656300.4 | -1084031.2 |   2405 | u_mul.result\[26\]$_DFFE_PN0P_/D
    1211+ |       5 |     196 |       96 |     20 |   276 |    +0.5% | -870.326 |  -656300.4 | -1084029.6 |   2405 | u_mul.result\[26\]$_DFFE_PN0P_/D
    1212+ |       5 |     196 |       96 |     20 |   276 |    +0.5% | -870.326 |  -656300.4 | -1084029.6 |   2405 | u_mul.result\[26\]$_DFFE_PN0P_/D
    1213+ |       5 |     196 |       96 |     20 |   276 |    +0.5% | -870.326 |  -656300.4 | -1084029.6 |   2405 | u_mul.result\[26\]$_DFFE_PN0P_/D
    1214+ |       5 |     196 |       96 |     20 |   276 |    +0.5% | -870.326 |  -656300.4 | -1084029.6 |   2405 | u_mul.result\[26\]$_DFFE_PN0P_/D
    1216+ |       5 |     196 |       96 |     20 |   277 |    +0.5% | -870.326 |  -656300.4 | -1084027.6 |   2405 | u_mul.result\[26\]$_DFFE_PN0P_/D
    1217+ |       5 |     196 |       96 |     20 |   277 |    +0.5% | -870.326 |  -656300.4 | -1084027.6 |   2405 | u_mul.result\[26\]$_DFFE_PN0P_/D
    1218+ |       5 |     196 |       96 |     20 |   277 |    +0.5% | -870.326 |  -656300.4 | -1084027.6 |   2405 | u_mul.result\[26\]$_DFFE_PN0P_/D
    1219+ |       5 |     196 |       96 |     20 |   277 |    +0.5% | -870.326 |  -656300.4 | -1084027.6 |   2405 | u_mul.result\[26\]$_DFFE_PN0P_/D
    1220+ |       5 |     196 |       96 |     20 |   277 |    +0.5% | -870.326 |  -656300.4 | -1084027.6 |   2405 | u_mul.result\[26\]$_DFFE_PN0P_/D
    1224+ |       5 |     200 |       96 |     20 |   277 |    +0.5% | -870.326 |  -656298.2 | -1084024.2 |   2405 | u_mul.result\[26\]$_DFFE_PN0P_/D
    1225+ |       5 |     200 |       96 |     20 |   277 |    +0.5% | -870.326 |  -656298.2 | -1084024.2 |   2405 | u_mul.result\[26\]$_DFFE_PN0P_/D
    1226+ |       5 |     200 |       96 |     20 |   277 |    +0.5% | -870.326 |  -656298.2 | -1084024.2 |   2405 | u_mul.result\[26\]$_DFFE_PN0P_/D
    1227+ |       5 |     200 |       96 |     20 |   277 |    +0.5% | -870.326 |  -656298.2 | -1084024.2 |   2405 | u_mul.result\[26\]$_DFFE_PN0P_/D
    1228+ |       5 |     200 |       96 |     20 |   277 |    +0.5% | -870.326 |  -656298.2 | -1084024.2 |   2405 | u_mul.result\[26\]$_DFFE_PN0P_/D
    1230+ |       5 |     200 |       96 |     20 |   278 |    +0.5% | -870.326 |  -656298.2 | -1084024.0 |   2405 | u_mul.result\[26\]$_DFFE_PN0P_/D
    1230+ |       5 |     200 |       96 |     20 |   278 |    +0.5% | -870.326 |  -656298.2 | -1084024.0 |   2405 | u_mul.result\[26\]$_DFFE_PN0P_/D
    1231+ |       5 |     200 |       96 |     20 |   278 |    +0.5% | -870.326 |  -656298.2 | -1084024.0 |   2405 | u_mul.result\[26\]$_DFFE_PN0P_/D
    1232+ |       5 |     200 |       96 |     20 |   278 |    +0.5% | -870.326 |  -656298.2 | -1084024.0 |   2405 | u_mul.result\[26\]$_DFFE_PN0P_/D
    1233+ |       5 |     200 |       96 |     20 |   278 |    +0.5% | -870.326 |  -656298.2 | -1084024.0 |   2405 | u_mul.result\[26\]$_DFFE_PN0P_/D
    1234+ |       5 |     200 |       96 |     20 |   278 |    +0.5% | -870.326 |  -656298.2 | -1084024.0 |   2405 | u_mul.result\[26\]$_DFFE_PN0P_/D
    1235+ |       5 |     200 |       96 |     20 |   278 |    +0.5% | -870.326 |  -656298.2 | -1084024.0 |   2405 | u_mul.result\[26\]$_DFFE_PN0P_/D
    1236+ |       5 |     200 |       96 |     20 |   278 |    +0.5% | -870.326 |  -656298.2 | -1084024.0 |   2405 | u_mul.result\[26\]$_DFFE_PN0P_/D
    1237+ |       5 |     200 |       96 |     20 |   278 |    +0.5% | -870.326 |  -656298.2 | -1084024.0 |   2405 | u_mul.result\[26\]$_DFFE_PN0P_/D
    1238+ |       5 |     200 |       96 |     20 |   278 |    +0.5% | -870.326 |  -656298.2 | -1084024.0 |   2405 | u_mul.result\[26\]$_DFFE_PN0P_/D
    1239+ |       5 |     200 |       96 |     20 |   278 |    +0.5% | -870.326 |  -656298.2 | -1084024.0 |   2405 | u_mul.result\[26\]$_DFFE_PN0P_/D
    1240+ |       5 |     200 |       96 |     20 |   278 |    +0.5% | -870.326 |  -656298.2 | -1084024.0 |   2405 | u_mul.result\[26\]$_DFFE_PN0P_/D
    1241+ |       5 |     201 |       96 |     20 |   278 |    +0.5% | -870.326 |  -656298.2 | -1084021.2 |   2405 | u_mul.result\[26\]$_DFFE_PN0P_/D
    1242+ |       5 |     201 |       96 |     20 |   278 |    +0.5% | -870.326 |  -656298.2 | -1084021.2 |   2405 | u_mul.result\[26\]$_DFFE_PN0P_/D
    1243+ |       5 |     201 |       96 |     20 |   278 |    +0.5% | -870.326 |  -656298.2 | -1084021.2 |   2405 | u_mul.result\[26\]$_DFFE_PN0P_/D
    1244+ |       5 |     201 |       96 |     20 |   278 |    +0.5% | -870.326 |  -656298.2 | -1084021.2 |   2405 | u_mul.result\[26\]$_DFFE_PN0P_/D
    1245+ |       5 |     201 |       96 |     20 |   278 |    +0.5% | -870.326 |  -656298.2 | -1084021.2 |   2405 | u_mul.result\[26\]$_DFFE_PN0P_/D
    1246+ |       5 |     201 |       96 |     20 |   278 |    +0.5% | -870.326 |  -656298.2 | -1084021.2 |   2405 | u_mul.result\[26\]$_DFFE_PN0P_/D
    1247+ |       5 |     201 |       96 |     20 |   278 |    +0.5% | -870.326 |  -656298.2 | -1084021.2 |   2405 | u_mul.result\[26\]$_DFFE_PN0P_/D
    1248+ |       5 |     201 |       96 |     20 |   278 |    +0.5% | -870.326 |  -656298.2 | -1084021.2 |   2405 | u_mul.result\[26\]$_DFFE_PN0P_/D
    1249+ |       5 |     201 |       96 |     20 |   278 |    +0.5% | -870.326 |  -656298.2 | -1084021.2 |   2405 | u_mul.result\[26\]$_DFFE_PN0P_/D
    1250+ |       5 |     201 |       96 |     20 |   278 |    +0.5% | -870.326 |  -656298.2 | -1084021.2 |   2405 | u_mul.result\[26\]$_DFFE_PN0P_/D
    1252+ |       5 |     203 |       96 |     20 |   278 |    +0.5% | -870.326 |  -656298.6 | -1083993.4 |   2405 | u_mul.result\[26\]$_DFFE_PN0P_/D
    1253+ |       5 |     203 |       96 |     20 |   278 |    +0.5% | -870.326 |  -656298.6 | -1083993.4 |   2405 | u_mul.result\[26\]$_DFFE_PN0P_/D
    1254+ |       5 |     203 |       96 |     20 |   278 |    +0.5% | -870.326 |  -656298.6 | -1083993.4 |   2405 | u_mul.result\[26\]$_DFFE_PN0P_/D
    1255+ |       5 |     203 |       96 |     20 |   278 |    +0.5% | -870.326 |  -656298.6 | -1083993.4 |   2405 | u_mul.result\[26\]$_DFFE_PN0P_/D
    1256+ |       5 |     203 |       96 |     20 |   278 |    +0.5% | -870.326 |  -656298.6 | -1083993.4 |   2405 | u_mul.result\[26\]$_DFFE_PN0P_/D
    1257+ |       5 |     203 |       96 |     20 |   278 |    +0.5% | -870.326 |  -656298.6 | -1083993.4 |   2405 | u_mul.result\[26\]$_DFFE_PN0P_/D
    1258+ |       5 |     203 |       96 |     20 |   278 |    +0.5% | -870.326 |  -656298.6 | -1083993.4 |   2405 | u_mul.result\[26\]$_DFFE_PN0P_/D
    1260+ |       5 |     204 |       96 |     20 |   278 |    +0.5% | -870.326 |  -656298.6 | -1083993.0 |   2405 | u_mul.result\[26\]$_DFFE_PN0P_/D
    1260+ |       5 |     204 |       96 |     20 |   278 |    +0.5% | -870.326 |  -656298.6 | -1083993.0 |   2405 | u_mul.result\[26\]$_DFFE_PN0P_/D
    1263+ |       5 |     206 |       96 |     20 |   278 |    +0.5% | -870.326 |  -656296.9 | -1083955.9 |   2405 | u_mul.result\[26\]$_DFFE_PN0P_/D
    1264+ |       5 |     206 |       96 |     20 |   278 |    +0.5% | -870.326 |  -656296.9 | -1083955.9 |   2405 | u_mul.result\[26\]$_DFFE_PN0P_/D
    1265+ |       5 |     206 |       96 |     20 |   278 |    +0.5% | -870.326 |  -656296.9 | -1083955.9 |   2405 | u_mul.result\[26\]$_DFFE_PN0P_/D
    1266+ |       5 |     206 |       96 |     20 |   278 |    +0.5% | -870.326 |  -656296.9 | -1083955.9 |   2405 | u_mul.result\[26\]$_DFFE_PN0P_/D
    1267+ |       5 |     206 |       96 |     20 |   278 |    +0.5% | -870.326 |  -656296.9 | -1083955.9 |   2405 | u_mul.result\[26\]$_DFFE_PN0P_/D
    1269+ |       5 |     207 |       96 |     20 |   278 |    +0.5% | -870.326 |  -656296.9 | -1083941.4 |   2405 | u_mul.result\[26\]$_DFFE_PN0P_/D
    1270+ |       5 |     207 |       96 |     20 |   278 |    +0.5% | -870.326 |  -656296.9 | -1083941.4 |   2405 | u_mul.result\[26\]$_DFFE_PN0P_/D
    1270+ |       5 |     207 |       96 |     20 |   278 |    +0.5% | -870.326 |  -656296.9 | -1083941.4 |   2405 | u_mul.result\[26\]$_DFFE_PN0P_/D
    1271+ |       5 |     207 |       96 |     20 |   278 |    +0.5% | -870.326 |  -656296.9 | -1083941.4 |   2405 | u_mul.result\[26\]$_DFFE_PN0P_/D
    1272+ |       5 |     207 |       96 |     20 |   278 |    +0.5% | -870.326 |  -656296.9 | -1083941.4 |   2405 | u_mul.result\[26\]$_DFFE_PN0P_/D
    1274+ |       5 |     208 |       96 |     20 |   278 |    +0.5% | -870.326 |  -656295.0 | -1083661.2 |   2405 | u_mul.result\[26\]$_DFFE_PN0P_/D
    1275+ |       5 |     208 |       96 |     20 |   278 |    +0.5% | -870.326 |  -656295.0 | -1083661.2 |   2405 | u_mul.result\[26\]$_DFFE_PN0P_/D
    1276+ |       5 |     208 |       96 |     20 |   278 |    +0.5% | -870.326 |  -656295.0 | -1083661.2 |   2405 | u_mul.result\[26\]$_DFFE_PN0P_/D
    1277+ |       5 |     208 |       96 |     20 |   278 |    +0.5% | -870.326 |  -656295.0 | -1083661.2 |   2405 | u_mul.result\[26\]$_DFFE_PN0P_/D
    1278+ |       5 |     208 |       96 |     20 |   278 |    +0.5% | -870.326 |  -656295.0 | -1083661.2 |   2405 | u_mul.result\[26\]$_DFFE_PN0P_/D
    1279+ |       5 |     208 |       96 |     20 |   278 |    +0.5% | -870.326 |  -656295.0 | -1083661.2 |   2405 | u_mul.result\[26\]$_DFFE_PN0P_/D
    1280+ |       5 |     208 |       96 |     20 |   278 |    +0.5% | -870.326 |  -656295.0 | -1083661.2 |   2405 | u_mul.result\[26\]$_DFFE_PN0P_/D
    1280+ |       5 |     208 |       96 |     20 |   278 |    +0.5% | -870.326 |  -656295.0 | -1083661.2 |   2405 | u_mul.result\[26\]$_DFFE_PN0P_/D
    1281+ |       5 |     208 |       96 |     20 |   278 |    +0.5% | -870.326 |  -656295.0 | -1083661.2 |   2405 | u_mul.result\[26\]$_DFFE_PN0P_/D
    1282+ |       5 |     208 |       96 |     20 |   278 |    +0.5% | -870.326 |  -656295.0 | -1083661.2 |   2405 | u_mul.result\[26\]$_DFFE_PN0P_/D
    1283+ |       5 |     208 |       96 |     20 |   278 |    +0.5% | -870.326 |  -656295.0 | -1083661.2 |   2405 | u_mul.result\[26\]$_DFFE_PN0P_/D
    1286+ |       5 |     209 |       96 |     20 |   279 |    +0.5% | -870.326 |  -656295.0 | -1083598.9 |   2405 | u_mul.result\[26\]$_DFFE_PN0P_/D
    1289+ |       5 |     210 |       96 |     20 |   280 |    +0.5% | -870.326 |  -656288.6 | -1083598.6 |   2405 | u_mul.result\[26\]$_DFFE_PN0P_/D
    1290+ |       5 |     210 |       96 |     20 |   280 |    +0.5% | -870.326 |  -656288.6 | -1083598.6 |   2405 | u_mul.result\[26\]$_DFFE_PN0P_/D
    1290+ |       5 |     210 |       96 |     20 |   280 |    +0.5% | -870.326 |  -656288.6 | -1083598.6 |   2405 | u_mul.result\[26\]$_DFFE_PN0P_/D
    1291+ |       5 |     210 |       96 |     20 |   280 |    +0.5% | -870.326 |  -656288.6 | -1083598.6 |   2405 | u_mul.result\[26\]$_DFFE_PN0P_/D
    1292+ |       5 |     210 |       96 |     20 |   280 |    +0.5% | -870.326 |  -656288.6 | -1083598.6 |   2405 | u_mul.result\[26\]$_DFFE_PN0P_/D
    1293+ |       5 |     210 |       96 |     20 |   280 |    +0.5% | -870.326 |  -656288.6 | -1083598.6 |   2405 | u_mul.result\[26\]$_DFFE_PN0P_/D
    1294+ |       5 |     210 |       96 |     20 |   280 |    +0.5% | -870.326 |  -656288.6 | -1083598.6 |   2405 | u_mul.result\[26\]$_DFFE_PN0P_/D
    1296+ |       5 |     211 |       96 |     20 |   280 |    +0.5% | -870.326 |  -656275.9 | -1083598.9 |   2405 | u_mul.result\[26\]$_DFFE_PN0P_/D
    1297+ |       5 |     211 |       96 |     20 |   280 |    +0.5% | -870.326 |  -656275.9 | -1083598.9 |   2405 | u_mul.result\[26\]$_DFFE_PN0P_/D
    1298+ |       5 |     211 |       96 |     20 |   280 |    +0.5% | -870.326 |  -656275.9 | -1083598.9 |   2405 | u_mul.result\[26\]$_DFFE_PN0P_/D
    1299+ |       5 |     211 |       96 |     20 |   280 |    +0.5% | -870.326 |  -656275.9 | -1083598.9 |   2405 | u_mul.result\[26\]$_DFFE_PN0P_/D
    1300+ |       5 |     211 |       96 |     20 |   280 |    +0.5% | -870.326 |  -656275.9 | -1083598.9 |   2405 | u_mul.result\[26\]$_DFFE_PN0P_/D
    1301+ |       5 |     211 |       96 |     20 |   280 |    +0.5% | -870.326 |  -656275.9 | -1083598.9 |   2405 | u_mul.result\[26\]$_DFFE_PN0P_/D
    1302+ |       5 |     211 |       96 |     20 |   280 |    +0.5% | -870.326 |  -656275.9 | -1083598.9 |   2405 | u_mul.result\[26\]$_DFFE_PN0P_/D
    1304+ |       5 |     211 |       96 |     20 |   281 |    +0.5% | -870.326 |  -656275.9 | -1083599.5 |   2405 | u_mul.result\[26\]$_DFFE_PN0P_/D
    1307+ |       5 |     212 |       96 |     20 |   282 |    +0.5% | -870.326 |  -656302.9 | -1083599.9 |   2405 | u_mul.result\[26\]$_DFFE_PN0P_/D
    1308+ |       5 |     212 |       96 |     20 |   282 |    +0.5% | -870.326 |  -656302.9 | -1083599.9 |   2405 | u_mul.result\[26\]$_DFFE_PN0P_/D
    1310+ |       5 |     213 |       96 |     20 |   282 |    +0.5% | -870.326 |  -656284.1 | -1083599.2 |   2405 | u_mul.result\[26\]$_DFFE_PN0P_/D
    1311+ |       5 |     213 |       96 |     20 |   283 |    +0.5% | -870.326 |  -656313.6 | -1083599.4 |   2405 | u_mul.result\[26\]$_DFFE_PN0P_/D
    1313+ |       5 |     213 |       96 |     20 |   284 |    +0.5% | -870.326 |  -656313.6 | -1083600.1 |   2405 | u_mul.result\[26\]$_DFFE_PN0P_/D
    1314+ |       5 |     213 |       96 |     20 |   284 |    +0.5% | -870.326 |  -656313.6 | -1083600.1 |   2405 | u_mul.result\[26\]$_DFFE_PN0P_/D
    1315+ |       5 |     213 |       96 |     20 |   284 |    +0.5% | -870.326 |  -656313.6 | -1083600.1 |   2405 | u_mul.result\[26\]$_DFFE_PN0P_/D
    1317+ |       5 |     213 |       96 |     20 |   285 |    +0.5% | -870.326 |  -656313.6 | -1083601.0 |   2405 | u_mul.result\[26\]$_DFFE_PN0P_/D
    1318+ |       5 |     213 |       96 |     20 |   285 |    +0.5% | -870.326 |  -656313.6 | -1083601.0 |   2405 | u_mul.result\[26\]$_DFFE_PN0P_/D
    1320+ |       5 |     213 |       96 |     20 |   286 |    +0.5% | -870.326 |  -656313.6 | -1083602.0 |   2405 | u_mul.result\[26\]$_DFFE_PN0P_/D
    1320+ |       5 |     213 |       96 |     20 |   286 |    +0.5% | -870.326 |  -656313.6 | -1083602.0 |   2405 | u_mul.result\[26\]$_DFFE_PN0P_/D
    1321+ |       5 |     213 |       96 |     20 |   286 |    +0.5% | -870.326 |  -656313.6 | -1083602.0 |   2405 | u_mul.result\[26\]$_DFFE_PN0P_/D
    1322+ |       5 |     213 |       96 |     20 |   286 |    +0.5% | -870.326 |  -656313.6 | -1083602.0 |   2405 | u_mul.result\[26\]$_DFFE_PN0P_/D
    1325+ |       5 |     215 |       96 |     20 |   286 |    +0.5% | -870.326 |  -656317.9 | -1083572.2 |   2405 | u_mul.result\[26\]$_DFFE_PN0P_/D
    1328+ |       5 |     216 |       96 |     20 |   287 |    +0.5% | -870.326 |  -656335.4 | -1083571.9 |   2405 | u_mul.result\[26\]$_DFFE_PN0P_/D
    1330+ |       5 |     217 |       96 |     20 |   287 |    +0.5% | -870.326 |  -656345.8 | -1083572.2 |   2405 | u_mul.result\[26\]$_DFFE_PN0P_/D
    1331+ |       5 |     217 |       96 |     20 |   288 |    +0.5% | -870.326 |  -656373.4 | -1083572.0 |   2405 | u_mul.result\[26\]$_DFFE_PN0P_/D
    1333+ |       5 |     218 |       96 |     20 |   288 |    +0.5% | -870.326 |  -656376.9 | -1083572.5 |   2405 | u_mul.result\[26\]$_DFFE_PN0P_/D
    1334+ |       5 |     218 |       96 |     20 |   288 |    +0.5% | -870.326 |  -656376.9 | -1083572.5 |   2405 | u_mul.result\[26\]$_DFFE_PN0P_/D
    1335+ |       5 |     218 |       96 |     20 |   288 |    +0.5% | -870.326 |  -656376.9 | -1083572.5 |   2405 | u_mul.result\[26\]$_DFFE_PN0P_/D
    1337+ |       5 |     218 |       96 |     20 |   289 |    +0.5% | -870.326 |  -656376.9 | -1083573.2 |   2405 | u_mul.result\[26\]$_DFFE_PN0P_/D
    1338+ |       5 |     218 |       96 |     20 |   289 |    +0.5% | -870.326 |  -656376.9 | -1083573.2 |   2405 | u_mul.result\[26\]$_DFFE_PN0P_/D
    1339+ |       5 |     218 |       96 |     20 |   289 |    +0.5% | -870.326 |  -656376.9 | -1083573.2 |   2405 | u_mul.result\[26\]$_DFFE_PN0P_/D
    1340+ |       5 |     218 |       96 |     20 |   289 |    +0.5% | -870.326 |  -656376.9 | -1083573.2 |   2405 | u_mul.result\[26\]$_DFFE_PN0P_/D
    1340+ |       5 |     218 |       96 |     20 |   289 |    +0.5% | -870.326 |  -656376.9 | -1083573.2 |   2405 | u_mul.result\[26\]$_DFFE_PN0P_/D
    1343+ |       5 |     219 |       96 |     20 |   290 |    +0.5% | -870.326 |  -656354.6 | -1083573.2 |   2405 | u_mul.result\[26\]$_DFFE_PN0P_/D
    1344+ |       5 |     219 |       96 |     20 |   290 |    +0.5% | -870.326 |  -656354.6 | -1083573.2 |   2405 | u_mul.result\[26\]$_DFFE_PN0P_/D
    1346+ |       5 |     220 |       96 |     20 |   290 |    +0.5% | -870.326 |  -656347.8 | -1083514.4 |   2405 | u_mul.result\[26\]$_DFFE_PN0P_/D
    1347+ |       5 |     220 |       96 |     20 |   290 |    +0.5% | -870.326 |  -656347.8 | -1083514.4 |   2405 | u_mul.result\[26\]$_DFFE_PN0P_/D
    1348+ |       5 |     220 |       96 |     20 |   290 |    +0.5% | -870.326 |  -656347.8 | -1083514.4 |   2405 | u_mul.result\[26\]$_DFFE_PN0P_/D
    1349+ |       5 |     220 |       96 |     20 |   290 |    +0.5% | -870.326 |  -656347.8 | -1083514.4 |   2405 | u_mul.result\[26\]$_DFFE_PN0P_/D
    1350+ |       5 |     220 |       96 |     20 |   290 |    +0.5% | -870.326 |  -656347.8 | -1083514.4 |   2405 | u_mul.result\[26\]$_DFFE_PN0P_/D
    1350+ |       5 |     220 |       96 |     20 |   290 |    +0.5% | -870.326 |  -656347.8 | -1083514.4 |   2405 | u_mul.result\[26\]$_DFFE_PN0P_/D
    1351+ |       5 |     220 |       96 |     20 |   290 |    +0.5% | -870.326 |  -656347.8 | -1083514.4 |   2405 | u_mul.result\[26\]$_DFFE_PN0P_/D
    1354+ |       5 |     222 |       96 |     20 |   290 |    +0.5% | -870.326 |  -656347.8 | -1083501.8 |   2405 | u_mul.result\[26\]$_DFFE_PN0P_/D
    1356+ |       5 |     222 |       96 |     20 |   291 |    +0.5% | -870.326 |  -656347.8 | -1083502.2 |   2405 | u_mul.result\[26\]$_DFFE_PN0P_/D
    1358+ |       5 |     222 |       96 |     20 |   292 |    +0.5% | -870.326 |  -656342.2 | -1083502.5 |   2405 | u_mul.result\[26\]$_DFFE_PN0P_/D
    1359+ |       5 |     222 |       96 |     20 |   292 |    +0.5% | -870.326 |  -656342.2 | -1083502.5 |   2405 | u_mul.result\[26\]$_DFFE_PN0P_/D
    1360+ |       5 |     222 |       96 |     20 |   292 |    +0.5% | -870.326 |  -656342.2 | -1083502.5 |   2405 | u_mul.result\[26\]$_DFFE_PN0P_/D
    1361+ |       5 |     223 |       96 |     20 |   292 |    +0.5% | -870.326 |  -656333.4 | -1083502.4 |   2405 | u_mul.result\[26\]$_DFFE_PN0P_/D
    1362+ |       5 |     223 |       96 |     20 |   292 |    +0.5% | -870.326 |  -656333.4 | -1083502.4 |   2405 | u_mul.result\[26\]$_DFFE_PN0P_/D
    1363+ |       5 |     223 |       96 |     20 |   292 |    +0.5% | -870.326 |  -656333.4 | -1083502.4 |   2405 | u_mul.result\[26\]$_DFFE_PN0P_/D
    1364+ |       5 |     223 |       96 |     20 |   292 |    +0.5% | -870.326 |  -656333.4 | -1083502.4 |   2405 | u_mul.result\[26\]$_DFFE_PN0P_/D
    1365+ |       5 |     223 |       96 |     20 |   292 |    +0.5% | -870.326 |  -656333.4 | -1083502.4 |   2405 | u_mul.result\[26\]$_DFFE_PN0P_/D
    1366+ |       5 |     223 |       96 |     20 |   292 |    +0.5% | -870.326 |  -656333.4 | -1083502.4 |   2405 | u_mul.result\[26\]$_DFFE_PN0P_/D
    1367+ |       5 |     223 |       96 |     20 |   292 |    +0.5% | -870.326 |  -656333.4 | -1083502.4 |   2405 | u_mul.result\[26\]$_DFFE_PN0P_/D
    1370+ |       5 |     224 |       96 |     20 |   293 |    +0.5% | -870.326 |  -656349.3 | -1083502.6 |   2405 | u_mul.result\[26\]$_DFFE_PN0P_/D
    1370+ |       5 |     224 |       96 |     20 |   293 |    +0.5% | -870.326 |  -656349.3 | -1083502.6 |   2405 | u_mul.result\[26\]$_DFFE_PN0P_/D
    1373+ |       5 |     226 |       96 |     20 |   293 |    +0.5% | -870.326 |  -656337.7 | -1083488.2 |   2405 | u_mul.result\[26\]$_DFFE_PN0P_/D
    1374+ |       5 |     226 |       96 |     20 |   293 |    +0.5% | -870.326 |  -656337.7 | -1083488.2 |   2405 | u_mul.result\[26\]$_DFFE_PN0P_/D
    1375+ |       5 |     226 |       96 |     20 |   293 |    +0.5% | -870.326 |  -656337.7 | -1083488.2 |   2405 | u_mul.result\[26\]$_DFFE_PN0P_/D
    1377+ |       5 |     227 |       96 |     20 |   293 |    +0.5% | -870.326 |  -656337.2 | -1083488.4 |   2405 | u_mul.result\[26\]$_DFFE_PN0P_/D
    1378+ |       5 |     227 |       96 |     20 |   293 |    +0.5% | -870.326 |  -656337.2 | -1083488.4 |   2405 | u_mul.result\[26\]$_DFFE_PN0P_/D
    1379+ |       5 |     227 |       96 |     20 |   293 |    +0.5% | -870.326 |  -656337.2 | -1083488.4 |   2405 | u_mul.result\[26\]$_DFFE_PN0P_/D
    1380+ |       5 |     227 |       96 |     20 |   293 |    +0.5% | -870.326 |  -656337.2 | -1083488.4 |   2405 | u_mul.result\[26\]$_DFFE_PN0P_/D
    1380+ |       5 |     227 |       96 |     20 |   293 |    +0.5% | -870.326 |  -656337.2 | -1083488.4 |   2405 | u_mul.result\[26\]$_DFFE_PN0P_/D
    1381+ |       5 |     227 |       96 |     20 |   293 |    +0.5% | -870.326 |  -656337.2 | -1083488.4 |   2405 | u_mul.result\[26\]$_DFFE_PN0P_/D
    1382+ |       5 |     227 |       96 |     20 |   293 |    +0.5% | -870.326 |  -656337.2 | -1083488.4 |   2405 | u_mul.result\[26\]$_DFFE_PN0P_/D
    1383+ |       5 |     227 |       96 |     20 |   293 |    +0.5% | -870.326 |  -656336.9 | -1083488.4 |   2405 | u_mul.result\[26\]$_DFFE_PN0P_/D
    1384+ |       5 |     227 |       96 |     20 |   293 |    +0.5% | -870.326 |  -656336.9 | -1083488.4 |   2405 | u_mul.result\[26\]$_DFFE_PN0P_/D
    1387+ |       5 |     228 |       96 |     20 |   294 |    +0.5% | -870.326 |  -656357.7 | -1083488.4 |   2405 | u_mul.result\[26\]$_DFFE_PN0P_/D
    1390+ |       5 |     229 |       96 |     20 |   295 |    +0.5% | -870.326 |  -656380.2 | -1083487.8 |   2405 | u_mul.result\[26\]$_DFFE_PN0P_/D
    1390+ |       5 |     229 |       96 |     20 |   295 |    +0.5% | -870.326 |  -656380.2 | -1083487.8 |   2405 | u_mul.result\[26\]$_DFFE_PN0P_/D
    1391+ |       5 |     229 |       96 |     20 |   295 |    +0.5% | -870.326 |  -656380.2 | -1083487.8 |   2405 | u_mul.result\[26\]$_DFFE_PN0P_/D
    1393+ |       5 |     230 |       96 |     20 |   295 |    +0.5% | -870.326 |  -656374.3 | -1083487.5 |   2405 | u_mul.result\[26\]$_DFFE_PN0P_/D
    1394+ |       5 |     230 |       96 |     20 |   295 |    +0.5% | -870.326 |  -656374.3 | -1083487.5 |   2405 | u_mul.result\[26\]$_DFFE_PN0P_/D
    1395+ |       5 |     230 |       96 |     20 |   295 |    +0.5% | -870.326 |  -656374.3 | -1083487.5 |   2405 | u_mul.result\[26\]$_DFFE_PN0P_/D
    1396+ |       5 |     230 |       96 |     20 |   295 |    +0.5% | -870.326 |  -656374.3 | -1083487.5 |   2405 | u_mul.result\[26\]$_DFFE_PN0P_/D
    1397+ |       5 |     230 |       96 |     20 |   295 |    +0.5% | -870.326 |  -656374.3 | -1083487.5 |   2405 | u_mul.result\[26\]$_DFFE_PN0P_/D
    1398+ |       5 |     230 |       96 |     20 |   295 |    +0.5% | -870.326 |  -656374.3 | -1083487.5 |   2405 | u_mul.result\[26\]$_DFFE_PN0P_/D
    1399+ |       5 |     230 |       96 |     20 |   295 |    +0.5% | -870.326 |  -656374.2 | -1083487.5 |   2405 | u_mul.result\[26\]$_DFFE_PN0P_/D
    1400+ |       5 |     230 |       96 |     20 |   295 |    +0.5% | -870.326 |  -656374.2 | -1083487.5 |   2405 | u_mul.result\[26\]$_DFFE_PN0P_/D
    final |       5 |     230 |       96 |     20 |   295 |    +0.5% | -870.326 |  -656374.2 | -1083487.5 |   2405 | u_mul.result\[26\]$_DFFE_PN0P_/D
------------------------------------------------------------------------------------------------------------------------------
[INFO RSZ-0059] Removed 5 buffers.
[INFO RSZ-0040] Inserted 96 buffers.
[INFO RSZ-0051] Resized 230 instances: 230 up, 0 up match, 0 down, 0 VT
[INFO RSZ-0043] Swapped pins on 295 instances.
[INFO RSZ-0049] Cloned 20 instances.
[WARNING RSZ-0062] Unable to repair all setup violations.
[INFO RSZ-0046] Found 110 endpoints with hold violations.
Iteration | Resized | Buffers | Cloned Gates |   Area   |   WNS   |   TNS   | Endpoint
--------------------------------------------------------------------------------------
        0 |       0 |       0 |            0 |    +0.0% | -88.864 | -5646.768 | mem_rdata0[8]$_DFFE_PN0P_/D
       10 |       0 |       0 |            0 |    +0.0% | -88.864 | -5646.768 | mem_rdata0[8]$_DFFE_PN0P_/D
       20 |       0 |       0 |            0 |    +0.0% | -88.864 | -5646.768 | mem_rdata0[8]$_DFFE_PN0P_/D
       30 |       0 |       0 |            0 |    +0.0% | -88.864 | -5646.768 | mem_rdata0[8]$_DFFE_PN0P_/D
       40 |       0 |       0 |            0 |    +0.0% | -88.864 | -5646.768 | mem_rdata0[8]$_DFFE_PN0P_/D
       50 |       0 |       0 |            0 |    +0.0% | -88.864 | -5646.768 | mem_rdata0[8]$_DFFE_PN0P_/D
       60 |       0 |       0 |            0 |    +0.0% | -88.864 | -5646.768 | mem_rdata0[8]$_DFFE_PN0P_/D
       70 |       0 |       0 |            0 |    +0.0% | -88.864 | -5646.768 | mem_rdata0[8]$_DFFE_PN0P_/D
       80 |       0 |       0 |            0 |    +0.0% | -88.864 | -5646.768 | mem_rdata0[8]$_DFFE_PN0P_/D
       90 |       0 |       0 |            0 |    +0.0% | -88.864 | -5646.768 | mem_rdata0[8]$_DFFE_PN0P_/D
      100 |       0 |       0 |            0 |    +0.0% | -88.864 | -5646.768 | mem_rdata0[8]$_DFFE_PN0P_/D
      110 |       0 |       0 |            0 |    +0.0% | -88.864 | -5646.768 | mem_rdata0[8]$_DFFE_PN0P_/D
    final |       0 |       0 |            0 |    +0.0% | -88.864 | -5646.768 | mem_rdata0[8]$_DFFE_PN0P_/D
--------------------------------------------------------------------------------------
[WARNING RSZ-0066] Unable to repair all hold violations.
Took 379 seconds: repair_timing -setup_margin 0 -hold_margin 0 -repair_tns 100 -verbose
global_route -start_incremental
detailed_placement
[INFO DPL-0006] Core area: 7521.05 um^2, Instances area: 4129.68 um^2, Utilization: 54.9%
[INFO DPL-0005] Diamond search max displacement: +/- 500 sites horizontally, +/- 100 rows vertically.
[INFO DPL-1101] Legalizing using diamond search.
Movements Summary
---------------------------------------
Total cells:                   36356
Diamond Move Success:          36356 (100.00%)
Diamond Move Failure:              0
Rip-up and replace Success:        0 (  0.00% of diamond failures)
Rip-up and replace Failure:        0
Total Placement Failures:          0
---------------------------------------
Placement Analysis
---------------------------------
total displacement        144.6 u
average displacement        0.0 u
max displacement            1.0 u
original HPWL          108642.4 u
legalized HPWL         108752.1 u
delta HPWL                    0 %

check_placement -verbose
global_route -end_incremental -resistance_aware -congestion_report_file ./reports/asap7/rv32imc_top/p1400/congestion_post_repair_timing.rpt
Took 24 seconds: global_route -end_incremental -resistance_aware -congestion_report_file ./reports/asap7/rv32imc_top/p1400/congestion_post_repair_timing.rpt
estimate_parasitics -global_routing
repair_timing -setup -sequence "vt_swap reroute" -skip_last_gasp -repair_tns 0 -verbose
[INFO RSZ-0100] Repair move sequence: RerouteMove 
[INFO RSZ-0094] Found 2405 endpoints with setup violations.
[INFO RSZ-0099] Repairing 1 out of 2405 (0.00%) violating endpoints...
   Iter   | Removed | Resized | Inserted | Cloned |  Pin  |   Area   |    WNS   |   StTNS    |   EnTNS    |  Viol  |  Worst  
          | Buffers |  Gates  | Buffers  |  Gates | Swaps |          |          |            |            | Endpts | St/EnPt 
------------------------------------------------------------------------------------------------------------------------------
       0* |       0 |       0 |        0 |      0 |     0 |    +0.0% | -872.156 |  -656461.4 | -1083989.2 |   2405 | u_mul.result\[26\]$_DFFE_PN0P_/D
       1* |       0 |       0 |        0 |      0 |     0 |    +0.0% | -872.156 |  -656461.4 | -1083989.2 |   2405 | u_mul.result\[26\]$_DFFE_PN0P_/D
       1* |       0 |       0 |        0 |      0 |     0 |    +0.0% | -872.156 |  -656461.4 | -1083989.2 |   2405 | u_mul.result\[26\]$_DFFE_PN0P_/D
    final |       0 |       0 |        0 |      0 |     0 |    +0.0% | -872.156 |  -656461.4 | -1083989.2 |   2405 | u_mul.result\[26\]$_DFFE_PN0P_/D
------------------------------------------------------------------------------------------------------------------------------
[WARNING RSZ-0062] Unable to repair all setup violations.
Took 10 seconds: repair_timing -setup -sequence "vt_swap reroute" -skip_last_gasp -repair_tns 0 -verbose
Repair antennas...
[WARNING GRT-0246] No diode with LEF class CORE ANTENNACELL found.
[INFO ANT-0002] Found 0 net violations.
[INFO ANT-0001] Found 0 pin violations.
Estimate parasitics...
estimate_parasitics -global_routing
Report metrics stage 5, global route...

==========================================================================
global route report_design_area
--------------------------------------------------------------------------
Design area 4130 um^2 55% utilization.
[INFO FLW-0007] clock core_clk period 1.400000
[INFO FLW-0008] Clock core_clk period 829.879
[INFO FLW-0009] Clock core_clk slack -872.156
write_sdc -no_timestamp ./results/asap7/rv32imc_top/p1400/updated_clks.sdc
[INFO FLW-0011] Path endpoint path count 3300
write_db ./results/asap7/rv32imc_top/p1400/5_1_grt.odb
write_sdc -no_timestamp ./results/asap7/rv32imc_top/p1400/5_1_grt.sdc
Elapsed time: 18:43.10[h:]min:sec. CPU time: user 1371.88 sys 199.28 (139%). Peak memory: 902356KB.
Log                       Ext     Elapsed/s Peak Memory/MB sha1sum result [0:20)
5_1_grt                   .odb         1123            881 aa563a6677887184fa49
5_1_grt                   .sdc                             1ba1e92604829d1c8c30
make: Leaving directory '/home/hatch/workspace/rv32imc-cpu/tools/orfs/flow'
