make: Entering directory '/home/hatch/workspace/rv32imc-cpu/tools/orfs/flow'
mkdir -p ./results/asap7/rv32imc_top/p950/
echo 950 > ./results/asap7/rv32imc_top/p950/clock_period.txt
/home/hatch/workspace/rv32imc-cpu/tools/orfs/flow/scripts/synth.sh /home/hatch/workspace/rv32imc-cpu/tools/orfs/flow/scripts/synth_canonicalize.tcl ./logs/asap7/rv32imc_top/p950/1_1_yosys_canonicalize.log
Using ABC area script.
Extracting clock period from SDC file: ./results/asap7/rv32imc_top/p950/clock_period.txt
Setting clock period to 950
1. Executing Liberty frontend: /home/hatch/workspace/rv32imc-cpu/tools/orfs/flow/platforms/asap7/lib/NLDM/asap7sc7p5t_AO_RVT_FF_nldm_211120.lib.gz
2. Executing Liberty frontend: /home/hatch/workspace/rv32imc-cpu/tools/orfs/flow/platforms/asap7/lib/NLDM/asap7sc7p5t_INVBUF_RVT_FF_nldm_220122.lib.gz
3. Executing Liberty frontend: /home/hatch/workspace/rv32imc-cpu/tools/orfs/flow/platforms/asap7/lib/NLDM/asap7sc7p5t_OA_RVT_FF_nldm_211120.lib.gz
4. Executing Liberty frontend: /home/hatch/workspace/rv32imc-cpu/tools/orfs/flow/platforms/asap7/lib/NLDM/asap7sc7p5t_SIMPLE_RVT_FF_nldm_211120.lib.gz
5. Executing Liberty frontend: /home/hatch/workspace/rv32imc-cpu/tools/orfs/flow/platforms/asap7/lib/NLDM/asap7sc7p5t_SEQ_RVT_FF_nldm_220123.lib
6. Executing Liberty frontend: /home/hatch/workspace/rv32imc-cpu/tools/orfs/flow/platforms/asap7/lib/NLDM/asap7sc7p5t_AO_RVT_FF_nldm_211120.lib.gz
7. Executing Liberty frontend: /home/hatch/workspace/rv32imc-cpu/tools/orfs/flow/platforms/asap7/lib/NLDM/asap7sc7p5t_INVBUF_RVT_FF_nldm_220122.lib.gz
8. Executing Liberty frontend: /home/hatch/workspace/rv32imc-cpu/tools/orfs/flow/platforms/asap7/lib/NLDM/asap7sc7p5t_OA_RVT_FF_nldm_211120.lib.gz
9. Executing Liberty frontend: /home/hatch/workspace/rv32imc-cpu/tools/orfs/flow/platforms/asap7/lib/NLDM/asap7sc7p5t_SIMPLE_RVT_FF_nldm_211120.lib.gz
10. Executing Liberty frontend: /home/hatch/workspace/rv32imc-cpu/tools/orfs/flow/platforms/asap7/lib/NLDM/asap7sc7p5t_SEQ_RVT_FF_nldm_220123.lib
11. Executing Verilog-2005 frontend: /home/hatch/workspace/rv32imc-cpu/rtl/alu.v
12. Executing Verilog-2005 frontend: /home/hatch/workspace/rv32imc-cpu/rtl/compressed_decoder.v
13. Executing Verilog-2005 frontend: /home/hatch/workspace/rv32imc-cpu/rtl/csr.v
14. Executing Verilog-2005 frontend: /home/hatch/workspace/rv32imc-cpu/rtl/mul_div.v
15. Executing Verilog-2005 frontend: /home/hatch/workspace/rv32imc-cpu/rtl/regfile.v
16. Executing Verilog-2005 frontend: /home/hatch/workspace/rv32imc-cpu/rtl/rv32imc_top.v
17. Executing Verilog-2005 frontend: /home/hatch/workspace/rv32imc-cpu/rtl/tb_extended.v
18. Executing Verilog-2005 frontend: /home/hatch/workspace/rv32imc-cpu/rtl/tb_smoke.v
19. Executing Verilog-2005 frontend: /home/hatch/workspace/rv32imc-cpu/tools/orfs/flow/platforms/asap7/yoSys/cells_clkgate_R.v
20. Executing HIERARCHY pass (managing design hierarchy).
21. Executing AST frontend in derive mode using pre-parsed AST for module `\rv32imc_top'.
21.1. Analyzing design hierarchy..
21.2. Executing AST frontend in derive mode using pre-parsed AST for module `\csr'.
21.3. Executing AST frontend in derive mode using pre-parsed AST for module `\divider'.
21.4. Executing AST frontend in derive mode using pre-parsed AST for module `\multiplier'.
21.5. Executing AST frontend in derive mode using pre-parsed AST for module `\alu'.
21.6. Executing AST frontend in derive mode using pre-parsed AST for module `\regfile'.
21.7. Executing AST frontend in derive mode using pre-parsed AST for module `\compressed_decoder'.
21.8. Analyzing design hierarchy..
21.9. Analyzing design hierarchy..
22. Executing OPT_CLEAN pass (remove unused cells and wires).
Warning: Ignoring module multiplier because it contains processes (run 'proc' command first).
Warning: Ignoring module divider because it contains processes (run 'proc' command first).
Warning: Ignoring module csr because it contains processes (run 'proc' command first).
Warning: Ignoring module rv32imc_top because it contains processes (run 'proc' command first).
Warning: Ignoring module compressed_decoder because it contains processes (run 'proc' command first).
Warning: Ignoring module regfile because it contains processes (run 'proc' command first).
Warning: Ignoring module alu because it contains processes (run 'proc' command first).
23. Executing RTLIL backend.
Warnings: 7 unique messages, 7 total
End of script. Logfile hash: 3e5222572b, time: 0.87s, user: 0.77s, system: 0.03s, MEM: 27.35 MB peak
Yosys 0.69+75 (git sha1 f0b945f63-dirty, Release, Clang /usr/bin/clang++ 21.1.8)
Time spent: 89% 12x read_liberty (0 sec), 5% 1x hierarchy (0 sec), ...
Elapsed time: 0:00.89[h:]min:sec. CPU time: user 0.80 sys 0.04 (95%). Peak memory: 29880KB.
Log                       Ext     Elapsed/s Peak Memory/MB sha1sum result [0:20)
1_1_yosys_canonicalize    .rtlil          0             29 df53b69f4322b325e2c3
/home/hatch/workspace/rv32imc-cpu/tools/orfs/flow/scripts/synth.sh /home/hatch/workspace/rv32imc-cpu/tools/orfs/flow/scripts/synth.tcl ./logs/asap7/rv32imc_top/p950/1_2_yosys.log
Using ABC area script.
Extracting clock period from SDC file: ./results/asap7/rv32imc_top/p950/clock_period.txt
Setting clock period to 950
1. Executing RTLIL frontend.
2. Executing HIERARCHY pass (managing design hierarchy).
2.1. Analyzing design hierarchy..
2.2. Analyzing design hierarchy..
3. Executing SYNTH pass.
3.1. Executing HIERARCHY pass (managing design hierarchy).
3.1.1. Analyzing design hierarchy..
3.1.2. Analyzing design hierarchy..
3.2. Executing PROC pass (convert processes to netlists).
3.2.1. Executing PROC_CLEAN pass (remove empty switches from decision trees).
3.2.2. Executing PROC_RMDEAD pass (remove dead branches from decision trees).
3.2.3. Executing PROC_PRUNE pass (remove redundant assignments in processes).
3.2.4. Executing PROC_INIT pass (extract init attributes).
3.2.5. Executing PROC_ARST pass (detect async resets in processes).
3.2.6. Executing PROC_ROM pass (convert switches to ROMs).
3.2.7. Executing PROC_MUX pass (convert decision trees to multiplexers).
3.2.8. Executing PROC_DLATCH pass (convert process syncs to latches).
3.2.9. Executing PROC_DFF pass (convert process syncs to FFs).
3.2.10. Executing PROC_MEMWR pass (convert process memory writes to cells).
3.2.11. Executing PROC_CLEAN pass (remove empty switches from decision trees).
3.2.12. Executing OPT_EXPR pass (perform const folding).
3.3. Executing CHECK pass (checking for obvious problems).
3.4. Executing FLATTEN pass (flatten design).
3.5. Executing OPT_EXPR pass (perform const folding).
3.6. Executing CHECK pass (checking for obvious problems).
3.7. Executing OPT_CLEAN pass (remove unused cells and wires).
3.8. Executing OPT pass (performing simple optimizations).
3.8.1. Executing OPT_EXPR pass (perform const folding).
3.8.2. Executing OPT_MERGE pass (detect identical cells).
3.8.3. Executing OPT_MUXTREE pass (detect dead branches in mux trees).
3.8.4. Executing OPT_REDUCE pass (consolidate $*mux and $reduce_* inputs).
3.8.5. Executing OPT_MERGE pass (detect identical cells).
3.8.6. Executing OPT_DFF pass (perform DFF optimizations).
3.8.7. Executing OPT_CLEAN pass (remove unused cells and wires).
3.8.8. Executing OPT_EXPR pass (perform const folding).
3.8.9. Rerunning OPT passes. (Maybe there is more to do..)
3.8.10. Executing OPT_MUXTREE pass (detect dead branches in mux trees).
3.8.11. Executing OPT_REDUCE pass (consolidate $*mux and $reduce_* inputs).
3.8.12. Executing OPT_MERGE pass (detect identical cells).
3.8.13. Executing OPT_DFF pass (perform DFF optimizations).
3.8.14. Executing OPT_CLEAN pass (remove unused cells and wires).
3.8.15. Executing OPT_EXPR pass (perform const folding).
3.8.16. Rerunning OPT passes. (Maybe there is more to do..)
3.8.17. Executing OPT_MUXTREE pass (detect dead branches in mux trees).
3.8.18. Executing OPT_REDUCE pass (consolidate $*mux and $reduce_* inputs).
3.8.19. Executing OPT_MERGE pass (detect identical cells).
3.8.20. Executing OPT_DFF pass (perform DFF optimizations).
3.8.21. Executing OPT_CLEAN pass (remove unused cells and wires).
3.8.22. Executing OPT_EXPR pass (perform const folding).
3.8.23. Finished fast OPT passes. (There is nothing left to do.)
3.9. Executing FSM pass (extract and optimize FSM).
3.9.1. Executing FSM_DETECT pass (finding FSMs in design).
3.9.2. Executing FSM_EXTRACT pass (extracting FSM from design).
3.9.3. Executing FSM_OPT pass (simple optimizations of FSMs).
3.9.4. Executing OPT_CLEAN pass (remove unused cells and wires).
3.9.5. Executing FSM_OPT pass (simple optimizations of FSMs).
3.9.6. Executing FSM_RECODE pass (re-assigning FSM state encoding).
3.9.7. Executing FSM_INFO pass (dumping all available information on FSM cells).
3.9.8. Executing FSM_MAP pass (mapping FSMs to basic logic).
3.10. Executing OPT pass (performing simple optimizations).
3.10.1. Executing OPT_EXPR pass (perform const folding).
3.10.2. Executing OPT_MERGE pass (detect identical cells).
3.10.3. Executing OPT_MUXTREE pass (detect dead branches in mux trees).
3.10.4. Executing OPT_REDUCE pass (consolidate $*mux and $reduce_* inputs).
3.10.5. Executing OPT_MERGE pass (detect identical cells).
3.10.6. Executing OPT_DFF pass (perform DFF optimizations).
3.10.7. Executing OPT_CLEAN pass (remove unused cells and wires).
3.10.8. Executing OPT_EXPR pass (perform const folding).
3.10.9. Rerunning OPT passes. (Maybe there is more to do..)
3.10.10. Executing OPT_MUXTREE pass (detect dead branches in mux trees).
3.10.11. Executing OPT_REDUCE pass (consolidate $*mux and $reduce_* inputs).
3.10.12. Executing OPT_MERGE pass (detect identical cells).
3.10.13. Executing OPT_DFF pass (perform DFF optimizations).
3.10.14. Executing OPT_CLEAN pass (remove unused cells and wires).
3.10.15. Executing OPT_EXPR pass (perform const folding).
3.10.16. Rerunning OPT passes. (Maybe there is more to do..)
3.10.17. Executing OPT_MUXTREE pass (detect dead branches in mux trees).
3.10.18. Executing OPT_REDUCE pass (consolidate $*mux and $reduce_* inputs).
3.10.19. Executing OPT_MERGE pass (detect identical cells).
3.10.20. Executing OPT_DFF pass (perform DFF optimizations).
3.10.21. Executing OPT_CLEAN pass (remove unused cells and wires).
3.10.22. Executing OPT_EXPR pass (perform const folding).
3.10.23. Finished fast OPT passes. (There is nothing left to do.)
3.11. Executing WREDUCE pass (reducing word size of cells).
3.12. Executing PEEPOPT pass (run peephole optimizers).
3.13. Executing OPT_CLEAN pass (remove unused cells and wires).
3.14. Executing ALUMACC pass (create $alu and $macc cells).
3.15. Executing SHARE pass (SAT-based resource sharing).
3.16. Executing OPT pass (performing simple optimizations).
3.16.1. Executing OPT_EXPR pass (perform const folding).
3.16.2. Executing OPT_MERGE pass (detect identical cells).
3.16.3. Executing OPT_MUXTREE pass (detect dead branches in mux trees).
3.16.4. Executing OPT_REDUCE pass (consolidate $*mux and $reduce_* inputs).
3.16.5. Executing OPT_MERGE pass (detect identical cells).
3.16.6. Executing OPT_DFF pass (perform DFF optimizations).
3.16.7. Executing OPT_CLEAN pass (remove unused cells and wires).
3.16.8. Executing OPT_EXPR pass (perform const folding).
3.16.9. Rerunning OPT passes. (Maybe there is more to do..)
3.16.10. Executing OPT_MUXTREE pass (detect dead branches in mux trees).
3.16.11. Executing OPT_REDUCE pass (consolidate $*mux and $reduce_* inputs).
3.16.12. Executing OPT_MERGE pass (detect identical cells).
3.16.13. Executing OPT_DFF pass (perform DFF optimizations).
3.16.14. Executing OPT_CLEAN pass (remove unused cells and wires).
3.16.15. Executing OPT_EXPR pass (perform const folding).
3.16.16. Finished fast OPT passes. (There is nothing left to do.)
3.17. Executing MEMORY pass.
3.17.1. Executing OPT_MEM pass (optimize memories).
3.17.2. Executing OPT_MEM_PRIORITY pass (removing unnecessary memory write priority relations).
3.17.3. Executing OPT_MEM_FEEDBACK pass (finding memory read-to-write feedback paths).
3.17.4. Executing MEMORY_BMUX2ROM pass (converting muxes to ROMs).
3.17.5. Executing MEMORY_DFF pass (merging $dff cells to $memrd).
3.17.6. Executing OPT_CLEAN pass (remove unused cells and wires).
3.17.7. Executing MEMORY_SHARE pass (consolidating $memrd/$memwr cells).
3.17.8. Executing OPT_MEM_WIDEN pass (optimize memories where all ports are wide).
3.17.9. Executing OPT_CLEAN pass (remove unused cells and wires).
3.17.10. Executing MEMORY_COLLECT pass (generating $mem cells).
3.18. Executing OPT_CLEAN pass (remove unused cells and wires).
4. Executing SYNTH pass.
4.1. Executing OPT pass (performing simple optimizations).
4.1.1. Executing OPT_EXPR pass (perform const folding).
4.1.2. Executing OPT_MERGE pass (detect identical cells).
4.1.3. Executing OPT_DFF pass (perform DFF optimizations).
4.1.4. Executing OPT_CLEAN pass (remove unused cells and wires).
4.1.5. Rerunning OPT passes. (Removed registers in this run.)
4.1.6. Executing OPT_EXPR pass (perform const folding).
4.1.7. Executing OPT_MERGE pass (detect identical cells).
4.1.8. Executing OPT_DFF pass (perform DFF optimizations).
4.1.9. Executing OPT_CLEAN pass (remove unused cells and wires).
4.1.10. Finished fast OPT passes.
4.2. Executing MEMORY_MAP pass (converting memories to logic and flip-flops).
4.3. Executing OPT pass (performing simple optimizations).
4.3.1. Executing OPT_EXPR pass (perform const folding).
4.3.2. Executing OPT_MERGE pass (detect identical cells).
4.3.3. Executing OPT_MUXTREE pass (detect dead branches in mux trees).
4.3.4. Executing OPT_REDUCE pass (consolidate $*mux and $reduce_* inputs).
4.3.5. Executing OPT_MERGE pass (detect identical cells).
4.3.6. Executing OPT_SHARE pass.
4.3.7. Executing OPT_DFF pass (perform DFF optimizations).
4.3.8. Executing OPT_CLEAN pass (remove unused cells and wires).
4.3.9. Executing OPT_EXPR pass (perform const folding).
4.3.10. Rerunning OPT passes. (Maybe there is more to do..)
4.3.11. Executing OPT_MUXTREE pass (detect dead branches in mux trees).
4.3.12. Executing OPT_REDUCE pass (consolidate $*mux and $reduce_* inputs).
4.3.13. Executing OPT_MERGE pass (detect identical cells).
4.3.14. Executing OPT_SHARE pass.
4.3.15. Executing OPT_DFF pass (perform DFF optimizations).
4.3.16. Executing OPT_CLEAN pass (remove unused cells and wires).
4.3.17. Executing OPT_EXPR pass (perform const folding).
4.3.18. Rerunning OPT passes. (Maybe there is more to do..)
4.3.19. Executing OPT_MUXTREE pass (detect dead branches in mux trees).
4.3.20. Executing OPT_REDUCE pass (consolidate $*mux and $reduce_* inputs).
4.3.21. Executing OPT_MERGE pass (detect identical cells).
4.3.22. Executing OPT_SHARE pass.
4.3.23. Executing OPT_DFF pass (perform DFF optimizations).
4.3.24. Executing OPT_CLEAN pass (remove unused cells and wires).
4.3.25. Executing OPT_EXPR pass (perform const folding).
4.3.26. Rerunning OPT passes. (Maybe there is more to do..)
4.3.27. Executing OPT_MUXTREE pass (detect dead branches in mux trees).
4.3.28. Executing OPT_REDUCE pass (consolidate $*mux and $reduce_* inputs).
4.3.29. Executing OPT_MERGE pass (detect identical cells).
4.3.30. Executing OPT_SHARE pass.
4.3.31. Executing OPT_DFF pass (perform DFF optimizations).
4.3.32. Executing OPT_CLEAN pass (remove unused cells and wires).
4.3.33. Executing OPT_EXPR pass (perform const folding).
4.3.34. Finished fast OPT passes. (There is nothing left to do.)
4.4. Executing TECHMAP pass (map to technology primitives).
4.4.1. Executing Verilog-2005 frontend: /home/hatch/workspace/rv32imc-cpu/tools/oss-cad-suite/lib/../share/yosys/techmap.v
4.4.2. Executing Verilog-2005 frontend: /home/hatch/workspace/rv32imc-cpu/tools/orfs/flow/platforms/common/lcu_kogge_stone.v
4.4.3. Continuing TECHMAP pass.
4.4.61. Executing OPT_MUXTREE pass (detect dead branches in mux trees).
4.4.62. Executing OPT_EXPR pass (perform const folding).
4.5. Executing OPT pass (performing simple optimizations).
4.5.1. Executing OPT_EXPR pass (perform const folding).
4.5.2. Executing OPT_MERGE pass (detect identical cells).
4.5.3. Executing OPT_DFF pass (perform DFF optimizations).
4.5.4. Executing OPT_CLEAN pass (remove unused cells and wires).
4.5.5. Rerunning OPT passes. (Removed registers in this run.)
4.5.6. Executing OPT_EXPR pass (perform const folding).
4.5.7. Executing OPT_MERGE pass (detect identical cells).
4.5.8. Executing OPT_DFF pass (perform DFF optimizations).
4.5.9. Executing OPT_CLEAN pass (remove unused cells and wires).
4.5.10. Finished fast OPT passes.
4.6. Executing HIERARCHY pass (managing design hierarchy).
4.6.1. Analyzing design hierarchy..
4.6.2. Analyzing design hierarchy..
4.7. Printing statistics.
4.8. Executing CHECK pass (checking for obvious problems).
5. Executing OPT pass (performing simple optimizations).
5.1. Executing OPT_EXPR pass (perform const folding).
5.2. Executing OPT_MERGE pass (detect identical cells).
5.3. Executing OPT_MUXTREE pass (detect dead branches in mux trees).
5.4. Executing OPT_REDUCE pass (consolidate $*mux and $reduce_* inputs).
5.5. Executing OPT_MERGE pass (detect identical cells).
5.6. Executing OPT_DFF pass (perform DFF optimizations).
5.7. Executing OPT_CLEAN pass (remove unused cells and wires).
5.8. Executing OPT_EXPR pass (perform const folding).
5.9. Rerunning OPT passes. (Maybe there is more to do..)
5.10. Executing OPT_MUXTREE pass (detect dead branches in mux trees).
5.11. Executing OPT_REDUCE pass (consolidate $*mux and $reduce_* inputs).
5.12. Executing OPT_MERGE pass (detect identical cells).
5.13. Executing OPT_DFF pass (perform DFF optimizations).
5.14. Executing OPT_CLEAN pass (remove unused cells and wires).
5.15. Executing OPT_EXPR pass (perform const folding).
5.16. Finished fast OPT passes. (There is nothing left to do.)
6. Executing EXTRACT_FA pass (find and extract full/half adders).
7. Executing TECHMAP pass (map to technology primitives).
7.1. Executing Verilog-2005 frontend: /home/hatch/workspace/rv32imc-cpu/tools/orfs/flow/platforms/asap7/yoSys/cells_adders_R.v
7.2. Continuing TECHMAP pass.
8. Executing TECHMAP pass (map to technology primitives).
8.1. Executing Verilog-2005 frontend: /home/hatch/workspace/rv32imc-cpu/tools/oss-cad-suite/lib/../share/yosys/techmap.v
8.2. Continuing TECHMAP pass.
9. Executing OPT pass (performing simple optimizations).
9.1. Executing OPT_EXPR pass (perform const folding).
9.2. Executing OPT_MERGE pass (detect identical cells).
9.3. Executing OPT_DFF pass (perform DFF optimizations).
9.4. Executing OPT_CLEAN pass (remove unused cells and wires).
9.5. Finished fast OPT passes.
10. Executing DFFLEGALIZE pass (convert FFs and LATCHes to types supported by the target).
11. Executing TECHMAP pass (map to technology primitives).
11.1. Executing Verilog-2005 frontend: /home/hatch/workspace/rv32imc-cpu/tools/orfs/flow/platforms/asap7/yoSys/cells_latch_R.v
11.2. Continuing TECHMAP pass.
12. Executing DFFLIBMAP pass (mapping DFF/DLATCH cells to sequential cells from liberty file).
12.1. Executing DFFLEGALIZE pass (convert FFs and LATCHes to types supported by the target).
13. Executing OPT pass (performing simple optimizations).
13.1. Executing OPT_EXPR pass (perform const folding).
13.2. Executing OPT_MERGE pass (detect identical cells).
13.3. Executing OPT_MUXTREE pass (detect dead branches in mux trees).
13.4. Executing OPT_REDUCE pass (consolidate $*mux and $reduce_* inputs).
13.5. Executing OPT_MERGE pass (detect identical cells).
13.6. Executing OPT_DFF pass (perform DFF optimizations).
13.7. Executing OPT_CLEAN pass (remove unused cells and wires).
13.8. Executing OPT_EXPR pass (perform const folding).
13.9. Rerunning OPT passes. (Maybe there is more to do..)
13.10. Executing OPT_MUXTREE pass (detect dead branches in mux trees).
13.11. Executing OPT_REDUCE pass (consolidate $*mux and $reduce_* inputs).
13.12. Executing OPT_MERGE pass (detect identical cells).
13.13. Executing OPT_DFF pass (perform DFF optimizations).
13.14. Executing OPT_CLEAN pass (remove unused cells and wires).
13.15. Executing OPT_EXPR pass (perform const folding).
13.16. Finished fast OPT passes. (There is nothing left to do.)
14. Executing SETUNDEF pass (replace undef values with defined constants).
abc -script /home/hatch/workspace/rv32imc-cpu/tools/orfs/flow/scripts/abc_area.script -liberty /home/hatch/workspace/rv32imc-cpu/tools/orfs/flow/platforms/asap7/lib/NLDM/asap7sc7p5t_AO_RVT_FF_nldm_211120.lib.gz -liberty /home/hatch/workspace/rv32imc-cpu/tools/orfs/flow/platforms/asap7/lib/NLDM/asap7sc7p5t_INVBUF_RVT_FF_nldm_220122.lib.gz -liberty /home/hatch/workspace/rv32imc-cpu/tools/orfs/flow/platforms/asap7/lib/NLDM/asap7sc7p5t_OA_RVT_FF_nldm_211120.lib.gz -liberty /home/hatch/workspace/rv32imc-cpu/tools/orfs/flow/platforms/asap7/lib/NLDM/asap7sc7p5t_SIMPLE_RVT_FF_nldm_211120.lib.gz -liberty /home/hatch/workspace/rv32imc-cpu/tools/orfs/flow/platforms/asap7/lib/NLDM/asap7sc7p5t_SEQ_RVT_FF_nldm_220123.lib -dont_use *x1p*_ASAP7* -dont_use *xp*_ASAP7* -dont_use SDF* -dont_use ICG* -constr ./objects/asap7/rv32imc_top/p950/abc.constr -D 950
15. Executing ABC pass (technology mapping using ABC).
15.1. Summary of detected clock domains:
15.2. Extracting gate netlist of module `\rv32imc_top' to `<abc-temp-dir>/input.blif'..
15.2.1. Executed ABC.
15.2.2. Re-integrating ABC results.
Took 18 seconds: abc -script /home/hatch/workspace/rv32imc-cpu/tools/orfs/flow/scripts/abc_area.script -liberty /home/hatch/workspace/rv32imc-cpu/tools/orfs/flow/platforms/asap7/lib/NLDM/asap7sc7p5t_AO_RVT_FF_nldm_211120.lib.gz -liberty /home/hatch/workspace/rv32imc-cpu/tools/orfs/flow/platforms/asap7/lib/NLDM/asap7sc7p5t_INVBUF_RVT_FF_nldm_220122.lib.gz -liberty /home/hatch/workspace/rv32imc-cpu/tools/orfs/flow/platforms/asap7/lib/NLDM/asap7sc7p5t_OA_RVT_FF_nldm_211120.lib.gz -liberty /home/hatch/workspace/rv32imc-cpu/tools/orfs/flow/platforms/asap7/lib/NLDM/asap7sc7p5t_SIMPLE_RVT_FF_nldm_211120.lib.gz -liberty /home/hatch/workspace/rv32imc-cpu/tools/orfs/flow/platforms/asap7/lib/NLDM/asap7sc7p5t_SEQ_RVT_FF_nldm_220123.lib -dont_use *x1p*_ASAP7* -dont_use *xp*_ASAP7* -dont_use SDF* -dont_use ICG* -constr ./objects/asap7/rv32imc_top/p950/abc.constr -D 950
16. Executing SPLITNETS pass (splitting up multi-bit signals).
17. Executing OPT_CLEAN pass (remove unused cells and wires).
18. Executing HILOMAP pass (mapping to constant drivers).
19. Executing INSBUF pass (insert buffer cells for connected wires).
20. Executing CHECK pass (checking for obvious problems).
21. Printing statistics.
22. Executing CHECK pass (checking for obvious problems).
23. Executing Verilog backend.
23.1. Executing BMUXMAP pass.
23.2. Executing DEMUXMAP pass.
End of script. Logfile hash: ad18436e1a, time: 34.26s, user: 17.69s, system: 0.44s, MEM: 210.18 MB peak
Yosys 0.69+75 (git sha1 f0b945f63-dirty, Release, Clang /usr/bin/clang++ 21.1.8)
Time spent: 50% 1x abc (17 sec), 17% 1x extract_fa (6 sec), ...
Elapsed time: 0:34.38[h:]min:sec. CPU time: user 34.51 sys 0.64 (102%). Peak memory: 288820KB.
Log                       Ext     Elapsed/s Peak Memory/MB sha1sum result [0:20)
1_2_yosys                 .v             34            282 7a434de8b2bb78b4fffe
cp /home/hatch/workspace/rv32imc-cpu/pnr_asap7/design/rv32imc_top//constraint.sdc results/asap7/rv32imc_top/p950/1_2_yosys.sdc
touch -r /home/hatch/workspace/rv32imc-cpu/pnr_asap7/design/rv32imc_top//constraint.sdc results/asap7/rv32imc_top/p950/1_2_yosys.sdc
OpenROAD 26Q2-1164-g08f67ee5ec 
Features included (+) or not (-): +GPU +GUI +Python
This program is licensed under the BSD-3 license. See the LICENSE file for details.
Components of this program may be licensed under more restrictive licenses which must be honored.
[INFO ORD-0030] Using 2 thread(s).
mkdir -p ./objects/asap7/rv32imc_top/p950
/home/hatch/workspace/rv32imc-cpu/tools/orfs/flow/scripts/flow.sh 1_synth synth_odb
Running synth_odb.tcl, stage 1_synth
source /home/hatch/workspace/rv32imc-cpu/tools/orfs/flow/platforms/asap7/liberty_suppressions.tcl
read_liberty /home/hatch/workspace/rv32imc-cpu/tools/orfs/flow/platforms/asap7/lib/NLDM/asap7sc7p5t_AO_RVT_FF_nldm_211120.lib.gz
read_liberty /home/hatch/workspace/rv32imc-cpu/tools/orfs/flow/platforms/asap7/lib/NLDM/asap7sc7p5t_INVBUF_RVT_FF_nldm_220122.lib.gz
read_liberty /home/hatch/workspace/rv32imc-cpu/tools/orfs/flow/platforms/asap7/lib/NLDM/asap7sc7p5t_OA_RVT_FF_nldm_211120.lib.gz
read_liberty /home/hatch/workspace/rv32imc-cpu/tools/orfs/flow/platforms/asap7/lib/NLDM/asap7sc7p5t_SIMPLE_RVT_FF_nldm_211120.lib.gz
read_liberty /home/hatch/workspace/rv32imc-cpu/tools/orfs/flow/platforms/asap7/lib/NLDM/asap7sc7p5t_SEQ_RVT_FF_nldm_220123.lib
[INFO ODB-0227] LEF file: /home/hatch/workspace/rv32imc-cpu/tools/orfs/flow/platforms/asap7/lef/asap7_tech_1x_201209.lef, created 30 layers, 9 vias
[INFO ODB-0227] LEF file: /home/hatch/workspace/rv32imc-cpu/tools/orfs/flow/platforms/asap7/lef/asap7sc7p5t_28_R_1x_220121a.lef, created 212 library cells
link_design rv32imc_top
read_sdc ./results/asap7/rv32imc_top/p950/1_2_yosys.sdc
source /home/hatch/workspace/rv32imc-cpu/tools/orfs/flow/platforms/asap7/setRC.tcl
eliminate_dead_logic
Removed 0 unused instances and 0 unused nets.
Design area 3396 um^2 100% utilization.
write_db ./results/asap7/rv32imc_top/p950/1_synth.odb
write_sdc -no_timestamp ./results/asap7/rv32imc_top/p950/1_synth.sdc
Elapsed time: 0:03.23[h:]min:sec. CPU time: user 3.07 sys 0.15 (99%). Peak memory: 268996KB.
Log                       Ext     Elapsed/s Peak Memory/MB sha1sum result [0:20)
1_synth                   .odb            3            262 8073f72d4e02cb27666b
1_synth                   .sdc                             f2995a9678fe63461eb3
/home/hatch/workspace/rv32imc-cpu/tools/orfs/flow/scripts/flow.sh 2_1_floorplan floorplan
Running floorplan.tcl, stage 2_1_floorplan
source /home/hatch/workspace/rv32imc-cpu/tools/orfs/flow/platforms/asap7/liberty_suppressions.tcl
read_liberty /home/hatch/workspace/rv32imc-cpu/tools/orfs/flow/platforms/asap7/lib/NLDM/asap7sc7p5t_AO_RVT_FF_nldm_211120.lib.gz
read_liberty /home/hatch/workspace/rv32imc-cpu/tools/orfs/flow/platforms/asap7/lib/NLDM/asap7sc7p5t_INVBUF_RVT_FF_nldm_220122.lib.gz
read_liberty /home/hatch/workspace/rv32imc-cpu/tools/orfs/flow/platforms/asap7/lib/NLDM/asap7sc7p5t_OA_RVT_FF_nldm_211120.lib.gz
read_liberty /home/hatch/workspace/rv32imc-cpu/tools/orfs/flow/platforms/asap7/lib/NLDM/asap7sc7p5t_SIMPLE_RVT_FF_nldm_211120.lib.gz
read_liberty /home/hatch/workspace/rv32imc-cpu/tools/orfs/flow/platforms/asap7/lib/NLDM/asap7sc7p5t_SEQ_RVT_FF_nldm_220123.lib
read_db ./results/asap7/rv32imc_top/p950/1_synth.odb
read_sdc ./results/asap7/rv32imc_top/p950/1_synth.sdc
source /home/hatch/workspace/rv32imc-cpu/tools/orfs/flow/platforms/asap7/setRC.tcl

==========================================================================
Floorplan check_setup
--------------------------------------------------------------------------
Warning: There is 1 input port missing set_input_delay.
number instances in verilog is 29834
initialize_floorplan -utilization 45 -aspect_ratio 1 -core_space 2 -site asap7sc7p5t
[INFO IFP-0107] Defining die area using utilization: 45.00% and aspect ratio: 1.
[WARNING IFP-0028] Core area lower left (2.000, 2.000) snapped to (2.052, 2.160).
[INFO IFP-0001] Added 321 rows of 1607 site asap7sc7p5t.
[INFO IFP-0100] Die BBox:  (  0.000  0.000 ) ( 90.870 90.870 ) um
[INFO IFP-0101] Core BBox: (  2.052  2.160 ) ( 88.830 88.830 ) um
[INFO IFP-0102] Core area:                         7521.049 um^2
[INFO IFP-0103] Total instances area:              3395.915 um^2
[INFO IFP-0104] Effective utilization:                0.452
[INFO IFP-0105] Number of instances:                  29834
source /home/hatch/workspace/rv32imc-cpu/tools/orfs/flow/platforms/asap7/openRoad/make_tracks.tcl
source /home/hatch/workspace/rv32imc-cpu/tools/orfs/flow/platforms/asap7/fastroute.tcl
set_dont_use "*x1p*_ASAP7* *xp*_ASAP7* SDF* ICG*"
repair_tie_fanout -separation 0 asap7sc7p5t_SIMPLE_RVT_FF_nldm_250407/TIELOx1_ASAP7_75t_R/L
[INFO RSZ-0042] Inserted 2 tie TIELOx1_ASAP7_75t_R instances.
repair_tie_fanout -separation 0 asap7sc7p5t_SIMPLE_RVT_FF_nldm_250407/TIEHIx1_ASAP7_75t_R/H
[INFO RSZ-0042] Inserted 748 tie TIEHIx1_ASAP7_75t_R instances.
repair_timing -setup_margin 0 -hold_margin 0 -repair_tns 100 -setup -skip_last_gasp -sequence unbuffer,sizeup,swap,vt_swap -verbose
[WARNING EST-0027] no estimated parasitics. Using wire load models.
[INFO RSZ-0100] Repair move sequence: UnbufferMove SizeUpMove SwapPinsMove 
[INFO RSZ-0094] Found 2 endpoints with setup violations.
[INFO RSZ-0099] Repairing 2 out of 2 (100.00%) violating endpoints...
   Iter   | Removed | Resized | Inserted | Cloned |  Pin  |   Area   |    WNS   |   StTNS    |   EnTNS    |  Viol  |  Worst  
          | Buffers |  Gates  | Buffers  |  Gates | Swaps |          |          |            |            | Endpts | St/EnPt 
------------------------------------------------------------------------------------------------------------------------------
       0* |       0 |       0 |        0 |      0 |     0 |    +0.0% |  -15.222 |      -15.2 |      -16.9 |      2 | u_mul.result\[28\]$_DFFE_PN0P_/D
       3* |       0 |       2 |        0 |      0 |     0 |    +0.0% |   19.372 |        0.0 |        0.0 |      2 | u_mul.result\[28\]$_DFFE_PN0P_/D
       4* |       0 |       2 |        0 |      0 |     0 |    +0.0% |   19.372 |        0.0 |        0.0 |      2 | u_mul.result\[28\]$_DFFE_PN0P_/D
       4* |       0 |       2 |        0 |      0 |     0 |    +0.0% |   19.372 |        0.0 |        0.0 |      2 | u_mul.result\[28\]$_DFFE_PN0P_/D
    final |       0 |       2 |        0 |      0 |     0 |    +0.0% |   19.372 |        0.0 |        0.0 |      0 | u_mul.result\[28\]$_DFFE_PN0P_/D
------------------------------------------------------------------------------------------------------------------------------
[INFO RSZ-0051] Resized 2 instances: 2 up, 0 up match, 0 down, 0 VT
Default units for flow
 time 1ps
 capacitance 1fF
 resistance 1kohm
 voltage 1v
 current 1mA
 power 1pW
 distance 1um
   Layer   | Unit Resistance | Unit Capacitance 
           |       (kohm/um) |          (fF/um)
------------------------------------------------
        M1 |        7.04e-02 |         1.00e-10
        M2 |        2.97e-02 |         1.75e-01
        M3 |        3.13e-02 |         1.56e-01
        M4 |        1.80e-02 |         1.78e-01
        M5 |        1.90e-02 |         1.64e-01
        M6 |        1.19e-02 |         1.87e-01
        M7 |        1.25e-02 |         1.63e-01
        M8 |        8.45e-03 |         1.04e-01
        M9 |        8.90e-03 |         9.28e-02
       Pad |        0.00e+00 |         0.00e+00
------------------------------------------------

   Layer   | Via Resistance 
           |         (kohm) 
----------------------------
        V1 |       1.72e-02 
        V2 |       1.72e-02 
        V3 |       1.72e-02 
        V4 |       1.18e-02 
        V5 |       1.18e-02 
        V6 |       8.20e-03 
        V7 |       8.20e-03 
        V8 |       6.30e-03 
        V9 |       6.30e-03 
----------------------------
Report metrics stage 2, floorplan final...

==========================================================================
floorplan final report_design_area
--------------------------------------------------------------------------
Design area 3429 um^2 46% utilization.
write_db ./results/asap7/rv32imc_top/p950/2_1_floorplan.odb
write_sdc -no_timestamp ./results/asap7/rv32imc_top/p950/2_1_floorplan.sdc
Elapsed time: 0:13.39[h:]min:sec. CPU time: user 12.75 sys 1.75 (108%). Peak memory: 330556KB.
Log                       Ext     Elapsed/s Peak Memory/MB sha1sum result [0:20)
2_1_floorplan             .odb           13            322 d8ada987e0d5a1d3a800
2_1_floorplan             .sdc                             f2995a9678fe63461eb3
/home/hatch/workspace/rv32imc-cpu/tools/orfs/flow/scripts/flow.sh 2_2_floorplan_macro macro_place
Running macro_place.tcl, stage 2_2_floorplan_macro
source /home/hatch/workspace/rv32imc-cpu/tools/orfs/flow/platforms/asap7/liberty_suppressions.tcl
read_liberty /home/hatch/workspace/rv32imc-cpu/tools/orfs/flow/platforms/asap7/lib/NLDM/asap7sc7p5t_AO_RVT_FF_nldm_211120.lib.gz
read_liberty /home/hatch/workspace/rv32imc-cpu/tools/orfs/flow/platforms/asap7/lib/NLDM/asap7sc7p5t_INVBUF_RVT_FF_nldm_220122.lib.gz
read_liberty /home/hatch/workspace/rv32imc-cpu/tools/orfs/flow/platforms/asap7/lib/NLDM/asap7sc7p5t_OA_RVT_FF_nldm_211120.lib.gz
read_liberty /home/hatch/workspace/rv32imc-cpu/tools/orfs/flow/platforms/asap7/lib/NLDM/asap7sc7p5t_SIMPLE_RVT_FF_nldm_211120.lib.gz
read_liberty /home/hatch/workspace/rv32imc-cpu/tools/orfs/flow/platforms/asap7/lib/NLDM/asap7sc7p5t_SEQ_RVT_FF_nldm_220123.lib
read_db ./results/asap7/rv32imc_top/p950/2_1_floorplan.odb
read_sdc ./results/asap7/rv32imc_top/p950/2_1_floorplan.sdc
source /home/hatch/workspace/rv32imc-cpu/tools/orfs/flow/platforms/asap7/setRC.tcl
No macros found: Skipping macro_placement
Design area 3429 um^2 46% utilization.
write_db ./results/asap7/rv32imc_top/p950/2_2_floorplan_macro.odb
Elapsed time: 0:02.62[h:]min:sec. CPU time: user 2.46 sys 0.15 (99%). Peak memory: 241580KB.
Log                       Ext     Elapsed/s Peak Memory/MB sha1sum result [0:20)
2_2_floorplan_macro       .odb            2            235 d8ada987e0d5a1d3a800
/home/hatch/workspace/rv32imc-cpu/tools/orfs/flow/scripts/flow.sh 2_3_floorplan_tapcell tapcell
Running tapcell.tcl, stage 2_3_floorplan_tapcell
source /home/hatch/workspace/rv32imc-cpu/tools/orfs/flow/platforms/asap7/liberty_suppressions.tcl
read_liberty /home/hatch/workspace/rv32imc-cpu/tools/orfs/flow/platforms/asap7/lib/NLDM/asap7sc7p5t_AO_RVT_FF_nldm_211120.lib.gz
read_liberty /home/hatch/workspace/rv32imc-cpu/tools/orfs/flow/platforms/asap7/lib/NLDM/asap7sc7p5t_INVBUF_RVT_FF_nldm_220122.lib.gz
read_liberty /home/hatch/workspace/rv32imc-cpu/tools/orfs/flow/platforms/asap7/lib/NLDM/asap7sc7p5t_OA_RVT_FF_nldm_211120.lib.gz
read_liberty /home/hatch/workspace/rv32imc-cpu/tools/orfs/flow/platforms/asap7/lib/NLDM/asap7sc7p5t_SIMPLE_RVT_FF_nldm_211120.lib.gz
read_liberty /home/hatch/workspace/rv32imc-cpu/tools/orfs/flow/platforms/asap7/lib/NLDM/asap7sc7p5t_SEQ_RVT_FF_nldm_220123.lib
read_db ./results/asap7/rv32imc_top/p950/2_2_floorplan_macro.odb
read_sdc ./results/asap7/rv32imc_top/p950/2_1_floorplan.sdc
source /home/hatch/workspace/rv32imc-cpu/tools/orfs/flow/platforms/asap7/setRC.tcl
Tap and End Cap cell insertion
  TAP Cell          : TAPCELL_ASAP7_75t_R
  ENDCAP Cell       : TAPCELL_ASAP7_75t_R
  Halo Around Macro : 2 2
  TAP Cell Distance : 25
[INFO TAP-0004] Inserted 642 endcaps.
[INFO TAP-0005] Inserted 484 tapcells.
Design area 3461 um^2 46% utilization.
write_db ./results/asap7/rv32imc_top/p950/2_3_floorplan_tapcell.odb
Elapsed time: 0:02.56[h:]min:sec. CPU time: user 2.38 sys 0.15 (98%). Peak memory: 224580KB.
Log                       Ext     Elapsed/s Peak Memory/MB sha1sum result [0:20)
2_3_floorplan_tapcell     .odb            2            219 d3ed53bcb3672e663711
/home/hatch/workspace/rv32imc-cpu/tools/orfs/flow/scripts/flow.sh 2_4_floorplan_pdn pdn
Running pdn.tcl, stage 2_4_floorplan_pdn
source /home/hatch/workspace/rv32imc-cpu/tools/orfs/flow/platforms/asap7/liberty_suppressions.tcl
read_liberty /home/hatch/workspace/rv32imc-cpu/tools/orfs/flow/platforms/asap7/lib/NLDM/asap7sc7p5t_AO_RVT_FF_nldm_211120.lib.gz
read_liberty /home/hatch/workspace/rv32imc-cpu/tools/orfs/flow/platforms/asap7/lib/NLDM/asap7sc7p5t_INVBUF_RVT_FF_nldm_220122.lib.gz
read_liberty /home/hatch/workspace/rv32imc-cpu/tools/orfs/flow/platforms/asap7/lib/NLDM/asap7sc7p5t_OA_RVT_FF_nldm_211120.lib.gz
read_liberty /home/hatch/workspace/rv32imc-cpu/tools/orfs/flow/platforms/asap7/lib/NLDM/asap7sc7p5t_SIMPLE_RVT_FF_nldm_211120.lib.gz
read_liberty /home/hatch/workspace/rv32imc-cpu/tools/orfs/flow/platforms/asap7/lib/NLDM/asap7sc7p5t_SEQ_RVT_FF_nldm_220123.lib
read_db ./results/asap7/rv32imc_top/p950/2_3_floorplan_tapcell.odb
read_sdc ./results/asap7/rv32imc_top/p950/2_1_floorplan.sdc
source /home/hatch/workspace/rv32imc-cpu/tools/orfs/flow/platforms/asap7/setRC.tcl
[INFO PDN-0001] Inserting grid: top
Design area 3461 um^2 46% utilization.
write_db ./results/asap7/rv32imc_top/p950/2_4_floorplan_pdn.odb
Elapsed time: 0:02.92[h:]min:sec. CPU time: user 2.72 sys 0.18 (99%). Peak memory: 248424KB.
Log                       Ext     Elapsed/s Peak Memory/MB sha1sum result [0:20)
2_4_floorplan_pdn         .odb            2            242 af447ea3aa262da23f77
cp ./results/asap7/rv32imc_top/p950/2_4_floorplan_pdn.odb ./results/asap7/rv32imc_top/p950/2_floorplan.odb
cp ./results/asap7/rv32imc_top/p950/2_1_floorplan.sdc ./results/asap7/rv32imc_top/p950/2_floorplan.sdc
/home/hatch/workspace/rv32imc-cpu/tools/orfs/flow/scripts/flow.sh 3_1_place_gp_skip_io global_place_skip_io
Running global_place_skip_io.tcl, stage 3_1_place_gp_skip_io
source /home/hatch/workspace/rv32imc-cpu/tools/orfs/flow/platforms/asap7/liberty_suppressions.tcl
read_liberty /home/hatch/workspace/rv32imc-cpu/tools/orfs/flow/platforms/asap7/lib/NLDM/asap7sc7p5t_AO_RVT_FF_nldm_211120.lib.gz
read_liberty /home/hatch/workspace/rv32imc-cpu/tools/orfs/flow/platforms/asap7/lib/NLDM/asap7sc7p5t_INVBUF_RVT_FF_nldm_220122.lib.gz
read_liberty /home/hatch/workspace/rv32imc-cpu/tools/orfs/flow/platforms/asap7/lib/NLDM/asap7sc7p5t_OA_RVT_FF_nldm_211120.lib.gz
read_liberty /home/hatch/workspace/rv32imc-cpu/tools/orfs/flow/platforms/asap7/lib/NLDM/asap7sc7p5t_SIMPLE_RVT_FF_nldm_211120.lib.gz
read_liberty /home/hatch/workspace/rv32imc-cpu/tools/orfs/flow/platforms/asap7/lib/NLDM/asap7sc7p5t_SEQ_RVT_FF_nldm_220123.lib
read_db ./results/asap7/rv32imc_top/p950/2_floorplan.odb
read_sdc ./results/asap7/rv32imc_top/p950/2_floorplan.sdc
source /home/hatch/workspace/rv32imc-cpu/tools/orfs/flow/platforms/asap7/setRC.tcl
global_placement -skip_io -density 0.6 -pad_left 0 -pad_right 0
[INFO GPL-0001] ---- Initialize GPL Main Data Structures
[INFO GPL-0002] DBU: 1000
[INFO GPL-0003] SiteSize: (  0.054  0.270 ) um
[INFO GPL-0004] CoreBBox: (  2.052  2.160 ) ( 88.830 88.830 ) um
[INFO GPL-0036] Movable instances area:       3428.662 um^2
[INFO GPL-0037] Total instances area:         3461.496 um^2
[INFO GPL-0035] Pin density area adjust:       259.244 um^2
[INFO GPL-0032] ---- Initialize Region: Top-level
[INFO GPL-0006] Number of instances:             31708
[INFO GPL-0007] Movable instances:               30582
[INFO GPL-0008] Fixed instances:                  1126
[INFO GPL-0009] Dummy instances:                     0
[INFO GPL-0010] Number of nets:                  33761
[INFO GPL-0011] Number of pins:                  98871
[INFO GPL-0012] Die BBox:  (  0.000  0.000 ) ( 90.870 90.870 ) um
[INFO GPL-0013] Core BBox: (  2.052  2.160 ) ( 88.830 88.830 ) um
[INFO GPL-0016] Core area:                    7521.049 um^2
[INFO GPL-0014] Region name: top-level.
[INFO GPL-0015] Region area:                  7521.049 um^2
[INFO GPL-0017] Fixed instances area:           32.834 um^2
[INFO GPL-0018] Movable instances area:       3687.906 um^2
[INFO GPL-0019] Utilization:                    49.249 %
[INFO GPL-0020] Standard cells area:          3687.906 um^2
[INFO GPL-0021] Large instances area:            0.000 um^2
[INFO GPL-0005] ---- Execute Conjugate Gradient Initial Placement.
[INFO GPL-0051] Source of initial instance position counters:
	Odb location = 0	Core center = 30582	Region center = 0
[INFO GPL-0033] ---- Initialize Nesterov Region: Top-level
[INFO GPL-0023] Placement target density:       0.6000
[INFO GPL-0024] Movable insts average area:      0.121 um^2
[INFO GPL-0025] Ideal bin area:                  0.201 um^2
[INFO GPL-0026] Ideal bin count:                 37421
[INFO GPL-0027] Total bin area:               7521.049 um^2
[INFO GPL-0028] Bin count (X, Y):         128 ,    128
[INFO GPL-0029] Bin size (W * H):       0.678 *  0.677 um
[INFO GPL-0030] Number of bins:                  16384
[INFO GPL-0084] ---- Execute Nesterov Global Placement.
[INFO GPL-0031] HPWL: Half-Perimeter Wirelength
Iteration | Overflow |     HPWL (um) |  HPWL(%) |   Penalty | Group
---------------------------------------------------------------
        0 |   0.9961 |  2.297638e+04 |   +0.00% |  8.26e-14 |      
       10 |   0.9971 |  5.512733e+03 |  -76.01% |  1.35e-13 |      
       20 |   0.9971 |  5.129199e+03 |   -6.96% |  2.19e-13 |      
       30 |   0.9971 |  5.038680e+03 |   -1.76% |  3.57e-13 |      
       40 |   0.9971 |  4.999781e+03 |   -0.77% |  5.82e-13 |      
       50 |   0.9970 |  4.984700e+03 |   -0.30% |  9.48e-13 |      
       60 |   0.9969 |  4.985965e+03 |   +0.03% |  1.54e-12 |      
       70 |   0.9968 |  5.005842e+03 |   +0.40% |  2.51e-12 |      
       80 |   0.9967 |  5.065903e+03 |   +1.20% |  4.10e-12 |      
       90 |   0.9967 |  5.240590e+03 |   +3.45% |  6.67e-12 |      
      100 |   0.9963 |  5.675798e+03 |   +8.30% |  1.09e-11 |      
      110 |   0.9955 |  6.477685e+03 |  +14.13% |  1.77e-11 |      
      120 |   0.9942 |  7.871792e+03 |  +21.52% |  2.88e-11 |      
      130 |   0.9917 |  9.810440e+03 |  +24.63% |  4.69e-11 |      
      140 |   0.9876 |  1.213995e+04 |  +23.75% |  7.64e-11 |      
      150 |   0.9826 |  1.511830e+04 |  +24.53% |  1.24e-10 |      
      160 |   0.9751 |  1.912482e+04 |  +26.50% |  2.03e-10 |      
      170 |   0.9637 |  2.381137e+04 |  +24.51% |  3.30e-10 |      
      180 |   0.9489 |  2.875838e+04 |  +20.78% |  5.37e-10 |      
      190 |   0.9305 |  3.436504e+04 |  +19.50% |  8.75e-10 |      
      200 |   0.9074 |  4.040383e+04 |  +17.57% |  1.42e-09 |      
      210 |   0.8801 |  4.580170e+04 |  +13.36% |  2.32e-09 |      
      220 |   0.8494 |  5.217106e+04 |  +13.91% |  3.77e-09 |      
      230 |   0.8158 |  5.860792e+04 |  +12.34% |  6.14e-09 |      
      240 |   0.7806 |  6.534510e+04 |  +11.50% |  9.99e-09 |      
      250 |   0.7428 |  7.176847e+04 |   +9.83% |  1.63e-08 |      
      260 |   0.7015 |  7.788367e+04 |   +8.52% |  2.65e-08 |      
      270 |   0.6571 |  8.402349e+04 |   +7.88% |  4.31e-08 |      
      280 |   0.6102 |  8.948858e+04 |   +6.50% |  7.02e-08 |      
      290 |   0.5611 |  9.418387e+04 |   +5.25% |  1.14e-07 |      
      300 |   0.5075 |  9.903088e+04 |   +5.15% |  1.86e-07 |      
      310 |   0.4523 |  1.028580e+05 |   +3.86% |  3.03e-07 |      
      320 |   0.3963 |  1.055664e+05 |   +2.63% |  4.93e-07 |      
      330 |   0.3476 |  1.073616e+05 |   +1.70% |  8.03e-07 |      
      340 |   0.3083 |  1.087786e+05 |   +1.32% |  1.19e-06 |      
      350 |   0.2789 |  1.096159e+05 |   +0.77% |  1.76e-06 |      
      360 |   0.2458 |  1.102193e+05 |   +0.55% |  2.59e-06 |      
      370 |   0.2165 |  1.109511e+05 |   +0.66% |  3.82e-06 |      
      380 |   0.1895 |  1.111621e+05 |   +0.19% |  5.63e-06 |      
      390 |   0.1663 |  1.114466e+05 |   +0.26% |  8.29e-06 |      
      400 |   0.1447 |  1.115635e+05 |   +0.10% |  1.22e-05 |      
      410 |   0.1245 |  1.116422e+05 |   +0.07% |  1.80e-05 |      
      420 |   0.1079 |  1.117257e+05 |   +0.07% |  2.65e-05 |      
      425 |   0.0996 |  1.117661e+05 |          |  3.34e-05 |      
---------------------------------------------------------------
[INFO GPL-1001] Global placement finished at iteration 425
[INFO GPL-1002] Placed Cell Area             3687.9060
[INFO GPL-1003] Available Free Area          7488.2151
[INFO GPL-1004] Minimum Feasible Density        0.5000 (cell_area / free_area)
[INFO GPL-1006]   Suggested Target Densities:
[INFO GPL-1007]     - For 90% usage of free space: 0.5472
[INFO GPL-1008]     - For 80% usage of free space: 0.6156
[INFO GPL-1009]     - For 50% usage of free space: 0.9850
[INFO GPL-1014] Final placement area: 3687.91 (+0.00%)
Took 15 seconds: global_placement -skip_io -density 0.6 -pad_left 0 -pad_right 0
Design area 3461 um^2 46% utilization.
write_db ./results/asap7/rv32imc_top/p950/3_1_place_gp_skip_io.odb
Elapsed time: 0:17.03[h:]min:sec. CPU time: user 23.52 sys 0.19 (139%). Peak memory: 283804KB.
Log                       Ext     Elapsed/s Peak Memory/MB sha1sum result [0:20)
3_1_place_gp_skip_io      .odb           17            277 ad6b28af5a9ec8ea8609
/home/hatch/workspace/rv32imc-cpu/tools/orfs/flow/scripts/flow.sh 3_2_place_iop io_placement
Running io_placement.tcl, stage 3_2_place_iop
source /home/hatch/workspace/rv32imc-cpu/tools/orfs/flow/platforms/asap7/liberty_suppressions.tcl
read_liberty /home/hatch/workspace/rv32imc-cpu/tools/orfs/flow/platforms/asap7/lib/NLDM/asap7sc7p5t_AO_RVT_FF_nldm_211120.lib.gz
read_liberty /home/hatch/workspace/rv32imc-cpu/tools/orfs/flow/platforms/asap7/lib/NLDM/asap7sc7p5t_INVBUF_RVT_FF_nldm_220122.lib.gz
read_liberty /home/hatch/workspace/rv32imc-cpu/tools/orfs/flow/platforms/asap7/lib/NLDM/asap7sc7p5t_OA_RVT_FF_nldm_211120.lib.gz
read_liberty /home/hatch/workspace/rv32imc-cpu/tools/orfs/flow/platforms/asap7/lib/NLDM/asap7sc7p5t_SIMPLE_RVT_FF_nldm_211120.lib.gz
read_liberty /home/hatch/workspace/rv32imc-cpu/tools/orfs/flow/platforms/asap7/lib/NLDM/asap7sc7p5t_SEQ_RVT_FF_nldm_220123.lib
read_db ./results/asap7/rv32imc_top/p950/3_1_place_gp_skip_io.odb
read_sdc ./results/asap7/rv32imc_top/p950/2_floorplan.sdc
source /home/hatch/workspace/rv32imc-cpu/tools/orfs/flow/platforms/asap7/setRC.tcl
place_pins -hor_layers M4 -ver_layers M5
Found 0 macro blocks.
Using 2 tracks default min distance between IO pins.
[INFO PPL-0001] Number of available slots 3724
[INFO PPL-0002] Number of I/O             232
[INFO PPL-0003] Number of I/O w/sink      232
[INFO PPL-0004] Number of I/O w/o sink    0
[INFO PPL-0005] Slots per section         200
[INFO PPL-0008] Successfully assigned pins to sections.
[INFO PPL-0012] I/O nets HPWL: 6419.10 um.
Design area 3461 um^2 46% utilization.
write_db ./results/asap7/rv32imc_top/p950/3_2_place_iop.odb
Elapsed time: 0:02.54[h:]min:sec. CPU time: user 2.37 sys 0.15 (99%). Peak memory: 245324KB.
Log                       Ext     Elapsed/s Peak Memory/MB sha1sum result [0:20)
3_2_place_iop             .odb            2            239 0fe7635696b845ace4a2
/home/hatch/workspace/rv32imc-cpu/tools/orfs/flow/scripts/flow.sh 3_3_place_gp global_place
Running global_place.tcl, stage 3_3_place_gp
source /home/hatch/workspace/rv32imc-cpu/tools/orfs/flow/platforms/asap7/liberty_suppressions.tcl
read_liberty /home/hatch/workspace/rv32imc-cpu/tools/orfs/flow/platforms/asap7/lib/NLDM/asap7sc7p5t_AO_RVT_FF_nldm_211120.lib.gz
read_liberty /home/hatch/workspace/rv32imc-cpu/tools/orfs/flow/platforms/asap7/lib/NLDM/asap7sc7p5t_INVBUF_RVT_FF_nldm_220122.lib.gz
read_liberty /home/hatch/workspace/rv32imc-cpu/tools/orfs/flow/platforms/asap7/lib/NLDM/asap7sc7p5t_OA_RVT_FF_nldm_211120.lib.gz
read_liberty /home/hatch/workspace/rv32imc-cpu/tools/orfs/flow/platforms/asap7/lib/NLDM/asap7sc7p5t_SIMPLE_RVT_FF_nldm_211120.lib.gz
read_liberty /home/hatch/workspace/rv32imc-cpu/tools/orfs/flow/platforms/asap7/lib/NLDM/asap7sc7p5t_SEQ_RVT_FF_nldm_220123.lib
read_db ./results/asap7/rv32imc_top/p950/3_2_place_iop.odb
read_sdc ./results/asap7/rv32imc_top/p950/2_floorplan.sdc
source /home/hatch/workspace/rv32imc-cpu/tools/orfs/flow/platforms/asap7/setRC.tcl
[INFO RSZ-0026] Removed 1737 buffers.
Perform port buffering...
[INFO RSZ-0027] Inserted 65 BUFx2_ASAP7_75t_R input buffers.
[INFO RSZ-0028] Inserted 164 BUFx2_ASAP7_75t_R output buffers.
global_placement -density 0.6 -pad_left 0 -pad_right 0 -routability_driven -timing_driven -force_center_initial_place -min_phi_coef 0.95 -max_phi_coef 1.05
[INFO GPL-0001] ---- Initialize GPL Main Data Structures
[INFO GPL-0002] DBU: 1000
[INFO GPL-0003] SiteSize: (  0.054  0.270 ) um
[INFO GPL-0004] CoreBBox: (  2.052  2.160 ) ( 88.830 88.830 ) um
[INFO GPL-0036] Movable instances area:       3315.667 um^2
[INFO GPL-0037] Total instances area:         3348.501 um^2
[INFO GPL-0035] Pin density area adjust:       258.839 um^2
[INFO GPL-0032] ---- Initialize Region: Top-level
[INFO GPL-0006] Number of instances:             30200
[INFO GPL-0007] Movable instances:               29074
[INFO GPL-0008] Fixed instances:                  1126
[INFO GPL-0009] Dummy instances:                     0
[INFO GPL-0010] Number of nets:                  32253
[INFO GPL-0011] Number of pins:                  96087
[INFO GPL-0012] Die BBox:  (  0.000  0.000 ) ( 90.870 90.870 ) um
[INFO GPL-0013] Core BBox: (  2.052  2.160 ) ( 88.830 88.830 ) um
[INFO GPL-0016] Core area:                    7521.049 um^2
[INFO GPL-0014] Region name: top-level.
[INFO GPL-0015] Region area:                  7521.049 um^2
[INFO GPL-0017] Fixed instances area:           32.834 um^2
[INFO GPL-0018] Movable instances area:       3574.506 um^2
[INFO GPL-0019] Utilization:                    47.735 %
[INFO GPL-0020] Standard cells area:          3574.506 um^2
[INFO GPL-0021] Large instances area:            0.000 um^2
[INFO GPL-0005] ---- Execute Conjugate Gradient Initial Placement.
[INFO GPL-0051] Source of initial instance position counters:
	Odb location = 0	Core center = 29074	Region center = 0
[InitialPlace]  Iter: 1 conjugate gradient residual: 0.00278108 HPWL: 118802984
[InitialPlace]  Iter: 2 conjugate gradient residual: 0.00026892 HPWL: 46936659
[InitialPlace]  Iter: 3 conjugate gradient residual: 0.00071105 HPWL: 46092670
[InitialPlace]  Iter: 4 conjugate gradient residual: 0.00037555 HPWL: 45995199
[InitialPlace]  Iter: 5 conjugate gradient residual: 0.00030676 HPWL: 45466370
[InitialPlace]  Iter: 6 conjugate gradient residual: 0.00022144 HPWL: 45195616
[InitialPlace]  Iter: 7 conjugate gradient residual: 0.00022109 HPWL: 44872819
[InitialPlace]  Iter: 8 conjugate gradient residual: 0.00012048 HPWL: 44818353
[InitialPlace]  Iter: 9 conjugate gradient residual: 0.00011893 HPWL: 44667702
[InitialPlace]  Iter: 10 conjugate gradient residual: 0.00002647 HPWL: 44700394
[InitialPlace]  Iter: 11 conjugate gradient residual: 0.00005572 HPWL: 44597437
[InitialPlace]  Iter: 12 conjugate gradient residual: 0.00001329 HPWL: 44649801
[InitialPlace]  Iter: 13 conjugate gradient residual: 0.00001705 HPWL: 44570743
[InitialPlace]  Iter: 14 conjugate gradient residual: 0.00000996 HPWL: 44601060
[INFO GPL-0033] ---- Initialize Nesterov Region: Top-level
[INFO GPL-0023] Placement target density:       0.6000
[INFO GPL-0024] Movable insts average area:      0.123 um^2
[INFO GPL-0025] Ideal bin area:                  0.205 um^2
[INFO GPL-0026] Ideal bin count:                 36704
[INFO GPL-0027] Total bin area:               7521.049 um^2
[INFO GPL-0028] Bin count (X, Y):         128 ,    128
[INFO GPL-0029] Bin size (W * H):       0.678 *  0.677 um
[INFO GPL-0030] Number of bins:                  16384
[INFO GPL-0084] ---- Execute Nesterov Global Placement.
[INFO GPL-0031] HPWL: Half-Perimeter Wirelength
Iteration | Overflow |     HPWL (um) |  HPWL(%) |   Penalty | Group
---------------------------------------------------------------
        0 |   0.9746 |  3.303787e+04 |   +0.00% |  1.33e-13 |      
       10 |   0.9597 |  2.298369e+04 |  -30.43% |  2.17e-13 |      
       20 |   0.9496 |  2.413190e+04 |   +5.00% |  3.53e-13 |      
       30 |   0.9438 |  2.472681e+04 |   +2.47% |  5.75e-13 |      
       40 |   0.9407 |  2.496972e+04 |   +0.98% |  9.36e-13 |      
       50 |   0.9393 |  2.525737e+04 |   +1.15% |  1.53e-12 |      
       60 |   0.9392 |  2.509952e+04 |   -0.62% |  2.48e-12 |      
       70 |   0.9388 |  2.477490e+04 |   -1.29% |  4.05e-12 |      
       80 |   0.9378 |  2.483673e+04 |   +0.25% |  6.59e-12 |      
       90 |   0.9366 |  2.519460e+04 |   +1.44% |  1.07e-11 |      
      100 |   0.9345 |  2.561064e+04 |   +1.65% |  1.75e-11 |      
      110 |   0.9332 |  2.602575e+04 |   +1.62% |  2.85e-11 |      
      120 |   0.9314 |  2.656111e+04 |   +2.06% |  4.64e-11 |      
      130 |   0.9286 |  2.748619e+04 |   +3.48% |  7.56e-11 |      
      140 |   0.9239 |  2.901058e+04 |   +5.55% |  1.23e-10 |      
      150 |   0.9173 |  3.116535e+04 |   +7.43% |  2.00e-10 |      
      160 |   0.9085 |  3.393143e+04 |   +8.88% |  3.26e-10 |      
      170 |   0.8967 |  3.749676e+04 |  +10.51% |  5.31e-10 |      
      180 |   0.8797 |  4.200889e+04 |  +12.03% |  8.65e-10 |      
      190 |   0.8564 |  4.727470e+04 |  +12.53% |  1.41e-09 |      
      200 |   0.8274 |  5.269574e+04 |  +11.47% |  2.29e-09 |      
      210 |   0.7955 |  5.730156e+04 |   +8.74% |  3.73e-09 |      
      220 |   0.7613 |  6.064706e+04 |   +5.84% |  6.08e-09 |      
      230 |   0.7264 |  6.377809e+04 |   +5.16% |  9.90e-09 |      
      240 |   0.6864 |  6.758303e+04 |   +5.97% |  1.61e-08 |      
      250 |   0.6463 |  7.216320e+04 |   +6.78% |  2.62e-08 |      
[INFO GPL-0100] Timing-driven iteration 1/2, virtual: false.
[INFO GPL-0101]    Iter: 254, overflow: 0.635, keep resizer changes at: 1, HPWL: 73262914
Iteration |   Area    | Resized | Buffers | Nets repaired | Remaining
---------------------------------------------------------------------
        0 |     +0.0% |       0 |       0 |             0 |     32253
    final |     +2.5% |      75 |     272 |           100 |         0
---------------------------------------------------------------------
[INFO RSZ-0034] Found 97 slew violations.
[INFO RSZ-0036] Found 36 capacitance violations.
[INFO RSZ-0039] Resized 75 instances.
[INFO RSZ-0038] Inserted 272 buffers in 100 nets.
   Iter   |    Area   | Removed | Inserted |   Pins
          |           | Buffers | Buffers  | Remaining
-------------------------------------------------------
        0 |     +0.0% |       0 |        0 |     31437
     3100 |     +1.1% |      25 |      469 |     28337
     6200 |     +1.5% |      31 |      655 |     25237
     9300 |     +1.8% |      33 |      750 |     22137
    12400 |     +1.8% |      73 |      879 |     19037
    15500 |     +1.6% |     152 |     1031 |     15937
    18600 |     +1.6% |     155 |     1059 |     12837
    21700 |     +1.3% |     214 |     1134 |      9737
    24800 |     +1.7% |     232 |     1351 |      6637
    27900 |     +2.8% |     241 |     1826 |      3537
    31000 |     +4.7% |     260 |     2547 |       437
    final |     +4.6% |     272 |     2558 |         0
-------------------------------------------------------
[INFO GPL-0106] Timing-driven: worst slack 1.9986623e-11
[INFO GPL-0107] Timing-driven: repair_design delta area: 239.187 um^2 (+6.69%)
[INFO GPL-0108] Timing-driven: repair_design, gpl delta gcells: 2558 (+8.80%)
[INFO GPL-0109] Timing-driven: repair_design, gcells created: 2830, deleted: 272
[INFO GPL-0110] Timing-driven: new target density: 0.63194185
Iteration | Overflow |     HPWL (um) |  HPWL(%) |   Penalty | Group
---------------------------------------------------------------
      260 |   0.6085 |  7.710247e+04 |   +6.84% |  4.27e-08 |      
[INFO GPL-0038] Routability snapshot saved at iter = 264
      263 |   0.5968 |  7.782646e+04 |          |           |      
      270 |   0.5699 |  7.916970e+04 |   +2.68% |  6.96e-08 |      
      280 |   0.5216 |  8.200837e+04 |   +3.59% |  1.13e-07 |      
      290 |   0.4719 |  8.491478e+04 |   +3.54% |  1.84e-07 |      
      300 |   0.4267 |  8.689215e+04 |   +2.33% |  3.00e-07 |      
      310 |   0.3803 |  8.912231e+04 |   +2.57% |  4.89e-07 |      
      320 |   0.3424 |  8.933831e+04 |   +0.24% |  7.97e-07 |      
      330 |   0.3079 |  8.955939e+04 |   +0.25% |  1.17e-06 |      
[INFO GPL-0040] Routability iteration: 1
[WARNING GRT-0281] Net clk has a large fanout of 2242 terminals.
[INFO GPL-0041] Total routing overflow: 0.0000
[INFO GPL-0042] Number of overflowed tiles: 0 (0.00%)
[INFO GPL-0043] Average top 0.5% routing congestion: 0.8201
[INFO GPL-0044] Average top 1.0% routing congestion: 0.7848
[INFO GPL-0045] Average top 2.0% routing congestion: 0.7448
[INFO GPL-0046] Average top 5.0% routing congestion: 0.6885
[INFO GPL-0047] Routability iteration weighted routing congestion: 0.8024
[INFO GPL-0050] Weighted routing congestion is lower than target routing congestion(1.0100), end routability optimization.
[INFO GPL-0090] Routability finished. Target routing congestion achieved succesfully.
Iteration | Overflow |     HPWL (um) |  HPWL(%) |   Penalty | Group
---------------------------------------------------------------
      340 |   0.2839 |  8.983609e+04 |   +0.31% |  1.73e-06 |      
      350 |   0.2549 |  8.961079e+04 |   -0.25% |  2.55e-06 |      
      360 |   0.2261 |  8.925412e+04 |   -0.40% |  3.75e-06 |      
      370 |   0.2019 |  8.934985e+04 |   +0.11% |  5.53e-06 |      
[INFO GPL-0100] Timing-driven iteration 2/2, virtual: false.
[INFO GPL-0101]    Iter: 374, overflow: 0.195, keep resizer changes at: 1, HPWL: 89308904
Iteration |   Area    | Resized | Buffers | Nets repaired | Remaining
---------------------------------------------------------------------
        0 |     +0.0% |       0 |       0 |             0 |     34811
    final |     +0.0% |       0 |       1 |             1 |         0
---------------------------------------------------------------------
[INFO RSZ-0034] Found 1 slew violations.
[INFO RSZ-0038] Inserted 1 buffers in 1 nets.
   Iter   |    Area   | Removed | Inserted |   Pins
          |           | Buffers | Buffers  | Remaining
-------------------------------------------------------
        0 |     +0.0% |       0 |        0 |     31437
     3100 |     -1.0% |     469 |       91 |     28337
     6200 |     -1.3% |     655 |      146 |     25237
     9300 |     -1.5% |     750 |      172 |     22137
    12400 |     -1.6% |     880 |      251 |     19037
    15500 |     -1.8% |    1032 |      335 |     15937
    18600 |     -1.9% |    1060 |      345 |     12837
    21700 |     -1.8% |    1135 |      424 |      9737
    24800 |     -2.3% |    1352 |      465 |      6637
    27900 |     -3.3% |    1827 |      510 |      3537
    31000 |     -4.6% |    2548 |      713 |       437
    final |     -4.6% |    2559 |      727 |         0
-------------------------------------------------------
[INFO GPL-0106] Timing-driven: worst slack -1.2543855e-11
[INFO GPL-0107] Timing-driven: repair_design delta area: -163.617 um^2 (-4.29%)
[INFO GPL-0108] Timing-driven: repair_design, gpl delta gcells: -1831 (-5.79%)
[INFO GPL-0109] Timing-driven: repair_design, gcells created: 728, deleted: 2559
[INFO GPL-0110] Timing-driven: new target density: 0.6100919
Iteration | Overflow |     HPWL (um) |  HPWL(%) |   Penalty | Group
---------------------------------------------------------------
      380 |   0.1813 |  9.760940e+04 |   +9.24% |  8.13e-06 |      
      390 |   0.1610 |  9.225249e+04 |   -5.49% |  1.20e-05 |      
      400 |   0.1390 |  9.066869e+04 |   -1.72% |  1.76e-05 |      
      410 |   0.1201 |  8.978315e+04 |   -0.98% |  2.60e-05 |      
      420 |   0.1018 |  8.933539e+04 |   -0.50% |  3.83e-05 |      
      421 |   0.0996 |  8.932969e+04 |          |  4.14e-05 |      
---------------------------------------------------------------
[INFO GPL-1001] Global placement finished at iteration 421
[INFO GPL-1017] Routability mode iteration count: 71
[INFO GPL-1005] Routability final weighted congestion: 0.7445
[INFO GPL-1002] Placed Cell Area             3650.0763
[INFO GPL-1003] Available Free Area          7488.2151
[INFO GPL-1004] Minimum Feasible Density        0.4800 (cell_area / free_area)
[INFO GPL-1006]   Suggested Target Densities:
[INFO GPL-1007]     - For 90% usage of free space: 0.5416
[INFO GPL-1008]     - For 80% usage of free space: 0.6093
[INFO GPL-1009]     - For 50% usage of free space: 0.9749
[INFO GPL-1011] Original area (um^2): 3574.51
[INFO GPL-1012] Total routability artificial inflation: 0.00 (+0.00%)
[INFO GPL-1013] Total timing-driven delta area: 75.57 (+2.11%)
[INFO GPL-1014] Final placement area: 3650.08 (+2.11%)
Took 70 seconds: global_placement -density 0.6 -pad_left 0 -pad_right 0 -routability_driven -timing_driven -force_center_initial_place -min_phi_coef 0.95 -max_phi_coef 1.05
estimate_parasitics -placement
Report metrics stage 3, global place...

==========================================================================
global place report_design_area
--------------------------------------------------------------------------
Design area 3425 um^2 46% utilization.
write_db ./results/asap7/rv32imc_top/p950/3_3_place_gp.odb
Elapsed time: 1:27.12[h:]min:sec. CPU time: user 86.97 sys 24.39 (127%). Peak memory: 636832KB.
Log                       Ext     Elapsed/s Peak Memory/MB sha1sum result [0:20)
3_3_place_gp              .odb           87            621 4d077f1695cd329490ae
/home/hatch/workspace/rv32imc-cpu/tools/orfs/flow/scripts/flow.sh 3_4_place_resized resize
Running resize.tcl, stage 3_4_place_resized
source /home/hatch/workspace/rv32imc-cpu/tools/orfs/flow/platforms/asap7/liberty_suppressions.tcl
read_liberty /home/hatch/workspace/rv32imc-cpu/tools/orfs/flow/platforms/asap7/lib/NLDM/asap7sc7p5t_AO_RVT_FF_nldm_211120.lib.gz
read_liberty /home/hatch/workspace/rv32imc-cpu/tools/orfs/flow/platforms/asap7/lib/NLDM/asap7sc7p5t_INVBUF_RVT_FF_nldm_220122.lib.gz
read_liberty /home/hatch/workspace/rv32imc-cpu/tools/orfs/flow/platforms/asap7/lib/NLDM/asap7sc7p5t_OA_RVT_FF_nldm_211120.lib.gz
read_liberty /home/hatch/workspace/rv32imc-cpu/tools/orfs/flow/platforms/asap7/lib/NLDM/asap7sc7p5t_SIMPLE_RVT_FF_nldm_211120.lib.gz
read_liberty /home/hatch/workspace/rv32imc-cpu/tools/orfs/flow/platforms/asap7/lib/NLDM/asap7sc7p5t_SEQ_RVT_FF_nldm_220123.lib
read_db ./results/asap7/rv32imc_top/p950/3_3_place_gp.odb
read_sdc ./results/asap7/rv32imc_top/p950/2_floorplan.sdc
source /home/hatch/workspace/rv32imc-cpu/tools/orfs/flow/platforms/asap7/setRC.tcl
estimate_parasitics -placement
Perform buffer insertion and gate resizing...
repair_design -verbose
Iteration |   Area    | Resized | Buffers | Nets repaired | Remaining
---------------------------------------------------------------------
        0 |     +0.0% |       0 |       0 |             0 |     32980
     1000 |     +0.0% |       0 |       0 |             0 |     31980
     2000 |     +0.0% |       0 |       0 |             0 |     30980
     3000 |     +0.0% |       0 |       0 |             0 |     29980
     4000 |     +0.0% |       0 |       0 |             0 |     28980
     5000 |     +0.0% |       0 |       0 |             0 |     27980
     6000 |     +0.0% |       0 |       0 |             0 |     26980
     7000 |     +0.0% |       0 |       0 |             0 |     25980
     8000 |     +0.0% |       0 |       0 |             0 |     24980
     9000 |     +0.0% |       0 |       0 |             0 |     23980
    10000 |     +0.0% |       0 |       0 |             0 |     22980
    11000 |     +0.0% |       0 |       0 |             0 |     21980
    12000 |     +0.0% |       0 |       0 |             0 |     20980
    13000 |     +0.0% |       0 |       0 |             0 |     19980
    14000 |     +0.0% |       0 |       0 |             0 |     18980
    15000 |     +0.0% |       0 |       1 |             1 |     17980
    16000 |     +0.0% |       0 |       1 |             1 |     16980
    17000 |     +0.0% |       0 |       1 |             1 |     15980
    18000 |     +0.0% |       0 |       1 |             1 |     14980
    19000 |     +0.0% |       0 |       1 |             1 |     13980
    20000 |     +0.0% |       0 |       1 |             1 |     12980
    21000 |     +0.0% |       0 |       1 |             1 |     11980
    22000 |     +0.0% |       0 |       1 |             1 |     10980
    23000 |     +0.0% |       0 |       1 |             1 |      9980
    24000 |     +0.0% |       0 |       1 |             1 |      8980
    25000 |     +0.0% |       0 |       1 |             1 |      7980
    26000 |     +0.0% |       0 |       1 |             1 |      6980
    27000 |     +0.0% |       0 |       1 |             1 |      5980
    28000 |     +0.0% |       0 |       1 |             1 |      4980
    29000 |     +0.0% |       0 |       1 |             1 |      3980
    30000 |     +0.0% |       0 |       1 |             1 |      2980
    31000 |     +0.0% |       0 |       1 |             1 |      1980
    32000 |     +0.0% |       0 |       1 |             1 |       980
    final |     +0.0% |       0 |       1 |             1 |         0
---------------------------------------------------------------------
[INFO RSZ-0036] Found 1 capacitance violations.
[INFO RSZ-0038] Inserted 1 buffers in 1 nets.
Took 9 seconds: repair_design -verbose
Floating nets: 
Report metrics stage 3, resizer...

==========================================================================
resizer report_design_area
--------------------------------------------------------------------------
Design area 3426 um^2 46% utilization.
Instance count before 30927, after 30928
Pin count before 97309, after 97311
write_db ./results/asap7/rv32imc_top/p950/3_4_place_resized.odb
Elapsed time: 0:28.70[h:]min:sec. CPU time: user 27.04 sys 5.74 (114%). Peak memory: 347384KB.
Log                       Ext     Elapsed/s Peak Memory/MB sha1sum result [0:20)
3_4_place_resized         .odb           28            339 0241ba1e4dba00b666c4
/home/hatch/workspace/rv32imc-cpu/tools/orfs/flow/scripts/flow.sh 3_5_place_dp detail_place
Running detail_place.tcl, stage 3_5_place_dp
source /home/hatch/workspace/rv32imc-cpu/tools/orfs/flow/platforms/asap7/liberty_suppressions.tcl
read_liberty /home/hatch/workspace/rv32imc-cpu/tools/orfs/flow/platforms/asap7/lib/NLDM/asap7sc7p5t_AO_RVT_FF_nldm_211120.lib.gz
read_liberty /home/hatch/workspace/rv32imc-cpu/tools/orfs/flow/platforms/asap7/lib/NLDM/asap7sc7p5t_INVBUF_RVT_FF_nldm_220122.lib.gz
read_liberty /home/hatch/workspace/rv32imc-cpu/tools/orfs/flow/platforms/asap7/lib/NLDM/asap7sc7p5t_OA_RVT_FF_nldm_211120.lib.gz
read_liberty /home/hatch/workspace/rv32imc-cpu/tools/orfs/flow/platforms/asap7/lib/NLDM/asap7sc7p5t_SIMPLE_RVT_FF_nldm_211120.lib.gz
read_liberty /home/hatch/workspace/rv32imc-cpu/tools/orfs/flow/platforms/asap7/lib/NLDM/asap7sc7p5t_SEQ_RVT_FF_nldm_220123.lib
read_db ./results/asap7/rv32imc_top/p950/3_4_place_resized.odb
read_sdc ./results/asap7/rv32imc_top/p950/2_floorplan.sdc
source /home/hatch/workspace/rv32imc-cpu/tools/orfs/flow/platforms/asap7/setRC.tcl
detailed_placement
[INFO DPL-0006] Core area: 7521.05 um^2, Instances area: 3425.70 um^2, Utilization: 45.5%
[INFO DPL-0005] Diamond search max displacement: +/- 500 sites horizontally, +/- 100 rows vertically.
[INFO DPL-1101] Legalizing using diamond search.
Movements Summary
---------------------------------------
Total cells:                   29802
Diamond Move Success:          29802 (100.00%)
Diamond Move Failure:              0
Rip-up and replace Success:        0 (  0.00% of diamond failures)
Rip-up and replace Failure:        0
Total Placement Failures:          0
---------------------------------------
Placement Analysis
---------------------------------
total displacement       6216.4 u
average displacement        0.2 u
max displacement            1.0 u
original HPWL           89372.7 u
legalized HPWL          94308.5 u
delta HPWL                    6 %

improve_placement -max_displacement "5 1"
Detailed placement improvement.
[INFO DPL-0401] Setting random seed to 1.
[INFO DPL-0402] Setting maximum displacement 5 1 to 1350 270 units.
[INFO DPL-0320] Collected 1358 fixed cells.
[INFO DPL-0318] Collected 29802 single height cells.
[INFO DPL-0321] Collected 0 wide cells.
[INFO DPL-0322] Image (2052, 2160) - (88830, 88830)
[INFO DPL-0310] Assigned 29802 cells into segments.  Movement in X-direction is 0.000000, movement in Y-direction is 0.000000.
[INFO DPL-0313] Found 0 cells in wrong regions.
[INFO DPL-0315] Found 0 row alignment problems.
[INFO DPL-0314] Found 0 site alignment problems.
[INFO DPL-0311] Found 0 overlaps between adjacent cells.
[INFO DPL-0312] Found 0 edge spacing violations and 0 padding violations.
[INFO DPL-0303] Running algorithm for independent set matching.
[INFO DPL-0300] Set matching objective is wirelength.
[INFO DPL-0301] Pass   1 of matching; objective is 9.426670e+07.
[INFO DPL-0302] End of matching; objective is 9.407612e+07, improvement is 0.20 percent.
[INFO DPL-0303] Running algorithm for global swaps.
[INFO DPL-0306] Pass   1 of global swaps; hpwl is 9.325881e+07.
[INFO DPL-0307] End of global swaps; objective is 9.325881e+07, improvement is 0.87 percent.
[INFO DPL-0303] Running algorithm for vertical swaps.
[INFO DPL-0308] Pass   1 of vertical swaps; hpwl is 9.300417e+07.
[INFO DPL-0309] End of vertical swaps; objective is 9.300417e+07, improvement is 0.27 percent.
[INFO DPL-0303] Running algorithm for reordering.
[INFO DPL-0304] Pass   1 of reordering; objective is 9.286227e+07.
[INFO DPL-0305] End of reordering; objective is 9.286227e+07, improvement is 0.15 percent.
[INFO DPL-0303] Running algorithm for random improvement.
[INFO DPL-0324] Random improver is using random generator.
[INFO DPL-0325] Random improver is using hpwl objective.
[INFO DPL-0326] Random improver cost string is (a).
[INFO DPL-0332] End of pass, Generator random called 596040 times.
[INFO DPL-0335] Generator random, Cumulative attempts 596040, swaps 77342, moves 172268 since last reset.
[INFO DPL-0333] End of pass, Objective hpwl, Initial cost 9.268904e+07, Scratch cost 9.208719e+07, Incremental cost 9.208719e+07, Mismatch? N
[INFO DPL-0338] End of pass, Total cost is 9.208719e+07.
[INFO DPL-0327] Pass   1 of random improver; improvement in cost is 0.65 percent.
[INFO DPL-0328] End of random improver; improvement is 0.649325 percent.
[INFO DPL-0380] Cell flipping.
[INFO DPL-0382] Changed 0 cell orientations for row compatibility.
[INFO DPL-0383] Performed 9444 cell flips.
[INFO DPL-0384] End of flipping; objective is 9.074591e+07, improvement is 1.64 percent.
[INFO DPL-0313] Found 0 cells in wrong regions.
[INFO DPL-0315] Found 0 row alignment problems.
[INFO DPL-0314] Found 0 site alignment problems.
[INFO DPL-0311] Found 0 overlaps between adjacent cells.
[INFO DPL-0312] Found 0 edge spacing violations and 0 padding violations.
Detailed Improvement Results
------------------------------------------
Original HPWL            94308.5 u (   45066.3,    49242.2)
Final HPWL               90653.4 u (   42874.7,    47778.7)
Delta HPWL                  -3.9 % (      -4.9,       -3.0)

Took 8 seconds: improve_placement -max_displacement "5 1"
optimize_mirroring
[INFO DPL-0020] Mirrored 5229 instances
[INFO DPL-0021] HPWL before           90653.4 u
[INFO DPL-0022] HPWL after            90506.6 u
[INFO DPL-0023] HPWL delta               -0.2 %
[INFO FLW-0012] Placement violations .
estimate_parasitics -placement
Report metrics stage 3, detailed place...

==========================================================================
detailed place report_design_area
--------------------------------------------------------------------------
Design area 3426 um^2 46% utilization.
write_db ./results/asap7/rv32imc_top/p950/3_5_place_dp.odb
write_sdc -no_timestamp ./results/asap7/rv32imc_top/p950/3_place.sdc
Elapsed time: 0:32.32[h:]min:sec. CPU time: user 30.52 sys 5.39 (111%). Peak memory: 395740KB.
Log                       Ext     Elapsed/s Peak Memory/MB sha1sum result [0:20)
3_5_place_dp              .odb           32            386 7fcbeee61fed779c3bb0
cp ./results/asap7/rv32imc_top/p950/3_5_place_dp.odb ./results/asap7/rv32imc_top/p950/3_place.odb
/home/hatch/workspace/rv32imc-cpu/tools/orfs/flow/scripts/flow.sh 4_1_cts cts
Running cts.tcl, stage 4_1_cts
source /home/hatch/workspace/rv32imc-cpu/tools/orfs/flow/platforms/asap7/liberty_suppressions.tcl
read_liberty /home/hatch/workspace/rv32imc-cpu/tools/orfs/flow/platforms/asap7/lib/NLDM/asap7sc7p5t_AO_RVT_FF_nldm_211120.lib.gz
read_liberty /home/hatch/workspace/rv32imc-cpu/tools/orfs/flow/platforms/asap7/lib/NLDM/asap7sc7p5t_INVBUF_RVT_FF_nldm_220122.lib.gz
read_liberty /home/hatch/workspace/rv32imc-cpu/tools/orfs/flow/platforms/asap7/lib/NLDM/asap7sc7p5t_OA_RVT_FF_nldm_211120.lib.gz
read_liberty /home/hatch/workspace/rv32imc-cpu/tools/orfs/flow/platforms/asap7/lib/NLDM/asap7sc7p5t_SIMPLE_RVT_FF_nldm_211120.lib.gz
read_liberty /home/hatch/workspace/rv32imc-cpu/tools/orfs/flow/platforms/asap7/lib/NLDM/asap7sc7p5t_SEQ_RVT_FF_nldm_220123.lib
read_db ./results/asap7/rv32imc_top/p950/3_place.odb
read_sdc ./results/asap7/rv32imc_top/p950/3_place.sdc
source /home/hatch/workspace/rv32imc-cpu/tools/orfs/flow/platforms/asap7/setRC.tcl
clock_tree_synthesis -sink_clustering_enable -repair_clock_nets
[INFO CTS-0050] Root buffer is BUFx16f_ASAP7_75t_R.
[INFO CTS-0051] Sink buffer is BUFx24_ASAP7_75t_R.
[INFO CTS-0052] The following clock buffers will be used for CTS:
                    BUFx16f_ASAP7_75t_R
                    BUFx24_ASAP7_75t_R
[INFO CTS-0049] Characterization buffer is BUFx24_ASAP7_75t_R.
[INFO CTS-0007] Net "clk" found for clock "core_clk".
[INFO CTS-0010]  Clock net "clk" has 2241 sinks.
[INFO CTS-0008] TritonCTS found 1 clock nets.
[INFO CTS-0097] Characterization used 2 buffer(s) types.
[INFO CTS-0201] 0 blockages from hard placement blockages and placed macros will be used.
[INFO CTS-0027] Generating H-Tree topology for net clk.
[INFO CTS-0028]  Total number of sinks: 2241.
[INFO CTS-0090]  Sinks will be clustered based on buffer max cap.
[INFO CTS-0030]  Number of static layers: 0.
[INFO CTS-0020]  Wire segment unit: 1350  dbu (1 um).
[INFO CTS-0206] Best clustering solution was found from max clustering size of 24 and max clustering diameter of 20.
[INFO CTS-0019]  Total number of sinks after clustering: 118.
[INFO CTS-0024]  Normalized sink region: [(3.91915, 3.03684), (61.7346, 64.118)].
[INFO CTS-0025]     Width:  57.8155.
[INFO CTS-0026]     Height: 61.0811.
 Level 1
    Direction: Vertical
    Sinks per sub-region: 59
    Sub-region size: 57.8155 X 30.5406
[INFO CTS-0034]     Segment length (rounded): 16.
 Level 2
    Direction: Horizontal
    Sinks per sub-region: 30
    Sub-region size: 28.9077 X 30.5406
[INFO CTS-0034]     Segment length (rounded): 14.
 Level 3
    Direction: Vertical
    Sinks per sub-region: 15
    Sub-region size: 28.9077 X 15.2703
[INFO CTS-0034]     Segment length (rounded): 8.
 Level 4
    Direction: Horizontal
    Sinks per sub-region: 8
    Sub-region size: 14.4539 X 15.2703
[INFO CTS-0034]     Segment length (rounded): 8.
[INFO CTS-0032]  Stop criterion found. Max number of sinks is 15.
[INFO CTS-0035]  Number of sinks covered: 118.
[INFO CTS-0018]     Created 139 clock buffers.
[INFO CTS-0012]     Minimum number of buffers in the clock path: 4.
[INFO CTS-0013]     Maximum number of buffers in the clock path: 4.
[INFO CTS-0015]     Created 139 clock nets.
[INFO CTS-0016]     Fanout distribution for the current clock = 4:2, 6:3, 7:6, 8:4, 9:2, 10:2, 11:1, 12:3, 13:1, 14:1, 15:4, 16:4, 17:7, 18:14, 19:17, 20:22, 21:21, 22:14, 23:4, 24:2..
[INFO CTS-0017]     Max level of the clock tree: 4.
[INFO CTS-0098] Clock net "clk"
[INFO CTS-0099]  Sinks 2352
[INFO CTS-0100]  Leaf buffers 118
[INFO CTS-0101]  Average sink wire length 148.71 um
[INFO CTS-0102]  Path depth 3 - 4
[INFO CTS-0207]  Dummy loads inserted 111
Took 8 seconds: clock_tree_synthesis -sink_clustering_enable -repair_clock_nets
estimate_parasitics -placement
detailed_placement
[INFO DPL-0006] Core area: 7521.05 um^2, Instances area: 3502.76 um^2, Utilization: 46.6%
[INFO DPL-0005] Diamond search max displacement: +/- 500 sites horizontally, +/- 100 rows vertically.
[INFO DPL-1101] Legalizing using diamond search.
Movements Summary
---------------------------------------
Total cells:                   30052
Diamond Move Success:          30052 (100.00%)
Diamond Move Failure:              0
Rip-up and replace Success:        0 (  0.00% of diamond failures)
Rip-up and replace Failure:        0
Total Placement Failures:          0
---------------------------------------
Placement Analysis
---------------------------------
total displacement        296.9 u
average displacement        0.0 u
max displacement            0.9 u
original HPWL           92661.7 u
legalized HPWL          94701.4 u
delta HPWL                    2 %

estimate_parasitics -placement
repair_timing -setup_margin 0 -hold_margin 0 -repair_tns 100 -verbose
[INFO RSZ-0100] Repair move sequence: UnbufferMove SizeUpMove SwapPinsMove BufferMove CloneMove SplitLoadMove 
[INFO RSZ-0098] No setup violations found
[INFO RSZ-0046] Found 108 endpoints with hold violations.
Iteration | Resized | Buffers | Cloned Gates |   Area   |   WNS   |   TNS   | Endpoint
--------------------------------------------------------------------------------------
        0 |       0 |       0 |            0 |    +0.0% | -98.104 | -7573.429 | mem_rdata0[29]$_DFFE_PN0P_/D
       10 |       0 |      27 |            0 |    +0.1% | -94.107 | -7098.249 | mem_rdata0[16]$_DFFE_PN0P_/D
       20 |       0 |      57 |            0 |    +0.1% | -92.208 | -6652.098 | mem_rdata0[20]$_DFFE_PN0P_/D
       30 |       0 |      87 |            0 |    +0.2% | -89.772 | -6045.758 | mem_rdata0[14]$_DFFE_PN0P_/D
       40 |       0 |     135 |            0 |    +0.3% | -86.942 | -5386.812 | if_id_instr[3]$_DFFE_PN0P_/D
       50 |       0 |     191 |            0 |    +0.4% | -85.813 | -4711.222 | mem_rdata0[0]$_DFFE_PN0P_/D
       60 |       0 |     248 |            0 |    +0.5% | -79.899 | -3884.581 | fbuf[6]$_DFFE_PN0P_/D
       70 |       0 |     329 |            0 |    +0.7% | -69.035 | -3301.357 | if_id_instr[17]$_DFFE_PN0P_/D
       80 |       0 |     408 |            0 |    +0.8% | -61.193 | -2748.807 | mem_rdata0[29]$_DFFE_PN0P_/D
       90 |       0 |     459 |            0 |    +1.0% | -61.193 | -2127.301 | mem_rdata0[29]$_DFFE_PN0P_/D
      100 |       0 |     499 |            0 |    +1.0% | -58.924 | -1655.729 | mem_rdata0[28]$_DFFE_PN0P_/D
      110 |       0 |     535 |            0 |    +1.1% | -58.435 | -1224.545 | mem_rdata0[31]$_DFFE_PN0P_/D
      120 |       0 |     580 |            0 |    +1.2% | -28.191 | -689.412 | if_id_instr[28]$_DFFE_PN0P_/D
      130 |       0 |     609 |            0 |    +1.3% | -19.773 | -225.040 | fbuf[7]$_DFFE_PN0P_/D
      140 |       0 |     615 |            0 |    +1.3% | -11.969 | -167.586 | mem_rdata0[21]$_DFFE_PN0P_/D
      150 |       0 |     618 |            0 |    +1.3% |  -9.558 | -134.782 | mem_rdata0[8]$_DFFE_PN0P_/D
      160 |       0 |     626 |            0 |    +1.3% |  -7.208 | -65.260 | mem_rdata0[3]$_DFFE_PN0P_/D
      170 |       0 |     628 |            0 |    +1.3% |  -5.934 | -51.834 | mem_rdata0[17]$_DFFE_PN0P_/D
      180 |       0 |     637 |            0 |    +1.3% |  -3.142 |  -3.382 | mem_rdata0[14]$_DFFE_PN0P_/D
    final |       0 |     639 |            0 |    +1.3% |   0.130 |   0.000 | mem_rdata0[21]$_DFFE_PN0P_/D
--------------------------------------------------------------------------------------
[INFO RSZ-0032] Inserted 639 hold buffers.
Took 9 seconds: repair_timing -setup_margin 0 -hold_margin 0 -repair_tns 100 -verbose
detailed_placement
[INFO DPL-0006] Core area: 7521.05 um^2, Instances area: 3549.34 um^2, Utilization: 47.2%
[INFO DPL-0005] Diamond search max displacement: +/- 500 sites horizontally, +/- 100 rows vertically.
[INFO DPL-1101] Legalizing using diamond search.
Movements Summary
---------------------------------------
Total cells:                   30691
Diamond Move Success:          30691 (100.00%)
Diamond Move Failure:              0
Rip-up and replace Success:        0 (  0.00% of diamond failures)
Rip-up and replace Failure:        0
Total Placement Failures:          0
---------------------------------------
Placement Analysis
---------------------------------
total displacement        252.7 u
average displacement        0.0 u
max displacement            1.1 u
original HPWL           94857.8 u
legalized HPWL          95031.0 u
delta HPWL                    0 %

estimate_parasitics -placement
Report metrics stage 4, cts final...

==========================================================================
cts final report_design_area
--------------------------------------------------------------------------
Design area 3549 um^2 47% utilization.
write_db ./results/asap7/rv32imc_top/p950/4_1_cts.odb
write_sdc -no_timestamp ./results/asap7/rv32imc_top/p950/4_cts.sdc
Elapsed time: 0:54.02[h:]min:sec. CPU time: user 49.42 sys 17.63 (124%). Peak memory: 540148KB.
Log                       Ext     Elapsed/s Peak Memory/MB sha1sum result [0:20)
4_1_cts                   .odb           54            527 a588f6139a6dd8d2359f
cp ./results/asap7/rv32imc_top/p950/4_1_cts.odb ./results/asap7/rv32imc_top/p950/4_cts.odb
/home/hatch/workspace/rv32imc-cpu/tools/orfs/flow/scripts/flow.sh 5_1_grt global_route
Running global_route.tcl, stage 5_1_grt
source /home/hatch/workspace/rv32imc-cpu/tools/orfs/flow/platforms/asap7/liberty_suppressions.tcl
read_liberty /home/hatch/workspace/rv32imc-cpu/tools/orfs/flow/platforms/asap7/lib/NLDM/asap7sc7p5t_AO_RVT_FF_nldm_211120.lib.gz
read_liberty /home/hatch/workspace/rv32imc-cpu/tools/orfs/flow/platforms/asap7/lib/NLDM/asap7sc7p5t_INVBUF_RVT_FF_nldm_220122.lib.gz
read_liberty /home/hatch/workspace/rv32imc-cpu/tools/orfs/flow/platforms/asap7/lib/NLDM/asap7sc7p5t_OA_RVT_FF_nldm_211120.lib.gz
read_liberty /home/hatch/workspace/rv32imc-cpu/tools/orfs/flow/platforms/asap7/lib/NLDM/asap7sc7p5t_SIMPLE_RVT_FF_nldm_211120.lib.gz
read_liberty /home/hatch/workspace/rv32imc-cpu/tools/orfs/flow/platforms/asap7/lib/NLDM/asap7sc7p5t_SEQ_RVT_FF_nldm_220123.lib
read_db ./results/asap7/rv32imc_top/p950/4_cts.odb
read_sdc ./results/asap7/rv32imc_top/p950/4_cts.sdc
source /home/hatch/workspace/rv32imc-cpu/tools/orfs/flow/platforms/asap7/setRC.tcl
pin_access
[INFO DRT-0149] Reading tech and libs.

Units:                1000
Number of layers:     21
Number of macros:     212
Number of vias:       14
Number of viarulegen: 11

[INFO DRT-0150] Reading design.

Design:                   rv32imc_top
Die area:                 ( 0 0 ) ( 90870 90870 )
Number of track patterns: 32
Number of DEF vias:       0
Number of components:     31817
Number of terminals:      234
Number of snets:          2
Number of nets:           33759

[INFO DRT-0167] List of default vias:
  Layer V2
    default via: VIA23
  Layer V3
    default via: VIA34
  Layer V4
    default via: VIA45
  Layer V5
    default via: VIA56
  Layer V6
    default via: VIA67
  Layer V7
    default via: VIA78
  Layer V8
    default via: VIA89
  Layer V9
    default via: VIA9Pad
[INFO DRT-0162] Library cell analysis.
[INFO DRT-0163] Instance analysis.
[INFO DRT-0164] Number of unique instances = 224.
[INFO DRT-0168] Init region query.
[INFO DRT-0024]   Complete Active.
[INFO DRT-0024]   Complete V0.
[INFO DRT-0024]   Complete M1.
[INFO DRT-0024]   Complete V1.
[INFO DRT-0024]   Complete M2.
[INFO DRT-0024]   Complete V2.
[INFO DRT-0024]   Complete M3.
[INFO DRT-0024]   Complete V3.
[INFO DRT-0024]   Complete M4.
[INFO DRT-0024]   Complete V4.
[INFO DRT-0024]   Complete M5.
[INFO DRT-0024]   Complete V5.
[INFO DRT-0024]   Complete M6.
[INFO DRT-0024]   Complete V6.
[INFO DRT-0024]   Complete M7.
[INFO DRT-0024]   Complete V7.
[INFO DRT-0024]   Complete M8.
[INFO DRT-0024]   Complete V8.
[INFO DRT-0024]   Complete M9.
[INFO DRT-0024]   Complete V9.
[INFO DRT-0024]   Complete Pad.
[INFO DRT-0033] Active shape region query size = 0.
[INFO DRT-0033] V0 shape region query size = 0.
[INFO DRT-0033] M1 shape region query size = 520704.
[INFO DRT-0033] V1 shape region query size = 830306.
[INFO DRT-0033] M2 shape region query size = 25563.
[INFO DRT-0033] V2 shape region query size = 15939.
[INFO DRT-0033] M3 shape region query size = 15939.
[INFO DRT-0033] V3 shape region query size = 10626.
[INFO DRT-0033] M4 shape region query size = 10718.
[INFO DRT-0033] V4 shape region query size = 10626.
[INFO DRT-0033] M5 shape region query size = 6014.
[INFO DRT-0033] V5 shape region query size = 1056.
[INFO DRT-0033] M6 shape region query size = 592.
[INFO DRT-0033] V6 shape region query size = 0.
[INFO DRT-0033] M7 shape region query size = 0.
[INFO DRT-0033] V7 shape region query size = 0.
[INFO DRT-0033] M8 shape region query size = 0.
[INFO DRT-0033] V8 shape region query size = 0.
[INFO DRT-0033] M9 shape region query size = 0.
[INFO DRT-0033] V9 shape region query size = 0.
[INFO DRT-0033] Pad shape region query size = 0.
[INFO DRT-0165] Start pin access.
[INFO DRT-0076]   Complete 1000 pins.
[INFO DRT-0078]   Complete 1236 pins.
[INFO DRT-0079]   Complete 100 unique inst patterns.
[INFO DRT-0079]   Complete 200 unique inst patterns.
[INFO DRT-0081]   Complete 224 unique inst patterns.
[INFO DRT-0082]   Complete 10000 groups.
[INFO DRT-0084]   Complete 19294 groups.
#scanned instances     = 31817
#unique  instances     = 224
#stdCellGenAp          = 6357
#stdCellValidPlanarAp  = 76
#stdCellValidViaAp     = 5131
#stdCellPinNoAp        = 0
#stdCellPinCnt         = 98228
#instTermValidViaApCnt = 0
#macroGenAp            = 0
#macroValidPlanarAp    = 0
#macroValidViaAp       = 0
#macroNoAp             = 0
[INFO DRT-0166] Complete pin access.
[INFO DRT-0267] cpu time = 00:10:09, elapsed time = 00:06:56, memory = 330.89 (MB), peak = 351.11 (MB)
Took 417 seconds: pin_access
global_route -congestion_report_file ./reports/asap7/rv32imc_top/p950/congestion.rpt -congestion_iterations 30 -congestion_report_iter_step 5 -verbose -resistance_aware
[INFO GRT-0020] Min routing layer: M2
[INFO GRT-0021] Max routing layer: M7
[INFO GRT-0022] Global adjustment: 0%
[INFO GRT-0023] Grid origin: (0, 0)
[INFO GRT-0088] Layer M1      Track-Pitch = 0.0360  line-2-Via Pitch: 0.0360
[INFO GRT-0088] Layer M2      Track-Pitch = 0.0390  line-2-Via Pitch: 0.0360
[INFO GRT-0088] Layer M3      Track-Pitch = 0.0360  line-2-Via Pitch: 0.0360
[INFO GRT-0088] Layer M4      Track-Pitch = 0.0480  line-2-Via Pitch: 0.0480
[INFO GRT-0088] Layer M5      Track-Pitch = 0.0480  line-2-Via Pitch: 0.0480
[INFO GRT-0088] Layer M6      Track-Pitch = 0.0640  line-2-Via Pitch: 0.0640
[INFO GRT-0088] Layer M7      Track-Pitch = 0.0640  line-2-Via Pitch: 0.0640
[INFO GRT-0003] Macros: 0
[INFO GRT-0004] Blockages: 8967
[INFO GRT-0019] Found 140 clock nets.
[INFO GRT-0001] Minimum degree: 2
[INFO GRT-0002] Maximum degree: 99

[INFO GRT-0053] Routing resources analysis:
          Routing      Original      Derated      Resource
Layer     Direction    Resources     Resources    Reduction (%)
---------------------------------------------------------------
M1         Vertical            0             0          0.00%
M2         Horizontal     295536        212888          27.97%
M3         Vertical       383388        284715          25.74%
M4         Horizontal     293501        217855          25.77%
M5         Vertical       283537        210137          25.89%
M6         Horizontal     198740        134280          32.43%
M7         Vertical       224360        151206          32.61%
---------------------------------------------------------------

[INFO GRT-0197] Via related to pin nodes: 187056
[INFO GRT-0198] Via related Steiner nodes: 4904
[INFO GRT-0199] Via filling finished.
[INFO GRT-0111] Final number of vias: 243076
[INFO GRT-0112] Final usage 3D: 931273

[INFO GRT-0096] Final congestion report:
Layer         Resource        Demand        Usage (%)    Max H / Max V / Total Overflow
---------------------------------------------------------------------------------------
M1                   0             0            0.00%             0 /  0 /  0
M2              212888         72729           34.16%             0 /  0 /  0
M3              284715         90559           31.81%             0 /  0 /  0
M4              217855         21881           10.04%             0 /  0 /  0
M5              210137          7824            3.72%             0 /  0 /  0
M6              134280          4691            3.49%             0 /  0 /  0
M7              151206          4361            2.88%             0 /  0 /  0
---------------------------------------------------------------------------------------
Total          1211081        202045           16.68%             0 /  0 /  0

[INFO GRT-0018] Total wirelength: 159610 um
[INFO GRT-0014] Routed nets: 33721
[INFO GRT-0303] Global routing runtime = 00:00:30
Took 31 seconds: global_route -congestion_report_file ./reports/asap7/rv32imc_top/p950/congestion.rpt -congestion_iterations 30 -congestion_report_iter_step 5 -verbose -resistance_aware
estimate_parasitics -global_routing
Perform buffer insertion and gate resizing...
repair_design -verbose
Iteration |   Area    | Resized | Buffers | Nets repaired | Remaining
---------------------------------------------------------------------
        0 |     +0.0% |       0 |       0 |             0 |     33870
     1000 |     +0.0% |       0 |       0 |             0 |     32870
     2000 |     +0.0% |       0 |       0 |             0 |     31870
     3000 |     +0.0% |       0 |       0 |             0 |     30870
     4000 |     +0.0% |       0 |       0 |             0 |     29870
     5000 |     +0.0% |       0 |       0 |             0 |     28870
     6000 |     +0.0% |       0 |       0 |             0 |     27870
     7000 |     +0.0% |       0 |       0 |             0 |     26870
[WARNING RSZ-0104] Net _31193_ only has one pin. Check if it is intended to be dangling.
[WARNING RSZ-0104] Net _31171_ only has one pin. Check if it is intended to be dangling.
[WARNING RSZ-0104] Net _31168_ only has one pin. Check if it is intended to be dangling.
     8000 |     +0.0% |       0 |       0 |             0 |     25870
[WARNING RSZ-0104] Net _31198_ only has one pin. Check if it is intended to be dangling.
[WARNING RSZ-0104] Net _31194_ only has one pin. Check if it is intended to be dangling.
[WARNING RSZ-0104] Net _31177_ only has one pin. Check if it is intended to be dangling.
[WARNING RSZ-0104] Net _31170_ only has one pin. Check if it is intended to be dangling.
[WARNING RSZ-0104] Net _31169_ only has one pin. Check if it is intended to be dangling.
[WARNING RSZ-0104] Net _31165_ only has one pin. Check if it is intended to be dangling.
     9000 |     +0.0% |       0 |       0 |             0 |     24870
[WARNING RSZ-0104] Net _31183_ only has one pin. Check if it is intended to be dangling.
[WARNING RSZ-0104] Net _31167_ only has one pin. Check if it is intended to be dangling.
    10000 |     +0.0% |       0 |       0 |             0 |     23870
[WARNING RSZ-0104] Net _31178_ only has one pin. Check if it is intended to be dangling.
[WARNING RSZ-0104] Net _31176_ only has one pin. Check if it is intended to be dangling.
[WARNING RSZ-0104] Net _31175_ only has one pin. Check if it is intended to be dangling.
[WARNING RSZ-0104] Net _31166_ only has one pin. Check if it is intended to be dangling.
[WARNING RSZ-0104] Net _31189_ only has one pin. Check if it is intended to be dangling.
[WARNING RSZ-0104] Net _31187_ only has one pin. Check if it is intended to be dangling.
[WARNING RSZ-0104] Net _31179_ only has one pin. Check if it is intended to be dangling.
[WARNING RSZ-0104] Net _31173_ only has one pin. Check if it is intended to be dangling.
    11000 |     +0.0% |       0 |       0 |             0 |     22870
[WARNING RSZ-0104] Net _31195_ only has one pin. Check if it is intended to be dangling.
[WARNING RSZ-0104] Net _31191_ only has one pin. Check if it is intended to be dangling.
[WARNING RSZ-0104] Net _31188_ only has one pin. Check if it is intended to be dangling.
[WARNING RSZ-0104] Net _31184_ only has one pin. Check if it is intended to be dangling.
[WARNING RSZ-0104] Net _31182_ only has one pin. Check if it is intended to be dangling.
[WARNING RSZ-0104] Net _31180_ only has one pin. Check if it is intended to be dangling.
[WARNING RSZ-0104] Net _31174_ only has one pin. Check if it is intended to be dangling.
[WARNING RSZ-0104] Net _31172_ only has one pin. Check if it is intended to be dangling.
[WARNING RSZ-0104] Net _31185_ only has one pin. Check if it is intended to be dangling.
    12000 |     +0.0% |       0 |       0 |             0 |     21870
[WARNING RSZ-0104] Net _31201_ only has one pin. Check if it is intended to be dangling.
[WARNING RSZ-0104] Net _31200_ only has one pin. Check if it is intended to be dangling.
[WARNING RSZ-0104] Net _31192_ only has one pin. Check if it is intended to be dangling.
[WARNING RSZ-0104] Net _31190_ only has one pin. Check if it is intended to be dangling.
[WARNING RSZ-0104] Net _31186_ only has one pin. Check if it is intended to be dangling.
[WARNING RSZ-0104] Net _31181_ only has one pin. Check if it is intended to be dangling.
    13000 |     +0.0% |       0 |       0 |             0 |     20870
[WARNING RSZ-0104] Net _31199_ only has one pin. Check if it is intended to be dangling.
    14000 |     +0.0% |       0 |       0 |             0 |     19870
    15000 |     +0.0% |       0 |       0 |             0 |     18870
    16000 |     +0.0% |       0 |       0 |             0 |     17870
    17000 |     +0.0% |       0 |       0 |             0 |     16870
    18000 |     +0.0% |       0 |       0 |             0 |     15870
    19000 |     +0.0% |       0 |       0 |             0 |     14870
    20000 |     +0.0% |       0 |       0 |             0 |     13870
    21000 |     +0.0% |       0 |       0 |             0 |     12870
    22000 |     +0.0% |       0 |       0 |             0 |     11870
    23000 |     +0.0% |       0 |       0 |             0 |     10870
    24000 |     +0.0% |       0 |       0 |             0 |      9870
    25000 |     +0.0% |       0 |       0 |             0 |      8870
    26000 |     +0.0% |       0 |       0 |             0 |      7870
    27000 |     +0.0% |       0 |       0 |             0 |      6870
[WARNING RSZ-0104] Net _31197_ only has one pin. Check if it is intended to be dangling.
[WARNING RSZ-0104] Net _31196_ only has one pin. Check if it is intended to be dangling.
[WARNING RSZ-0104] Net _31164_ only has one pin. Check if it is intended to be dangling.
    28000 |     +0.0% |       0 |       0 |             0 |      5870
    29000 |     +0.0% |       0 |       0 |             0 |      4870
    30000 |     +0.0% |       0 |       0 |             0 |      3870
    31000 |     +0.0% |       0 |       0 |             0 |      2870
    32000 |     +0.0% |       0 |       0 |             0 |      1870
    33000 |     +0.0% |       0 |       1 |             1 |       870
    final |     +0.0% |       0 |       1 |             1 |         0
---------------------------------------------------------------------
[INFO RSZ-0034] Found 1 slew violations.
[INFO RSZ-0038] Inserted 1 buffers in 1 nets.
Took 12 seconds: repair_design -verbose
global_route -start_incremental
detailed_placement
[INFO DPL-0006] Core area: 7521.05 um^2, Instances area: 3549.66 um^2, Utilization: 47.2%
[INFO DPL-0005] Diamond search max displacement: +/- 500 sites horizontally, +/- 100 rows vertically.
[INFO DPL-1101] Legalizing using diamond search.
Movements Summary
---------------------------------------
Total cells:                   30692
Diamond Move Success:          30692 (100.00%)
Diamond Move Failure:              0
Rip-up and replace Success:        0 (  0.00% of diamond failures)
Rip-up and replace Failure:        0
Total Placement Failures:          0
---------------------------------------
Placement Analysis
---------------------------------
total displacement          0.5 u
average displacement        0.0 u
max displacement            0.3 u
original HPWL           95045.9 u
legalized HPWL          95045.8 u
delta HPWL                    0 %

global_route -end_incremental -resistance_aware -congestion_report_file ./reports/asap7/rv32imc_top/p950/congestion_post_repair_design.rpt
Took 6 seconds: global_route -end_incremental -resistance_aware -congestion_report_file ./reports/asap7/rv32imc_top/p950/congestion_post_repair_design.rpt
Repair setup and hold violations...
estimate_parasitics -global_routing
repair_timing -setup_margin 0 -hold_margin 0 -repair_tns 100 -verbose
[INFO RSZ-0100] Repair move sequence: UnbufferMove SizeUpMove SwapPinsMove BufferMove CloneMove SplitLoadMove 
[INFO RSZ-0094] Found 95 endpoints with setup violations.
[INFO RSZ-0099] Repairing 95 out of 95 (100.00%) violating endpoints...
   Iter   | Removed | Resized | Inserted | Cloned |  Pin  |   Area   |    WNS   |   StTNS    |   EnTNS    |  Viol  |  Worst  
          | Buffers |  Gates  | Buffers  |  Gates | Swaps |          |          |            |            | Endpts | St/EnPt 
------------------------------------------------------------------------------------------------------------------------------
       0* |       0 |       0 |        0 |      0 |     0 |    +0.0% |  -36.838 |     -383.3 |     -870.4 |     95 | u_mul.result\[28\]$_DFFE_PN0P_/D
      10* |       0 |       0 |       10 |      0 |     5 |    +0.0% |  -27.963 |     -334.3 |     -791.3 |     95 | u_mul.result\[28\]$_DFFE_PN0P_/D
      20* |       0 |       0 |       37 |      0 |     8 |    +0.1% |  -13.513 |     -140.4 |     -557.4 |     95 | u_mul.result\[26\]$_DFFE_PN0P_/D
      26* |       0 |       1 |       40 |      0 |    11 |    +0.1% |  -11.888 |      -90.9 |     -513.5 |     95 | fbuf\[10\]$_DFFE_PN0P_/D
      29* |       0 |       1 |       45 |      0 |    11 |    +0.1% |  -11.888 |      -78.0 |     -499.9 |     95 | fbuf\[10\]$_DFFE_PN0P_/D
      30* |       0 |       1 |       45 |      0 |    11 |    +0.1% |  -11.888 |      -78.0 |     -499.9 |     95 | fbuf\[10\]$_DFFE_PN0P_/D
      32* |       0 |       1 |       49 |      0 |    12 |    +0.1% |  -11.888 |      -77.3 |     -499.2 |     95 | fbuf\[10\]$_DFFE_PN0P_/D
      33* |       0 |       1 |       49 |      0 |    12 |    +0.1% |  -11.888 |      -77.3 |     -499.2 |     95 | fbuf\[10\]$_DFFE_PN0P_/D
      40* |       0 |       2 |       53 |      0 |    15 |    +0.1% |  -11.888 |      -58.9 |     -489.0 |     95 | fbuf\[10\]$_DFFE_PN0P_/D
      40* |       0 |       2 |       53 |      0 |    15 |    +0.1% |  -11.888 |      -58.9 |     -489.0 |     95 | fbuf\[10\]$_DFFE_PN0P_/D
      41* |       0 |       2 |       53 |      0 |    15 |    +0.1% |  -11.888 |      -58.9 |     -489.0 |     95 | fbuf\[10\]$_DFFE_PN0P_/D
      49* |       0 |       3 |       56 |      0 |    19 |    +0.2% |  -11.888 |      -37.7 |     -462.7 |     95 | fbuf\[10\]$_DFFE_PN0P_/D
      50* |       0 |       3 |       56 |      0 |    19 |    +0.2% |  -11.888 |      -37.7 |     -462.7 |     95 | fbuf\[10\]$_DFFE_PN0P_/D
      50* |       0 |       3 |       56 |      0 |    19 |    +0.2% |  -11.888 |      -37.7 |     -462.7 |     95 | fbuf\[10\]$_DFFE_PN0P_/D
      52* |       0 |       4 |       56 |      0 |    19 |    +0.2% |  -11.888 |      -37.5 |     -462.4 |     95 | fbuf\[10\]$_DFFE_PN0P_/D
      55* |       0 |       5 |       58 |      0 |    19 |    +0.2% |  -11.853 |      -14.9 |      -14.9 |     95 | u_mul.result\[28\]$_DFFE_PN0P_/D
      56* |       0 |       5 |       58 |      0 |    19 |    +0.2% |  -11.853 |      -14.9 |      -14.9 |     95 | u_mul.result\[28\]$_DFFE_PN0P_/D
      57* |       0 |       5 |       58 |      0 |    19 |    +0.2% |  -11.853 |      -14.9 |      -14.9 |     95 | u_mul.result\[28\]$_DFFE_PN0P_/D
      58* |       0 |       5 |       58 |      0 |    19 |    +0.2% |  -11.853 |      -14.9 |      -14.9 |     95 | u_mul.result\[28\]$_DFFE_PN0P_/D
      59* |       0 |       5 |       58 |      0 |    19 |    +0.2% |  -11.853 |      -14.9 |      -14.9 |     95 | u_mul.result\[28\]$_DFFE_PN0P_/D
      60* |       0 |       5 |       58 |      0 |    19 |    +0.2% |  -11.853 |      -14.9 |      -14.9 |     95 | u_mul.result\[28\]$_DFFE_PN0P_/D
      60* |       0 |       5 |       58 |      0 |    19 |    +0.2% |  -11.853 |      -14.9 |      -14.9 |     95 | u_mul.result\[28\]$_DFFE_PN0P_/D
      61* |       0 |       5 |       58 |      0 |    19 |    +0.2% |  -11.853 |      -14.9 |      -14.9 |     95 | u_mul.result\[28\]$_DFFE_PN0P_/D
      62* |       0 |       5 |       58 |      0 |    19 |    +0.2% |  -11.853 |      -14.9 |      -14.9 |     95 | u_mul.result\[28\]$_DFFE_PN0P_/D
      63* |       0 |       5 |       58 |      0 |    19 |    +0.2% |  -11.853 |      -14.9 |      -14.9 |     95 | u_mul.result\[28\]$_DFFE_PN0P_/D
      64* |       0 |       5 |       58 |      0 |    19 |    +0.2% |  -11.853 |      -14.9 |      -14.9 |     95 | u_mul.result\[28\]$_DFFE_PN0P_/D
      65* |       0 |       5 |       58 |      0 |    19 |    +0.2% |  -11.853 |      -14.9 |      -14.9 |     95 | u_mul.result\[28\]$_DFFE_PN0P_/D
      66* |       0 |       5 |       58 |      0 |    19 |    +0.2% |  -11.853 |      -14.9 |      -14.9 |     95 | u_mul.result\[28\]$_DFFE_PN0P_/D
      67* |       0 |       5 |       58 |      0 |    19 |    +0.2% |  -11.853 |      -14.9 |      -14.9 |     95 | u_mul.result\[28\]$_DFFE_PN0P_/D
      68* |       0 |       5 |       58 |      0 |    19 |    +0.2% |  -11.853 |      -14.9 |      -14.9 |     95 | u_mul.result\[28\]$_DFFE_PN0P_/D
      69* |       0 |       5 |       58 |      0 |    19 |    +0.2% |  -11.853 |      -14.9 |      -14.9 |     95 | u_mul.result\[28\]$_DFFE_PN0P_/D
      70* |       0 |       5 |       58 |      0 |    19 |    +0.2% |  -11.853 |      -14.9 |      -14.9 |     95 | u_mul.result\[28\]$_DFFE_PN0P_/D
      70* |       0 |       5 |       58 |      0 |    19 |    +0.2% |  -11.853 |      -14.9 |      -14.9 |     95 | u_mul.result\[28\]$_DFFE_PN0P_/D
      71* |       0 |       5 |       58 |      0 |    19 |    +0.2% |  -11.853 |      -14.9 |      -14.9 |     95 | u_mul.result\[28\]$_DFFE_PN0P_/D
      72* |       0 |       5 |       58 |      0 |    19 |    +0.2% |  -11.853 |      -14.9 |      -14.9 |     95 | u_mul.result\[28\]$_DFFE_PN0P_/D
      73* |       0 |       5 |       58 |      0 |    19 |    +0.2% |  -11.853 |      -14.9 |      -14.9 |     95 | u_mul.result\[28\]$_DFFE_PN0P_/D
      74* |       0 |       5 |       58 |      0 |    19 |    +0.2% |  -11.853 |      -14.9 |      -14.9 |     95 | u_mul.result\[28\]$_DFFE_PN0P_/D
      75* |       0 |       5 |       58 |      0 |    19 |    +0.2% |  -11.853 |      -14.9 |      -14.9 |     95 | u_mul.result\[28\]$_DFFE_PN0P_/D
      76* |       0 |       5 |       58 |      0 |    19 |    +0.2% |  -11.853 |      -14.9 |      -14.9 |     95 | u_mul.result\[28\]$_DFFE_PN0P_/D
      77* |       0 |       5 |       58 |      0 |    19 |    +0.2% |  -11.853 |      -14.9 |      -14.9 |     95 | u_mul.result\[28\]$_DFFE_PN0P_/D
      78* |       0 |       5 |       58 |      0 |    19 |    +0.2% |  -11.853 |      -14.9 |      -14.9 |     95 | u_mul.result\[28\]$_DFFE_PN0P_/D
      79* |       0 |       5 |       58 |      0 |    19 |    +0.2% |  -11.853 |      -14.9 |      -14.9 |     95 | u_mul.result\[28\]$_DFFE_PN0P_/D
      80* |       0 |       5 |       58 |      0 |    19 |    +0.2% |  -11.853 |      -14.9 |      -14.9 |     95 | u_mul.result\[28\]$_DFFE_PN0P_/D
      80* |       0 |       5 |       58 |      0 |    19 |    +0.2% |  -11.853 |      -14.9 |      -14.9 |     95 | u_mul.result\[28\]$_DFFE_PN0P_/D
      81* |       0 |       5 |       58 |      0 |    19 |    +0.2% |  -11.853 |      -14.9 |      -14.9 |     95 | u_mul.result\[28\]$_DFFE_PN0P_/D
      82* |       0 |       5 |       58 |      0 |    19 |    +0.2% |  -11.853 |      -14.9 |      -14.9 |     95 | u_mul.result\[28\]$_DFFE_PN0P_/D
      83* |       0 |       5 |       58 |      0 |    19 |    +0.2% |  -11.853 |      -14.9 |      -14.9 |     95 | u_mul.result\[28\]$_DFFE_PN0P_/D
      84* |       0 |       5 |       58 |      0 |    19 |    +0.2% |  -11.853 |      -14.9 |      -14.9 |     95 | u_mul.result\[28\]$_DFFE_PN0P_/D
      85* |       0 |       5 |       58 |      0 |    19 |    +0.2% |  -11.853 |      -14.9 |      -14.9 |     95 | u_mul.result\[28\]$_DFFE_PN0P_/D
      86* |       0 |       5 |       58 |      0 |    19 |    +0.2% |  -11.853 |      -14.9 |      -14.9 |     95 | u_mul.result\[28\]$_DFFE_PN0P_/D
      87* |       0 |       5 |       58 |      0 |    19 |    +0.2% |  -11.853 |      -14.9 |      -14.9 |     95 | u_mul.result\[28\]$_DFFE_PN0P_/D
      88* |       0 |       5 |       58 |      0 |    19 |    +0.2% |  -11.853 |      -14.9 |      -14.9 |     95 | u_mul.result\[28\]$_DFFE_PN0P_/D
      89* |       0 |       5 |       58 |      0 |    19 |    +0.2% |  -11.853 |      -14.9 |      -14.9 |     95 | u_mul.result\[28\]$_DFFE_PN0P_/D
      90* |       0 |       5 |       58 |      0 |    19 |    +0.2% |  -11.853 |      -14.9 |      -14.9 |     95 | u_mul.result\[28\]$_DFFE_PN0P_/D
      90* |       0 |       5 |       58 |      0 |    19 |    +0.2% |  -11.853 |      -14.9 |      -14.9 |     95 | u_mul.result\[28\]$_DFFE_PN0P_/D
      91* |       0 |       5 |       58 |      0 |    19 |    +0.2% |  -11.853 |      -14.9 |      -14.9 |     95 | u_mul.result\[28\]$_DFFE_PN0P_/D
      92* |       0 |       5 |       58 |      0 |    19 |    +0.2% |  -11.853 |      -14.9 |      -14.9 |     95 | u_mul.result\[28\]$_DFFE_PN0P_/D
      93* |       0 |       5 |       58 |      0 |    19 |    +0.2% |  -11.853 |      -14.9 |      -14.9 |     95 | u_mul.result\[28\]$_DFFE_PN0P_/D
      94* |       0 |       5 |       58 |      0 |    19 |    +0.2% |  -11.853 |      -14.9 |      -14.9 |     95 | u_mul.result\[28\]$_DFFE_PN0P_/D
      95* |       0 |       5 |       58 |      0 |    19 |    +0.2% |  -11.853 |      -14.9 |      -14.9 |     95 | u_mul.result\[28\]$_DFFE_PN0P_/D
      96* |       0 |       5 |       58 |      0 |    19 |    +0.2% |  -11.853 |      -14.9 |      -14.9 |     95 | u_mul.result\[28\]$_DFFE_PN0P_/D
      97* |       0 |       5 |       58 |      0 |    19 |    +0.2% |  -11.853 |      -14.9 |      -14.9 |     95 | u_mul.result\[28\]$_DFFE_PN0P_/D
      98* |       0 |       5 |       58 |      0 |    19 |    +0.2% |  -11.853 |      -14.9 |      -14.9 |     95 | u_mul.result\[28\]$_DFFE_PN0P_/D
      99* |       0 |       5 |       58 |      0 |    19 |    +0.2% |  -11.853 |      -14.9 |      -14.9 |     95 | u_mul.result\[28\]$_DFFE_PN0P_/D
     100* |       0 |       5 |       58 |      0 |    19 |    +0.2% |  -11.853 |      -14.9 |      -14.9 |     95 | u_mul.result\[28\]$_DFFE_PN0P_/D
     100* |       0 |       5 |       58 |      0 |    19 |    +0.2% |  -11.853 |      -14.9 |      -14.9 |     95 | u_mul.result\[28\]$_DFFE_PN0P_/D
     101* |       0 |       5 |       58 |      0 |    19 |    +0.2% |  -11.853 |      -14.9 |      -14.9 |     95 | u_mul.result\[28\]$_DFFE_PN0P_/D
     102* |       0 |       5 |       58 |      0 |    19 |    +0.2% |  -11.853 |      -14.9 |      -14.9 |     95 | u_mul.result\[28\]$_DFFE_PN0P_/D
     103* |       0 |       5 |       58 |      0 |    19 |    +0.2% |  -11.853 |      -14.9 |      -14.9 |     95 | u_mul.result\[28\]$_DFFE_PN0P_/D
     104* |       0 |       5 |       58 |      0 |    19 |    +0.2% |  -11.853 |      -14.9 |      -14.9 |     95 | u_mul.result\[28\]$_DFFE_PN0P_/D
     105* |       0 |       5 |       58 |      0 |    19 |    +0.2% |  -11.853 |      -14.9 |      -14.9 |     95 | u_mul.result\[28\]$_DFFE_PN0P_/D
     106* |       0 |       5 |       58 |      0 |    19 |    +0.2% |  -11.853 |      -14.9 |      -14.9 |     95 | u_mul.result\[28\]$_DFFE_PN0P_/D
     107* |       0 |       5 |       58 |      0 |    19 |    +0.2% |  -11.853 |      -14.9 |      -14.9 |     95 | u_mul.result\[28\]$_DFFE_PN0P_/D
     108* |       0 |       5 |       58 |      0 |    19 |    +0.2% |  -11.853 |      -14.9 |      -14.9 |     95 | u_mul.result\[28\]$_DFFE_PN0P_/D
     109* |       0 |       5 |       58 |      0 |    19 |    +0.2% |  -11.853 |      -14.9 |      -14.9 |     95 | u_mul.result\[28\]$_DFFE_PN0P_/D
     110* |       0 |       5 |       58 |      0 |    19 |    +0.2% |  -11.853 |      -14.9 |      -14.9 |     95 | u_mul.result\[28\]$_DFFE_PN0P_/D
     110* |       0 |       5 |       58 |      0 |    19 |    +0.2% |  -11.853 |      -14.9 |      -14.9 |     95 | u_mul.result\[28\]$_DFFE_PN0P_/D
     111* |       0 |       5 |       58 |      0 |    19 |    +0.2% |  -11.853 |      -14.9 |      -14.9 |     95 | u_mul.result\[28\]$_DFFE_PN0P_/D
     112* |       0 |       5 |       58 |      0 |    19 |    +0.2% |  -11.853 |      -14.9 |      -14.9 |     95 | u_mul.result\[28\]$_DFFE_PN0P_/D
     113* |       0 |       5 |       58 |      0 |    19 |    +0.2% |  -11.853 |      -14.9 |      -14.9 |     95 | u_mul.result\[28\]$_DFFE_PN0P_/D
     115* |       0 |       5 |       63 |      0 |    19 |    +0.2% |  -11.853 |      -11.9 |      -11.9 |     95 | u_mul.result\[28\]$_DFFE_PN0P_/D
     116* |       0 |       5 |       63 |      0 |    19 |    +0.2% |  -11.853 |      -11.9 |      -11.9 |     95 | u_mul.result\[28\]$_DFFE_PN0P_/D
     117* |       0 |       5 |       63 |      0 |    19 |    +0.2% |  -11.853 |      -11.9 |      -11.9 |     95 | u_mul.result\[28\]$_DFFE_PN0P_/D
     118* |       0 |       5 |       63 |      0 |    19 |    +0.2% |  -11.853 |      -11.9 |      -11.9 |     95 | u_mul.result\[28\]$_DFFE_PN0P_/D
     119* |       0 |       5 |       63 |      0 |    19 |    +0.2% |  -11.853 |      -11.9 |      -11.9 |     95 | u_mul.result\[28\]$_DFFE_PN0P_/D
     120* |       0 |       5 |       63 |      0 |    19 |    +0.2% |  -11.853 |      -11.9 |      -11.9 |     95 | u_mul.result\[28\]$_DFFE_PN0P_/D
     120* |       0 |       5 |       63 |      0 |    19 |    +0.2% |  -11.853 |      -11.9 |      -11.9 |     95 | u_mul.result\[28\]$_DFFE_PN0P_/D
     121* |       0 |       5 |       63 |      0 |    19 |    +0.2% |  -11.853 |      -11.9 |      -11.9 |     95 | u_mul.result\[28\]$_DFFE_PN0P_/D
     122* |       0 |       5 |       63 |      0 |    19 |    +0.2% |  -11.853 |      -11.9 |      -11.9 |     95 | u_mul.result\[28\]$_DFFE_PN0P_/D
     123* |       0 |       5 |       63 |      0 |    19 |    +0.2% |  -11.853 |      -11.9 |      -11.9 |     95 | u_mul.result\[28\]$_DFFE_PN0P_/D
     124* |       0 |       5 |       63 |      0 |    19 |    +0.2% |  -11.853 |      -11.9 |      -11.9 |     95 | u_mul.result\[28\]$_DFFE_PN0P_/D
     125* |       0 |       5 |       63 |      0 |    19 |    +0.2% |  -11.853 |      -11.9 |      -11.9 |     95 | u_mul.result\[28\]$_DFFE_PN0P_/D
     126* |       0 |       5 |       63 |      0 |    19 |    +0.2% |  -11.853 |      -11.9 |      -11.9 |     95 | u_mul.result\[28\]$_DFFE_PN0P_/D
     127* |       0 |       5 |       63 |      0 |    19 |    +0.2% |  -11.853 |      -11.9 |      -11.9 |     95 | u_mul.result\[28\]$_DFFE_PN0P_/D
     128* |       0 |       5 |       63 |      0 |    19 |    +0.2% |  -11.853 |      -11.9 |      -11.9 |     95 | u_mul.result\[28\]$_DFFE_PN0P_/D
     129* |       0 |       5 |       63 |      0 |    19 |    +0.2% |  -11.853 |      -11.9 |      -11.9 |     95 | u_mul.result\[28\]$_DFFE_PN0P_/D
     130* |       0 |       5 |       63 |      0 |    19 |    +0.2% |  -11.853 |      -11.9 |      -11.9 |     95 | u_mul.result\[28\]$_DFFE_PN0P_/D
     130* |       0 |       5 |       63 |      0 |    19 |    +0.2% |  -11.853 |      -11.9 |      -11.9 |     95 | u_mul.result\[28\]$_DFFE_PN0P_/D
     131* |       0 |       5 |       63 |      0 |    19 |    +0.2% |  -11.853 |      -11.9 |      -11.9 |     95 | u_mul.result\[28\]$_DFFE_PN0P_/D
     132* |       0 |       5 |       63 |      0 |    19 |    +0.2% |  -11.853 |      -11.9 |      -11.9 |     95 | u_mul.result\[28\]$_DFFE_PN0P_/D
     133* |       0 |       5 |       63 |      0 |    19 |    +0.2% |  -11.853 |      -11.9 |      -11.9 |     95 | u_mul.result\[28\]$_DFFE_PN0P_/D
     134* |       0 |       5 |       63 |      0 |    19 |    +0.2% |  -11.853 |      -11.9 |      -11.9 |     95 | u_mul.result\[28\]$_DFFE_PN0P_/D
     135* |       0 |       5 |       63 |      0 |    19 |    +0.2% |  -11.853 |      -11.9 |      -11.9 |     95 | u_mul.result\[28\]$_DFFE_PN0P_/D
     136* |       0 |       5 |       63 |      0 |    19 |    +0.2% |  -11.853 |      -11.9 |      -11.9 |     95 | u_mul.result\[28\]$_DFFE_PN0P_/D
     137* |       0 |       5 |       63 |      0 |    19 |    +0.2% |  -11.853 |      -11.9 |      -11.9 |     95 | u_mul.result\[28\]$_DFFE_PN0P_/D
     138* |       0 |       5 |       63 |      0 |    19 |    +0.2% |  -11.853 |      -11.9 |      -11.9 |     95 | u_mul.result\[28\]$_DFFE_PN0P_/D
     139* |       0 |       5 |       63 |      0 |    19 |    +0.2% |  -11.853 |      -11.9 |      -11.9 |     95 | u_mul.result\[28\]$_DFFE_PN0P_/D
     140* |       0 |       5 |       63 |      0 |    19 |    +0.2% |  -11.853 |      -11.9 |      -11.9 |     95 | u_mul.result\[28\]$_DFFE_PN0P_/D
     140* |       0 |       5 |       63 |      0 |    19 |    +0.2% |  -11.853 |      -11.9 |      -11.9 |     95 | u_mul.result\[28\]$_DFFE_PN0P_/D
     141* |       0 |       5 |       63 |      0 |    19 |    +0.2% |  -11.853 |      -11.9 |      -11.9 |     95 | u_mul.result\[28\]$_DFFE_PN0P_/D
     141* |       0 |       5 |       63 |      0 |    19 |    +0.2% |  -11.853 |      -11.9 |      -11.9 |     95 | u_mul.result\[28\]$_DFFE_PN0P_/D
     142+ |       0 |       5 |       63 |      0 |    19 |    +0.2% |  -11.853 |      -11.9 |      -11.9 |      1 | u_mul.result\[28\]$_DFFE_PN0P_/D
    final |       0 |       5 |       63 |      0 |    19 |    +0.2% |  -11.853 |      -11.9 |      -11.9 |      1 | u_mul.result\[28\]$_DFFE_PN0P_/D
------------------------------------------------------------------------------------------------------------------------------
[INFO RSZ-0040] Inserted 63 buffers.
[INFO RSZ-0051] Resized 5 instances: 5 up, 0 up match, 0 down, 0 VT
[INFO RSZ-0043] Swapped pins on 19 instances.
[WARNING RSZ-0062] Unable to repair all setup violations.
[INFO RSZ-0033] No hold violations found.
Took 22 seconds: repair_timing -setup_margin 0 -hold_margin 0 -repair_tns 100 -verbose
global_route -start_incremental
detailed_placement
[INFO DPL-0006] Core area: 7521.05 um^2, Instances area: 3555.87 um^2, Utilization: 47.3%
[INFO DPL-0005] Diamond search max displacement: +/- 500 sites horizontally, +/- 100 rows vertically.
[INFO DPL-1101] Legalizing using diamond search.
Movements Summary
---------------------------------------
Total cells:                   30755
Diamond Move Success:          30755 (100.00%)
Diamond Move Failure:              0
Rip-up and replace Success:        0 (  0.00% of diamond failures)
Rip-up and replace Failure:        0
Total Placement Failures:          0
---------------------------------------
Placement Analysis
---------------------------------
total displacement         31.9 u
average displacement        0.0 u
max displacement            0.8 u
original HPWL           95087.3 u
legalized HPWL          95108.8 u
delta HPWL                    0 %

check_placement -verbose
global_route -end_incremental -resistance_aware -congestion_report_file ./reports/asap7/rv32imc_top/p950/congestion_post_repair_timing.rpt
estimate_parasitics -global_routing
repair_timing -setup -sequence "vt_swap reroute" -skip_last_gasp -repair_tns 0 -verbose
make[1]: *** wait: No child processes.  Stop.
make[1]: *** Waiting for unfinished jobs....
make[1]: *** wait: No child processes.  Stop.
make: *** wait: No child processes.  Stop.
make: *** Waiting for unfinished jobs....
make: *** wait: No child processes.  Stop.
Terminated
