make: Entering directory '/home/hatch/workspace/rv32imc-cpu/tools/orfs/flow'
mkdir -p ./results/asap7/rv32imc_top/pred1000/
echo 1000 > ./results/asap7/rv32imc_top/pred1000/clock_period.txt
/home/hatch/workspace/rv32imc-cpu/tools/orfs/flow/scripts/synth.sh /home/hatch/workspace/rv32imc-cpu/tools/orfs/flow/scripts/synth_canonicalize.tcl ./logs/asap7/rv32imc_top/pred1000/1_1_yosys_canonicalize.log
Using ABC area script.
Extracting clock period from SDC file: ./results/asap7/rv32imc_top/pred1000/clock_period.txt
Setting clock period to 1000
1. Executing Liberty frontend: /home/hatch/workspace/rv32imc-cpu/tools/orfs/flow/platforms/asap7/lib/NLDM/asap7sc7p5t_AO_RVT_FF_nldm_211120.lib.gz
2. Executing Liberty frontend: /home/hatch/workspace/rv32imc-cpu/tools/orfs/flow/platforms/asap7/lib/NLDM/asap7sc7p5t_INVBUF_RVT_FF_nldm_220122.lib.gz
3. Executing Liberty frontend: /home/hatch/workspace/rv32imc-cpu/tools/orfs/flow/platforms/asap7/lib/NLDM/asap7sc7p5t_OA_RVT_FF_nldm_211120.lib.gz
4. Executing Liberty frontend: /home/hatch/workspace/rv32imc-cpu/tools/orfs/flow/platforms/asap7/lib/NLDM/asap7sc7p5t_SIMPLE_RVT_FF_nldm_211120.lib.gz
5. Executing Liberty frontend: /home/hatch/workspace/rv32imc-cpu/tools/orfs/flow/platforms/asap7/lib/NLDM/asap7sc7p5t_SEQ_RVT_FF_nldm_220123.lib
6. Executing Liberty frontend: /home/hatch/workspace/rv32imc-cpu/tools/orfs/flow/platforms/asap7/lib/NLDM/asap7sc7p5t_AO_RVT_FF_nldm_211120.lib.gz
7. Executing Liberty frontend: /home/hatch/workspace/rv32imc-cpu/tools/orfs/flow/platforms/asap7/lib/NLDM/asap7sc7p5t_INVBUF_RVT_FF_nldm_220122.lib.gz
8. Executing Liberty frontend: /home/hatch/workspace/rv32imc-cpu/tools/orfs/flow/platforms/asap7/lib/NLDM/asap7sc7p5t_OA_RVT_FF_nldm_211120.lib.gz
9. Executing Liberty frontend: /home/hatch/workspace/rv32imc-cpu/tools/orfs/flow/platforms/asap7/lib/NLDM/asap7sc7p5t_SIMPLE_RVT_FF_nldm_211120.lib.gz
10. Executing Liberty frontend: /home/hatch/workspace/rv32imc-cpu/tools/orfs/flow/platforms/asap7/lib/NLDM/asap7sc7p5t_SEQ_RVT_FF_nldm_220123.lib
11. Executing Verilog-2005 frontend: /home/hatch/workspace/rv32imc-cpu/rtl/alu.v
12. Executing Verilog-2005 frontend: /home/hatch/workspace/rv32imc-cpu/rtl/branch_pred.v
13. Executing Verilog-2005 frontend: /home/hatch/workspace/rv32imc-cpu/rtl/compressed_decoder.v
14. Executing Verilog-2005 frontend: /home/hatch/workspace/rv32imc-cpu/rtl/csr.v
15. Executing Verilog-2005 frontend: /home/hatch/workspace/rv32imc-cpu/rtl/mul_div.v
16. Executing Verilog-2005 frontend: /home/hatch/workspace/rv32imc-cpu/rtl/regfile.v
17. Executing Verilog-2005 frontend: /home/hatch/workspace/rv32imc-cpu/rtl/rv32imc_top.v
18. Executing Verilog-2005 frontend: /home/hatch/workspace/rv32imc-cpu/rtl/tb_extended.v
19. Executing Verilog-2005 frontend: /home/hatch/workspace/rv32imc-cpu/rtl/tb_smoke.v
20. Executing Verilog-2005 frontend: /home/hatch/workspace/rv32imc-cpu/tools/orfs/flow/platforms/asap7/yoSys/cells_clkgate_R.v
21. Executing HIERARCHY pass (managing design hierarchy).
22. Executing AST frontend in derive mode using pre-parsed AST for module `\rv32imc_top'.
22.1. Analyzing design hierarchy..
22.2. Executing AST frontend in derive mode using pre-parsed AST for module `\csr'.
22.3. Executing AST frontend in derive mode using pre-parsed AST for module `\divider'.
22.4. Executing AST frontend in derive mode using pre-parsed AST for module `\multiplier'.
22.5. Executing AST frontend in derive mode using pre-parsed AST for module `\alu'.
22.6. Executing AST frontend in derive mode using pre-parsed AST for module `\regfile'.
22.7. Executing AST frontend in derive mode using pre-parsed AST for module `\compressed_decoder'.
22.8. Executing AST frontend in derive mode using pre-parsed AST for module `\branch_pred'.
Warning: Replacing memory \btb_tgt with list of registers. See /home/hatch/workspace/rv32imc-cpu/rtl/branch_pred.v:94
Warning: Replacing memory \btb_tag with list of registers. See /home/hatch/workspace/rv32imc-cpu/rtl/branch_pred.v:93
Warning: Replacing memory \btb_valid with list of registers. See /home/hatch/workspace/rv32imc-cpu/rtl/branch_pred.v:81
Warning: Replacing memory \bht with list of registers. See /home/hatch/workspace/rv32imc-cpu/rtl/branch_pred.v:79
22.9. Analyzing design hierarchy..
22.10. Analyzing design hierarchy..
23. Executing OPT_CLEAN pass (remove unused cells and wires).
Warning: Ignoring module alu because it contains processes (run 'proc' command first).
Warning: Ignoring module multiplier because it contains processes (run 'proc' command first).
Warning: Ignoring module divider because it contains processes (run 'proc' command first).
Warning: Ignoring module csr because it contains processes (run 'proc' command first).
Warning: Ignoring module rv32imc_top because it contains processes (run 'proc' command first).
Warning: Ignoring module branch_pred because it contains processes (run 'proc' command first).
Warning: Ignoring module compressed_decoder because it contains processes (run 'proc' command first).
Warning: Ignoring module regfile because it contains processes (run 'proc' command first).
24. Executing RTLIL backend.
Warnings: 12 unique messages, 12 total
End of script. Logfile hash: 51b6fda434, time: 1.40s, user: 1.22s, system: 0.04s, MEM: 48.83 MB peak
Yosys 0.69+75 (git sha1 f0b945f63-dirty, Release, Clang /usr/bin/clang++ 21.1.8)
Time spent: 57% 12x read_liberty (0 sec), 38% 1x hierarchy (0 sec), ...
Elapsed time: 0:01.42[h:]min:sec. CPU time: user 1.26 sys 0.05 (91%). Peak memory: 51756KB.
Log                       Ext     Elapsed/s Peak Memory/MB sha1sum result [0:20)
1_1_yosys_canonicalize    .rtlil          1             50 121b04958110facfbc3b
/home/hatch/workspace/rv32imc-cpu/tools/orfs/flow/scripts/synth.sh /home/hatch/workspace/rv32imc-cpu/tools/orfs/flow/scripts/synth.tcl ./logs/asap7/rv32imc_top/pred1000/1_2_yosys.log
Using ABC area script.
Extracting clock period from SDC file: ./results/asap7/rv32imc_top/pred1000/clock_period.txt
Setting clock period to 1000
1. Executing RTLIL frontend.
2. Executing HIERARCHY pass (managing design hierarchy).
2.1. Analyzing design hierarchy..
2.2. Analyzing design hierarchy..
3. Executing SYNTH pass.
3.1. Executing HIERARCHY pass (managing design hierarchy).
3.1.1. Analyzing design hierarchy..
3.1.2. Analyzing design hierarchy..
3.2. Executing PROC pass (convert processes to netlists).
3.2.1. Executing PROC_CLEAN pass (remove empty switches from decision trees).
3.2.2. Executing PROC_RMDEAD pass (remove dead branches from decision trees).
3.2.3. Executing PROC_PRUNE pass (remove redundant assignments in processes).
3.2.4. Executing PROC_INIT pass (extract init attributes).
3.2.5. Executing PROC_ARST pass (detect async resets in processes).
3.2.6. Executing PROC_ROM pass (convert switches to ROMs).
3.2.7. Executing PROC_MUX pass (convert decision trees to multiplexers).
3.2.8. Executing PROC_DLATCH pass (convert process syncs to latches).
3.2.9. Executing PROC_DFF pass (convert process syncs to FFs).
3.2.10. Executing PROC_MEMWR pass (convert process memory writes to cells).
3.2.11. Executing PROC_CLEAN pass (remove empty switches from decision trees).
3.2.12. Executing OPT_EXPR pass (perform const folding).
3.3. Executing CHECK pass (checking for obvious problems).
3.4. Executing FLATTEN pass (flatten design).
3.5. Executing OPT_EXPR pass (perform const folding).
3.6. Executing CHECK pass (checking for obvious problems).
3.7. Executing OPT_CLEAN pass (remove unused cells and wires).
3.8. Executing OPT pass (performing simple optimizations).
3.8.1. Executing OPT_EXPR pass (perform const folding).
3.8.2. Executing OPT_MERGE pass (detect identical cells).
3.8.3. Executing OPT_MUXTREE pass (detect dead branches in mux trees).
3.8.4. Executing OPT_REDUCE pass (consolidate $*mux and $reduce_* inputs).
3.8.5. Executing OPT_MERGE pass (detect identical cells).
3.8.6. Executing OPT_DFF pass (perform DFF optimizations).
3.8.7. Executing OPT_CLEAN pass (remove unused cells and wires).
3.8.8. Executing OPT_EXPR pass (perform const folding).
3.8.9. Rerunning OPT passes. (Maybe there is more to do..)
3.8.10. Executing OPT_MUXTREE pass (detect dead branches in mux trees).
3.8.11. Executing OPT_REDUCE pass (consolidate $*mux and $reduce_* inputs).
3.8.12. Executing OPT_MERGE pass (detect identical cells).
3.8.13. Executing OPT_DFF pass (perform DFF optimizations).
3.8.14. Executing OPT_CLEAN pass (remove unused cells and wires).
3.8.15. Executing OPT_EXPR pass (perform const folding).
3.8.16. Rerunning OPT passes. (Maybe there is more to do..)
3.8.17. Executing OPT_MUXTREE pass (detect dead branches in mux trees).
3.8.18. Executing OPT_REDUCE pass (consolidate $*mux and $reduce_* inputs).
3.8.19. Executing OPT_MERGE pass (detect identical cells).
3.8.20. Executing OPT_DFF pass (perform DFF optimizations).
3.8.21. Executing OPT_CLEAN pass (remove unused cells and wires).
3.8.22. Executing OPT_EXPR pass (perform const folding).
3.8.23. Finished fast OPT passes. (There is nothing left to do.)
3.9. Executing FSM pass (extract and optimize FSM).
3.9.1. Executing FSM_DETECT pass (finding FSMs in design).
3.9.2. Executing FSM_EXTRACT pass (extracting FSM from design).
3.9.3. Executing FSM_OPT pass (simple optimizations of FSMs).
3.9.4. Executing OPT_CLEAN pass (remove unused cells and wires).
3.9.5. Executing FSM_OPT pass (simple optimizations of FSMs).
3.9.6. Executing FSM_RECODE pass (re-assigning FSM state encoding).
3.9.7. Executing FSM_INFO pass (dumping all available information on FSM cells).
3.9.8. Executing FSM_MAP pass (mapping FSMs to basic logic).
3.10. Executing OPT pass (performing simple optimizations).
3.10.1. Executing OPT_EXPR pass (perform const folding).
3.10.2. Executing OPT_MERGE pass (detect identical cells).
3.10.3. Executing OPT_MUXTREE pass (detect dead branches in mux trees).
3.10.4. Executing OPT_REDUCE pass (consolidate $*mux and $reduce_* inputs).
3.10.5. Executing OPT_MERGE pass (detect identical cells).
3.10.6. Executing OPT_DFF pass (perform DFF optimizations).
3.10.7. Executing OPT_CLEAN pass (remove unused cells and wires).
3.10.8. Executing OPT_EXPR pass (perform const folding).
3.10.9. Rerunning OPT passes. (Maybe there is more to do..)
3.10.10. Executing OPT_MUXTREE pass (detect dead branches in mux trees).
3.10.11. Executing OPT_REDUCE pass (consolidate $*mux and $reduce_* inputs).
3.10.12. Executing OPT_MERGE pass (detect identical cells).
3.10.13. Executing OPT_DFF pass (perform DFF optimizations).
3.10.14. Executing OPT_CLEAN pass (remove unused cells and wires).
3.10.15. Executing OPT_EXPR pass (perform const folding).
3.10.16. Rerunning OPT passes. (Maybe there is more to do..)
3.10.17. Executing OPT_MUXTREE pass (detect dead branches in mux trees).
3.10.18. Executing OPT_REDUCE pass (consolidate $*mux and $reduce_* inputs).
3.10.19. Executing OPT_MERGE pass (detect identical cells).
3.10.20. Executing OPT_DFF pass (perform DFF optimizations).
3.10.21. Executing OPT_CLEAN pass (remove unused cells and wires).
3.10.22. Executing OPT_EXPR pass (perform const folding).
3.10.23. Finished fast OPT passes. (There is nothing left to do.)
3.11. Executing WREDUCE pass (reducing word size of cells).
3.12. Executing PEEPOPT pass (run peephole optimizers).
3.13. Executing OPT_CLEAN pass (remove unused cells and wires).
3.14. Executing ALUMACC pass (create $alu and $macc cells).
3.15. Executing SHARE pass (SAT-based resource sharing).
3.16. Executing OPT pass (performing simple optimizations).
3.16.1. Executing OPT_EXPR pass (perform const folding).
3.16.2. Executing OPT_MERGE pass (detect identical cells).
3.16.3. Executing OPT_MUXTREE pass (detect dead branches in mux trees).
3.16.4. Executing OPT_REDUCE pass (consolidate $*mux and $reduce_* inputs).
3.16.5. Executing OPT_MERGE pass (detect identical cells).
3.16.6. Executing OPT_DFF pass (perform DFF optimizations).
3.16.7. Executing OPT_CLEAN pass (remove unused cells and wires).
3.16.8. Executing OPT_EXPR pass (perform const folding).
3.16.9. Rerunning OPT passes. (Maybe there is more to do..)
3.16.10. Executing OPT_MUXTREE pass (detect dead branches in mux trees).
3.16.11. Executing OPT_REDUCE pass (consolidate $*mux and $reduce_* inputs).
3.16.12. Executing OPT_MERGE pass (detect identical cells).
3.16.13. Executing OPT_DFF pass (perform DFF optimizations).
3.16.14. Executing OPT_CLEAN pass (remove unused cells and wires).
3.16.15. Executing OPT_EXPR pass (perform const folding).
3.16.16. Finished fast OPT passes. (There is nothing left to do.)
3.17. Executing MEMORY pass.
3.17.1. Executing OPT_MEM pass (optimize memories).
3.17.2. Executing OPT_MEM_PRIORITY pass (removing unnecessary memory write priority relations).
3.17.3. Executing OPT_MEM_FEEDBACK pass (finding memory read-to-write feedback paths).
3.17.4. Executing MEMORY_BMUX2ROM pass (converting muxes to ROMs).
3.17.5. Executing MEMORY_DFF pass (merging $dff cells to $memrd).
3.17.6. Executing OPT_CLEAN pass (remove unused cells and wires).
3.17.7. Executing MEMORY_SHARE pass (consolidating $memrd/$memwr cells).
3.17.8. Executing OPT_MEM_WIDEN pass (optimize memories where all ports are wide).
3.17.9. Executing OPT_CLEAN pass (remove unused cells and wires).
3.17.10. Executing MEMORY_COLLECT pass (generating $mem cells).
3.18. Executing OPT_CLEAN pass (remove unused cells and wires).
4. Executing SYNTH pass.
4.1. Executing OPT pass (performing simple optimizations).
4.1.1. Executing OPT_EXPR pass (perform const folding).
4.1.2. Executing OPT_MERGE pass (detect identical cells).
4.1.3. Executing OPT_DFF pass (perform DFF optimizations).
4.1.4. Executing OPT_CLEAN pass (remove unused cells and wires).
4.1.5. Finished fast OPT passes.
4.2. Executing MEMORY_MAP pass (converting memories to logic and flip-flops).
4.3. Executing OPT pass (performing simple optimizations).
4.3.1. Executing OPT_EXPR pass (perform const folding).
4.3.2. Executing OPT_MERGE pass (detect identical cells).
4.3.3. Executing OPT_MUXTREE pass (detect dead branches in mux trees).
4.3.4. Executing OPT_REDUCE pass (consolidate $*mux and $reduce_* inputs).
4.3.5. Executing OPT_MERGE pass (detect identical cells).
4.3.6. Executing OPT_SHARE pass.
4.3.7. Executing OPT_DFF pass (perform DFF optimizations).
4.3.8. Executing OPT_CLEAN pass (remove unused cells and wires).
4.3.9. Executing OPT_EXPR pass (perform const folding).
4.3.10. Rerunning OPT passes. (Maybe there is more to do..)
4.3.11. Executing OPT_MUXTREE pass (detect dead branches in mux trees).
4.3.12. Executing OPT_REDUCE pass (consolidate $*mux and $reduce_* inputs).
4.3.13. Executing OPT_MERGE pass (detect identical cells).
4.3.14. Executing OPT_SHARE pass.
4.3.15. Executing OPT_DFF pass (perform DFF optimizations).
4.3.16. Executing OPT_CLEAN pass (remove unused cells and wires).
4.3.17. Executing OPT_EXPR pass (perform const folding).
4.3.18. Rerunning OPT passes. (Maybe there is more to do..)
4.3.19. Executing OPT_MUXTREE pass (detect dead branches in mux trees).
4.3.20. Executing OPT_REDUCE pass (consolidate $*mux and $reduce_* inputs).
4.3.21. Executing OPT_MERGE pass (detect identical cells).
4.3.22. Executing OPT_SHARE pass.
4.3.23. Executing OPT_DFF pass (perform DFF optimizations).
4.3.24. Executing OPT_CLEAN pass (remove unused cells and wires).
4.3.25. Executing OPT_EXPR pass (perform const folding).
4.3.26. Rerunning OPT passes. (Maybe there is more to do..)
4.3.27. Executing OPT_MUXTREE pass (detect dead branches in mux trees).
4.3.28. Executing OPT_REDUCE pass (consolidate $*mux and $reduce_* inputs).
4.3.29. Executing OPT_MERGE pass (detect identical cells).
4.3.30. Executing OPT_SHARE pass.
4.3.31. Executing OPT_DFF pass (perform DFF optimizations).
4.3.32. Executing OPT_CLEAN pass (remove unused cells and wires).
4.3.33. Executing OPT_EXPR pass (perform const folding).
4.3.34. Finished fast OPT passes. (There is nothing left to do.)
4.4. Executing TECHMAP pass (map to technology primitives).
4.4.1. Executing Verilog-2005 frontend: /home/hatch/workspace/rv32imc-cpu/tools/oss-cad-suite/lib/../share/yosys/techmap.v
4.4.2. Executing Verilog-2005 frontend: /home/hatch/workspace/rv32imc-cpu/tools/orfs/flow/platforms/common/lcu_kogge_stone.v
4.4.3. Continuing TECHMAP pass.
4.4.67. Executing OPT_MUXTREE pass (detect dead branches in mux trees).
4.4.68. Executing OPT_EXPR pass (perform const folding).
4.5. Executing OPT pass (performing simple optimizations).
4.5.1. Executing OPT_EXPR pass (perform const folding).
4.5.2. Executing OPT_MERGE pass (detect identical cells).
4.5.3. Executing OPT_DFF pass (perform DFF optimizations).
4.5.4. Executing OPT_CLEAN pass (remove unused cells and wires).
4.5.5. Rerunning OPT passes. (Removed registers in this run.)
4.5.6. Executing OPT_EXPR pass (perform const folding).
4.5.7. Executing OPT_MERGE pass (detect identical cells).
4.5.8. Executing OPT_DFF pass (perform DFF optimizations).
4.5.9. Executing OPT_CLEAN pass (remove unused cells and wires).
4.5.10. Finished fast OPT passes.
4.6. Executing HIERARCHY pass (managing design hierarchy).
4.6.1. Analyzing design hierarchy..
4.6.2. Analyzing design hierarchy..
4.7. Printing statistics.
4.8. Executing CHECK pass (checking for obvious problems).
5. Executing OPT pass (performing simple optimizations).
5.1. Executing OPT_EXPR pass (perform const folding).
5.2. Executing OPT_MERGE pass (detect identical cells).
5.3. Executing OPT_MUXTREE pass (detect dead branches in mux trees).
5.4. Executing OPT_REDUCE pass (consolidate $*mux and $reduce_* inputs).
5.5. Executing OPT_MERGE pass (detect identical cells).
5.6. Executing OPT_DFF pass (perform DFF optimizations).
5.7. Executing OPT_CLEAN pass (remove unused cells and wires).
5.8. Executing OPT_EXPR pass (perform const folding).
5.9. Rerunning OPT passes. (Maybe there is more to do..)
5.10. Executing OPT_MUXTREE pass (detect dead branches in mux trees).
5.11. Executing OPT_REDUCE pass (consolidate $*mux and $reduce_* inputs).
5.12. Executing OPT_MERGE pass (detect identical cells).
5.13. Executing OPT_DFF pass (perform DFF optimizations).
5.14. Executing OPT_CLEAN pass (remove unused cells and wires).
5.15. Executing OPT_EXPR pass (perform const folding).
5.16. Finished fast OPT passes. (There is nothing left to do.)
6. Executing EXTRACT_FA pass (find and extract full/half adders).
7. Executing TECHMAP pass (map to technology primitives).
7.1. Executing Verilog-2005 frontend: /home/hatch/workspace/rv32imc-cpu/tools/orfs/flow/platforms/asap7/yoSys/cells_adders_R.v
7.2. Continuing TECHMAP pass.
8. Executing TECHMAP pass (map to technology primitives).
8.1. Executing Verilog-2005 frontend: /home/hatch/workspace/rv32imc-cpu/tools/oss-cad-suite/lib/../share/yosys/techmap.v
8.2. Continuing TECHMAP pass.
9. Executing OPT pass (performing simple optimizations).
9.1. Executing OPT_EXPR pass (perform const folding).
9.2. Executing OPT_MERGE pass (detect identical cells).
9.3. Executing OPT_DFF pass (perform DFF optimizations).
9.4. Executing OPT_CLEAN pass (remove unused cells and wires).
9.5. Finished fast OPT passes.
10. Executing DFFLEGALIZE pass (convert FFs and LATCHes to types supported by the target).
11. Executing TECHMAP pass (map to technology primitives).
11.1. Executing Verilog-2005 frontend: /home/hatch/workspace/rv32imc-cpu/tools/orfs/flow/platforms/asap7/yoSys/cells_latch_R.v
11.2. Continuing TECHMAP pass.
12. Executing DFFLIBMAP pass (mapping DFF/DLATCH cells to sequential cells from liberty file).
12.1. Executing DFFLEGALIZE pass (convert FFs and LATCHes to types supported by the target).
13. Executing OPT pass (performing simple optimizations).
13.1. Executing OPT_EXPR pass (perform const folding).
13.2. Executing OPT_MERGE pass (detect identical cells).
13.3. Executing OPT_MUXTREE pass (detect dead branches in mux trees).
13.4. Executing OPT_REDUCE pass (consolidate $*mux and $reduce_* inputs).
13.5. Executing OPT_MERGE pass (detect identical cells).
13.6. Executing OPT_DFF pass (perform DFF optimizations).
13.7. Executing OPT_CLEAN pass (remove unused cells and wires).
13.8. Executing OPT_EXPR pass (perform const folding).
13.9. Rerunning OPT passes. (Maybe there is more to do..)
13.10. Executing OPT_MUXTREE pass (detect dead branches in mux trees).
13.11. Executing OPT_REDUCE pass (consolidate $*mux and $reduce_* inputs).
13.12. Executing OPT_MERGE pass (detect identical cells).
13.13. Executing OPT_DFF pass (perform DFF optimizations).
13.14. Executing OPT_CLEAN pass (remove unused cells and wires).
13.15. Executing OPT_EXPR pass (perform const folding).
13.16. Finished fast OPT passes. (There is nothing left to do.)
14. Executing SETUNDEF pass (replace undef values with defined constants).
abc -script /home/hatch/workspace/rv32imc-cpu/tools/orfs/flow/scripts/abc_area.script -liberty /home/hatch/workspace/rv32imc-cpu/tools/orfs/flow/platforms/asap7/lib/NLDM/asap7sc7p5t_AO_RVT_FF_nldm_211120.lib.gz -liberty /home/hatch/workspace/rv32imc-cpu/tools/orfs/flow/platforms/asap7/lib/NLDM/asap7sc7p5t_INVBUF_RVT_FF_nldm_220122.lib.gz -liberty /home/hatch/workspace/rv32imc-cpu/tools/orfs/flow/platforms/asap7/lib/NLDM/asap7sc7p5t_OA_RVT_FF_nldm_211120.lib.gz -liberty /home/hatch/workspace/rv32imc-cpu/tools/orfs/flow/platforms/asap7/lib/NLDM/asap7sc7p5t_SIMPLE_RVT_FF_nldm_211120.lib.gz -liberty /home/hatch/workspace/rv32imc-cpu/tools/orfs/flow/platforms/asap7/lib/NLDM/asap7sc7p5t_SEQ_RVT_FF_nldm_220123.lib -dont_use *x1p*_ASAP7* -dont_use *xp*_ASAP7* -dont_use SDF* -dont_use ICG* -constr ./objects/asap7/rv32imc_top/pred1000/abc.constr -D 1000
15. Executing ABC pass (technology mapping using ABC).
15.1. Summary of detected clock domains:
15.2. Extracting gate netlist of module `\rv32imc_top' to `<abc-temp-dir>/input.blif'..
15.2.1. Executed ABC.
15.2.2. Re-integrating ABC results.
Took 49 seconds: abc -script /home/hatch/workspace/rv32imc-cpu/tools/orfs/flow/scripts/abc_area.script -liberty /home/hatch/workspace/rv32imc-cpu/tools/orfs/flow/platforms/asap7/lib/NLDM/asap7sc7p5t_AO_RVT_FF_nldm_211120.lib.gz -liberty /home/hatch/workspace/rv32imc-cpu/tools/orfs/flow/platforms/asap7/lib/NLDM/asap7sc7p5t_INVBUF_RVT_FF_nldm_220122.lib.gz -liberty /home/hatch/workspace/rv32imc-cpu/tools/orfs/flow/platforms/asap7/lib/NLDM/asap7sc7p5t_OA_RVT_FF_nldm_211120.lib.gz -liberty /home/hatch/workspace/rv32imc-cpu/tools/orfs/flow/platforms/asap7/lib/NLDM/asap7sc7p5t_SIMPLE_RVT_FF_nldm_211120.lib.gz -liberty /home/hatch/workspace/rv32imc-cpu/tools/orfs/flow/platforms/asap7/lib/NLDM/asap7sc7p5t_SEQ_RVT_FF_nldm_220123.lib -dont_use *x1p*_ASAP7* -dont_use *xp*_ASAP7* -dont_use SDF* -dont_use ICG* -constr ./objects/asap7/rv32imc_top/pred1000/abc.constr -D 1000
16. Executing SPLITNETS pass (splitting up multi-bit signals).
17. Executing OPT_CLEAN pass (remove unused cells and wires).
18. Executing HILOMAP pass (mapping to constant drivers).
19. Executing INSBUF pass (insert buffer cells for connected wires).
20. Executing CHECK pass (checking for obvious problems).
21. Printing statistics.
22. Executing CHECK pass (checking for obvious problems).
23. Executing Verilog backend.
23.1. Executing BMUXMAP pass.
23.2. Executing DEMUXMAP pass.
End of script. Logfile hash: a7d3d4fd46, time: 80.66s, user: 33.67s, system: 0.81s, MEM: 320.88 MB peak
Yosys 0.69+75 (git sha1 f0b945f63-dirty, Release, Clang /usr/bin/clang++ 21.1.8)
Time spent: 59% 1x abc (48 sec), 12% 1x extract_fa (10 sec), ...
Elapsed time: 1:20.85[h:]min:sec. CPU time: user 80.28 sys 1.54 (101%). Peak memory: 520632KB.
Log                       Ext     Elapsed/s Peak Memory/MB sha1sum result [0:20)
1_2_yosys                 .v             80            508 2d004cab93ebd093a87e
cp /home/hatch/workspace/rv32imc-cpu/pnr_asap7/design/rv32imc_top//constraint.sdc results/asap7/rv32imc_top/pred1000/1_2_yosys.sdc
touch -r /home/hatch/workspace/rv32imc-cpu/pnr_asap7/design/rv32imc_top//constraint.sdc results/asap7/rv32imc_top/pred1000/1_2_yosys.sdc
OpenROAD 26Q2-1164-g08f67ee5ec 
Features included (+) or not (-): +GPU +GUI +Python
This program is licensed under the BSD-3 license. See the LICENSE file for details.
Components of this program may be licensed under more restrictive licenses which must be honored.
[INFO ORD-0030] Using 2 thread(s).
mkdir -p ./objects/asap7/rv32imc_top/pred1000
/home/hatch/workspace/rv32imc-cpu/tools/orfs/flow/scripts/flow.sh 1_synth synth_odb
Running synth_odb.tcl, stage 1_synth
source /home/hatch/workspace/rv32imc-cpu/tools/orfs/flow/platforms/asap7/liberty_suppressions.tcl
read_liberty /home/hatch/workspace/rv32imc-cpu/tools/orfs/flow/platforms/asap7/lib/NLDM/asap7sc7p5t_AO_RVT_FF_nldm_211120.lib.gz
read_liberty /home/hatch/workspace/rv32imc-cpu/tools/orfs/flow/platforms/asap7/lib/NLDM/asap7sc7p5t_INVBUF_RVT_FF_nldm_220122.lib.gz
read_liberty /home/hatch/workspace/rv32imc-cpu/tools/orfs/flow/platforms/asap7/lib/NLDM/asap7sc7p5t_OA_RVT_FF_nldm_211120.lib.gz
read_liberty /home/hatch/workspace/rv32imc-cpu/tools/orfs/flow/platforms/asap7/lib/NLDM/asap7sc7p5t_SIMPLE_RVT_FF_nldm_211120.lib.gz
read_liberty /home/hatch/workspace/rv32imc-cpu/tools/orfs/flow/platforms/asap7/lib/NLDM/asap7sc7p5t_SEQ_RVT_FF_nldm_220123.lib
[INFO ODB-0227] LEF file: /home/hatch/workspace/rv32imc-cpu/tools/orfs/flow/platforms/asap7/lef/asap7_tech_1x_201209.lef, created 30 layers, 9 vias
[INFO ODB-0227] LEF file: /home/hatch/workspace/rv32imc-cpu/tools/orfs/flow/platforms/asap7/lef/asap7sc7p5t_28_R_1x_220121a.lef, created 212 library cells
link_design rv32imc_top
read_sdc ./results/asap7/rv32imc_top/pred1000/1_2_yosys.sdc
source /home/hatch/workspace/rv32imc-cpu/tools/orfs/flow/platforms/asap7/setRC.tcl
eliminate_dead_logic
Removed 0 unused instances and 0 unused nets.
Design area 6845 um^2 100% utilization.
write_db ./results/asap7/rv32imc_top/pred1000/1_synth.odb
write_sdc -no_timestamp ./results/asap7/rv32imc_top/pred1000/1_synth.sdc
Elapsed time: 0:04.14[h:]min:sec. CPU time: user 3.89 sys 0.20 (98%). Peak memory: 330040KB.
Log                       Ext     Elapsed/s Peak Memory/MB sha1sum result [0:20)
1_synth                   .odb            4            322 9bf8d87b3e8d6e00514f
1_synth                   .sdc                             f6ae891f96f3d2078954
/home/hatch/workspace/rv32imc-cpu/tools/orfs/flow/scripts/flow.sh 2_1_floorplan floorplan
Running floorplan.tcl, stage 2_1_floorplan
source /home/hatch/workspace/rv32imc-cpu/tools/orfs/flow/platforms/asap7/liberty_suppressions.tcl
read_liberty /home/hatch/workspace/rv32imc-cpu/tools/orfs/flow/platforms/asap7/lib/NLDM/asap7sc7p5t_AO_RVT_FF_nldm_211120.lib.gz
read_liberty /home/hatch/workspace/rv32imc-cpu/tools/orfs/flow/platforms/asap7/lib/NLDM/asap7sc7p5t_INVBUF_RVT_FF_nldm_220122.lib.gz
read_liberty /home/hatch/workspace/rv32imc-cpu/tools/orfs/flow/platforms/asap7/lib/NLDM/asap7sc7p5t_OA_RVT_FF_nldm_211120.lib.gz
read_liberty /home/hatch/workspace/rv32imc-cpu/tools/orfs/flow/platforms/asap7/lib/NLDM/asap7sc7p5t_SIMPLE_RVT_FF_nldm_211120.lib.gz
read_liberty /home/hatch/workspace/rv32imc-cpu/tools/orfs/flow/platforms/asap7/lib/NLDM/asap7sc7p5t_SEQ_RVT_FF_nldm_220123.lib
read_db ./results/asap7/rv32imc_top/pred1000/1_synth.odb
read_sdc ./results/asap7/rv32imc_top/pred1000/1_synth.sdc
source /home/hatch/workspace/rv32imc-cpu/tools/orfs/flow/platforms/asap7/setRC.tcl

==========================================================================
Floorplan check_setup
--------------------------------------------------------------------------
Warning: There is 1 input port missing set_input_delay.
number instances in verilog is 53390
initialize_floorplan -utilization 45 -aspect_ratio 1 -core_space 2 -site asap7sc7p5t
[INFO IFP-0107] Defining die area using utilization: 45.00% and aspect ratio: 1.
[WARNING IFP-0028] Core area lower left (2.000, 2.000) snapped to (2.052, 2.160).
[INFO IFP-0001] Added 456 rows of 2283 site asap7sc7p5t.
[INFO IFP-0100] Die BBox:  (  0.000  0.000 ) ( 127.336 127.336 ) um
[INFO IFP-0101] Core BBox: (  2.052  2.160 ) ( 125.334 125.280 ) um
[INFO IFP-0102] Core area:                        15178.480 um^2
[INFO IFP-0103] Total instances area:              6845.310 um^2
[INFO IFP-0104] Effective utilization:                0.451
[INFO IFP-0105] Number of instances:                  53390
source /home/hatch/workspace/rv32imc-cpu/tools/orfs/flow/platforms/asap7/openRoad/make_tracks.tcl
source /home/hatch/workspace/rv32imc-cpu/tools/orfs/flow/platforms/asap7/fastroute.tcl
set_dont_use "*x1p*_ASAP7* *xp*_ASAP7* SDF* ICG*"
repair_tie_fanout -separation 0 asap7sc7p5t_SIMPLE_RVT_FF_nldm_250407/TIELOx1_ASAP7_75t_R/L
[INFO RSZ-0042] Inserted 2 tie TIELOx1_ASAP7_75t_R instances.
repair_tie_fanout -separation 0 asap7sc7p5t_SIMPLE_RVT_FF_nldm_250407/TIEHIx1_ASAP7_75t_R/H
[INFO RSZ-0042] Inserted 1996 tie TIEHIx1_ASAP7_75t_R instances.
repair_timing -setup_margin 0 -hold_margin 0 -repair_tns 100 -setup -skip_last_gasp -sequence unbuffer,sizeup,swap,vt_swap -verbose
[WARNING EST-0027] no estimated parasitics. Using wire load models.
[INFO RSZ-0100] Repair move sequence: UnbufferMove SizeUpMove SwapPinsMove 
[INFO RSZ-0094] Found 36 endpoints with setup violations.
[INFO RSZ-0099] Repairing 36 out of 36 (100.00%) violating endpoints...
   Iter   | Removed | Resized | Inserted | Cloned |  Pin  |   Area   |    WNS   |   StTNS    |   EnTNS    |  Viol  |  Worst  
          | Buffers |  Gates  | Buffers  |  Gates | Swaps |          |          |            |            | Endpts | St/EnPt 
------------------------------------------------------------------------------------------------------------------------------
       0* |       0 |       0 |        0 |      0 |     0 |    +0.0% | -260.716 |   -16976.5 |    -3661.1 |     36 | u_csr.br_misp_r\[30\]$_DFF_PN0_/D
      10* |       0 |       5 |        0 |      0 |     4 |    +0.0% | -240.178 |   -16300.3 |    -3122.5 |     36 | u_csr.br_misp_r\[30\]$_DFF_PN0_/D
      20* |       0 |      14 |        0 |      0 |     5 |    +0.0% | -232.295 |   -15769.7 |    -2933.3 |     36 | u_csr.br_misp_r\[30\]$_DFF_PN0_/D
      30* |       0 |      21 |        0 |      0 |     8 |    +0.0% | -221.269 |   -15601.3 |    -2668.8 |     36 | u_csr.br_misp_r\[30\]$_DFF_PN0_/D
      40* |       0 |      27 |        0 |      0 |    12 |    +0.0% | -217.320 |   -15480.7 |    -2579.7 |     36 | u_csr.br_misp_r\[30\]$_DFF_PN0_/D
      50* |       0 |      35 |        0 |      0 |    14 |    +0.0% | -209.976 |   -14960.6 |    -2418.1 |     36 | u_csr.br_misp_r\[30\]$_DFF_PN0_/D
      60* |       0 |      43 |        0 |      0 |    16 |    +0.0% | -202.427 |   -14398.7 |    -2277.5 |     36 | u_csr.br_misp_r\[30\]$_DFF_PN0_/D
      70* |       0 |      48 |        0 |      0 |    21 |    +0.0% | -195.633 |   -13723.5 |    -2131.3 |     36 | u_csr.br_misp_r\[30\]$_DFF_PN0_/D
      80* |       0 |      56 |        0 |      0 |    23 |    +0.0% | -194.302 |   -13590.8 |    -2096.2 |     36 | u_csr.br_misp_r\[30\]$_DFF_PN0_/D
      90* |       0 |      59 |        0 |      0 |    30 |    +0.0% | -193.610 |   -13660.8 |    -2082.3 |     36 | u_csr.br_misp_r\[30\]$_DFF_PN0_/D
     100* |       0 |      60 |        0 |      0 |    39 |    +0.0% | -200.570 |   -14122.9 |    -2227.3 |     36 | u_csr.br_misp_r\[30\]$_DFF_PN0_/D
     110* |       0 |      61 |        0 |      0 |    48 |    +0.0% | -196.021 |   -13914.5 |    -2130.5 |     36 | u_csr.br_misp_r\[30\]$_DFF_PN0_/D
     120* |       0 |      66 |        0 |      0 |    53 |    +0.0% | -193.579 |   -13820.7 |    -2081.7 |     36 | u_csr.br_misp_r\[30\]$_DFF_PN0_/D
     130* |       0 |      68 |        0 |      0 |    61 |    +0.0% | -193.268 |   -13682.2 |    -2075.6 |     36 | u_csr.br_misp_r\[30\]$_DFF_PN0_/D
     134* |       0 |      60 |        0 |      0 |    30 |    +0.0% | -190.240 |   -13612.0 |    -2014.9 |     36 | u_csr.br_misp_r\[30\]$_DFF_PN0_/D
     140* |       0 |      61 |        0 |      0 |    34 |    +0.0% | -190.633 |   -13762.1 |    -2022.8 |     36 | u_csr.br_misp_r\[30\]$_DFF_PN0_/D
     150* |       0 |      66 |        0 |      0 |    39 |    +0.0% | -189.589 |   -13593.1 |    -1989.4 |     36 | u_csr.br_misp_r\[30\]$_DFF_PN0_/D
     154* |       0 |      66 |        0 |      0 |    36 |    +0.0% | -189.113 |   -13501.7 |    -1992.4 |     36 | u_csr.br_misp_r\[30\]$_DFF_PN0_/D
     159* |       0 |      66 |        0 |      0 |    40 |    +0.0% | -188.916 |   -13464.5 |    -1986.4 |     36 | u_csr.br_misp_r\[30\]$_DFF_PN0_/D
     160* |       0 |      66 |        0 |      0 |    40 |    +0.0% | -188.916 |   -13464.5 |    -1986.4 |     36 | u_csr.br_misp_r\[30\]$_DFF_PN0_/D
     162* |       0 |      66 |        0 |      0 |    41 |    +0.0% | -188.916 |   -13464.5 |    -1984.8 |     36 | u_csr.br_misp_r\[30\]$_DFF_PN0_/D
     164* |       0 |      66 |        0 |      0 |    41 |    +0.0% | -188.916 |   -13464.6 |    -1984.8 |     36 | u_csr.br_misp_r\[30\]$_DFF_PN0_/D
     166* |       0 |      66 |        0 |      0 |    41 |    +0.0% | -188.916 |   -13464.6 |    -1984.8 |     36 | u_csr.br_misp_r\[30\]$_DFF_PN0_/D
     168* |       0 |      66 |        0 |      0 |    41 |    +0.0% | -188.916 |   -13464.6 |    -1984.8 |     36 | u_csr.br_misp_r\[30\]$_DFF_PN0_/D
     170* |       0 |      66 |        0 |      0 |    42 |    +0.0% | -188.916 |   -13464.6 |    -1986.8 |     36 | u_csr.br_misp_r\[30\]$_DFF_PN0_/D
     170* |       0 |      66 |        0 |      0 |    41 |    +0.0% | -188.916 |   -13464.6 |    -1984.8 |     36 | u_csr.br_misp_r\[30\]$_DFF_PN0_/D
     173* |       0 |      66 |        0 |      0 |    41 |    +0.0% | -188.916 |   -13464.6 |    -1984.8 |     36 | u_csr.br_misp_r\[30\]$_DFF_PN0_/D
     175* |       0 |      66 |        0 |      0 |    42 |    +0.0% | -188.910 |   -13463.4 |    -1989.3 |     36 | u_csr.br_misp_r\[30\]$_DFF_PN0_/D
     177* |       0 |      66 |        0 |      0 |    42 |    +0.0% | -188.910 |   -13463.4 |    -1989.3 |     36 | u_csr.br_misp_r\[30\]$_DFF_PN0_/D
     180* |       0 |      66 |        0 |      0 |    44 |    +0.0% | -188.910 |   -13463.4 |    -1988.9 |     36 | u_csr.br_misp_r\[30\]$_DFF_PN0_/D
     180* |       0 |      66 |        0 |      0 |    43 |    +0.0% | -188.910 |   -13463.4 |    -1988.5 |     36 | u_csr.br_misp_r\[30\]$_DFF_PN0_/D
     182* |       0 |      66 |        0 |      0 |    44 |    +0.0% | -188.904 |   -13462.3 |    -1994.2 |     36 | u_csr.br_misp_r\[30\]$_DFF_PN0_/D
     184* |       0 |      66 |        0 |      0 |    44 |    +0.0% | -188.904 |   -13462.3 |    -1994.2 |     36 | u_csr.br_misp_r\[30\]$_DFF_PN0_/D
     186* |       0 |      66 |        0 |      0 |    44 |    +0.0% | -188.904 |   -13462.3 |    -1994.2 |     36 | u_csr.br_misp_r\[30\]$_DFF_PN0_/D
     188* |       0 |      66 |        0 |      0 |    45 |    +0.0% | -188.899 |   -13461.4 |    -2000.7 |     36 | u_csr.br_misp_r\[30\]$_DFF_PN0_/D
     190* |       0 |      66 |        0 |      0 |    46 |    +0.0% | -189.635 |   -13602.1 |    -2007.9 |     36 | u_csr.br_misp_r\[30\]$_DFF_PN0_/D
     190* |       0 |      66 |        0 |      0 |    45 |    +0.0% | -188.899 |   -13461.4 |    -2000.7 |     36 | u_csr.br_misp_r\[30\]$_DFF_PN0_/D
     192* |       0 |      66 |        0 |      0 |    46 |    +0.0% | -188.894 |   -13460.5 |    -2007.9 |     36 | u_csr.br_misp_r\[30\]$_DFF_PN0_/D
     194* |       0 |      66 |        0 |      0 |    46 |    +0.0% | -188.894 |   -13460.5 |    -2007.9 |     36 | u_csr.br_misp_r\[30\]$_DFF_PN0_/D
     196* |       0 |      66 |        0 |      0 |    47 |    +0.0% | -188.891 |   -13459.9 |    -2015.8 |     36 | u_csr.br_misp_r\[30\]$_DFF_PN0_/D
     197* |       0 |      66 |        0 |      0 |    47 |    +0.0% | -188.891 |   -13459.9 |    -2015.8 |     36 | u_csr.br_misp_r\[30\]$_DFF_PN0_/D
     198* |       0 |      66 |        0 |      0 |    47 |    +0.0% | -188.891 |   -13459.9 |    -2015.8 |     36 | u_csr.br_misp_r\[30\]$_DFF_PN0_/D
     199* |       0 |      66 |        0 |      0 |    47 |    +0.0% | -188.891 |   -13459.9 |    -2015.8 |     36 | u_csr.br_misp_r\[30\]$_DFF_PN0_/D
     200* |       0 |      66 |        0 |      0 |    47 |    +0.0% | -188.891 |   -13459.9 |    -2015.8 |     36 | u_csr.br_misp_r\[30\]$_DFF_PN0_/D
     200* |       0 |      66 |        0 |      0 |    47 |    +0.0% | -188.891 |   -13459.9 |    -2015.8 |     36 | u_csr.br_misp_r\[30\]$_DFF_PN0_/D
     201* |       0 |      66 |        0 |      0 |    47 |    +0.0% | -188.891 |   -13459.9 |    -2015.8 |     36 | u_csr.br_misp_r\[30\]$_DFF_PN0_/D
     202* |       0 |      66 |        0 |      0 |    47 |    +0.0% | -188.891 |   -13459.9 |    -2015.8 |     36 | u_csr.br_misp_r\[30\]$_DFF_PN0_/D
     203* |       0 |      66 |        0 |      0 |    47 |    +0.0% | -188.891 |   -13459.9 |    -2015.8 |     36 | u_csr.br_misp_r\[30\]$_DFF_PN0_/D
     204* |       0 |      66 |        0 |      0 |    47 |    +0.0% | -188.891 |   -13459.9 |    -2015.8 |     36 | u_csr.br_misp_r\[30\]$_DFF_PN0_/D
     205* |       0 |      66 |        0 |      0 |    47 |    +0.0% | -188.891 |   -13459.9 |    -2015.8 |     36 | u_csr.br_misp_r\[30\]$_DFF_PN0_/D
     206* |       0 |      66 |        0 |      0 |    47 |    +0.0% | -188.891 |   -13459.9 |    -2015.8 |     36 | u_csr.br_misp_r\[30\]$_DFF_PN0_/D
     207* |       0 |      66 |        0 |      0 |    47 |    +0.0% | -188.891 |   -13459.9 |    -2015.8 |     36 | u_csr.br_misp_r\[30\]$_DFF_PN0_/D
     208* |       0 |      66 |        0 |      0 |    47 |    +0.0% | -188.891 |   -13459.9 |    -2015.8 |     36 | u_csr.br_misp_r\[30\]$_DFF_PN0_/D
     209* |       0 |      66 |        0 |      0 |    47 |    +0.0% | -188.891 |   -13459.9 |    -2015.8 |     36 | u_csr.br_misp_r\[30\]$_DFF_PN0_/D
     210* |       0 |      66 |        0 |      0 |    47 |    +0.0% | -188.891 |   -13459.9 |    -2015.8 |     36 | u_csr.br_misp_r\[30\]$_DFF_PN0_/D
     210* |       0 |      66 |        0 |      0 |    47 |    +0.0% | -188.891 |   -13459.9 |    -2015.8 |     36 | u_csr.br_misp_r\[30\]$_DFF_PN0_/D
     211* |       0 |      66 |        0 |      0 |    47 |    +0.0% | -188.891 |   -13459.9 |    -2015.8 |     36 | u_csr.br_misp_r\[30\]$_DFF_PN0_/D
     212* |       0 |      66 |        0 |      0 |    47 |    +0.0% | -188.891 |   -13459.9 |    -2015.8 |     36 | u_csr.br_misp_r\[30\]$_DFF_PN0_/D
     212* |       0 |      66 |        0 |      0 |    47 |    +0.0% | -188.891 |   -13459.9 |    -2015.8 |     36 | u_csr.br_misp_r\[30\]$_DFF_PN0_/D
    final |       0 |      66 |        0 |      0 |    47 |    +0.0% | -188.891 |   -13459.9 |    -2015.8 |     20 | u_csr.br_misp_r\[30\]$_DFF_PN0_/D
------------------------------------------------------------------------------------------------------------------------------
[INFO RSZ-0051] Resized 66 instances: 66 up, 0 up match, 0 down, 0 VT
[INFO RSZ-0043] Swapped pins on 47 instances.
[WARNING RSZ-0062] Unable to repair all setup violations.
Took 91 seconds: repair_timing -setup_margin 0 -hold_margin 0 -repair_tns 100 -setup -skip_last_gasp -sequence unbuffer,sizeup,swap,vt_swap -verbose
Default units for flow
 time 1ps
 capacitance 1fF
 resistance 1kohm
 voltage 1v
 current 1mA
 power 1pW
 distance 1um
   Layer   | Unit Resistance | Unit Capacitance 
           |       (kohm/um) |          (fF/um)
------------------------------------------------
        M1 |        7.04e-02 |         1.00e-10
        M2 |        2.97e-02 |         1.75e-01
        M3 |        3.13e-02 |         1.56e-01
        M4 |        1.80e-02 |         1.78e-01
        M5 |        1.90e-02 |         1.64e-01
        M6 |        1.19e-02 |         1.87e-01
        M7 |        1.25e-02 |         1.63e-01
        M8 |        8.45e-03 |         1.04e-01
        M9 |        8.90e-03 |         9.28e-02
       Pad |        0.00e+00 |         0.00e+00
------------------------------------------------

   Layer   | Via Resistance 
           |         (kohm) 
----------------------------
        V1 |       1.72e-02 
        V2 |       1.72e-02 
        V3 |       1.72e-02 
        V4 |       1.18e-02 
        V5 |       1.18e-02 
        V6 |       8.20e-03 
        V7 |       8.20e-03 
        V8 |       6.30e-03 
        V9 |       6.30e-03 
----------------------------
Report metrics stage 2, floorplan final...

==========================================================================
floorplan final report_design_area
--------------------------------------------------------------------------
Design area 6934 um^2 46% utilization.
write_db ./results/asap7/rv32imc_top/pred1000/2_1_floorplan.odb
write_sdc -no_timestamp ./results/asap7/rv32imc_top/pred1000/2_1_floorplan.sdc
Elapsed time: 1:59.86[h:]min:sec. CPU time: user 103.86 sys 53.33 (131%). Peak memory: 432368KB.
Log                       Ext     Elapsed/s Peak Memory/MB sha1sum result [0:20)
2_1_floorplan             .odb          119            422 6280e7ae87c708752bc1
2_1_floorplan             .sdc                             f6ae891f96f3d2078954
/home/hatch/workspace/rv32imc-cpu/tools/orfs/flow/scripts/flow.sh 2_2_floorplan_macro macro_place
Running macro_place.tcl, stage 2_2_floorplan_macro
source /home/hatch/workspace/rv32imc-cpu/tools/orfs/flow/platforms/asap7/liberty_suppressions.tcl
read_liberty /home/hatch/workspace/rv32imc-cpu/tools/orfs/flow/platforms/asap7/lib/NLDM/asap7sc7p5t_AO_RVT_FF_nldm_211120.lib.gz
read_liberty /home/hatch/workspace/rv32imc-cpu/tools/orfs/flow/platforms/asap7/lib/NLDM/asap7sc7p5t_INVBUF_RVT_FF_nldm_220122.lib.gz
read_liberty /home/hatch/workspace/rv32imc-cpu/tools/orfs/flow/platforms/asap7/lib/NLDM/asap7sc7p5t_OA_RVT_FF_nldm_211120.lib.gz
read_liberty /home/hatch/workspace/rv32imc-cpu/tools/orfs/flow/platforms/asap7/lib/NLDM/asap7sc7p5t_SIMPLE_RVT_FF_nldm_211120.lib.gz
read_liberty /home/hatch/workspace/rv32imc-cpu/tools/orfs/flow/platforms/asap7/lib/NLDM/asap7sc7p5t_SEQ_RVT_FF_nldm_220123.lib
read_db ./results/asap7/rv32imc_top/pred1000/2_1_floorplan.odb
read_sdc ./results/asap7/rv32imc_top/pred1000/2_1_floorplan.sdc
source /home/hatch/workspace/rv32imc-cpu/tools/orfs/flow/platforms/asap7/setRC.tcl
No macros found: Skipping macro_placement
Design area 6934 um^2 46% utilization.
write_db ./results/asap7/rv32imc_top/pred1000/2_2_floorplan_macro.odb
Elapsed time: 0:02.85[h:]min:sec. CPU time: user 2.56 sys 0.19 (96%). Peak memory: 279948KB.
Log                       Ext     Elapsed/s Peak Memory/MB sha1sum result [0:20)
2_2_floorplan_macro       .odb            2            273 6280e7ae87c708752bc1
/home/hatch/workspace/rv32imc-cpu/tools/orfs/flow/scripts/flow.sh 2_3_floorplan_tapcell tapcell
Running tapcell.tcl, stage 2_3_floorplan_tapcell
source /home/hatch/workspace/rv32imc-cpu/tools/orfs/flow/platforms/asap7/liberty_suppressions.tcl
read_liberty /home/hatch/workspace/rv32imc-cpu/tools/orfs/flow/platforms/asap7/lib/NLDM/asap7sc7p5t_AO_RVT_FF_nldm_211120.lib.gz
read_liberty /home/hatch/workspace/rv32imc-cpu/tools/orfs/flow/platforms/asap7/lib/NLDM/asap7sc7p5t_INVBUF_RVT_FF_nldm_220122.lib.gz
read_liberty /home/hatch/workspace/rv32imc-cpu/tools/orfs/flow/platforms/asap7/lib/NLDM/asap7sc7p5t_OA_RVT_FF_nldm_211120.lib.gz
read_liberty /home/hatch/workspace/rv32imc-cpu/tools/orfs/flow/platforms/asap7/lib/NLDM/asap7sc7p5t_SIMPLE_RVT_FF_nldm_211120.lib.gz
read_liberty /home/hatch/workspace/rv32imc-cpu/tools/orfs/flow/platforms/asap7/lib/NLDM/asap7sc7p5t_SEQ_RVT_FF_nldm_220123.lib
read_db ./results/asap7/rv32imc_top/pred1000/2_2_floorplan_macro.odb
read_sdc ./results/asap7/rv32imc_top/pred1000/2_1_floorplan.sdc
source /home/hatch/workspace/rv32imc-cpu/tools/orfs/flow/platforms/asap7/setRC.tcl
Tap and End Cap cell insertion
  TAP Cell          : TAPCELL_ASAP7_75t_R
  ENDCAP Cell       : TAPCELL_ASAP7_75t_R
  Halo Around Macro : 2 2
  TAP Cell Distance : 25
[INFO TAP-0004] Inserted 912 endcaps.
[INFO TAP-0005] Inserted 916 tapcells.
Design area 6988 um^2 46% utilization.
write_db ./results/asap7/rv32imc_top/pred1000/2_3_floorplan_tapcell.odb
Elapsed time: 0:02.73[h:]min:sec. CPU time: user 2.50 sys 0.16 (97%). Peak memory: 248624KB.
Log                       Ext     Elapsed/s Peak Memory/MB sha1sum result [0:20)
2_3_floorplan_tapcell     .odb            2            242 39c861e46f95321859fd
/home/hatch/workspace/rv32imc-cpu/tools/orfs/flow/scripts/flow.sh 2_4_floorplan_pdn pdn
Running pdn.tcl, stage 2_4_floorplan_pdn
source /home/hatch/workspace/rv32imc-cpu/tools/orfs/flow/platforms/asap7/liberty_suppressions.tcl
read_liberty /home/hatch/workspace/rv32imc-cpu/tools/orfs/flow/platforms/asap7/lib/NLDM/asap7sc7p5t_AO_RVT_FF_nldm_211120.lib.gz
read_liberty /home/hatch/workspace/rv32imc-cpu/tools/orfs/flow/platforms/asap7/lib/NLDM/asap7sc7p5t_INVBUF_RVT_FF_nldm_220122.lib.gz
read_liberty /home/hatch/workspace/rv32imc-cpu/tools/orfs/flow/platforms/asap7/lib/NLDM/asap7sc7p5t_OA_RVT_FF_nldm_211120.lib.gz
read_liberty /home/hatch/workspace/rv32imc-cpu/tools/orfs/flow/platforms/asap7/lib/NLDM/asap7sc7p5t_SIMPLE_RVT_FF_nldm_211120.lib.gz
read_liberty /home/hatch/workspace/rv32imc-cpu/tools/orfs/flow/platforms/asap7/lib/NLDM/asap7sc7p5t_SEQ_RVT_FF_nldm_220123.lib
read_db ./results/asap7/rv32imc_top/pred1000/2_3_floorplan_tapcell.odb
read_sdc ./results/asap7/rv32imc_top/pred1000/2_1_floorplan.sdc
source /home/hatch/workspace/rv32imc-cpu/tools/orfs/flow/platforms/asap7/setRC.tcl
[INFO PDN-0001] Inserting grid: top
Design area 6988 um^2 46% utilization.
write_db ./results/asap7/rv32imc_top/pred1000/2_4_floorplan_pdn.odb
Elapsed time: 0:03.72[h:]min:sec. CPU time: user 3.35 sys 0.19 (95%). Peak memory: 289068KB.
Log                       Ext     Elapsed/s Peak Memory/MB sha1sum result [0:20)
2_4_floorplan_pdn         .odb            3            282 0b4aa6b161c90a5494c7
cp ./results/asap7/rv32imc_top/pred1000/2_4_floorplan_pdn.odb ./results/asap7/rv32imc_top/pred1000/2_floorplan.odb
cp ./results/asap7/rv32imc_top/pred1000/2_1_floorplan.sdc ./results/asap7/rv32imc_top/pred1000/2_floorplan.sdc
/home/hatch/workspace/rv32imc-cpu/tools/orfs/flow/scripts/flow.sh 3_1_place_gp_skip_io global_place_skip_io
Running global_place_skip_io.tcl, stage 3_1_place_gp_skip_io
source /home/hatch/workspace/rv32imc-cpu/tools/orfs/flow/platforms/asap7/liberty_suppressions.tcl
read_liberty /home/hatch/workspace/rv32imc-cpu/tools/orfs/flow/platforms/asap7/lib/NLDM/asap7sc7p5t_AO_RVT_FF_nldm_211120.lib.gz
read_liberty /home/hatch/workspace/rv32imc-cpu/tools/orfs/flow/platforms/asap7/lib/NLDM/asap7sc7p5t_INVBUF_RVT_FF_nldm_220122.lib.gz
read_liberty /home/hatch/workspace/rv32imc-cpu/tools/orfs/flow/platforms/asap7/lib/NLDM/asap7sc7p5t_OA_RVT_FF_nldm_211120.lib.gz
read_liberty /home/hatch/workspace/rv32imc-cpu/tools/orfs/flow/platforms/asap7/lib/NLDM/asap7sc7p5t_SIMPLE_RVT_FF_nldm_211120.lib.gz
read_liberty /home/hatch/workspace/rv32imc-cpu/tools/orfs/flow/platforms/asap7/lib/NLDM/asap7sc7p5t_SEQ_RVT_FF_nldm_220123.lib
read_db ./results/asap7/rv32imc_top/pred1000/2_floorplan.odb
read_sdc ./results/asap7/rv32imc_top/pred1000/2_floorplan.sdc
source /home/hatch/workspace/rv32imc-cpu/tools/orfs/flow/platforms/asap7/setRC.tcl
global_placement -skip_io -density 0.6 -pad_left 0 -pad_right 0
[INFO GPL-0001] ---- Initialize GPL Main Data Structures
[INFO GPL-0002] DBU: 1000
[INFO GPL-0003] SiteSize: (  0.054  0.270 ) um
[INFO GPL-0004] CoreBBox: (  2.052  2.160 ) ( 125.334 125.280 ) um
[INFO GPL-0036] Movable instances area:       6934.452 um^2
[INFO GPL-0037] Total instances area:         6987.757 um^2
[INFO GPL-0035] Pin density area adjust:       740.175 um^2
[INFO GPL-0032] ---- Initialize Region: Top-level
[INFO GPL-0006] Number of instances:             57214
[INFO GPL-0007] Movable instances:               55386
[INFO GPL-0008] Fixed instances:                  1828
[INFO GPL-0009] Dummy instances:                     0
[INFO GPL-0010] Number of nets:                  58577
[INFO GPL-0011] Number of pins:                 189058
[INFO GPL-0012] Die BBox:  (  0.000  0.000 ) ( 127.336 127.336 ) um
[INFO GPL-0013] Core BBox: (  2.052  2.160 ) ( 125.334 125.280 ) um
[INFO GPL-0016] Core area:                   15178.480 um^2
[INFO GPL-0014] Region name: top-level.
[INFO GPL-0015] Region area:                 15178.480 um^2
[INFO GPL-0017] Fixed instances area:           53.304 um^2
[INFO GPL-0018] Movable instances area:       7674.627 um^2
[INFO GPL-0019] Utilization:                    50.741 %
[INFO GPL-0020] Standard cells area:          7674.627 um^2
[INFO GPL-0021] Large instances area:            0.000 um^2
[INFO GPL-0005] ---- Execute Conjugate Gradient Initial Placement.
[INFO GPL-0051] Source of initial instance position counters:
	Odb location = 0	Core center = 55386	Region center = 0
[INFO GPL-0033] ---- Initialize Nesterov Region: Top-level
[INFO GPL-0023] Placement target density:       0.6000
[INFO GPL-0024] Movable insts average area:      0.139 um^2
[INFO GPL-0025] Ideal bin area:                  0.231 um^2
[INFO GPL-0026] Ideal bin count:                 65723
[INFO GPL-0027] Total bin area:              15178.480 um^2
[INFO GPL-0028] Bin count (X, Y):         256 ,    256
[INFO GPL-0029] Bin size (W * H):       0.482 *  0.481 um
[INFO GPL-0030] Number of bins:                  65536
[INFO GPL-0084] ---- Execute Nesterov Global Placement.
[INFO GPL-0031] HPWL: Half-Perimeter Wirelength
Iteration | Overflow |     HPWL (um) |  HPWL(%) |   Penalty | Group
---------------------------------------------------------------
        0 |   0.9980 |  4.412100e+04 |   +0.00% |  3.05e-14 |      
       10 |   0.9985 |  1.302938e+04 |  -70.47% |  4.98e-14 |      
       20 |   0.9986 |  1.232470e+04 |   -5.41% |  8.11e-14 |      
       30 |   0.9986 |  1.218632e+04 |   -1.12% |  1.32e-13 |      
       40 |   0.9986 |  1.214236e+04 |   -0.36% |  2.15e-13 |      
       50 |   0.9986 |  1.213314e+04 |   -0.08% |  3.50e-13 |      
       60 |   0.9985 |  1.214884e+04 |   +0.13% |  5.71e-13 |      
       70 |   0.9985 |  1.219825e+04 |   +0.41% |  9.29e-13 |      
       80 |   0.9985 |  1.232978e+04 |   +1.08% |  1.51e-12 |      
       90 |   0.9983 |  1.269361e+04 |   +2.95% |  2.47e-12 |      
      100 |   0.9981 |  1.359378e+04 |   +7.09% |  4.02e-12 |      
      110 |   0.9976 |  1.546870e+04 |  +13.79% |  6.54e-12 |      
      120 |   0.9967 |  1.842163e+04 |  +19.09% |  1.07e-11 |      
      130 |   0.9954 |  2.196262e+04 |  +19.22% |  1.73e-11 |      
      140 |   0.9936 |  2.576685e+04 |  +17.32% |  2.82e-11 |      
      150 |   0.9912 |  2.994601e+04 |  +16.22% |  4.60e-11 |      
      160 |   0.9877 |  3.527164e+04 |  +17.78% |  7.48e-11 |      
      170 |   0.9823 |  4.204862e+04 |  +19.21% |  1.22e-10 |      
      180 |   0.9747 |  5.004829e+04 |  +19.02% |  1.98e-10 |      
      190 |   0.9650 |  6.053870e+04 |  +20.96% |  3.23e-10 |      
      200 |   0.9501 |  7.358181e+04 |  +21.55% |  5.25e-10 |      
      210 |   0.9309 |  8.843955e+04 |  +20.19% |  8.53e-10 |      
      220 |   0.9080 |  1.031775e+05 |  +16.66% |  1.39e-09 |      
      230 |   0.8816 |  1.188316e+05 |  +15.17% |  2.26e-09 |      
      240 |   0.8517 |  1.338126e+05 |  +12.61% |  3.67e-09 |      
      250 |   0.8185 |  1.482184e+05 |  +10.77% |  5.97e-09 |      
      260 |   0.7826 |  1.623169e+05 |   +9.51% |  9.71e-09 |      
      270 |   0.7440 |  1.754628e+05 |   +8.10% |  1.58e-08 |      
      280 |   0.7023 |  1.875466e+05 |   +6.89% |  2.57e-08 |      
      290 |   0.6576 |  2.028180e+05 |   +8.14% |  4.18e-08 |      
      300 |   0.6116 |  2.180059e+05 |   +7.49% |  6.79e-08 |      
      310 |   0.5613 |  2.299957e+05 |   +5.50% |  1.10e-07 |      
      320 |   0.5093 |  2.392768e+05 |   +4.04% |  1.80e-07 |      
      330 |   0.4630 |  2.413896e+05 |   +0.88% |  2.93e-07 |      
      340 |   0.4186 |  2.450206e+05 |   +1.50% |  4.77e-07 |      
      350 |   0.3739 |  2.498774e+05 |   +1.98% |  7.76e-07 |      
      360 |   0.3359 |  2.506499e+05 |   +0.31% |  1.24e-06 |      
      370 |   0.3070 |  2.504885e+05 |   -0.06% |  1.83e-06 |      
      380 |   0.2764 |  2.511446e+05 |   +0.26% |  2.69e-06 |      
      390 |   0.2481 |  2.509758e+05 |   -0.07% |  3.96e-06 |      
      400 |   0.2210 |  2.511010e+05 |   +0.05% |  5.83e-06 |      
      410 |   0.1961 |  2.510383e+05 |   -0.02% |  8.59e-06 |      
      420 |   0.1742 |  2.510605e+05 |   +0.01% |  1.27e-05 |      
      430 |   0.1536 |  2.511319e+05 |   +0.03% |  1.87e-05 |      
      440 |   0.1359 |  2.512496e+05 |   +0.05% |  2.75e-05 |      
      450 |   0.1195 |  2.514424e+05 |   +0.08% |  4.05e-05 |      
      460 |   0.1061 |  2.517217e+05 |   +0.11% |  5.96e-05 |      
      465 |   0.0991 |  2.518714e+05 |          |  7.52e-05 |      
---------------------------------------------------------------
[INFO GPL-1001] Global placement finished at iteration 465
[INFO GPL-1002] Placed Cell Area             7674.6271
[INFO GPL-1003] Available Free Area         15125.1754
[INFO GPL-1004] Minimum Feasible Density        0.5100 (cell_area / free_area)
[INFO GPL-1006]   Suggested Target Densities:
[INFO GPL-1007]     - For 90% usage of free space: 0.5638
[INFO GPL-1008]     - For 80% usage of free space: 0.6343
[INFO GPL-1014] Final placement area: 7674.63 (+0.00%)
Took 32 seconds: global_placement -skip_io -density 0.6 -pad_left 0 -pad_right 0
Design area 6988 um^2 46% utilization.
write_db ./results/asap7/rv32imc_top/pred1000/3_1_place_gp_skip_io.odb
Elapsed time: 0:34.72[h:]min:sec. CPU time: user 47.45 sys 0.46 (138%). Peak memory: 364748KB.
Log                       Ext     Elapsed/s Peak Memory/MB sha1sum result [0:20)
3_1_place_gp_skip_io      .odb           34            356 5319a7ba03de703917fc
/home/hatch/workspace/rv32imc-cpu/tools/orfs/flow/scripts/flow.sh 3_2_place_iop io_placement
Running io_placement.tcl, stage 3_2_place_iop
source /home/hatch/workspace/rv32imc-cpu/tools/orfs/flow/platforms/asap7/liberty_suppressions.tcl
read_liberty /home/hatch/workspace/rv32imc-cpu/tools/orfs/flow/platforms/asap7/lib/NLDM/asap7sc7p5t_AO_RVT_FF_nldm_211120.lib.gz
read_liberty /home/hatch/workspace/rv32imc-cpu/tools/orfs/flow/platforms/asap7/lib/NLDM/asap7sc7p5t_INVBUF_RVT_FF_nldm_220122.lib.gz
read_liberty /home/hatch/workspace/rv32imc-cpu/tools/orfs/flow/platforms/asap7/lib/NLDM/asap7sc7p5t_OA_RVT_FF_nldm_211120.lib.gz
read_liberty /home/hatch/workspace/rv32imc-cpu/tools/orfs/flow/platforms/asap7/lib/NLDM/asap7sc7p5t_SIMPLE_RVT_FF_nldm_211120.lib.gz
read_liberty /home/hatch/workspace/rv32imc-cpu/tools/orfs/flow/platforms/asap7/lib/NLDM/asap7sc7p5t_SEQ_RVT_FF_nldm_220123.lib
read_db ./results/asap7/rv32imc_top/pred1000/3_1_place_gp_skip_io.odb
read_sdc ./results/asap7/rv32imc_top/pred1000/2_floorplan.sdc
source /home/hatch/workspace/rv32imc-cpu/tools/orfs/flow/platforms/asap7/setRC.tcl
place_pins -hor_layers M4 -ver_layers M5
Found 0 macro blocks.
Using 2 tracks default min distance between IO pins.
[INFO PPL-0001] Number of available slots 5244
[INFO PPL-0002] Number of I/O             232
[INFO PPL-0003] Number of I/O w/sink      232
[INFO PPL-0004] Number of I/O w/o sink    0
[INFO PPL-0005] Slots per section         200
[INFO PPL-0008] Successfully assigned pins to sections.
[INFO PPL-0012] I/O nets HPWL: 7219.75 um.
Design area 6988 um^2 46% utilization.
write_db ./results/asap7/rv32imc_top/pred1000/3_2_place_iop.odb
Elapsed time: 0:02.89[h:]min:sec. CPU time: user 2.64 sys 0.18 (97%). Peak memory: 286668KB.
Log                       Ext     Elapsed/s Peak Memory/MB sha1sum result [0:20)
3_2_place_iop             .odb            2            279 facce49db84b7e15152c
/home/hatch/workspace/rv32imc-cpu/tools/orfs/flow/scripts/flow.sh 3_3_place_gp global_place
Running global_place.tcl, stage 3_3_place_gp
source /home/hatch/workspace/rv32imc-cpu/tools/orfs/flow/platforms/asap7/liberty_suppressions.tcl
read_liberty /home/hatch/workspace/rv32imc-cpu/tools/orfs/flow/platforms/asap7/lib/NLDM/asap7sc7p5t_AO_RVT_FF_nldm_211120.lib.gz
read_liberty /home/hatch/workspace/rv32imc-cpu/tools/orfs/flow/platforms/asap7/lib/NLDM/asap7sc7p5t_INVBUF_RVT_FF_nldm_220122.lib.gz
read_liberty /home/hatch/workspace/rv32imc-cpu/tools/orfs/flow/platforms/asap7/lib/NLDM/asap7sc7p5t_OA_RVT_FF_nldm_211120.lib.gz
read_liberty /home/hatch/workspace/rv32imc-cpu/tools/orfs/flow/platforms/asap7/lib/NLDM/asap7sc7p5t_SIMPLE_RVT_FF_nldm_211120.lib.gz
read_liberty /home/hatch/workspace/rv32imc-cpu/tools/orfs/flow/platforms/asap7/lib/NLDM/asap7sc7p5t_SEQ_RVT_FF_nldm_220123.lib
read_db ./results/asap7/rv32imc_top/pred1000/3_2_place_iop.odb
read_sdc ./results/asap7/rv32imc_top/pred1000/2_floorplan.sdc
source /home/hatch/workspace/rv32imc-cpu/tools/orfs/flow/platforms/asap7/setRC.tcl
[INFO RSZ-0026] Removed 4490 buffers.
Perform port buffering...
[INFO RSZ-0027] Inserted 65 BUFx2_ASAP7_75t_R input buffers.
[INFO RSZ-0028] Inserted 164 BUFx2_ASAP7_75t_R output buffers.
global_placement -density 0.6 -pad_left 0 -pad_right 0 -routability_driven -timing_driven -force_center_initial_place -min_phi_coef 0.95 -max_phi_coef 1.05
[INFO GPL-0001] ---- Initialize GPL Main Data Structures
[INFO GPL-0002] DBU: 1000
[INFO GPL-0003] SiteSize: (  0.054  0.270 ) um
[INFO GPL-0004] CoreBBox: (  2.052  2.160 ) ( 125.334 125.280 ) um
[INFO GPL-0036] Movable instances area:       6620.355 um^2
[INFO GPL-0037] Total instances area:         6673.660 um^2
[INFO GPL-0035] Pin density area adjust:       740.175 um^2
[INFO GPL-0032] ---- Initialize Region: Top-level
[INFO GPL-0006] Number of instances:             52953
[INFO GPL-0007] Movable instances:               51125
[INFO GPL-0008] Fixed instances:                  1828
[INFO GPL-0009] Dummy instances:                     0
[INFO GPL-0010] Number of nets:                  54316
[INFO GPL-0011] Number of pins:                 180768
[INFO GPL-0012] Die BBox:  (  0.000  0.000 ) ( 127.336 127.336 ) um
[INFO GPL-0013] Core BBox: (  2.052  2.160 ) ( 125.334 125.280 ) um
[INFO GPL-0016] Core area:                   15178.480 um^2
[INFO GPL-0014] Region name: top-level.
[INFO GPL-0015] Region area:                 15178.480 um^2
[INFO GPL-0017] Fixed instances area:           53.304 um^2
[INFO GPL-0018] Movable instances area:       7360.530 um^2
[INFO GPL-0019] Utilization:                    48.664 %
[INFO GPL-0020] Standard cells area:          7360.530 um^2
[INFO GPL-0021] Large instances area:            0.000 um^2
[INFO GPL-0005] ---- Execute Conjugate Gradient Initial Placement.
[INFO GPL-0051] Source of initial instance position counters:
	Odb location = 0	Core center = 51125	Region center = 0
[InitialPlace]  Iter: 1 conjugate gradient residual: 0.01506560 HPWL: 210577600
[InitialPlace]  Iter: 2 conjugate gradient residual: 0.00113990 HPWL: 77832971
[InitialPlace]  Iter: 3 conjugate gradient residual: 0.00071322 HPWL: 75214607
[InitialPlace]  Iter: 4 conjugate gradient residual: 0.00039377 HPWL: 75322529
[InitialPlace]  Iter: 5 conjugate gradient residual: 0.00044621 HPWL: 75246930
[InitialPlace]  Iter: 6 conjugate gradient residual: 0.00048176 HPWL: 75262627
[InitialPlace]  Iter: 7 conjugate gradient residual: 0.00066505 HPWL: 75192875
[InitialPlace]  Iter: 8 conjugate gradient residual: 0.00069532 HPWL: 75222950
[InitialPlace]  Iter: 9 conjugate gradient residual: 0.00076239 HPWL: 75115436
[InitialPlace]  Iter: 10 conjugate gradient residual: 0.00093198 HPWL: 75112721
[InitialPlace]  Iter: 11 conjugate gradient residual: 0.00123226 HPWL: 75008262
[InitialPlace]  Iter: 12 conjugate gradient residual: 0.00111226 HPWL: 75016606
[InitialPlace]  Iter: 13 conjugate gradient residual: 0.00132254 HPWL: 74873378
[InitialPlace]  Iter: 14 conjugate gradient residual: 0.00126513 HPWL: 74883891
[InitialPlace]  Iter: 15 conjugate gradient residual: 0.00138217 HPWL: 74761357
[InitialPlace]  Iter: 16 conjugate gradient residual: 0.00159677 HPWL: 74760192
[InitialPlace]  Iter: 17 conjugate gradient residual: 0.00137953 HPWL: 74653213
[InitialPlace]  Iter: 18 conjugate gradient residual: 0.00125273 HPWL: 74615454
[InitialPlace]  Iter: 19 conjugate gradient residual: 0.00120488 HPWL: 74507122
[InitialPlace]  Iter: 20 conjugate gradient residual: 0.00100354 HPWL: 74477208
[INFO GPL-0033] ---- Initialize Nesterov Region: Top-level
[INFO GPL-0023] Placement target density:       0.6000
[INFO GPL-0024] Movable insts average area:      0.144 um^2
[INFO GPL-0025] Ideal bin area:                  0.240 um^2
[INFO GPL-0026] Ideal bin count:                 63256
[INFO GPL-0027] Total bin area:              15178.480 um^2
[INFO GPL-0028] Bin count (X, Y):         128 ,    128
[INFO GPL-0029] Bin size (W * H):       0.963 *  0.962 um
[INFO GPL-0030] Number of bins:                  16384
[INFO GPL-0084] ---- Execute Nesterov Global Placement.
[INFO GPL-0031] HPWL: Half-Perimeter Wirelength
Iteration | Overflow |     HPWL (um) |  HPWL(%) |   Penalty | Group
---------------------------------------------------------------
        0 |   0.9889 |  5.229753e+04 |   +0.00% |  6.29e-14 |      
       10 |   0.9835 |  3.417988e+04 |  -34.64% |  1.02e-13 |      
       20 |   0.9805 |  3.582281e+04 |   +4.81% |  1.67e-13 |      
       30 |   0.9792 |  3.673335e+04 |   +2.54% |  2.72e-13 |      
       40 |   0.9779 |  3.737699e+04 |   +1.75% |  4.43e-13 |      
       50 |   0.9776 |  3.794626e+04 |   +1.52% |  7.21e-13 |      
       60 |   0.9777 |  3.786007e+04 |   -0.23% |  1.17e-12 |      
       70 |   0.9778 |  3.763316e+04 |   -0.60% |  1.91e-12 |      
       80 |   0.9777 |  3.776452e+04 |   +0.35% |  3.12e-12 |      
       90 |   0.9772 |  3.815186e+04 |   +1.03% |  5.08e-12 |      
      100 |   0.9765 |  3.863738e+04 |   +1.27% |  8.27e-12 |      
      110 |   0.9757 |  3.921100e+04 |   +1.48% |  1.35e-11 |      
      120 |   0.9746 |  4.005797e+04 |   +2.16% |  2.19e-11 |      
      130 |   0.9731 |  4.160792e+04 |   +3.87% |  3.57e-11 |      
      140 |   0.9705 |  4.428800e+04 |   +6.44% |  5.82e-11 |      
      150 |   0.9662 |  4.790319e+04 |   +8.16% |  9.47e-11 |      
      160 |   0.9586 |  5.260627e+04 |   +9.82% |  1.54e-10 |      
      170 |   0.9488 |  5.876818e+04 |  +11.71% |  2.51e-10 |      
      180 |   0.9349 |  6.654826e+04 |  +13.24% |  4.09e-10 |      
      190 |   0.9159 |  7.619856e+04 |  +14.50% |  6.65e-10 |      
      200 |   0.8910 |  8.717096e+04 |  +14.40% |  1.08e-09 |      
      210 |   0.8622 |  9.849888e+04 |  +13.00% |  1.76e-09 |      
      220 |   0.8315 |  1.084465e+05 |  +10.10% |  2.86e-09 |      
      230 |   0.7938 |  1.178063e+05 |   +8.63% |  4.66e-09 |      
      240 |   0.7516 |  1.257038e+05 |   +6.70% |  7.58e-09 |      
      250 |   0.7113 |  1.298803e+05 |   +3.32% |  1.23e-08 |      
      260 |   0.6693 |  1.315546e+05 |   +1.29% |  2.01e-08 |      
[INFO GPL-0100] Timing-driven iteration 1/2, virtual: false.
[INFO GPL-0101]    Iter: 269, overflow: 0.630, keep resizer changes at: 1, HPWL: 137878788
Iteration |   Area    | Resized | Buffers | Nets repaired | Remaining
---------------------------------------------------------------------
        0 |     +0.0% |       0 |       0 |             0 |     54316
    final |     +3.5% |     166 |     789 |           318 |         0
---------------------------------------------------------------------
[INFO RSZ-0034] Found 287 slew violations.
[INFO RSZ-0036] Found 178 capacitance violations.
[INFO RSZ-0037] Found 1 long wires.
[INFO RSZ-0039] Resized 166 instances.
[INFO RSZ-0038] Inserted 789 buffers in 318 nets.
   Iter   |    Area   | Removed | Inserted |   Pins
          |           | Buffers | Buffers  | Remaining
-------------------------------------------------------
        0 |     +0.0% |       0 |        0 |     52252
     5200 |     +0.1% |      49 |      172 |     47052
    10400 |     +0.1% |     238 |      604 |     41852
    15600 |     +0.8% |     317 |     1337 |     36652
    20800 |     +1.1% |     330 |     1577 |     31452
    26000 |     +1.2% |     401 |     1895 |     26252
    31200 |     +1.2% |     423 |     1977 |     21052
    36400 |     +1.1% |     465 |     2039 |     15852
    41600 |     +0.8% |     689 |     2537 |     10652
    46800 |     +2.1% |     740 |     3688 |      5452
    52000 |     +2.3% |     769 |     3856 |       252
    final |     +2.3% |     789 |     3972 |         0
-------------------------------------------------------
[INFO GPL-0106] Timing-driven: worst slack -1.9891423e-10
[INFO GPL-0107] Timing-driven: repair_design delta area: 390.936 um^2 (+5.31%)
[INFO GPL-0108] Timing-driven: repair_design, gpl delta gcells: 3972 (+7.77%)
[INFO GPL-0109] Timing-driven: repair_design, gcells created: 4761, deleted: 789
[INFO GPL-0110] Timing-driven: new target density: 0.6258468
Iteration | Overflow |     HPWL (um) |  HPWL(%) |   Penalty | Group
---------------------------------------------------------------
      270 |   0.6203 |  1.452759e+05 |  +10.43% |  3.27e-08 |      
[INFO GPL-0038] Routability snapshot saved at iter = 276
      275 |   0.5960 |  1.566360e+05 |          |           |      
      280 |   0.5793 |  1.582382e+05 |   +8.92% |  5.31e-08 |      
      290 |   0.5463 |  1.598572e+05 |   +1.02% |  8.66e-08 |      
      300 |   0.5088 |  1.623442e+05 |   +1.56% |  1.41e-07 |      
      310 |   0.4633 |  1.668270e+05 |   +2.76% |  2.29e-07 |      
      320 |   0.4136 |  1.718971e+05 |   +3.04% |  3.74e-07 |      
      330 |   0.3647 |  1.739278e+05 |   +1.18% |  6.08e-07 |      
      340 |   0.3237 |  1.731991e+05 |   -0.42% |  9.42e-07 |      
[INFO GPL-0040] Routability iteration: 1
[WARNING GRT-0281] Net clk has a large fanout of 7010 terminals.
[INFO GPL-0041] Total routing overflow: 27.3014
[INFO GPL-0042] Number of overflowed tiles: 177 (0.36%)
[INFO GPL-0043] Average top 0.5% routing congestion: 1.0986
[INFO GPL-0044] Average top 1.0% routing congestion: 0.9696
[INFO GPL-0045] Average top 2.0% routing congestion: 0.8530
[INFO GPL-0046] Average top 5.0% routing congestion: 0.7326
[INFO GPL-0047] Routability iteration weighted routing congestion: 1.0341
[INFO GPL-0048] Routing congestion (1.0341) lower than previous minimum (1e+30). Updating minimum.
[INFO GPL-0086] Inflated area:                  51.652 um^2 (+0.67%)
[INFO GPL-0052] Placement target density:       0.6258
[INFO GPL-0076] Removing fillers, count: Before: 12251, After: 11882 (-3.01%)
[INFO GPL-0077] Filler area (um^2)     : Before: 1714.576, After: 1662.815 (-3.02%)
[INFO GPL-0078] Removed fillers count: 369, area removed: 51.639 um^2. Remaining area to be compensated by modifying density: 0.012 um^2
[INFO GPL-0058] White space area:            15125.175 um^2 (+0.00%)
[INFO GPL-0059] Movable instances area:       9466.042 um^2 (+0.00%)
[INFO GPL-0060] Total filler area:            1662.815 um^2 (-3.02%)
[INFO GPL-0061] Total non-inflated area:      9465.933 um^2 (-0.00%)
[INFO GPL-0062] Total inflated area:          9517.584 um^2 (-0.00%)
[INFO GPL-0063] New Target Density:             0.6258
[INFO GPL-0087] Routability end iteration: increase inflation and revert back to snapshot.
Iteration | Overflow |     HPWL (um) |  HPWL(%) |   Penalty | Group
---------------------------------------------------------------
      350 |   0.5947 |  1.578202e+05 |   -8.88% |  4.37e-08 |      
      360 |   0.5652 |  1.583738e+05 |   +0.35% |  6.44e-08 |      
      370 |   0.5365 |  1.602589e+05 |   +1.19% |  9.49e-08 |      
      380 |   0.5100 |  1.625674e+05 |   +1.44% |  1.40e-07 |      
      390 |   0.4712 |  1.665036e+05 |   +2.42% |  2.06e-07 |      
      400 |   0.4288 |  1.696788e+05 |   +1.91% |  3.03e-07 |      
      410 |   0.3936 |  1.695632e+05 |   -0.07% |  4.46e-07 |      
      420 |   0.3581 |  1.692103e+05 |   -0.21% |  6.58e-07 |      
      430 |   0.3293 |  1.702498e+05 |   +0.61% |  9.69e-07 |      
[INFO GPL-0040] Routability iteration: 2
[INFO GPL-0041] Total routing overflow: 3.1979
[INFO GPL-0042] Number of overflowed tiles: 35 (0.07%)
[INFO GPL-0043] Average top 0.5% routing congestion: 0.9039
[INFO GPL-0044] Average top 1.0% routing congestion: 0.8337
[INFO GPL-0045] Average top 2.0% routing congestion: 0.7682
[INFO GPL-0046] Average top 5.0% routing congestion: 0.6900
[INFO GPL-0047] Routability iteration weighted routing congestion: 0.8688
[INFO GPL-0050] Weighted routing congestion is lower than target routing congestion(1.0100), end routability optimization.
[INFO GPL-0090] Routability finished. Target routing congestion achieved succesfully.
Iteration | Overflow |     HPWL (um) |  HPWL(%) |   Penalty | Group
---------------------------------------------------------------
      440 |   0.2954 |  1.693394e+05 |   -0.53% |  1.43e-06 |      
      450 |   0.2687 |  1.704441e+05 |   +0.65% |  2.10e-06 |      
      460 |   0.2323 |  1.697213e+05 |   -0.42% |  3.10e-06 |      
      470 |   0.2086 |  1.691051e+05 |   -0.36% |  4.56e-06 |      
[INFO GPL-0100] Timing-driven iteration 2/2, virtual: false.
[INFO GPL-0101]    Iter: 476, overflow: 0.195, keep resizer changes at: 1, HPWL: 168909719
Iteration |   Area    | Resized | Buffers | Nets repaired | Remaining
---------------------------------------------------------------------
        0 |     +0.0% |       0 |       0 |             0 |     58288
    final |     +0.0% |       0 |       2 |             2 |         0
---------------------------------------------------------------------
[INFO RSZ-0034] Found 2 slew violations.
[INFO RSZ-0038] Inserted 2 buffers in 2 nets.
   Iter   |    Area   | Removed | Inserted |   Pins
          |           | Buffers | Buffers  | Remaining
-------------------------------------------------------
        0 |     +0.0% |       0 |        0 |     52252
     5200 |     +0.0% |     172 |      174 |     47052
    10400 |     -0.4% |     604 |      401 |     41852
    15600 |     -0.9% |    1337 |      745 |     36652
    20800 |     -0.9% |    1577 |      995 |     31452
    26000 |     -1.0% |    1896 |     1290 |     26252
    31200 |     -1.0% |    1978 |     1372 |     21052
    36400 |     -0.9% |    2040 |     1444 |     15852
    41600 |     -0.9% |    2539 |     1926 |     10652
    46800 |     -2.0% |    3690 |     2250 |      5452
    52000 |     -2.0% |    3858 |     2420 |       252
    final |     -2.0% |    3974 |     2534 |         0
-------------------------------------------------------
[INFO GPL-0106] Timing-driven: worst slack -2.0022471e-10
[INFO GPL-0107] Timing-driven: repair_design delta area: -145.762 um^2 (-1.87%)
[INFO GPL-0108] Timing-driven: repair_design, gpl delta gcells: -1438 (-2.61%)
[INFO GPL-0109] Timing-driven: repair_design, gcells created: 2536, deleted: 3974
[INFO GPL-0110] Timing-driven: new target density: 0.6162025
Iteration | Overflow |     HPWL (um) |  HPWL(%) |   Penalty | Group
---------------------------------------------------------------
      480 |   0.1782 |  1.767334e+05 |   +4.51% |  6.71e-06 |      
      490 |   0.1581 |  1.720830e+05 |   -2.63% |  9.89e-06 |      
      500 |   0.1341 |  1.703352e+05 |   -1.02% |  1.46e-05 |      
      510 |   0.1164 |  1.695179e+05 |   -0.48% |  2.15e-05 |      
      519 |   0.0997 |  1.683430e+05 |          |  3.16e-05 |      
---------------------------------------------------------------
[INFO GPL-1001] Global placement finished at iteration 519
[INFO GPL-1017] Routability mode iteration count: 162
[INFO GPL-1005] Routability final weighted congestion: 0.7255
[INFO GPL-1002] Placed Cell Area             7657.3561
[INFO GPL-1003] Available Free Area         15125.1754
[INFO GPL-1004] Minimum Feasible Density        0.4900 (cell_area / free_area)
[INFO GPL-1006]   Suggested Target Densities:
[INFO GPL-1007]     - For 90% usage of free space: 0.5625
[INFO GPL-1008]     - For 80% usage of free space: 0.6328
[INFO GPL-1011] Original area (um^2): 7360.53
[INFO GPL-1012] Total routability artificial inflation: 51.65 (+0.70%)
[INFO GPL-1013] Total timing-driven delta area: 245.17 (+3.33%)
[INFO GPL-1014] Final placement area: 7657.36 (+4.03%)
Took 205 seconds: global_placement -density 0.6 -pad_left 0 -pad_right 0 -routability_driven -timing_driven -force_center_initial_place -min_phi_coef 0.95 -max_phi_coef 1.05
estimate_parasitics -placement
Took 8 seconds: estimate_parasitics -placement
Report metrics stage 3, global place...

==========================================================================
global place report_design_area
--------------------------------------------------------------------------
Design area 6930 um^2 46% utilization.
write_db ./results/asap7/rv32imc_top/pred1000/3_3_place_gp.odb
Elapsed time: 5:06.29[h:]min:sec. CPU time: user 189.40 sys 27.46 (70%). Peak memory: 985452KB.
Log                       Ext     Elapsed/s Peak Memory/MB sha1sum result [0:20)
3_3_place_gp              .odb          306            962 f264d01fde8e956a8b35
/home/hatch/workspace/rv32imc-cpu/tools/orfs/flow/scripts/flow.sh 3_4_place_resized resize
Running resize.tcl, stage 3_4_place_resized
source /home/hatch/workspace/rv32imc-cpu/tools/orfs/flow/platforms/asap7/liberty_suppressions.tcl
read_liberty /home/hatch/workspace/rv32imc-cpu/tools/orfs/flow/platforms/asap7/lib/NLDM/asap7sc7p5t_AO_RVT_FF_nldm_211120.lib.gz
read_liberty /home/hatch/workspace/rv32imc-cpu/tools/orfs/flow/platforms/asap7/lib/NLDM/asap7sc7p5t_INVBUF_RVT_FF_nldm_220122.lib.gz
read_liberty /home/hatch/workspace/rv32imc-cpu/tools/orfs/flow/platforms/asap7/lib/NLDM/asap7sc7p5t_OA_RVT_FF_nldm_211120.lib.gz
read_liberty /home/hatch/workspace/rv32imc-cpu/tools/orfs/flow/platforms/asap7/lib/NLDM/asap7sc7p5t_SIMPLE_RVT_FF_nldm_211120.lib.gz
read_liberty /home/hatch/workspace/rv32imc-cpu/tools/orfs/flow/platforms/asap7/lib/NLDM/asap7sc7p5t_SEQ_RVT_FF_nldm_220123.lib
read_db ./results/asap7/rv32imc_top/pred1000/3_3_place_gp.odb
read_sdc ./results/asap7/rv32imc_top/pred1000/2_floorplan.sdc
source /home/hatch/workspace/rv32imc-cpu/tools/orfs/flow/platforms/asap7/setRC.tcl
estimate_parasitics -placement
Took 9 seconds: estimate_parasitics -placement
Perform buffer insertion and gate resizing...
repair_design -verbose
Iteration |   Area    | Resized | Buffers | Nets repaired | Remaining
---------------------------------------------------------------------
        0 |     +0.0% |       0 |       0 |             0 |     56850
     1000 |     +0.0% |       0 |       0 |             0 |     55850
     2000 |     +0.0% |       0 |       0 |             0 |     54850
     3000 |     +0.0% |       0 |       0 |             0 |     53850
     4000 |     +0.0% |       0 |       0 |             0 |     52850
     5000 |     +0.0% |       0 |       0 |             0 |     51850
     6000 |     +0.0% |       0 |       0 |             0 |     50850
     7000 |     +0.0% |       0 |       0 |             0 |     49850
     8000 |     +0.0% |       0 |       0 |             0 |     48850
     9000 |     +0.0% |       0 |       0 |             0 |     47850
    10000 |     +0.0% |       0 |       0 |             0 |     46850
    11000 |     +0.0% |       0 |       0 |             0 |     45850
    12000 |     +0.0% |       0 |       0 |             0 |     44850
    13000 |     +0.0% |       0 |       0 |             0 |     43850
    14000 |     +0.0% |       0 |       0 |             0 |     42850
    15000 |     +0.0% |       0 |       0 |             0 |     41850
    16000 |     +0.0% |       0 |       0 |             0 |     40850
    17000 |     +0.0% |       0 |       0 |             0 |     39850
    18000 |     +0.0% |       0 |       0 |             0 |     38850
    19000 |     +0.0% |       0 |       0 |             0 |     37850
    20000 |     +0.0% |       0 |       0 |             0 |     36850
    21000 |     +0.0% |       0 |       0 |             0 |     35850
    22000 |     +0.0% |       0 |       0 |             0 |     34850
    23000 |     +0.0% |       0 |       0 |             0 |     33850
    24000 |     +0.0% |       0 |       0 |             0 |     32850
    25000 |     +0.0% |       0 |       0 |             0 |     31850
    26000 |     +0.0% |       0 |       0 |             0 |     30850
    27000 |     +0.0% |       0 |       0 |             0 |     29850
    28000 |     +0.0% |       0 |       0 |             0 |     28850
    29000 |     +0.0% |       0 |       0 |             0 |     27850
    30000 |     +0.0% |       0 |       0 |             0 |     26850
    31000 |     +0.0% |       0 |       0 |             0 |     25850
    32000 |     +0.0% |       0 |       0 |             0 |     24850
    33000 |     +0.0% |       0 |       0 |             0 |     23850
    34000 |     +0.0% |       0 |       0 |             0 |     22850
    35000 |     +0.0% |       0 |       0 |             0 |     21850
    36000 |     +0.0% |       0 |       0 |             0 |     20850
    37000 |     +0.0% |       0 |       0 |             0 |     19850
    38000 |     +0.0% |       0 |       0 |             0 |     18850
    39000 |     +0.0% |       0 |       0 |             0 |     17850
    40000 |     +0.0% |       0 |       0 |             0 |     16850
    41000 |     +0.0% |       0 |       0 |             0 |     15850
    42000 |     +0.0% |       0 |       0 |             0 |     14850
    43000 |     +0.0% |       0 |       0 |             0 |     13850
    44000 |     +0.0% |       0 |       0 |             0 |     12850
    45000 |     +0.0% |       0 |       0 |             0 |     11850
    46000 |     +0.0% |       0 |       0 |             0 |     10850
    47000 |     +0.0% |       0 |       0 |             0 |      9850
    48000 |     +0.0% |       0 |       0 |             0 |      8850
    49000 |     +0.0% |       0 |       0 |             0 |      7850
    50000 |     +0.0% |       0 |       0 |             0 |      6850
    51000 |     +0.0% |       0 |       0 |             0 |      5850
    52000 |     +0.0% |       0 |       0 |             0 |      4850
    53000 |     +0.0% |       0 |       0 |             0 |      3850
    54000 |     +0.0% |       0 |       0 |             0 |      2850
    55000 |     +0.0% |       0 |       0 |             0 |      1850
    56000 |     +0.0% |       0 |       0 |             0 |       850
    final |     +0.0% |       0 |       0 |             0 |         0
---------------------------------------------------------------------
Took 37 seconds: repair_design -verbose
Floating nets: 
Report metrics stage 3, resizer...

==========================================================================
resizer report_design_area
--------------------------------------------------------------------------
Design area 6930 um^2 46% utilization.
Instance count before 55487, after 55487
Pin count before 185604, after 185604
write_db ./results/asap7/rv32imc_top/pred1000/3_4_place_resized.odb
Elapsed time: 2:21.82[h:]min:sec. CPU time: user 58.09 sys 0.90 (41%). Peak memory: 560508KB.
Log                       Ext     Elapsed/s Peak Memory/MB sha1sum result [0:20)
3_4_place_resized         .odb          141            547 f264d01fde8e956a8b35
/home/hatch/workspace/rv32imc-cpu/tools/orfs/flow/scripts/flow.sh 3_5_place_dp detail_place
Running detail_place.tcl, stage 3_5_place_dp
source /home/hatch/workspace/rv32imc-cpu/tools/orfs/flow/platforms/asap7/liberty_suppressions.tcl
read_liberty /home/hatch/workspace/rv32imc-cpu/tools/orfs/flow/platforms/asap7/lib/NLDM/asap7sc7p5t_AO_RVT_FF_nldm_211120.lib.gz
read_liberty /home/hatch/workspace/rv32imc-cpu/tools/orfs/flow/platforms/asap7/lib/NLDM/asap7sc7p5t_INVBUF_RVT_FF_nldm_220122.lib.gz
read_liberty /home/hatch/workspace/rv32imc-cpu/tools/orfs/flow/platforms/asap7/lib/NLDM/asap7sc7p5t_OA_RVT_FF_nldm_211120.lib.gz
read_liberty /home/hatch/workspace/rv32imc-cpu/tools/orfs/flow/platforms/asap7/lib/NLDM/asap7sc7p5t_SIMPLE_RVT_FF_nldm_211120.lib.gz
read_liberty /home/hatch/workspace/rv32imc-cpu/tools/orfs/flow/platforms/asap7/lib/NLDM/asap7sc7p5t_SEQ_RVT_FF_nldm_220123.lib
read_db ./results/asap7/rv32imc_top/pred1000/3_4_place_resized.odb
read_sdc ./results/asap7/rv32imc_top/pred1000/2_floorplan.sdc
source /home/hatch/workspace/rv32imc-cpu/tools/orfs/flow/platforms/asap7/setRC.tcl
detailed_placement
[INFO DPL-0006] Core area: 15178.48 um^2, Instances area: 6929.76 um^2, Utilization: 45.7%
[INFO DPL-0005] Diamond search max displacement: +/- 500 sites horizontally, +/- 100 rows vertically.
[INFO DPL-1101] Legalizing using diamond search.
Movements Summary
---------------------------------------
Total cells:                   53659
Diamond Move Success:          53659 (100.00%)
Diamond Move Failure:              0
Rip-up and replace Success:        0 (  0.00% of diamond failures)
Rip-up and replace Failure:        0
Total Placement Failures:          0
---------------------------------------
Placement Analysis
---------------------------------
total displacement      13964.5 u
average displacement        0.3 u
max displacement            1.2 u
original HPWL          168511.1 u
legalized HPWL         180863.3 u
delta HPWL                    7 %

improve_placement -max_displacement "5 1"
Detailed placement improvement.
[INFO DPL-0401] Setting random seed to 1.
[INFO DPL-0402] Setting maximum displacement 5 1 to 1350 270 units.
[INFO DPL-0320] Collected 2060 fixed cells.
[INFO DPL-0318] Collected 53659 single height cells.
[INFO DPL-0321] Collected 0 wide cells.
[INFO DPL-0322] Image (2052, 2160) - (125334, 125280)
[INFO DPL-0310] Assigned 53659 cells into segments.  Movement in X-direction is 0.000000, movement in Y-direction is 0.000000.
[INFO DPL-0313] Found 0 cells in wrong regions.
[INFO DPL-0315] Found 0 row alignment problems.
[INFO DPL-0314] Found 0 site alignment problems.
[INFO DPL-0311] Found 0 overlaps between adjacent cells.
[INFO DPL-0312] Found 0 edge spacing violations and 0 padding violations.
[INFO DPL-0303] Running algorithm for independent set matching.
[INFO DPL-0300] Set matching objective is wirelength.
[INFO DPL-0301] Pass   1 of matching; objective is 1.806902e+08.
[INFO DPL-0302] End of matching; objective is 1.802888e+08, improvement is 0.22 percent.
[INFO DPL-0303] Running algorithm for global swaps.
[INFO DPL-0306] Pass   1 of global swaps; hpwl is 1.782808e+08.
[INFO DPL-0306] Pass   2 of global swaps; hpwl is 1.779159e+08.
[INFO DPL-0307] End of global swaps; objective is 1.779159e+08, improvement is 1.32 percent.
[INFO DPL-0303] Running algorithm for vertical swaps.
[INFO DPL-0308] Pass   1 of vertical swaps; hpwl is 1.774812e+08.
[INFO DPL-0309] End of vertical swaps; objective is 1.774812e+08, improvement is 0.24 percent.
[INFO DPL-0303] Running algorithm for reordering.
[INFO DPL-0304] Pass   1 of reordering; objective is 1.772019e+08.
[INFO DPL-0305] End of reordering; objective is 1.772019e+08, improvement is 0.16 percent.
[INFO DPL-0303] Running algorithm for random improvement.
[INFO DPL-0324] Random improver is using random generator.
[INFO DPL-0325] Random improver is using hpwl objective.
[INFO DPL-0326] Random improver cost string is (a).
[INFO DPL-0332] End of pass, Generator random called 1073180 times.
[INFO DPL-0335] Generator random, Cumulative attempts 1073180, swaps 131383, moves 300017 since last reset.
[INFO DPL-0333] End of pass, Objective hpwl, Initial cost 1.767561e+08, Scratch cost 1.755130e+08, Incremental cost 1.755130e+08, Mismatch? N
[INFO DPL-0338] End of pass, Total cost is 1.755130e+08.
[INFO DPL-0327] Pass   1 of random improver; improvement in cost is 0.70 percent.
[INFO DPL-0328] End of random improver; improvement is 0.703279 percent.
[INFO DPL-0380] Cell flipping.
[INFO DPL-0382] Changed 0 cell orientations for row compatibility.
[INFO DPL-0383] Performed 18256 cell flips.
[INFO DPL-0384] End of flipping; objective is 1.723608e+08, improvement is 2.04 percent.
[INFO DPL-0313] Found 0 cells in wrong regions.
[INFO DPL-0315] Found 0 row alignment problems.
[INFO DPL-0314] Found 0 site alignment problems.
[INFO DPL-0311] Found 0 overlaps between adjacent cells.
[INFO DPL-0312] Found 0 edge spacing violations and 0 padding violations.
Detailed Improvement Results
------------------------------------------
Original HPWL           180863.3 u (   95493.0,    85370.2)
Final HPWL              172209.1 u (   90194.2,    82014.8)
Delta HPWL                  -4.8 % (      -5.5,       -3.9)

Took 31 seconds: improve_placement -max_displacement "5 1"
optimize_mirroring
[INFO DPL-0020] Mirrored 6876 instances
[INFO DPL-0021] HPWL before          172209.1 u
[INFO DPL-0022] HPWL after           171946.2 u
[INFO DPL-0023] HPWL delta               -0.2 %
[INFO FLW-0012] Placement violations .
estimate_parasitics -placement
Took 8 seconds: estimate_parasitics -placement
Report metrics stage 3, detailed place...

==========================================================================
detailed place report_design_area
--------------------------------------------------------------------------
Design area 6930 um^2 46% utilization.
write_db ./results/asap7/rv32imc_top/pred1000/3_5_place_dp.odb
write_sdc -no_timestamp ./results/asap7/rv32imc_top/pred1000/3_place.sdc
Elapsed time: 2:02.40[h:]min:sec. CPU time: user 68.94 sys 1.56 (57%). Peak memory: 656528KB.
Log                       Ext     Elapsed/s Peak Memory/MB sha1sum result [0:20)
3_5_place_dp              .odb          122            641 571afec9b948b36b7b22
cp ./results/asap7/rv32imc_top/pred1000/3_5_place_dp.odb ./results/asap7/rv32imc_top/pred1000/3_place.odb
/home/hatch/workspace/rv32imc-cpu/tools/orfs/flow/scripts/flow.sh 4_1_cts cts
Running cts.tcl, stage 4_1_cts
source /home/hatch/workspace/rv32imc-cpu/tools/orfs/flow/platforms/asap7/liberty_suppressions.tcl
read_liberty /home/hatch/workspace/rv32imc-cpu/tools/orfs/flow/platforms/asap7/lib/NLDM/asap7sc7p5t_AO_RVT_FF_nldm_211120.lib.gz
read_liberty /home/hatch/workspace/rv32imc-cpu/tools/orfs/flow/platforms/asap7/lib/NLDM/asap7sc7p5t_INVBUF_RVT_FF_nldm_220122.lib.gz
read_liberty /home/hatch/workspace/rv32imc-cpu/tools/orfs/flow/platforms/asap7/lib/NLDM/asap7sc7p5t_OA_RVT_FF_nldm_211120.lib.gz
read_liberty /home/hatch/workspace/rv32imc-cpu/tools/orfs/flow/platforms/asap7/lib/NLDM/asap7sc7p5t_SIMPLE_RVT_FF_nldm_211120.lib.gz
read_liberty /home/hatch/workspace/rv32imc-cpu/tools/orfs/flow/platforms/asap7/lib/NLDM/asap7sc7p5t_SEQ_RVT_FF_nldm_220123.lib
read_db ./results/asap7/rv32imc_top/pred1000/3_place.odb
read_sdc ./results/asap7/rv32imc_top/pred1000/3_place.sdc
source /home/hatch/workspace/rv32imc-cpu/tools/orfs/flow/platforms/asap7/setRC.tcl
clock_tree_synthesis -sink_clustering_enable -repair_clock_nets
[INFO CTS-0050] Root buffer is BUFx24_ASAP7_75t_R.
[INFO CTS-0051] Sink buffer is BUFx24_ASAP7_75t_R.
[INFO CTS-0052] The following clock buffers will be used for CTS:
                    BUFx24_ASAP7_75t_R
[INFO CTS-0049] Characterization buffer is BUFx24_ASAP7_75t_R.
[INFO CTS-0007] Net "clk" found for clock "core_clk".
[INFO CTS-0010]  Clock net "clk" has 7009 sinks.
[INFO CTS-0008] TritonCTS found 1 clock nets.
[INFO CTS-0097] Characterization used 1 buffer(s) types.
[INFO CTS-0201] 0 blockages from hard placement blockages and placed macros will be used.
[INFO CTS-0027] Generating H-Tree topology for net clk.
[INFO CTS-0028]  Total number of sinks: 7009.
[INFO CTS-0090]  Sinks will be clustered based on buffer max cap.
[INFO CTS-0030]  Number of static layers: 0.
[INFO CTS-0020]  Wire segment unit: 1350  dbu (1 um).
[INFO CTS-0206] Best clustering solution was found from max clustering size of 25 and max clustering diameter of 19.
[INFO CTS-0019]  Total number of sinks after clustering: 343.
[INFO CTS-0024]  Normalized sink region: [(2.45164, 3.94), (88.062, 91.4714)].
[INFO CTS-0025]     Width:  85.6104.
[INFO CTS-0026]     Height: 87.5314.
 Level 1
    Direction: Vertical
    Sinks per sub-region: 172
    Sub-region size: 85.6104 X 43.7657
[INFO CTS-0034]     Segment length (rounded): 22.
 Level 2
    Direction: Horizontal
    Sinks per sub-region: 86
    Sub-region size: 42.8052 X 43.7657
[INFO CTS-0034]     Segment length (rounded): 22.
 Level 3
    Direction: Vertical
    Sinks per sub-region: 43
    Sub-region size: 42.8052 X 21.8829
[INFO CTS-0034]     Segment length (rounded): 10.
 Level 4
    Direction: Horizontal
    Sinks per sub-region: 22
    Sub-region size: 21.4026 X 21.8829
[INFO CTS-0034]     Segment length (rounded): 10.
 Level 5
    Direction: Vertical
    Sinks per sub-region: 11
    Sub-region size: 21.4026 X 10.9414
[INFO CTS-0034]     Segment length (rounded): 6.
[INFO CTS-0032]  Stop criterion found. Max number of sinks is 15.
[INFO CTS-0035]  Number of sinks covered: 343.
[INFO CTS-0018]     Created 388 clock buffers.
[INFO CTS-0012]     Minimum number of buffers in the clock path: 5.
[INFO CTS-0013]     Maximum number of buffers in the clock path: 5.
[INFO CTS-0015]     Created 388 clock nets.
[INFO CTS-0016]     Fanout distribution for the current clock = 6:4, 7:3, 8:3, 9:2, 10:3, 11:7, 12:7, 13:3, 14:3, 15:5, 16:12, 17:11, 18:21, 19:45, 20:62, 21:67, 22:61, 23:32, 24:19, 25:5..
[INFO CTS-0017]     Max level of the clock tree: 5.
[INFO CTS-0098] Clock net "clk"
[INFO CTS-0099]  Sinks 7330
[INFO CTS-0100]  Leaf buffers 343
[INFO CTS-0101]  Average sink wire length 216.44 um
[INFO CTS-0102]  Path depth 4 - 5
[INFO CTS-0207]  Dummy loads inserted 321
Took 25 seconds: clock_tree_synthesis -sink_clustering_enable -repair_clock_nets
estimate_parasitics -placement
Took 5 seconds: estimate_parasitics -placement
detailed_placement
[INFO DPL-0006] Core area: 15178.48 um^2, Instances area: 7148.54 um^2, Utilization: 47.1%
[INFO DPL-0005] Diamond search max displacement: +/- 500 sites horizontally, +/- 100 rows vertically.
[INFO DPL-1101] Legalizing using diamond search.
Movements Summary
---------------------------------------
Total cells:                   54368
Diamond Move Success:          54368 (100.00%)
Diamond Move Failure:              0
Rip-up and replace Success:        0 (  0.00% of diamond failures)
Rip-up and replace Failure:        0
Total Placement Failures:          0
---------------------------------------
Placement Analysis
---------------------------------
total displacement        856.5 u
average displacement        0.0 u
max displacement            1.0 u
original HPWL          177459.0 u
legalized HPWL         182412.7 u
delta HPWL                    3 %

estimate_parasitics -placement
Took 6 seconds: estimate_parasitics -placement
repair_timing -setup_margin 0 -hold_margin 0 -repair_tns 100 -verbose
[INFO RSZ-0100] Repair move sequence: UnbufferMove SizeUpMove SwapPinsMove BufferMove CloneMove SplitLoadMove 
[INFO RSZ-0094] Found 25 endpoints with setup violations.
[INFO RSZ-0099] Repairing 25 out of 25 (100.00%) violating endpoints...
   Iter   | Removed | Resized | Inserted | Cloned |  Pin  |   Area   |    WNS   |   StTNS    |   EnTNS    |  Viol  |  Worst  
          | Buffers |  Gates  | Buffers  |  Gates | Swaps |          |          |            |            | Endpts | St/EnPt 
------------------------------------------------------------------------------------------------------------------------------
       0* |       0 |       0 |        0 |      0 |     0 |    +0.0% | -198.163 |   -15863.8 |    -2441.4 |     25 | u_csr.br_misp_r\[30\]$_DFF_PN0_/D
      10* |       0 |       0 |        6 |      0 |     5 |    +0.0% | -184.519 |   -15052.2 |    -2156.1 |     25 | u_csr.br_misp_r\[30\]$_DFF_PN0_/D
      20* |       0 |       3 |       11 |      0 |     8 |    +0.0% | -183.168 |   -14567.7 |    -2129.1 |     25 | u_csr.br_misp_r\[30\]$_DFF_PN0_/D
      30* |       0 |       5 |       13 |      0 |    14 |    +0.0% | -180.537 |   -14148.0 |    -2210.0 |     25 | u_csr.br_misp_r\[30\]$_DFF_PN0_/D
      40* |       0 |       7 |       15 |      0 |    20 |    +0.0% | -176.883 |   -13512.2 |    -2158.3 |     25 | u_csr.br_misp_r\[30\]$_DFF_PN0_/D
      50* |       0 |       9 |       18 |      1 |    24 |    +0.0% | -171.302 |   -13096.7 |    -2070.3 |     25 | u_csr.br_misp_r\[30\]$_DFF_PN0_/D
      60* |       0 |      12 |       21 |      1 |    28 |    +0.0% | -170.137 |   -12969.3 |    -2048.2 |     25 | u_csr.br_misp_r\[30\]$_DFF_PN0_/D
      70* |       0 |      16 |       24 |      1 |    31 |    +0.0% | -166.130 |   -12670.3 |    -1972.0 |     25 | u_csr.br_misp_r\[30\]$_DFF_PN0_/D
      80* |       0 |      17 |       29 |      2 |    35 |    +0.0% | -168.253 |   -12817.6 |    -2028.0 |     25 | u_csr.br_misp_r\[30\]$_DFF_PN0_/D
      90* |       0 |      20 |       29 |      3 |    41 |    +0.1% | -169.001 |   -12921.9 |    -2042.3 |     25 | u_csr.br_misp_r\[30\]$_DFF_PN0_/D
     100* |       0 |      22 |       29 |      3 |    49 |    +0.1% | -170.126 |   -13156.2 |    -2063.7 |     25 | u_csr.br_misp_r\[30\]$_DFF_PN0_/D
     110* |       0 |      24 |       31 |      3 |    55 |    +0.1% | -170.107 |   -13161.4 |    -2063.3 |     25 | u_csr.br_misp_r\[30\]$_DFF_PN0_/D
     120* |       0 |      27 |       34 |      3 |    59 |    +0.1% | -169.679 |   -13157.7 |    -2055.2 |     25 | u_csr.br_misp_r\[30\]$_DFF_PN0_/D
     124* |       0 |      16 |       26 |      1 |    33 |    +0.0% | -165.383 |   -12605.2 |    -1973.5 |     25 | u_csr.br_misp_r\[30\]$_DFF_PN0_/D
     130* |       0 |      17 |       29 |      2 |    34 |    +0.0% | -165.519 |   -12552.2 |    -1976.1 |     25 | u_csr.br_misp_r\[30\]$_DFF_PN0_/D
     140* |       0 |      19 |       30 |      2 |    41 |    +0.1% | -167.038 |   -12517.7 |    -2005.0 |     25 | u_csr.br_misp_r\[30\]$_DFF_PN0_/D
     150* |       0 |      21 |       33 |      3 |    45 |    +0.1% | -169.002 |   -12969.6 |    -2042.3 |     25 | u_csr.br_misp_r\[30\]$_DFF_PN0_/D
     160* |       0 |      23 |       35 |      3 |    51 |    +0.1% | -171.993 |   -13480.4 |    -2099.1 |     25 | u_csr.br_misp_r\[30\]$_DFF_PN0_/D
     162* |       0 |      19 |       30 |      2 |    34 |    +0.1% | -164.833 |   -12411.2 |    -1963.1 |     25 | u_csr.br_misp_r\[30\]$_DFF_PN0_/D
     170* |       0 |      19 |       36 |      2 |    35 |    +0.1% | -164.402 |   -12331.2 |    -1939.1 |     25 | u_csr.br_misp_r\[30\]$_DFF_PN0_/D
     179* |       0 |      20 |       36 |      2 |    35 |    +0.1% | -164.153 |   -12320.4 |    -1934.4 |     25 | u_csr.br_misp_r\[30\]$_DFF_PN0_/D
     180* |       0 |      20 |       36 |      2 |    35 |    +0.1% | -164.153 |   -12320.4 |    -1934.4 |     25 | u_csr.br_misp_r\[30\]$_DFF_PN0_/D
     185* |       1 |      21 |       38 |      2 |    36 |    +0.1% | -163.370 |   -12133.9 |    -1810.7 |     25 | u_csr.br_misp_r\[30\]$_DFF_PN0_/D
     187* |       1 |      21 |       38 |      2 |    37 |    +0.1% | -163.364 |   -12132.7 |    -1811.2 |     25 | u_csr.br_misp_r\[30\]$_DFF_PN0_/D
     189* |       1 |      21 |       38 |      2 |    37 |    +0.1% | -163.364 |   -12132.7 |    -1811.2 |     25 | u_csr.br_misp_r\[30\]$_DFF_PN0_/D
     190* |       1 |      21 |       38 |      2 |    37 |    +0.1% | -163.364 |   -12132.7 |    -1811.2 |     25 | u_csr.br_misp_r\[30\]$_DFF_PN0_/D
     191* |       1 |      21 |       38 |      2 |    38 |    +0.1% | -163.359 |   -12131.8 |    -1811.7 |     25 | u_csr.br_misp_r\[30\]$_DFF_PN0_/D
     194* |       2 |      21 |       38 |      2 |    39 |    +0.1% | -163.359 |   -12131.8 |    -1801.6 |     25 | u_csr.br_misp_r\[30\]$_DFF_PN0_/D
     197* |       2 |      21 |       38 |      2 |    39 |    +0.1% | -163.359 |   -12131.8 |    -1801.6 |     25 | u_csr.br_misp_r\[30\]$_DFF_PN0_/D
     199* |       2 |      21 |       38 |      2 |    39 |    +0.1% | -163.359 |   -12131.8 |    -1801.6 |     25 | u_csr.br_misp_r\[30\]$_DFF_PN0_/D
     200* |       2 |      21 |       38 |      2 |    39 |    +0.1% | -163.359 |   -12131.8 |    -1801.6 |     25 | u_csr.br_misp_r\[30\]$_DFF_PN0_/D
     202* |       2 |      21 |       39 |      2 |    39 |    +0.1% | -163.359 |   -12131.8 |    -1811.7 |     25 | u_csr.br_misp_r\[30\]$_DFF_PN0_/D
     204* |       2 |      21 |       39 |      2 |    39 |    +0.1% | -163.359 |   -12131.8 |    -1811.7 |     25 | u_csr.br_misp_r\[30\]$_DFF_PN0_/D
     206* |       2 |      21 |       39 |      2 |    39 |    +0.1% | -163.359 |   -12131.8 |    -1811.7 |     25 | u_csr.br_misp_r\[30\]$_DFF_PN0_/D
     209* |       2 |      21 |       40 |      2 |    40 |    +0.1% | -162.273 |   -11914.5 |    -1816.0 |     25 | u_csr.br_misp_r\[30\]$_DFF_PN0_/D
     210* |       2 |      21 |       40 |      2 |    40 |    +0.1% | -162.273 |   -11914.5 |    -1816.0 |     25 | u_csr.br_misp_r\[30\]$_DFF_PN0_/D
     211* |       2 |      21 |       40 |      2 |    40 |    +0.1% | -162.273 |   -11914.5 |    -1816.0 |     25 | u_csr.br_misp_r\[30\]$_DFF_PN0_/D
     214* |       2 |      21 |       41 |      2 |    41 |    +0.1% | -161.220 |   -11704.9 |    -1819.5 |     25 | u_csr.br_misp_r\[30\]$_DFF_PN0_/D
     216* |       2 |      21 |       41 |      2 |    41 |    +0.1% | -161.220 |   -11704.9 |    -1819.5 |     25 | u_csr.br_misp_r\[30\]$_DFF_PN0_/D
     218* |       2 |      21 |       41 |      2 |    41 |    +0.1% | -161.220 |   -11704.9 |    -1819.5 |     25 | u_csr.br_misp_r\[30\]$_DFF_PN0_/D
     219* |       2 |      21 |       41 |      2 |    41 |    +0.1% | -161.220 |   -11704.9 |    -1819.5 |     25 | u_csr.br_misp_r\[30\]$_DFF_PN0_/D
     220* |       2 |      21 |       41 |      2 |    41 |    +0.1% | -161.220 |   -11704.9 |    -1819.5 |     25 | u_csr.br_misp_r\[30\]$_DFF_PN0_/D
     220* |       2 |      21 |       41 |      2 |    41 |    +0.1% | -161.220 |   -11704.9 |    -1819.5 |     25 | u_csr.br_misp_r\[30\]$_DFF_PN0_/D
     223* |       2 |      21 |       43 |      2 |    42 |    +0.1% | -161.220 |   -11695.0 |    -1801.3 |     25 | u_csr.br_misp_r\[30\]$_DFF_PN0_/D
     224* |       2 |      21 |       43 |      2 |    42 |    +0.1% | -161.220 |   -11695.0 |    -1801.3 |     25 | u_csr.br_misp_r\[30\]$_DFF_PN0_/D
     225* |       2 |      21 |       43 |      2 |    42 |    +0.1% | -161.220 |   -11695.0 |    -1801.3 |     25 | u_csr.br_misp_r\[30\]$_DFF_PN0_/D
     226* |       2 |      21 |       43 |      2 |    42 |    +0.1% | -161.220 |   -11695.0 |    -1801.3 |     25 | u_csr.br_misp_r\[30\]$_DFF_PN0_/D
     227* |       2 |      21 |       43 |      2 |    42 |    +0.1% | -161.220 |   -11695.0 |    -1801.3 |     25 | u_csr.br_misp_r\[30\]$_DFF_PN0_/D
     227* |       2 |      21 |       43 |      2 |    42 |    +0.1% | -161.220 |   -11695.0 |    -1801.3 |     25 | u_csr.br_misp_r\[30\]$_DFF_PN0_/D
     228+ |       2 |      21 |       43 |      2 |    42 |    +0.1% | -161.220 |   -11695.0 |    -1801.3 |     18 | u_csr.br_misp_r\[30\]$_DFF_PN0_/D
     229+ |       2 |      21 |       43 |      2 |    42 |    +0.1% | -161.220 |   -11695.0 |    -1801.3 |     18 | u_csr.br_misp_r\[30\]$_DFF_PN0_/D
     230+ |       2 |      21 |       43 |      2 |    42 |    +0.1% | -161.220 |   -11695.0 |    -1801.3 |     18 | u_csr.br_misp_r\[30\]$_DFF_PN0_/D
     231+ |       2 |      21 |       43 |      2 |    43 |    +0.1% | -161.220 |   -11695.0 |    -1798.0 |     18 | u_csr.br_misp_r\[30\]$_DFF_PN0_/D
     232+ |       2 |      21 |       43 |      2 |    43 |    +0.1% | -161.220 |   -11695.0 |    -1798.0 |     18 | u_csr.br_misp_r\[30\]$_DFF_PN0_/D
     233+ |       2 |      21 |       43 |      2 |    43 |    +0.1% | -161.220 |   -11695.0 |    -1798.0 |     18 | u_csr.br_misp_r\[30\]$_DFF_PN0_/D
     234+ |       2 |      21 |       43 |      2 |    43 |    +0.1% | -161.220 |   -11695.0 |    -1798.0 |     18 | u_csr.br_misp_r\[30\]$_DFF_PN0_/D
     235+ |       2 |      21 |       43 |      2 |    43 |    +0.1% | -161.220 |   -11695.0 |    -1798.0 |     18 | u_csr.br_misp_r\[30\]$_DFF_PN0_/D
     236+ |       2 |      21 |       43 |      2 |    43 |    +0.1% | -161.220 |   -11695.0 |    -1798.0 |     18 | u_csr.br_misp_r\[30\]$_DFF_PN0_/D
     237+ |       2 |      21 |       43 |      2 |    43 |    +0.1% | -161.220 |   -11695.0 |    -1798.0 |     18 | u_csr.br_misp_r\[30\]$_DFF_PN0_/D
     238+ |       2 |      21 |       43 |      2 |    43 |    +0.1% | -161.220 |   -11695.0 |    -1798.0 |     18 | u_csr.br_misp_r\[30\]$_DFF_PN0_/D
     239+ |       2 |      21 |       43 |      2 |    43 |    +0.1% | -161.220 |   -11695.0 |    -1798.0 |     18 | u_csr.br_misp_r\[30\]$_DFF_PN0_/D
     240+ |       2 |      21 |       43 |      2 |    43 |    +0.1% | -161.220 |   -11695.0 |    -1798.0 |     18 | u_csr.br_misp_r\[30\]$_DFF_PN0_/D
     240+ |       2 |      21 |       43 |      2 |    43 |    +0.1% | -161.220 |   -11695.0 |    -1798.0 |     18 | u_csr.br_misp_r\[30\]$_DFF_PN0_/D
     241+ |       2 |      21 |       43 |      2 |    43 |    +0.1% | -161.220 |   -11695.0 |    -1798.0 |     18 | u_csr.br_misp_r\[30\]$_DFF_PN0_/D
     242+ |       2 |      21 |       43 |      2 |    43 |    +0.1% | -161.220 |   -11695.0 |    -1798.0 |     18 | u_csr.br_misp_r\[30\]$_DFF_PN0_/D
     243+ |       2 |      21 |       43 |      2 |    43 |    +0.1% | -161.220 |   -11695.0 |    -1798.0 |     18 | u_csr.br_misp_r\[30\]$_DFF_PN0_/D
     244+ |       2 |      21 |       43 |      2 |    43 |    +0.1% | -161.220 |   -11695.0 |    -1798.0 |     18 | u_csr.br_misp_r\[30\]$_DFF_PN0_/D
     245+ |       2 |      21 |       43 |      2 |    43 |    +0.1% | -161.220 |   -11695.0 |    -1798.0 |     18 | u_csr.br_misp_r\[30\]$_DFF_PN0_/D
     246+ |       2 |      21 |       43 |      2 |    43 |    +0.1% | -161.220 |   -11695.0 |    -1798.0 |     18 | u_csr.br_misp_r\[30\]$_DFF_PN0_/D
    final |       2 |      21 |       43 |      2 |    43 |    +0.1% | -161.220 |   -11695.0 |    -1798.0 |     18 | u_csr.br_misp_r\[30\]$_DFF_PN0_/D
------------------------------------------------------------------------------------------------------------------------------
[INFO RSZ-0059] Removed 2 buffers.
[INFO RSZ-0040] Inserted 43 buffers.
[INFO RSZ-0051] Resized 21 instances: 21 up, 0 up match, 0 down, 0 VT
[INFO RSZ-0043] Swapped pins on 43 instances.
[INFO RSZ-0049] Cloned 2 instances.
[WARNING RSZ-0062] Unable to repair all setup violations.
[INFO RSZ-0046] Found 153 endpoints with hold violations.
Iteration | Resized | Buffers | Cloned Gates |   Area   |   WNS   |   TNS   | Endpoint
--------------------------------------------------------------------------------------
        0 |       0 |       0 |            0 |    +0.0% | -156.954 | -14666.409 | mem_rdata0[27]$_DFFE_PN0P_/D
       10 |       0 |      27 |            0 |    +0.0% | -152.841 | -14224.706 | mem_rdata0[1]$_DFFE_PN0P_/D
       20 |       0 |      57 |            0 |    +0.1% | -151.902 | -13715.137 | mem_rdata0[8]$_DFFE_PN0P_/D
       30 |       0 |      87 |            0 |    +0.1% | -151.179 | -13209.858 | mem_rdata0[17]$_DFFE_PN0P_/D
       40 |       0 |     117 |            0 |    +0.1% | -150.082 | -12619.251 | if_id_instr[16]$_DFFE_PN0P_/D
       50 |       0 |     149 |            0 |    +0.2% | -135.266 | -12043.394 | fbuf[14]$_DFFE_PN0P_/D
       60 |       0 |     207 |            0 |    +0.2% | -133.313 | -11382.348 | if_id_instr[20]$_DFFE_PN0P_/D
       70 |       0 |     276 |            0 |    +0.3% | -121.549 | -9937.862 | mem_rdata0[11]$_DFFE_PN0P_/D
       80 |       0 |     373 |            0 |    +0.4% | -121.549 | -8810.567 | mem_rdata0[11]$_DFFE_PN0P_/D
       90 |       0 |     462 |            0 |    +0.5% | -121.549 | -7690.933 | mem_rdata0[11]$_DFFE_PN0P_/D
      100 |       0 |     548 |            0 |    +0.6% | -121.549 | -6607.728 | mem_rdata0[11]$_DFFE_PN0P_/D
      110 |       0 |     614 |            0 |    +0.6% | -119.422 | -5647.326 | mem_rdata0[30]$_DFFE_PN0P_/D
      120 |       0 |     645 |            0 |    +0.7% | -109.843 | -5133.638 | if_id_instr[29]$_DFFE_PN0P_/D
      130 |       0 |     645 |            0 |    +0.7% | -109.843 | -5133.638 | if_id_instr[29]$_DFFE_PN0P_/D
      140 |       0 |     645 |            0 |    +0.7% | -109.843 | -5133.638 | if_id_instr[29]$_DFFE_PN0P_/D
      150 |       0 |     645 |            0 |    +0.7% | -109.843 | -5133.638 | if_id_instr[29]$_DFFE_PN0P_/D
      160 |       0 |     689 |            0 |    +0.7% | -108.743 | -4563.870 | if_id_instr[22]$_DFFE_PN0P_/D
      170 |       0 |     761 |            0 |    +0.8% | -74.478 | -3624.704 | mem_rdata0[11]$_DFFE_PN0P_/D
      180 |       0 |     828 |            0 |    +0.8% | -69.953 | -2876.501 | mem_rdata0[21]$_DFFE_PN0P_/D
      190 |       0 |     891 |            0 |    +0.9% | -67.900 | -2167.323 | mem_rdata0[17]$_DFFE_PN0P_/D
      200 |       0 |     951 |            0 |    +1.0% | -64.924 | -1496.355 | mem_rdata0[28]$_DFFE_PN0P_/D
      210 |       0 |    1002 |            0 |    +1.0% | -52.689 | -855.638 | if_id_instr[13]$_DFFE_PN0P_/D
      220 |       0 |    1042 |            0 |    +1.1% | -29.669 | -313.729 | if_id_instr[29]$_DFFE_PN0P_/D
      230 |       0 |    1071 |            0 |    +1.1% | -26.154 | -42.499 | if_id_instr[18]$_DFFE_PN0P_/D
    final |       0 |    1076 |            0 |    +1.1% |   0.015 |   0.000 | if_id_instr[17]$_DFFE_PN0P_/D
--------------------------------------------------------------------------------------
[INFO RSZ-0032] Inserted 1076 hold buffers.
Took 310 seconds: repair_timing -setup_margin 0 -hold_margin 0 -repair_tns 100 -verbose
detailed_placement
[INFO DPL-0006] Core area: 15178.48 um^2, Instances area: 7231.74 um^2, Utilization: 47.6%
[INFO DPL-0005] Diamond search max displacement: +/- 500 sites horizontally, +/- 100 rows vertically.
[INFO DPL-1101] Legalizing using diamond search.
Movements Summary
---------------------------------------
Total cells:                   55487
Diamond Move Success:          55487 (100.00%)
Diamond Move Failure:              0
Rip-up and replace Success:        0 (  0.00% of diamond failures)
Rip-up and replace Failure:        0
Total Placement Failures:          0
---------------------------------------
Placement Analysis
---------------------------------
total displacement       2716.9 u
average displacement        0.0 u
max displacement            8.1 u
original HPWL          182663.7 u
legalized HPWL         185059.9 u
delta HPWL                    1 %

estimate_parasitics -placement
Report metrics stage 4, cts final...

==========================================================================
cts final report_design_area
--------------------------------------------------------------------------
Design area 7232 um^2 48% utilization.
write_db ./results/asap7/rv32imc_top/pred1000/4_1_cts.odb
write_sdc -no_timestamp ./results/asap7/rv32imc_top/pred1000/4_cts.sdc
Elapsed time: 7:18.36[h:]min:sec. CPU time: user 284.14 sys 61.51 (78%). Peak memory: 771684KB.
Log                       Ext     Elapsed/s Peak Memory/MB sha1sum result [0:20)
4_1_cts                   .odb          438            753 c2ed5615d6debe99ea4a
cp ./results/asap7/rv32imc_top/pred1000/4_1_cts.odb ./results/asap7/rv32imc_top/pred1000/4_cts.odb
/home/hatch/workspace/rv32imc-cpu/tools/orfs/flow/scripts/flow.sh 5_1_grt global_route
Running global_route.tcl, stage 5_1_grt
source /home/hatch/workspace/rv32imc-cpu/tools/orfs/flow/platforms/asap7/liberty_suppressions.tcl
read_liberty /home/hatch/workspace/rv32imc-cpu/tools/orfs/flow/platforms/asap7/lib/NLDM/asap7sc7p5t_AO_RVT_FF_nldm_211120.lib.gz
read_liberty /home/hatch/workspace/rv32imc-cpu/tools/orfs/flow/platforms/asap7/lib/NLDM/asap7sc7p5t_INVBUF_RVT_FF_nldm_220122.lib.gz
read_liberty /home/hatch/workspace/rv32imc-cpu/tools/orfs/flow/platforms/asap7/lib/NLDM/asap7sc7p5t_OA_RVT_FF_nldm_211120.lib.gz
read_liberty /home/hatch/workspace/rv32imc-cpu/tools/orfs/flow/platforms/asap7/lib/NLDM/asap7sc7p5t_SIMPLE_RVT_FF_nldm_211120.lib.gz
read_liberty /home/hatch/workspace/rv32imc-cpu/tools/orfs/flow/platforms/asap7/lib/NLDM/asap7sc7p5t_SEQ_RVT_FF_nldm_220123.lib
read_db ./results/asap7/rv32imc_top/pred1000/4_cts.odb
read_sdc ./results/asap7/rv32imc_top/pred1000/4_cts.sdc
source /home/hatch/workspace/rv32imc-cpu/tools/orfs/flow/platforms/asap7/setRC.tcl
pin_access
[INFO DRT-0149] Reading tech and libs.

Units:                1000
Number of layers:     21
Number of macros:     212
Number of vias:       14
Number of viarulegen: 11

[INFO DRT-0150] Reading design.
[WARNING DRT-0120] Large net net7399 has 109 pins which may impact routing performance. Consider optimization.
[WARNING DRT-0120] Large net net8855 has 101 pins which may impact routing performance. Consider optimization.
[WARNING DRT-0120] Large net net8853 has 112 pins which may impact routing performance. Consider optimization.
[WARNING DRT-0120] Large net net7416 has 129 pins which may impact routing performance. Consider optimization.
[WARNING DRT-0120] Large net net7431 has 126 pins which may impact routing performance. Consider optimization.
[WARNING DRT-0120] Large net net7434 has 108 pins which may impact routing performance. Consider optimization.

Design:                   rv32imc_top
Die area:                 ( 0 0 ) ( 127336 127336 )
Number of track patterns: 32
Number of DEF vias:       0
Number of components:     57315
Number of terminals:      234
Number of snets:          2
Number of nets:           58357

[INFO DRT-0167] List of default vias:
  Layer V2
    default via: VIA23
  Layer V3
    default via: VIA34
  Layer V4
    default via: VIA45
  Layer V5
    default via: VIA56
  Layer V6
    default via: VIA67
  Layer V7
    default via: VIA78
  Layer V8
    default via: VIA89
  Layer V9
    default via: VIA9Pad
[INFO DRT-0162] Library cell analysis.
[INFO DRT-0163] Instance analysis.
[INFO DRT-0164] Number of unique instances = 242.
[INFO DRT-0168] Init region query.
[INFO DRT-0024]   Complete Active.
[INFO DRT-0024]   Complete V0.
[INFO DRT-0024]   Complete M1.
[INFO DRT-0024]   Complete V1.
[INFO DRT-0024]   Complete M2.
[INFO DRT-0024]   Complete V2.
[INFO DRT-0024]   Complete M3.
[INFO DRT-0024]   Complete V3.
[INFO DRT-0024]   Complete M4.
[INFO DRT-0024]   Complete V4.
[INFO DRT-0024]   Complete M5.
[INFO DRT-0024]   Complete V5.
[INFO DRT-0024]   Complete M6.
[INFO DRT-0024]   Complete V6.
[INFO DRT-0024]   Complete M7.
[INFO DRT-0024]   Complete V7.
[INFO DRT-0024]   Complete M8.
[INFO DRT-0024]   Complete V8.
[INFO DRT-0024]   Complete M9.
[INFO DRT-0024]   Complete V9.
[INFO DRT-0024]   Complete Pad.
[INFO DRT-0033] Active shape region query size = 0.
[INFO DRT-0033] V0 shape region query size = 0.
[INFO DRT-0033] M1 shape region query size = 1035283.
[INFO DRT-0033] V1 shape region query size = 1676967.
[INFO DRT-0033] M2 shape region query size = 51586.
[INFO DRT-0033] V2 shape region query size = 31533.
[INFO DRT-0033] M3 shape region query size = 31533.
[INFO DRT-0033] V3 shape region query size = 21022.
[INFO DRT-0033] M4 shape region query size = 21159.
[INFO DRT-0033] V4 shape region query size = 21022.
[INFO DRT-0033] M5 shape region query size = 11710.
[INFO DRT-0033] V5 shape region query size = 2116.
[INFO DRT-0033] M6 shape region query size = 1150.
[INFO DRT-0033] V6 shape region query size = 0.
[INFO DRT-0033] M7 shape region query size = 0.
[INFO DRT-0033] V7 shape region query size = 0.
[INFO DRT-0033] M8 shape region query size = 0.
[INFO DRT-0033] V8 shape region query size = 0.
[INFO DRT-0033] M9 shape region query size = 0.
[INFO DRT-0033] V9 shape region query size = 0.
[INFO DRT-0033] Pad shape region query size = 0.
[INFO DRT-0165] Start pin access.
[INFO DRT-0076]   Complete 1000 pins.
[INFO DRT-0078]   Complete 1325 pins.
[INFO DRT-0079]   Complete 100 unique inst patterns.
[INFO DRT-0079]   Complete 200 unique inst patterns.
[INFO DRT-0081]   Complete 242 unique inst patterns.
[INFO DRT-0082]   Complete 10000 groups.
[INFO DRT-0082]   Complete 20000 groups.
[INFO DRT-0082]   Complete 30000 groups.
[INFO DRT-0084]   Complete 33265 groups.
#scanned instances     = 57315
#unique  instances     = 242
#stdCellGenAp          = 6999
#stdCellValidPlanarAp  = 88
#stdCellValidViaAp     = 5467
#stdCellPinNoAp        = 0
#stdCellPinCnt         = 186941
#instTermValidViaApCnt = 0
#macroGenAp            = 0
#macroValidPlanarAp    = 0
#macroValidViaAp       = 0
#macroNoAp             = 0
[INFO DRT-0166] Complete pin access.
[INFO DRT-0267] cpu time = 00:22:49, elapsed time = 00:25:17, memory = 457.22 (MB), peak = 504.93 (MB)
Took 1519 seconds: pin_access
global_route -congestion_report_file ./reports/asap7/rv32imc_top/pred1000/congestion.rpt -congestion_iterations 30 -congestion_report_iter_step 5 -verbose -resistance_aware
[INFO GRT-0020] Min routing layer: M2
[INFO GRT-0021] Max routing layer: M7
[INFO GRT-0022] Global adjustment: 0%
[INFO GRT-0023] Grid origin: (0, 0)
[INFO GRT-0088] Layer M1      Track-Pitch = 0.0360  line-2-Via Pitch: 0.0360
[INFO GRT-0088] Layer M2      Track-Pitch = 0.0390  line-2-Via Pitch: 0.0360
[INFO GRT-0088] Layer M3      Track-Pitch = 0.0360  line-2-Via Pitch: 0.0360
[INFO GRT-0088] Layer M4      Track-Pitch = 0.0480  line-2-Via Pitch: 0.0480
[INFO GRT-0088] Layer M5      Track-Pitch = 0.0480  line-2-Via Pitch: 0.0480
[INFO GRT-0088] Layer M6      Track-Pitch = 0.0640  line-2-Via Pitch: 0.0640
[INFO GRT-0088] Layer M7      Track-Pitch = 0.0640  line-2-Via Pitch: 0.0640
[INFO GRT-0003] Macros: 0
[INFO GRT-0004] Blockages: 27015
[INFO GRT-0019] Found 389 clock nets.
[INFO GRT-0001] Minimum degree: 2
[INFO GRT-0002] Maximum degree: 129

[INFO GRT-0053] Routing resources analysis:
          Routing      Original      Derated      Resource
Layer     Direction    Resources     Resources    Reduction (%)
---------------------------------------------------------------
M1         Vertical            0             0          0.00%
M2         Horizontal     577558        415932          27.98%
M3         Vertical       754255        560327          25.71%
M4         Horizontal     577903        429031          25.76%
M5         Vertical       558006        413799          25.84%
M6         Horizontal     389508        264222          32.17%
M7         Vertical       441780        297702          32.61%
---------------------------------------------------------------

[INFO GRT-0197] Via related to pin nodes: 376821
[INFO GRT-0198] Via related Steiner nodes: 12334
[INFO GRT-0199] Via filling finished.
[INFO GRT-0111] Final number of vias: 499901
[INFO GRT-0112] Final usage 3D: 1921945

[INFO GRT-0096] Final congestion report:
Layer         Resource        Demand        Usage (%)    Max H / Max V / Total Overflow
---------------------------------------------------------------------------------------
M1                   0             0            0.00%             0 /  0 /  0
M2              415932        150844           36.27%             0 /  0 /  0
M3              560327        176602           31.52%             0 /  0 /  0
M4              429031         60615           14.13%             0 /  0 /  0
M5              413799         13975            3.38%             0 /  0 /  0
M6              264222         12021            4.55%             0 /  0 /  0
M7              297702          8185            2.75%             0 /  0 /  0
---------------------------------------------------------------------------------------
Total          2381013        422242           17.73%             0 /  0 /  0

[INFO GRT-0018] Total wirelength: 333306 um
[INFO GRT-0014] Routed nets: 58315
[INFO GRT-0303] Global routing runtime = 00:01:15
Took 76 seconds: global_route -congestion_report_file ./reports/asap7/rv32imc_top/pred1000/congestion.rpt -congestion_iterations 30 -congestion_report_iter_step 5 -verbose -resistance_aware
estimate_parasitics -global_routing
Took 5 seconds: estimate_parasitics -global_routing
Perform buffer insertion and gate resizing...
repair_design -verbose
Iteration |   Area    | Resized | Buffers | Nets repaired | Remaining
---------------------------------------------------------------------
        0 |     +0.0% |       0 |       0 |             0 |     58678
     1000 |     +0.0% |       0 |       0 |             0 |     57678
     2000 |     +0.0% |       0 |       0 |             0 |     56678
     3000 |     +0.0% |       0 |       0 |             0 |     55678
     4000 |     +0.0% |       0 |       0 |             0 |     54678
     5000 |     +0.0% |       0 |       0 |             0 |     53678
     6000 |     +0.0% |       0 |       0 |             0 |     52678
     7000 |     +0.0% |       0 |       0 |             0 |     51678
     8000 |     +0.0% |       0 |       0 |             0 |     50678
     9000 |     +0.0% |       0 |       0 |             0 |     49678
    10000 |     +0.0% |       0 |       0 |             0 |     48678
    11000 |     +0.0% |       0 |       0 |             0 |     47678
    12000 |     +0.0% |       0 |       0 |             0 |     46678
    13000 |     +0.0% |       0 |       0 |             0 |     45678
    14000 |     +0.0% |       0 |       0 |             0 |     44678
    15000 |     +0.0% |       0 |       0 |             0 |     43678
    16000 |     +0.0% |       0 |       0 |             0 |     42678
[WARNING RSZ-0104] Net _51241_ only has one pin. Check if it is intended to be dangling.
[WARNING RSZ-0104] Net _51232_ only has one pin. Check if it is intended to be dangling.
[WARNING RSZ-0104] Net _51204_ only has one pin. Check if it is intended to be dangling.
[WARNING RSZ-0104] Net _51202_ only has one pin. Check if it is intended to be dangling.
    17000 |     +0.0% |       0 |       0 |             0 |     41678
[WARNING RSZ-0104] Net _51234_ only has one pin. Check if it is intended to be dangling.
[WARNING RSZ-0104] Net _51233_ only has one pin. Check if it is intended to be dangling.
[WARNING RSZ-0104] Net _51210_ only has one pin. Check if it is intended to be dangling.
[WARNING RSZ-0104] Net _51206_ only has one pin. Check if it is intended to be dangling.
[WARNING RSZ-0104] Net _51207_ only has one pin. Check if it is intended to be dangling.
[WARNING RSZ-0104] Net _51205_ only has one pin. Check if it is intended to be dangling.
[WARNING RSZ-0104] Net _51203_ only has one pin. Check if it is intended to be dangling.
[WARNING RSZ-0104] Net _51201_ only has one pin. Check if it is intended to be dangling.
    18000 |     +0.0% |       0 |       0 |             0 |     40678
[WARNING RSZ-0104] Net _51200_ only has one pin. Check if it is intended to be dangling.
[WARNING RSZ-0104] Net _51229_ only has one pin. Check if it is intended to be dangling.
[WARNING RSZ-0104] Net _51228_ only has one pin. Check if it is intended to be dangling.
[WARNING RSZ-0104] Net _51218_ only has one pin. Check if it is intended to be dangling.
[WARNING RSZ-0104] Net _51208_ only has one pin. Check if it is intended to be dangling.
[WARNING RSZ-0104] Net _51227_ only has one pin. Check if it is intended to be dangling.
[WARNING RSZ-0104] Net _51225_ only has one pin. Check if it is intended to be dangling.
[WARNING RSZ-0104] Net _51223_ only has one pin. Check if it is intended to be dangling.
[WARNING RSZ-0104] Net _51217_ only has one pin. Check if it is intended to be dangling.
[WARNING RSZ-0104] Net _51209_ only has one pin. Check if it is intended to be dangling.
    19000 |     +0.0% |       0 |       0 |             0 |     39678
[WARNING RSZ-0104] Net _51221_ only has one pin. Check if it is intended to be dangling.
[WARNING RSZ-0104] Net _51220_ only has one pin. Check if it is intended to be dangling.
[WARNING RSZ-0104] Net _51214_ only has one pin. Check if it is intended to be dangling.
[WARNING RSZ-0104] Net _51213_ only has one pin. Check if it is intended to be dangling.
[WARNING RSZ-0104] Net _51212_ only has one pin. Check if it is intended to be dangling.
[WARNING RSZ-0104] Net _51219_ only has one pin. Check if it is intended to be dangling.
[WARNING RSZ-0104] Net _51215_ only has one pin. Check if it is intended to be dangling.
[WARNING RSZ-0104] Net _51211_ only has one pin. Check if it is intended to be dangling.
    20000 |     +0.0% |       0 |       0 |             0 |     38678
[WARNING RSZ-0104] Net _51230_ only has one pin. Check if it is intended to be dangling.
[WARNING RSZ-0104] Net _51226_ only has one pin. Check if it is intended to be dangling.
[WARNING RSZ-0104] Net _51224_ only has one pin. Check if it is intended to be dangling.
[WARNING RSZ-0104] Net _51222_ only has one pin. Check if it is intended to be dangling.
[WARNING RSZ-0104] Net _51216_ only has one pin. Check if it is intended to be dangling.
    21000 |     +0.0% |       0 |       0 |             0 |     37678
[WARNING RSZ-0104] Net _51235_ only has one pin. Check if it is intended to be dangling.
    22000 |     +0.0% |       0 |       0 |             0 |     36678
[WARNING RSZ-0104] Net _51237_ only has one pin. Check if it is intended to be dangling.
[WARNING RSZ-0104] Net _51236_ only has one pin. Check if it is intended to be dangling.
[WARNING RSZ-0104] Net _51231_ only has one pin. Check if it is intended to be dangling.
    23000 |     +0.0% |       0 |       0 |             0 |     35678
    24000 |     +0.0% |       0 |       0 |             0 |     34678
    25000 |     +0.0% |       0 |       0 |             0 |     33678
    26000 |     +0.0% |       0 |       0 |             0 |     32678
    27000 |     +0.0% |       0 |       0 |             0 |     31678
    28000 |     +0.0% |       0 |       0 |             0 |     30678
    29000 |     +0.0% |       0 |       0 |             0 |     29678
    30000 |     +0.0% |       0 |       0 |             0 |     28678
    31000 |     +0.0% |       0 |       0 |             0 |     27678
    32000 |     +0.0% |       0 |       0 |             0 |     26678
    33000 |     +0.0% |       0 |       0 |             0 |     25678
    34000 |     +0.0% |       0 |       0 |             0 |     24678
    35000 |     +0.0% |       0 |       0 |             0 |     23678
    36000 |     +0.0% |       0 |       0 |             0 |     22678
    37000 |     +0.0% |       0 |       0 |             0 |     21678
    38000 |     +0.0% |       0 |       0 |             0 |     20678
    39000 |     +0.0% |       0 |       0 |             0 |     19678
    40000 |     +0.0% |       0 |       0 |             0 |     18678
    41000 |     +0.0% |       0 |       0 |             0 |     17678
    42000 |     +0.0% |       0 |       0 |             0 |     16678
    43000 |     +0.0% |       0 |       0 |             0 |     15678
    44000 |     +0.0% |       0 |       0 |             0 |     14678
[WARNING RSZ-0104] Net _51240_ only has one pin. Check if it is intended to be dangling.
[WARNING RSZ-0104] Net _51239_ only has one pin. Check if it is intended to be dangling.
[WARNING RSZ-0104] Net _51238_ only has one pin. Check if it is intended to be dangling.
    45000 |     +0.0% |       0 |       0 |             0 |     13678
    46000 |     +0.0% |       0 |       0 |             0 |     12678
    47000 |     +0.0% |       0 |       0 |             0 |     11678
    48000 |     +0.0% |       0 |       0 |             0 |     10678
    49000 |     +0.0% |       0 |       0 |             0 |      9678
    50000 |     +0.0% |       0 |       0 |             0 |      8678
    51000 |     +0.0% |       0 |       0 |             0 |      7678
    52000 |     +0.0% |       0 |       0 |             0 |      6678
    53000 |     +0.0% |       0 |       0 |             0 |      5678
    54000 |     +0.0% |       0 |       0 |             0 |      4678
    55000 |     +0.0% |       0 |       0 |             0 |      3678
    56000 |     +0.0% |       0 |       0 |             0 |      2678
    57000 |     +0.0% |       0 |       0 |             0 |      1678
    58000 |     +0.0% |       0 |       0 |             0 |       678
    final |     +0.0% |       0 |       0 |             0 |         0
---------------------------------------------------------------------
Took 25 seconds: repair_design -verbose
global_route -start_incremental
detailed_placement
[INFO DPL-0006] Core area: 15178.48 um^2, Instances area: 7231.74 um^2, Utilization: 47.6%
[INFO DPL-0005] Diamond search max displacement: +/- 500 sites horizontally, +/- 100 rows vertically.
[INFO DPL-1101] Legalizing using diamond search.
Movements Summary
---------------------------------------
Total cells:                   55487
Diamond Move Success:          55487 (100.00%)
Diamond Move Failure:              0
Rip-up and replace Success:        0 (  0.00% of diamond failures)
Rip-up and replace Failure:        0
Total Placement Failures:          0
---------------------------------------
Placement Analysis
---------------------------------
total displacement          0.0 u
average displacement        0.0 u
max displacement            0.0 u
original HPWL          185059.9 u
legalized HPWL         185059.9 u
delta HPWL                    0 %

global_route -end_incremental -resistance_aware -congestion_report_file ./reports/asap7/rv32imc_top/pred1000/congestion_post_repair_design.rpt
Repair setup and hold violations...
estimate_parasitics -global_routing
Took 6 seconds: estimate_parasitics -global_routing
repair_timing -setup_margin 0 -hold_margin 0 -repair_tns 100 -verbose
[INFO RSZ-0100] Repair move sequence: UnbufferMove SizeUpMove SwapPinsMove BufferMove CloneMove SplitLoadMove 
[INFO RSZ-0094] Found 459 endpoints with setup violations.
[INFO RSZ-0099] Repairing 459 out of 459 (100.00%) violating endpoints...
   Iter   | Removed | Resized | Inserted | Cloned |  Pin  |   Area   |    WNS   |   StTNS    |   EnTNS    |  Viol  |  Worst  
          | Buffers |  Gates  | Buffers  |  Gates | Swaps |          |          |            |            | Endpts | St/EnPt 
------------------------------------------------------------------------------------------------------------------------------
       0* |       0 |       0 |        0 |      0 |     0 |    +0.0% | -212.437 |   -21515.0 |    -7544.0 |    459 | u_csr.br_misp_r\[30\]$_DFF_PN0_/D
      10* |       0 |       1 |        1 |      0 |     7 |    +0.0% | -214.376 |   -21408.8 |    -9216.9 |    459 | u_csr.br_misp_r\[30\]$_DFF_PN0_/D
      20* |       0 |       3 |        2 |      1 |    13 |    +0.0% | -213.979 |   -22259.5 |    -9295.8 |    459 | u_csr.br_misp_r\[30\]$_DFF_PN0_/D
      30* |       0 |       3 |        8 |      1 |    17 |    +0.0% | -214.110 |   -21860.6 |   -10296.4 |    459 | u_csr.br_misp_r\[30\]$_DFF_PN0_/D
      40* |       0 |       3 |       10 |      1 |    25 |    +0.0% | -213.390 |   -22157.4 |    -9434.8 |    459 | u_csr.br_misp_r\[30\]$_DFF_PN0_/D
      50* |       0 |       4 |       10 |      1 |    34 |    +0.0% | -216.822 |   -22281.2 |   -10497.7 |    459 | u_csr.br_misp_r\[30\]$_DFF_PN0_/D
      60* |       0 |       5 |       14 |      1 |    39 |    +0.0% | -214.281 |   -22264.7 |    -9202.4 |    459 | u_csr.br_misp_r\[30\]$_DFF_PN0_/D
      61* |       0 |       1 |        1 |      0 |     8 |    +0.0% | -210.878 |   -21401.0 |    -7453.7 |    459 | u_csr.br_misp_r\[30\]$_DFF_PN0_/D
      70* |       0 |       3 |        5 |      1 |     9 |    +0.0% | -213.642 |   -22381.1 |    -8628.9 |    459 | u_csr.br_misp_r\[30\]$_DFF_PN0_/D
      80* |       0 |       3 |       10 |      1 |    14 |    +0.0% | -209.977 |   -21472.8 |    -8622.1 |    459 | u_csr.br_misp_r\[30\]$_DFF_PN0_/D
      90* |       0 |       4 |       15 |      1 |    19 |    +0.0% | -210.924 |   -21200.8 |    -8644.9 |    459 | u_csr.br_misp_r\[30\]$_DFF_PN0_/D
     100* |       0 |       5 |       18 |      1 |    25 |    +0.0% | -213.146 |   -21445.9 |   -10200.0 |    459 | u_csr.br_misp_r\[30\]$_DFF_PN0_/D
     110* |       0 |       5 |       20 |      1 |    33 |    +0.0% | -216.889 |   -22216.6 |   -11007.6 |    459 | u_csr.br_misp_r\[30\]$_DFF_PN0_/D
     120* |       0 |       6 |       22 |      1 |    40 |    +0.0% | -218.053 |   -21947.7 |   -12353.3 |    459 | u_csr.br_misp_r\[30\]$_DFF_PN0_/D
     130* |       0 |       8 |       23 |      1 |    47 |    +0.0% | -214.235 |   -21425.4 |   -10456.2 |    459 | u_csr.br_misp_r\[30\]$_DFF_PN0_/D
     130* |       0 |       4 |       13 |      1 |    18 |    +0.0% | -208.211 |   -21122.6 |    -8580.7 |    459 | u_csr.br_misp_r\[30\]$_DFF_PN0_/D
     140* |       0 |       4 |       21 |      1 |    19 |    +0.0% | -207.333 |   -20962.6 |    -8708.5 |    459 | u_csr.br_misp_r\[30\]$_DFF_PN0_/D
